text,label
من اشتباهی سفارش شماره 524 را خریدم، چگونه اظهارنامه کنم؟,returning
من یه سفارش داشتم,buying
پس چرا سفارش من نمی رسد؟ باید تا پنجشنبه به من تحویل بدی,tracking
من به دنبال اطلاع از وضعیت فعلی سفارش با شناسه 1049 هستم.,tracking
من می خواهم سفارش شماره 758 را که 1 روز پیش برای محصول رب ثبت شده است برگردانم زیرا محصولات ارسالی با سفارشی که من داشتم متفاوت است.,returning
خداحافظ,chitchat
منو به کسی وصل کن,customer-service
برای مهمانی لطفا سفارش شماره 1508 را در تاریخ 1401/6/10 تحویل دهید.,scheduling
متوجه شدم که محصول ماهی آن چیزی نیست که من می خواهم، چگونه می توانم آن را برگردانم؟,returning
من تصادفاً با شماره 538 سفارش دادم. لطفاً آن را حذف کنید.,deleting
به جای 13 کیلوگرم تخم مرغ لطفا 14 کیلوگرم ماست به من بدهید,editting
آیا می توانید سفارش شماره 1360 را ساعت 7 تحویل دهید؟,scheduling
آیا سفارش شماره 677 در راه است؟,tracking
من میخوام 9 بسته مرغ سفارش بدم,buying
من به سیب زمینی محلی علاقه دارم، آیا می توانم 8 لیتر از آنها را داشته باشم؟,buying
چقدر طول می کشد تا بتوانم سفارشم را برگردانم؟,inquiring
خوبی؟,chitchat
سفارش من را ثبت کنید,finishing
آیا 12 سیب دارید؟,buying
لطفا سفارش من را برگردانید من این کالاها را نمی خواهم، اشتباهی فرستاده اید.,returning
من می خواهم به دلیل تغییر در رژیم غذایی، روغن آشپزی را از سبد خریدم حذف کنم.,editting
من یک درخواست مرجوعی برای سفارش شماره 59 دارم.,returning
روز خوب,chitchat
آیا پس از 8 بار استفاده باز هم امکان برگشت خیار وجود دارد؟ من چند روز پیش اجناسم را تحویل گرفتم اما به دلیل نظرم میخواهم برگردانم.,returning
آیا می توانید 7 کیلوگرم پرتقال بفرستید؟,editting
از شما می خواهم زمان تحویل سفارش شماره 685 را برای 28/12/1400 تعیین کنید.,scheduling
خرید 11 روز پیش من باید به دلیل انتخاب اشتباه لغو شود، لطفا اقدام لازم را انجام دهید.,deleting
آیا سفارش شماره 1623 در راه است؟,tracking
آیا می توانم محصولات سفارش خود را تغییر دهم؟,inquiring
آیا می توانید سفارش من را حذف کنید؟ آدرس اشتباهی وارد کردم,deleting
من تمام اقلام مورد نیاز خود را به سبد خرید اضافه کردم، لطفا مراحل بعدی را برای تکمیل سفارش به من بگویید.,finishing
آیا اکنون اجازه دارم کالایی را در سبد خرید فعلی خود تغییر دهم؟,inquiring
از شما می خواهم زمان تحویل سفارش شماره 76 را برای 6/5/1301 تعیین کنید.,scheduling
من الان سفارشمو گرفتم ولی به خاطر اقلامی که ارسال کردید خراب شد. من از شما می خواهم سفارش من را تغییر دهید,returning
چگونه می توانم سفارش خود را پیگیری کنم؟,inquiring
آیا خرید سیب زمینی چهارشنبه تخفیف دارد؟,inquiring
چگونه آدرس حمل و نقل خود را به روز کنم؟,inquiring
میشه برای من 10 شانه پیاز سفارش بدید؟,buying
من تصادفا با شماره 2208 سفارش دادم لطفا حذفش کنید.,deleting
چطور هستید؟,chitchat
لطفا فرآیند تسویه حکم 825 را شروع کنید.,deleting
می خواهم از وضعیت فعلی سفارش شماره 542 مطلع شوم.,tracking
آیا خرید ماهی بیش از 14 کیلوگرم تخفیف دارد؟,inquiring
به جای ۷ تکه شیر، لطفا ۷ تکه پرتقال بدهید.,editting
چگونه می توانم از کد تخفیف خود استفاده کنم؟,inquiring
چطور هستید,chitchat
سفارش من را ساعت 2 ارسال کنید.,scheduling
متشکرم,chitchat
برای اقلامی که انتخاب کرده ام سفارش دهید,finishing
لطفا سفارش من را تا شنبه ارسال کنید.,scheduling
من میخواهم سفارش شماره 2230 را که محصول مرغ را در تاریخ 1401/3/14 خریدم برگردانم.,returning
آیا می توانم 8 کیلوگرم شیر رزرو کنم؟,buying
ممکن است نیاز به تعویض کالا داشته باشم، آیا هنوز امکان تغییر سبد خرید ناتمام وجود دارد؟,inquiring
سفارش شماره 1731 برای سیب زمینی خریداری شده در روز دوشنبه مطابق انتظار نبود، می خواهم آن را برگردانم.,returning
من اشتباه کردم می توانید سفارش 629 را تحویل بگیرید؟,deleting
از خرید هویج پشیمانم لطفا از سبد خریدم حذف کنید.,editting
به دلیل تخفیف ویژه ای که دیدم قصد دارم شیر را با پیاز جایگزین کنم.,editting
سفارش من را حذف کنید، من آن را 9 روز پیش ثبت کردم.,deleting
اگر سفارش من هنوز ارسال نشده است، آیا می توانم محصولاتی را که انتخاب کرده ام تغییر دهم؟,inquiring
من می خواهم آبمیوه ای را که در سبد خریدم گذاشته ام لغو کنم.,editting
لطفا سفارش شماره 1741 را برای تاریخ 12/7/1400 ساعت 5 آماده کنید.,scheduling
آیا می توانم 2 کیلو دلاستر بخورم؟,buying
آیا می توانید سیری را که به اشتباه به سبد اضافه شده است بردارید؟,editting
آیا فروشگاه شما شرایط خرید اقساطی دارد؟,inquiring
من می خواهم پاستا را از سفارشم حذف کنم.,editting
میخوام بدونم سفارش شماره 2085 کی به دستم میرسه.,tracking
می توانید دستور 1823 را دنبال کنید.,tracking
لطفا سفارش شماره 2272 را برای تاریخ 21/6/1402 ساعت 11 صبح تهیه نمایید.,scheduling
سفارشم را حذف کنید، 5 روز پیش ثبت نام کردم.,deleting
سفارشم را برای جمعه بفرستید چون دیگر در خانه نیستم.,scheduling
آیا می توانید سفارش من را برگردانید؟ چون از خریدم پشیمون شدم,returning
سفارش شماره 249 که محصول پوشک بچه را در تاریخ 28/12/1301 خریدم را میخواهم برگردانم.,returning
خستهت کردم خداحافظ,chitchat
از آنجایی که محصولات قدیمی و آسیب دیده هستند، تصمیم گرفتم سفارش شماره 887 را برگردانم.,returning
می خواهم بدانم نان چه مزیتی نسبت به کالاهای مشابه دارد؟,inquiring
برای تهیه سالاد شیرازی 2 کیلو شیر می خواستم.,buying
در صورت انتخاب حمل و نقل استاندارد، آیا می توانم سفارش خود را پیگیری کنم؟,inquiring
لطفا سفارش شماره 2240 را برای تاریخ 1400/6/12 تهیه نمایید.,scheduling
آیا می توانم برای سوالات مربوط به بازگشت محصول با پشتیبانی تماس بگیرم؟,customer-service
لطفا آخرین سفارش من را لغو کنید، من در جای دیگر قیمت بهتری پیدا کردم.,deleting
من می خواهم هویجی را که در سبد خریدم گذاشته ام لغو کنم.,editting
سفارش شماره 24 ارسال شده است؟,tracking
لطفا آبمیوه ای که به تازگی به سبد اضافه شده است را با Delaster جایگزین کنید.,editting
لطفا سفارش شماره 1077 من را حذف کنید.,deleting
من می خواهم در مورد مواد و مواد مورد استفاده در روغن سرخ کردنی بدانم.,inquiring
خدا حافظ,chitchat
من می خواهم به روز رسانی در مورد وضعیت سفارش 2231 دریافت کنم. آخرین وضعیت سفارش چگونه است؟,tracking
من می خواهم با یک متخصص صحبت کنم,customer-service
میخوام سفارش شماره 910 کاهویی که 7 روز پیش تحویل گرفتم رو برگردونم.,returning
موجودی تخم مرغ شما چقدر است؟,inquiring
آیا برای مشتریان همیشگی ما مثل من تخفیف ویژه ای دارید؟,inquiring
آیا می توانید سفارش من را برگردانید؟ چون بسته ارسال خیلی بد بود,returning
وظیفه شما چیست,chitchat
می خواستم خریدم را برگردانم و روند بازپرداخت سفارشم را شروع کنم.,returning
در سفارشم اشتباه کوچکی کردم. آیا می توانم قبل از پردازش آن را به روز کنم؟,inquiring
یا برای خرید عمده تخفیف دارید؟ من به 1 گرم نوشابه علاقه دارم.,buying
من به دنبال اطلاع از وضعیت فعلی سفارش با شناسه 1505 هستم.,tracking
من اشتباهی خریدم خیار خریداری شده در تاریخ 1303/5/16 را میخواهم برگردانم.,returning
لطفا مراحل لغو سفارش 2209 را شروع کنید.,deleting
من می خواهم سفارش شماره 1588 را برگردانم زیرا محصولات ارسال شده با سفارشی که داشتم مغایرت دارد.,returning
آیا کاری می توانم انجام دهم تا انتخاب سفارش خود را در حالی که در انتظار تایید است تغییر دهم؟,inquiring
آیا می توانم پاستا را که قبلاً در سبد گذاشته بودم با Delaster جایگزین کنم؟,editting
من می خواهم چند عدد سیب زمینی، 14 شانه انتخاب کنم.,buying
چه چیز دیگری؟,chitchat
محصولی که دریافت کردم معیوب است، می خواستم مرجوع کنم,returning
آیا برای بازگرداندن کالا به رسید نیاز دارم؟,inquiring
من می خواهم سفارش 717 را برگردانم,returning
من فقط شنبه این هفته در خانه هستم، لطفا سفارشم را ارسال کنید.,scheduling
به زودی میبینمت,chitchat
میشه 12 گرم برنج بفرستید؟,editting
خریدی را که روز جمعه انجام دادم لغو کنید.,deleting
آیا سفارش شماره 1034 در راه است؟,tracking
متأسفانه باید از شما بخواهم که خرید من را لغو کنید زیرا دیگر به آن نیاز ندارم.,deleting
من پشیمان شدم، گوجه فرنگی را از سفارش من لغو کنید,editting
متوجه شدم که محصول کره ای آن چیزی نیست که من می خواهم، چگونه می توانم آن را برگردانم؟,returning
شرایط گارانتی خریدار چیست؟,inquiring
من می خواهم به دلیل تغییر در برنامه غذایی ام پرتقال ها را از سبد خرید حذف کنم.,editting
لطفا مراحل لغو سفارش 1064 را شروع کنید.,deleting
اگر از کیفیت محصول راضی نباشم چه؟,inquiring
ماست و ماست چه تفاوت هایی با هم دارند؟,inquiring
لطفا زمان انتظار برای تکمیل تحویل سفارش 2088 چه زمانی خواهد بود؟,tracking
اذیتت کردم خسته شدی,chitchat
لطفا آخرین سفارش من را حذف کنید، اشتباه کردم.,deleting
آیا می توانم روغن سرخ کردنی را که قبلاً در سبد گذاشته بودم با گوجه فرنگی جایگزین کنم؟,editting
برای بودجه بندی باید قیمت دقیق پاستا رو بدونم.,inquiring
سفارش من را حذف کنید، من آن را 13 روز پیش ثبت کردم.,deleting
آیا می توانید خرید من را دوشنبه تا ساعت 5 ارسال کنید؟,scheduling
من از خریدی که روز دوشنبه انجام دادم پشیمانم، حذف کنید.,deleting
من باید با یک متخصص صحبت کنم,customer-service
من می خواهم با یک متخصص صحبت کنم,customer-service
من میخوام سفارشمو ثبت کنم,deleting
من یکی از مشتریان شما هستم، آیا می توانید برای خرید سیب به من تخفیف بدهید؟,inquiring
با توجه به تاریخ انقضای محصولات میخواهم ماهی خریداری شده در تاریخ 2/8/1301 را برگردانم.,returning
قبل از تکمیل سفارش، می خواهم گوجه فرنگی را از سبد خرید خود حذف کنم.,editting
من باید انتخابی را تغییر دهم - آیا ویرایش سفارشات باز مشمول خط مشی است؟,inquiring
میخواستم بدونم قیمت 7 بسته روغن زیتون چقدر میشه؟,inquiring
می‌خواهم بدانم سفارش شماره 1271 در چه مرحله‌ای است.,tracking
چند وقته که از سفارشم خبر دارم، پس کجاست؟,tracking
لطفاً برنجی که به تازگی به سبد اضافه شده است را با ماست جایگزین کنید.,editting
آیا پشتیبانی مشتری در تعطیلات آخر هفته در دسترس است؟,inquiring
آیا سیب شما تازه است؟ من 11 کیلو میخوام,buying
از شما می خواهم زمان تحویل سفارش شماره 1532 را برای تاریخ 17/10/1402 تعیین کنید.,scheduling
آیا می توانم سفارش شماره 1440 را برای تحویل ساعت 11 صبح رزرو کنم؟,scheduling
شماره سفارش من 1687 را پیدا کنید.,tracking
آیا سفارش شماره 2015 ارسال شده است؟,tracking
برای تهیه سالاد شیرازی 14 عدد هویج می خواستم.,buying
یه سری اجناس برای خرید داشتم.,buying
خدا حافظ,chitchat
می‌خواهم بدانم سفارش شماره 1190 در چه مرحله‌ای است.,tracking
روغن زیتون خریداری شده با شماره سفارش 1154 را در تاریخ 1402/10/5 میخواهم به دلیل تغییر عقیده برگردانم.,returning
میخواستم خریدم ساعت 6 ارسال بشه.,scheduling
من می خواهم سفارش 2174 را برگردانم,returning
بررسی کنید تا ببینید سفارش 641 کجاست؟,tracking
آیا می توانید یک شراب خوب توصیه کنید؟ برای یک موقعیت خاص به 2 بسته نیاز دارم.,buying
آیا می توانم کاهویی را که قبلاً در سبد گذاشته بودم با روغن زیتون جایگزین کنم؟,editting
لطفا سفارش شماره 543 را برای تاریخ 2/8/1400 ساعت 9 صبح آماده کنید.,scheduling
من شماره 206 را در تاریخ 7/5/1400 ثبت کردم، چطور است؟,tracking
پشیمانم، مرغ را از سفارش من انصراف دهید,editting
ثبت سفارش,finishing
وضعیت سفارش شماره 235 چگونه است؟,tracking
قیمت ماست در مقایسه با ماست چگونه است؟,inquiring
سفارش شماره 1417 من باید حذف شود زیرا بودجه کافی ندارم.,deleting
آیا می توانید روغن زیتونی را که در حال حاضر به آن نیاز ندارم از سبد خریدم حذف کنید؟,editting
آیا هویج استانداردهای FSSC را دارد و آیا مصرف آن برای بیماران دیابتی تایید شده است؟,inquiring
می خواهم از وضعیت فعلی سفارش 861 مطلع شوم.,tracking
آیا می توانم سفارش شماره 1852 را برای تحویل در 5 رزرو کنم؟,scheduling
لطفا زمان انتظار برای تکمیل تحویل سفارش 1083 چه زمانی خواهد بود؟,tracking
آیا می توانید 12 کیلوگرم پیاز بفرستید؟,editting
من قصد دارم پنیر را با آب میوه جایگزین کنم، لطفا راهنمایی کنید.,editting
چون اشتباهی کالا را ارسال کردید میخواهم کیک خریداری شده در تاریخ 23/10/1401 را برگردانم.,returning
آیا می توانید بگویید پیاز از کدام کشور وارد می شود؟,inquiring
من می خواستم کل سفارشم را کنسل کنم زیرا می خواهم از جای دیگری خرید کنم,deleting
برای مشتریان همیشگی مثل من تخفیف ویژه ای برای خیار دارید؟,inquiring
پس چرا سفارش من نمی رسد؟ باید تا شنبه به من تحویل بدی,tracking
کدام شرکت حمل و نقل برای حمل و نقل استفاده می شود؟,inquiring
ماست را از سبد خرید من حذف کنید,editting
من هوس شدید خیار دارم، لطفا 9 بطری برایم ببندید. و ارسال کنید,buying
من یک درخواست بازگشت برای سفارش 307 دارم.,returning
پیاز را از سفارش من لغو کنید,editting
میشه 6 گرم مرغ برام بسته بندی کنید و برام بفرستید؟,buying
من می خواهم مرغی را که فراموش کرده ام به سبد خرید اضافه کنم.,buying
چگونه برای هر سفارش پرداخت کنیم؟,inquiring
آیا این روزها پیشنهاد ویژه ای برای خرید سیب زمینی دارید؟,inquiring
نقل و انتقالات؟,chitchat
من به دنبال اطلاع از وضعیت فعلی سفارش با شناسه 1603 هستم.,tracking
9 لیتر روغن سرخ کردنی دارید؟,buying
اشتباه بود به جای 14 بسته پاستا 8 بسته می خواستم.,editting
به مناسبت عید سفره تخفیف گوشت پهن است؟,inquiring
آیا اپل گارانتی یا خدمات پس از فروش دارد؟,inquiring
تفاوت شیر ​​و شیر چیست؟,inquiring
من می خواهم خریدی را که به تازگی انجام داده ام لغو کنم، این برای من مشکلی ندارد.,deleting
آیا می توانید سفارش شماره 1316 را ساعت 4 تحویل دهید؟,scheduling
میخواستم خریدم ساعت 4 ارسال بشه.,scheduling
من تصادفا با شماره 1249 سفارش دادم لطفا حذفش کنید.,deleting
آیا می توانم خیار را که 3 روز پیش خریده ام برگردانم؟,returning
ببخشید که اینقدر مزاحمتون شدم,chitchat
آیا شماره سفارش 1192 ارسال شده است؟,tracking
لطفا گوشت در سبد خرید من را با رب به روز کنید.,editting
من اشتباه کردم می تونی دستور 75 رو بگیری؟,deleting
پشیمانم لطفا سفارشم را حذف کنید,deleting
با توجه به بسته بندی، ارسال بسیار بد بود، ماست خریداری شده به تاریخ 15/3/1401 را می خواهم برگردانم.,returning
آیا گوجه فرنگی در راستای پایداری و مسئولیت های اجتماعی شرکت تولیدکننده طراحی شده است؟,inquiring
سفارش من را ساعت 10 ارسال کنید.,scheduling
کیک خریداری شده با شماره سفارش 1613 را در تاریخ 28/7/1301 میخواهم برگردانم زیرا محصولات ارسالی با سفارشی که داشتم مغایرت دارد.,returning
آیا می توانم 12 کیلوگرم تخم مرغ رزرو کنم؟,buying
میخوام بدونم قیمت نان 5 لیتری چقدر میشه؟,inquiring
لطفا سفارش من را تا چهارشنبه ارسال کنید.,scheduling
آیا می توانید توضیح دهید که چگونه دلستر از نظر فنی برتر از دلستر است؟,inquiring
من باید سفارش 83 را روز سه شنبه پاک کنم.,deleting
سفارشمو بفرست منم همین چیزا رو میخواستم,finishing
آیا می توان هویجی را که قبلا انتخاب کرده ام جایگزین کرد؟,editting
لطفا 5 بسته نوشابه به من بدهید.,buying
من تصادفا با شماره 1606 سفارش دادم لطفا حذفش کنید.,deleting
من میل شدید به گوشت دارم لطفا 4 بطری برای من بفرستید.,buying
خرید 5 روز پیش من به دلیل انتخاب اشتباه باید حذف شود لطفا اقدام لازم را انجام دهید.,deleting
1 شانه برنج به من بدهید,buying
اسم شما چیست؟,chitchat
من مشتاقم بدانم آیا سفارش 979 ارسال شده است یا خیر.,tracking
ارسال سفارش من در تاریخ 1403/07/26,scheduling
سیب را از سفارش من حذف کنید,editting
من می خواهم اسموتی درست کنم و به 9 لیتر سیب مخلوط نیاز دارم.,buying
آیا می توانید سفارش من را حذف کنید؟ آدرس اشتباهی وارد کردم,deleting
آیا پس از 13 بار استفاده باز هم امکان برگشت پوشک بچه با شماره سفارش 393 وجود دارد؟,returning
برای مهمانی لطفا سفارش شماره 1574 را در تاریخ 2/2/1402 تحویل بگیرید.,scheduling
به جای 13 کاهو لطفا 3 برنج به من بدهید,editting
کالای ارسالی بسیار آسیب دیده است لطفا تعویض کنید,returning
متوجه شدم محصول کیک آن چیزی نیست که من می خواهم، چگونه می توانم آن را برگردانم؟,returning
چه زمانی سفارشم را دریافت خواهم کرد؟,tracking
پشیمانم لطفا سفارشم را حذف کنید,deleting
لطفا 8 کیلو کره به من بدهید.,buying
من تمام مواردی را که می خواهم انتخاب کرده ام.,finishing
چه خبر؟,chitchat
من می خواهم یک دستور العمل جدید را امتحان کنم که به 2 بطری خمیر کیک نیاز دارد.,buying
من می خواهم خریدی را که به تازگی انجام داده ام لغو کنم، اشتباه کردم.,deleting
میشه بگید کاهو از کدوم کشور وارد میشه؟,inquiring
من می خواهم سفارش شماره 1888 را برای تحویل در روز چهارشنبه تنظیم کنم.,scheduling
لطفاً روند لغو سفارش 2061 را شروع کنید.,deleting
آیا محصول خیار گارانتی دارد؟,inquiring
آیا می توانم 11 بطری گوجه فرنگی داشته باشم؟,buying
من باید انباری آشپزخانه ام را با 9 بطری سیب زمینی پر کنم.,buying
باید سفارش سال 1337 را برگردانم,returning
11 گرم پیاز,buying
به دلایلی که می گویم: پشیمانی از خرید، سفارشم را حذف می کنم.,deleting
من می خواستم کل سفارشم را حذف کنم زیرا در جای دیگر قیمت بهتری پیدا کردم,deleting
من می خواهم به درک عمیق تری از ویژگی های متمایز و منحصر به فرد کره دست پیدا کنم.,inquiring
آیا می توانید یک شراب خوب توصیه کنید؟ من برای یک موقعیت خاص به 13 نیاز دارم.,buying
پنیر خریداری شده در تاریخ 6 معیوب است و من میخواهم مرجوع کنم.,returning
آیا شماره سفارش 1766 ارسال شده است؟,tracking
جعبه سورپرایز تخفیف دار برای محصول روغن سرخ کردنی برای جشن سال نو دارید؟,inquiring
آیا می توانید سفارش من را قبل از ساعت 10 شنبه تحویل دهید؟,scheduling
بدلیل بروز خطای ناخواسته به شماره 1826 ثبت گردید. لطفا آن را حذف کنید.,deleting
پنیر میخواستم,buying
آیا می توانید سفارش شماره 879 را ساعت 3 تحویل دهید؟,scheduling
من اشتباه کردم، می توانید سفارش 801 را بگیرید؟,deleting
من به گوجه فرنگی محلی علاقه دارم، آیا می توانم 12 عدد از آنها را داشته باشم؟,buying
لطفا سفارش شماره 708 را برای تاریخ 24/8/1400 ساعت 10 صبح تهیه نمایید.,scheduling
پس از ثبت سفارش 367 در تاریخ 12/9/1402 کنجکاو هستم که چگونه پیشرفت می کند. آخرین گزارش چیست؟,tracking
من می خواستم 14 عدد هویج بخرم,buying
وضعیت سفارش شماره 1538 چگونه است؟,tracking
من می خواهم برای سفارش شماره 351 خیار که 8 روز پیش دریافت کردم اظهارنامه کنم.,returning
حذف سفارش شماره 1420,deleting
آیا می توانید پوشک بچه ای را که در حال حاضر به آن نیاز ندارم از سبد خریدم بردارید؟,editting
آیا می توانم اطلاعات موجودی و محصول خیار را بدانم؟,inquiring
لطفاً خیار داخل سبد خریدم را با هویج که تازه تر است به روز کنید.,editting
من می خواهم نام تو را داشته باشم,chitchat
آیا می توانم مرغی را که 11 روز پیش خریده ام برگردانم؟,returning
خرید من را برگردانید,returning
سفارش من را تا ساعت 9 ارسال کنید.,scheduling
آیا سفارش 379 آماده ارسال است یا هنوز در انتظار ارسال است؟,tracking
این چیزی است که من خریدم. سفارش من را ثبت کنید,finishing
سفارش من را ساعت 6 ارسال کنید.,scheduling
آیا امکان تحویل سفارش شماره 1171 در روز چهارشنبه وجود دارد؟,scheduling
به جای 7 شانه گوشت، لطفا آن را 6 شانه گوشتی کنید,editting
لطفا نوشابه را در سبد خرید من با پنیر به روز کنید.,editting
لطفا سفارش شماره 1019 را برای تاریخ 18/8/1403 تهیه نمایید.,scheduling
من کمک می خواهم، چه کسی می تواند من را راهنمایی کند؟,customer-service
من 12 تا از کره میخواستم شما داری؟,buying
متاسفم، پاستا را از سفارش من حذف کنید,editting
شغل شما چیست؟,chitchat
لطفا سفارش شماره 11 را برای تاریخ 13/8/1302 ساعت 11 صبح تهیه نمایید.,scheduling
من می خواستم مرغ را به سبد خریدم اضافه کنم، اما به نظر نمی رسد در لیست باشد، لطفا آن را اضافه کنید.,buying
آیا امکان دریافت سفارش شماره 344 در تاریخ 9/5/1400 وجود دارد؟,scheduling
آیا سفارش شماره 111 ارسال شده است؟,tracking
پشیمانم، پنیر را از سفارشم حذف کنید,editting
قیمت دلاستر در مقایسه با دلاستر چگونه است؟,inquiring
من سفارش شماره 79 را اشتباهی خریدم، چگونه آن را برگردانم؟,returning
درخواست حذف سفارش شماره 2030 دارم چون سایز رو اشتباه انتخاب کردم.,deleting
سفارشم با شماره 1931 حذف بشه چون خوشم نمیاد.,deleting
وضعیت سفارش شماره 1465 چگونه است؟,tracking
آیا سفارش شماره 2188 در راه است؟,tracking
من اشتباها پوشک بچه رو به سبد اضافه کردم لطفا کنسل کنید.,editting
من می خواهم سفارش شماره 5 را برای گوجه فرنگی که 13 روز پیش دریافت کردم، برگردانم.,returning
چه مقدار مواد شیمیایی در کیک استفاده شده است؟,inquiring
من به جوجه نیاز دارم، مخصوصاً 13.,buying
تخم مرغ خریداری شده در تاریخ 10 معیوب است و من می خواهم آن را برگردانم.,returning
ماکارونی خریداری شده با شماره سفارش 1433 در تاریخ 6/3/1403 را می خواهم به دلیل اینکه این محصول را دوست نداشتم برگردانم.,returning
درخواست حذف سفارش شماره 927 دارم چون بودجه کافی ندارم.,deleting
می توانید دستور 1810 را دنبال کنید.,tracking
می خواهم بدانم برنج چه مزیتی نسبت به کالاهای مشابه دارد؟,inquiring
سفارش من را پیگیری کنید,tracking
متوجه شدم که فرآورده گوشتی آن چیزی نیست که من می خواهم، چگونه می توانم آن را برگردانم؟,returning
آیا می توانم 6 حبه سیر بخورم؟,buying
آیا می توانم 2 لیتر هویج رزرو کنم؟,buying
من 4 گرم خیار می خواستم.,buying
خرید 6 روز پیش من به دلیل انتخاب نادرست باید لغو شود، لطفا اقدام لازم را انجام دهید.,deleting
آیا می توانم سفارش شماره 111 را برای تحویل در ساعت 5 رزرو کنم؟,scheduling
میخواستم بدونم 2 شیشه پوشک بچه موجوده؟,inquiring
لطف داری,chitchat
من اشتباه کردم می توانید سفارش 263 را تحویل بگیرید؟,deleting
بعد 2 لیتر بده,buying
یا برای خرید عمده تخفیف دارید؟ من به 8 عدد شانه تخم مرغ علاقه دارم.,buying
برنجی که در تاریخ 12/6/1402 خریدم را میخواهم به عنوان مرجوعی ثبت نام کنم.,returning
آیا می توانید خرید من را یکشنبه تا ساعت 8 ارسال کنید؟,scheduling
به 9 بسته هویج نیاز دارم.,buying
من به 9 شانه نوشابه علاقه دارم.,buying
خستهت کردم دستت درد نکنه,chitchat
مقدار محصول مرغ را از 10 کیلوگرم به 5 کیلوگرم تغییر دهید.,editting
سفارش من را در تاریخ 1301/12/22 ارسال کنید,scheduling
آیا می توانید سفارش من را حذف کنید؟ تغییرات برنامه ریزی داشتم,deleting
میخواستم بدونم در فروش زمستانی سیر تخفیف میدهید؟,inquiring
شما می توانید سفارش 427 را پیگیری کنید.,tracking
من به دنبال گزینه های گیاهی هستم، به خصوص 12 دنده گوشت,buying
من می خواهم یک وعده سوپ سبزیجات درست کنم، به 13 گرم پنیر درجه یک نیاز دارم.,buying
سفارش من را در تاریخ 7/5/1400 ارسال کنید,scheduling
من باید ظرف آشپزخانه ام را با 4 کیلوگرم سیب زمینی پر کنم.,buying
آیا سیب در حال حاضر موجود است؟,inquiring
لطفاً روند لغو سفارش 1953 را شروع کنید.,deleting
آیا سفارش شماره 2050 که شامل ماهی بود آماده ارسال است؟,tracking
من به کره نیاز دارم مخصوصاً 1 کیلوگرم.,buying
کالای ارسالی بسیار آسیب دیده است لطفا تعویض کنید,returning
من تصادفاً با شماره 1672 سفارش دادم. لطفاً آن را حذف کنید.,deleting
یا برای خرید عمده تخفیف دارید؟ من به کاهو 4 کیلویی علاقه دارم.,buying
آیا می توانم سیب زمینی هایی را که قبلاً در سبد گذاشته بودم با ماهی جایگزین کنم؟,editting
روز خوبی داشته باشید,chitchat
آیا امکان تحویل سفارش 2195 در روز شنبه وجود دارد؟,scheduling
لطفا 2 تکه پنیر به من بدهید.,buying
آیا می توانید بسته را به آدرس دیگری ارسال کنید؟,inquiring
من اشتباه کردم می تونی دستور 240 رو بگیری؟,deleting
میشه اسمشو بگی,chitchat
من میخواهم سفارش شماره 551 را که 11 روز پیش برای محصول نارنجی ثبت شده است برگردانم زیرا محصولات ارسالی با سفارشی که داشتم متفاوت است.,returning
داریم مهمونی داریم پیاز میخواستم,buying
پشیمانم لطفا سفارشم را لغو کنید,deleting
لطفا کیکی که به تازگی به سبد خرید اضافه شده است را با پاستا جایگزین کنید.,editting
من می خواهم از حراج هالووین استفاده کنم، پوشک بچه شامل تخفیف می شود؟,inquiring
می خواهم خریدی را که انجام دادم حذف کنم، آدرس را اشتباه وارد کردم.,deleting
سفارش من را جمعه ساعت 2 ارسال کنید.,scheduling
میشه 5 گرم ماهی بفرستید؟,editting
خوبی,chitchat
لغو سفارش 875.,deleting
میخواستم سفارشم رو ساعت 8 بفرستید.,scheduling
اگر اطلاعات رهگیری من نشان دهد که سفارش من برگردانده شده است، چه؟,inquiring
من در تاریخ 1402/12/23 به شماره 1349 سفارش دادم، وضعیتش چگونه است؟,tracking
آیا پس از 9 بار استفاده همچنان امکان برگشت پنیر با شماره سفارش 271 وجود دارد؟,returning
شماره سفارش 1383 را میخواهم برگردانم زیرا تاریخ مصرف کالای ارسالی به پایان رسیده است.,returning
من می خواهم سفارش خود را لغو کنم,deleting
آیا می توانید خمیری را که به اشتباه به سبد خرید اضافه شده است حذف کنید؟,editting
من می خواهم یک به روز رسانی در مورد وضعیت سفارش 2074 دریافت کنم. آخرین وضعیت سفارش چگونه است؟,tracking
من می خواهم بدانم آیا نوشابه را می توان در آینده ارتقا داد یا توسعه داد؟,inquiring
من شیر میخواستم,buying
ماست مربوط به سفارش شماره 1565 که روز جمعه خریداری شده نیاز به تعویض دارد.,returning
میخواستم خریدم ساعت 5 ارسال بشه.,scheduling
آیا می توانید 1 نان برای من سفارش دهید؟,buying
آیا می توانم محتویات سبد خرید خود را قبل از تسویه حساب یا بسته شدن نهایی تغییر دهم؟,inquiring
سلام، آیا می توانید سفارش من را که به تازگی ثبت شده است لغو کنید؟,deleting
دستور من به 14 گرم تخم مرغ نیاز دارد، آیا آن موجود است؟,buying
سلام میشه سفارش من که به تازگی ثبت شده رو حذف کنید؟,deleting
سفارش دهید و محصولاتی را که اطلاع دادم ارسال کنید.,finishing
سیب زمینی را به سبد خرید من اضافه کنید.,buying
من اشتباهی شیر را به سبد خرید اضافه کردم، لطفا آن را حذف کنید.,editting
قیمت برنج در مقایسه با برنج چگونه است؟,inquiring
کالاهای من را برای ساعت 6 روز دوشنبه برنامه ریزی کنید.,scheduling
آیا می توانید سفارش من را قبل از ساعت 9 روز پنجشنبه تحویل دهید؟,scheduling
قبل از تکمیل سفارش، من می خواهم پرتقال را از سبد خرید خود لغو کنم.,editting
آیا کاهو برای افراد دارای شرایط خاص مانند رژیم غذایی و برای ورزشکاران مناسب است؟,inquiring
بعد از ثبت سفارش 229 در تاریخ 17/4/1403 کنجکاو هستم که ببینم پیشرفتش چگونه است. آخرین گزارش چیست؟,tracking
لطفا تعداد روغن زیتون های موجود در سبد خرید من را از 8 به 8 تغییر دهید.,editting
میخواستم بدونم سفارشی که دادم تا سه شنبه به دستم میرسه یا نه؟,tracking
لطفا شیر را در سبد خرید من با پنیر به روز کنید زیرا تازه تر است.,editting
آیا می توانم سفارش را پس از ثبت تغییر دهم؟,inquiring
آیا امکان تعویض کالا در سبد خرید قبل از نهایی شدن آن وجود دارد؟,inquiring
لطفا تعداد پیازهای موجود در سبد خرید من را از 6 به 11 تغییر دهید.,editting
قیمت گوجه فرنگی با توجه به نوسانات اخیر بازار چگونه تغییر کرده است؟,inquiring
ساعت کاری فروشگاه چقدر است؟,inquiring
به جای 8 پنیر لطفا 8 آب میوه بدهید.,editting
پس 8 گرم بدهید,buying
سلام,chitchat
مرسی که اذیتم کردی,chitchat
شیر شما تازه است؟ من 13 گرم میخوام,buying
من می خواهم به روز رسانی در مورد وضعیت سفارش 1717 دریافت کنم. آخرین وضعیت سفارش چگونه است؟,tracking
متاسفانه باید از شما خواهش کنم که از خرید من انصراف دهید چون کالای مورد نظر را در جای دیگری پیدا کردم.,deleting
مقدار مرغ را دو برابر کنید,editting
چقدر طول می کشد تا کالا برسد؟,inquiring
8 لیتر کیک دارید؟,buying
مقدار محصول سیر را از 10 بطری به 3 بطری تغییر دهید.,editting
چون این محصول را دوست نداشتم تصمیم گرفتم سفارش شماره 2022 را پس بدهم.,returning
بدلیل بروز خطای ناخواسته به شماره 1900 ثبت گردید. لطفا آن را حذف کنید.,deleting
آیا می توانید خرید من را دوشنبه تا ساعت 9 ارسال کنید؟,scheduling
نوشابه خریداری شده با شماره سفارش 1437 را در تاریخ 16/8/1300 میخواهم به دلیل اینکه تاریخ مصرف محصولات به پایان رسیده است را پس بدهم.,returning
من می خواهم به شماره سفارش 1841 که محصول ماکارونی را در تاریخ 12/4/1401 خریده ام برگردانم.,returning
سفارش من را روز جمعه ساعت 9 ارسال کنید.,scheduling
آیا می توانم بدون ایجاد حساب کاربری به عنوان مهمان سفارش خود را ثبت کنم؟,inquiring
قیمت تخم مرغ با توجه به نوسانات اخیر بازار چقدر تغییر کرده است؟,inquiring
لطفا سفارش من را تا سه شنبه ارسال کنید.,scheduling
یا برای خرید عمده تخفیف دارید؟ من به 12 بسته پاستا علاقه دارم.,buying
آیا روحیه خوبی دارید؟,chitchat
بدلیل بروز خطای ناخواسته به شماره 722 ثبت گردید. لطفا آن را حذف کنید.,deleting
می توانید پیگیری کنید تا ببینید سفارش من دقیقا کجاست. شماره سفارش من: 1568,tracking
چه خبر؟,chitchat
میشه به جای سیر به من روغن سرخ کردنی بدی؟,editting
ارسال سفارش 76 در تاریخ 3/5/1402.,scheduling
سفارش #1878 برای آبمیوه خریداری شده در روز پنجشنبه آنطور که انتظار می رفت نبود، می خواهم مبادله کنم.,returning
آیا نقدی هنگام تحویل قبول می کنید؟,inquiring
ماهی که در تاریخ 29/2/1403 خریدم را میخواهم برگردانم.,returning
من میخوام کیک رو به صورت عمده بخرم قیمت بهتری پیشنهاد میکنید؟,inquiring
من 14 کیلو آب میوه می خواستم.,buying
خرید من را با شماره رهگیری 1226 پیگیری کنید.,tracking
میشه بجای پیاز 4 لیتر پوشک بدی؟,editting
به دلیل تخفیف ویژه ای که دیدم قصد دارم کیک را جایگزین گوشت کنم.,editting
حذف سفارش شماره 623,deleting
از شما تقاضا دارم سفارش من را حذف کنید زیرا دیگر به آن نیازی ندارم.,deleting
لطفاً کیکی که به تازگی به سبد اضافه شده است را با گوشت جایگزین کنید.,editting
امیدوارم حالتون خوب باشه,chitchat
میخواستم بدونم سفارشی که دادم تا دوشنبه به دستم میرسه یا نه؟,tracking
بدلیل بروز خطای ناخواسته سفارش شماره 242 ثبت گردید. لطفا آن را حذف کنید.,deleting
سفارش من با شماره 1364 باید حذف شود، زیرا بودجه کافی ندارم.,deleting
ممنون از لطف شما,chitchat
من تخم مرغ اشتباهی خریدم، آیا می توانم آن را برگردانم؟,returning
من دارم میروم,chitchat
لطفا گوشتی که به تازگی به سبد اضافه شده است را با یک پرتقال جایگزین کنید.,editting
من می خواهم چند ماهی، 5 بسته انتخاب کنم.,buying
آیا می توانید شیری را که در حال حاضر به آن نیاز ندارم از سبد خریدم حذف کنید؟,editting
14 تا,buying
من می خواهم پیاز را از سفارش خود لغو کنم.,editting
قیمت گوشت 5 کیلو رو میخوام بدونم.,inquiring
من میل شدید به شیر دارم لطفا 10 عدد بفرستید.,buying
به چه اسمی صدات کنم؟,chitchat
من باید انبارم را با 9 سیب پر کنم.,buying
سفارش شماره 328 من باید لغو شود زیرا پول کافی ندارم.,deleting
باید با متخصص صحبت کنم,customer-service
آیا Delester دارای تاییدیه های بین المللی مانند FSSC است؟,inquiring
میشه زمان تقریبی تحویل سفارش شماره 1290 رو بگید؟ من این سفارش را 6 روز پیش ثبت کردم,tracking
چطوری شریف؟,chitchat
آیا می توان هویجی را که قبلا انتخاب کردم با ماست جایگزین کرد؟,editting
من باید ظرف خانه ام را با 5 عدد از آب میوه ها پر کنم.,buying
بدلیل خطای سهوی سفارش شماره 1976 ثبت گردید. لطفا آن را لغو کنید.,deleting
من میخواهم سفارش شماره 697 را تعویض کنم چون از خریدم پشیمان هستم.,returning
آیا می توانید 1 شانه تخم مرغ بفرستید؟,editting
لطفا آخرین سفارش من را حذف کنید، اندازه را اشتباه انتخاب کردم.,deleting
آیا خرید گوشت در روز دوشنبه تخفیف دارد؟,inquiring
من باید سفارش 684 را برگردانم,returning
میشه اسمتو بگی,chitchat
من منتظر تحویل سفارش شماره 1287 در اولین ساعت پنجشنبه هستم.,scheduling
متأسفانه باید از شما خواهش کنم که خرید من را لغو کنید زیرا اندازه را اشتباه انتخاب کردم.,deleting
آیا می توانید سفارش من را لغو کنید؟ محصول مورد نظر را در جای دیگری پیدا کردم.,deleting
خریدی را که روز دوشنبه پشیمان شدم حذف کنید.,deleting
به دلیل تخفیف ویژه ای که دیدم قصد دارم رب را با دلستر جایگزین کنم.,editting
موجودی روغن زیتون شما چقدر است؟,inquiring
سفارش من را ساعت 11 ارسال کنید.,scheduling
لطفا سفارش شماره 2232 من را حذف کنید.,deleting
به جای 1 بطری دلستر، لطفا 1 بطری نوشابه بدهید.,editting
سفارش من را قبل از ساعت 8 سه شنبه تحویل دهید,scheduling
سفارش من را ساعت 9 ارسال کنید.,scheduling
موجودی پنیر شما چقدر است؟,inquiring
در مورد روغن زیتون به من بگویید,inquiring
لطفا نوشابه ای که به تازگی به سبد اضافه شده است را با روغن سرخ کردنی جایگزین کنید.,editting
من به دنبال اطلاع از وضعیت فعلی سفارش با شناسه 17 هستم.,tracking
آیا پس از 8 بار مصرف باز هم امکان برگشت روغن زیتون با شماره سفارش 386 وجود دارد؟,returning
پس چرا سفارش من نمی رسد؟ باید تا سه شنبه به من تحویل بدی,tracking
تعریف کاهو در مغازه شما بسیار پیچیده است، لطفا 6 بسته برای من ارسال کنید.,buying
قبل از تکمیل سفارش، به دلیل تغییر قیمت، می خواهم کاهو را از سبد خرید خود حذف کنم.,editting
آیا شماره تلفن پشتیبانی مشتری وجود دارد؟,customer-service
برای بودجه بندی باید قیمت دقیق نان را بدانم.,inquiring
من می خواهم سفارش خود را نهایی کنم، دستورالعمل پرداخت را می خواهم.,inquiring
من می خواستم کل سفارشم را لغو کنم زیرا در جای دیگر قیمت بهتری پیدا کردم,deleting
چه خدماتی ارایه میدهید؟,chitchat
میشه 13 تا روغن زیتون بسته و برام بفرستید؟,buying
چه مدت می توانم چیزی را که خریده ام برگردانم؟,inquiring
من یک درخواست بازگشت برای سفارش 1707 دارم.,returning
آیا پس از 4 بار استفاده باز هم امکان برگشت مرغ با شماره سفارش 1512 وجود دارد؟,returning
خریدم را عوض کنم,returning
من قصد دارم کاهو را جایگزین ماهی کنم لطفا راهنمایی کنید.,editting
پاستا را لغو کنید.,editting
من به تخم مرغ محلی علاقه دارم، آیا می توانم 5 لیتر از آنها را داشته باشم؟,buying
روغن زیتون خاتون در چه کشوری تولید می شود؟,inquiring
من انتخاب های خود را انجام داده ام، چگونه می توانم سفارش خود را ثبت کنم؟,finishing
خرید من را حذف کنید,deleting
پشیمانم، سیب را از سفارشم حذف کن,editting
پوشک بچه ای که 2 روز پیش گرفتم باید عوض بشه و دوست دارم برام عوض کنید.,returning
آیا می توانید سفارش من را لغو کنید؟ من جای دیگه قیمت بهتری پیدا کردم,deleting
لطفا 3 بطری روغن زیتون به من بدهید.,buying
آیا می توانم سفارش شماره 760 را برای تحویل در ساعت 9 رزرو کنم؟,scheduling
بعد بهش 5 بده,buying
من به طور تصادفی با شماره 1284 سفارش دادم لطفا انصراف دهید.,deleting
من می خواهم چند خیار بچینم، 6.,buying
لطفاً زمان انتظار برای تکمیل سفارش 1823 چقدر است؟,tracking
من علاقه مند به برنامه ریزی تحویل سفارش شماره 1948 برای تاریخ 4/5/1402 هستم.,scheduling
من الان سفارشم را دریافت کردم اما به دلیل تاریخ انقضای محصول میخواهم سفارشم را پس بدهم,returning
آیا گوجه فرنگی در طیف وسیعی از مدل ها و طرح ها موجود است؟,inquiring
سفارش شماره 825 من باید حذف شود، زیرا کالای مورد نظر را در جای دیگری پیدا کردم.,deleting
آیا سفارش شماره 1366 ارسال شده است؟,tracking
برنجی که 12 روز پیش تحویل گرفتم نیاز به تعویض دارد و از شما میخواهم آنها را برای من جایگزین کنید.,returning
می توانید پیگیری کنید تا ببینید سفارش من دقیقا کجاست. شماره سفارش من: 995,tracking
لطفا سفارش شماره 127 را برای تاریخ 21/5/1400 ساعت 15 آماده کنید.,scheduling
چه خبر؟,chitchat
لطفا ماهی در سبد خرید من را با آب میوه به روز کنید.,editting
چگونه با پشتیبانی مشتری تماس بگیرم؟,customer-service
شغلت را بگو,chitchat
ممنون از زحمت شما,chitchat
آیا می توانم برای خرید هفتگی 14 کیلوگرم ماهی رزرو کنم؟,buying
من می خواهم یک دستور العمل جدید را امتحان کنم که شامل 11 کیک است.,buying
من 7 کیلو ماست می خواستم.,buying
می خواستم خریدم را برگردانم و روند بازپرداخت سفارشم را شروع کنم.,returning
من را به یک فرد مسئول وصل کنید,customer-service
من علاقه مند به برنامه ریزی برای تحویل سفارش شماره 2243 برای تاریخ 1403/02/14 هستم.,scheduling
من می خواهم به روز رسانی در مورد وضعیت سفارش 948 دریافت کنم. آخرین وضعیت سفارش چگونه است؟,tracking
از شما تقاضا دارم سفارش 1360 را لغو کنید چون دیگر به آن نیازی ندارم.,deleting
شماره سفارش 1724 را اشتباهی خریدم، چگونه آن را برگردانم؟,returning
من قصد دارم سفارشم را حذف کنم، به دلایلی که می‌گویم: می‌خواهم از جای دیگری خرید کنم.,deleting
برای مهمانی لطفا سفارش شماره 1203 را در تاریخ 17/9/1301 تحویل بگیرید.,scheduling
من می خواهم خرید خود را لغو کنم زیرا پول کافی ندارم.,deleting
آیا می توانید بگویید هویج از کدام کشور وارد می شود؟,inquiring
آیا می توانم آبمیوه ای را که 7 روز پیش خریده ام برگردانم؟,returning
من میخواهم گوجه فرنگی را به صورت عمده بخرم، قیمت بهتری پیشنهاد میکنید؟,inquiring
فروشگاه شما چند سال تاسیس شده است؟,inquiring
آیا می توانید وضعیت فعلی سفارش شماره 892 را توضیح دهید؟,tracking
من یک خطایی می بینم که باید آن را اصلاح کنم. آیا امکان تغییر سبد باز من برای رفع آن وجود دارد؟,inquiring
می خواهم از وضعیت فعلی سفارش شماره 673 مطلع شوم.,tracking
من می خواهم نانی را که فراموش کرده ام به سبد خریدم اضافه کنم، آیا هنوز امکان پذیر است؟,buying
خدا قوت,chitchat
5 بطری گوشت بدهید,buying
9 پاستا برای من کنار بگذارید,buying
اشتباه بود به جای 2 تا جوجه 12 تا می خواستم.,editting
میشه زمان تقریبی تحویل سفارش شماره 1310 رو بگید؟ من این سفارش را 14 روز پیش ثبت کردم,tracking
من به کاهوی محلی علاقه مند هستم، آیا می توانم 9 عدد از آن را داشته باشم؟,buying
اشتباه بود به جای 4 کیلو نان 12 کیلو می خواستم.,editting
سفارش من را قبل از ساعت 8 روز جمعه تحویل دهید,scheduling
آیا می توانم به صورت اقساطی خرید کنم؟,inquiring
به دلایلی که می گویم: اشتباه وارد کردم، سفارشم را لغو می کنم.,deleting
متأسفانه باید از شما بخواهم که خرید من را لغو کنید زیرا در جای دیگر قیمت بهتری پیدا کردم.,deleting
من در مورد محصولات کره ای سوال دارم.,inquiring
هویج مربوط به سفارش شماره 1356 که روز چهارشنبه خریداری شده نیاز به تعویض دارد.,returning
لطفا پوشک بچه که به تازگی به سبد اضافه شده است را با کاهو تعویض کنید.,editting
آیا می توانید سفارش من را لغو کنید؟ برام مهم نیست,deleting
تعداد پوشک بچه را 7 عدد کنید,editting
پوشک بچه خریداری شده با شماره سفارش 1890 را در تاریخ 12/5/1301 به دلیل اینکه بسته بندی حمل و نقل بسیار نامناسب بود، پس می دهم.,returning
می خواستم خریدم را برگردانم و روند بازپرداخت سفارشم را شروع کنم.,returning
پس از ثبت سفارش 270 در تاریخ 1401/6/17، کنجکاو هستم که چگونه پیشرفت می کند. آخرین گزارش چیست؟,tracking
سفارش من را یکشنبه ساعت 9 ارسال کنید.,scheduling
گوشت مربوط به سفارش شماره 1795 را که در تاریخ 21/5/1403 خریداری شده است برمی گردانم.,returning
حذف سفارش 2081.,deleting
آیا امکان پیگیری سفارش شماره 1989 وجود دارد؟,tracking
من می خواهم خیار را که فراموش کرده ام به سبد خریدم اضافه کنم، آیا هنوز امکان پذیر است؟,buying
من می خواستم سیب زمینی را به سبد خریدم اضافه کنم، اما به نظر نمی رسد در لیست باشد، لطفا آن را اضافه کنید.,buying
خدا تو را حفظ کند,chitchat
سفارش من را قبل از ساعت 1 روز جمعه تحویل دهید,scheduling
سفارش من را لغو کنید، من آن را 7 روز پیش ثبت کردم.,deleting
من مشتاقم بدانم آیا سفارش 1787 ارسال شده است یا خیر.,tracking
من می خواستم سفارشم را تغییر دهم زیرا محصولات قدیمی و آسیب دیده هستند,returning
لطفا سفارش من را برگردانید چون کالای اشتباه فرستادی,returning
مقدار سیر را از 9 به 14 تغییر دهید.,editting
سفارش شماره 330 من باید لغو شود زیرا بودجه کافی ندارم.,deleting
متشکرم,chitchat
امروز چه کار کردی؟,chitchat
لطفا سفارش من را جایگزین کنید با توجه به محصولات ارسالی با سفارشی که داشتم مغایرت دارد,returning
آبمیوه ای که 13 روز پیش دریافت کردم نیاز به تعویض دارد و از شما می خواهم آنها را برای من جایگزین کنید.,returning
شغلت را بگو,chitchat
روغن زیتون را از سبد خرید من حذف کنید,editting
سلام میشه سفارشم رو که تازه ثبت شده حذف کنید؟,deleting
کیک را از سفارش من لغو کنید,editting
آیا امکان پیگیری سفارش شماره 292 وجود دارد؟,tracking
پیاز رو اشتباهی به سبد اضافه کردم لطفا حذفش کنید.,editting
آیا سفارش 478 در حال حاضر در راه است؟,tracking
از شما تقاضا دارم سفارش 1556 را لغو کنید چون سایز را اشتباه انتخاب کردم.,deleting
آب میوه را پاک کنید.,editting
آیا می توانید پیازی را که به اشتباه به سبد اضافه شده است بردارید؟,editting
بررسی کنید تا ببینید سفارش 236 کجاست؟,tracking
چگونه می توانم از شما تشکر کنم؟,chitchat
آیا مرغ دارای تاییدیه های بین المللی مانند SQF است؟,inquiring
برای مهمانی لطفا سفارش شماره 173 را تا تاریخ 11/6/1400 تحویل بگیرید.,scheduling
آیا می توانم با پشتیبانی مشتری تماس بگیرم؟,customer-service
آیا فروش ماست ویژه ای در سال جدید دارید؟,inquiring
13 بطری پاستا بدهید,buying
من میخواهم هویج را به صورت عمده بخرم، قیمت بهتری پیشنهاد میکنید؟,inquiring
آیا می توانم 7 کیلوگرم نان رزرو کنم؟,buying
من به دنبال گزینه های وگان هستم، به خصوص 5 شیشه پوشک بچه,buying
میخواستم سفارشم رو ساعت 5 بفرستید.,scheduling
ارسال سفارش 2129 در تاریخ 7/1/1402.,scheduling
آیا می توان دسری را که قبلا انتخاب کرده ام با نوشابه جایگزین کرد؟,editting
من قصد دارم سفارش خود را لغو کنم، به دلایل زیر: قیمت بهتری در جای دیگری پیدا کردم.,deleting
من به دنبال پیشنهادات ویژه برای پرتقال هستم، آیا پیشنهادی دارید؟,inquiring
وضعیت فعلی سفارش شماره 1930 را می خواهم بدانم.,tracking
می خواهم بدانم آیا تخمک در آینده قابل ارتقا یا توسعه است؟,inquiring
ما یک شب مهمانی داریم، من شیر می خواستم.,buying
هویج گارانتی یا خدمات پس از فروش دارد؟,inquiring
آیا می توانید یک شراب خوب توصیه کنید؟ من برای یک موقعیت خاص به 9 عدد نیاز دارم.,buying
از شما می خواهم زمان تحویل سفارش شماره 2031 را برای تاریخ 18/1/1400 تعیین کنید.,scheduling
برای کباب کردن به 10 گرم شیر نیاز دارم,buying
آیا پس از 4 بار مصرف باز هم امکان برگشت برنج وجود دارد؟ من چند روز پیش کالای خود را دریافت کردم، اما می خواهم این محصول را پس بدهم زیرا آن را دوست نداشتم.,returning
من میل شدید به ماهی دارم لطفا برای من 5 لیتر بسته بندی کنید. و ارسال کنید,buying
من قصد دارم سفارش مربوط به سفارش شماره 345 را که در تاریخ 1402/5/18 خریداری شده است برگردانم.,returning
چه کار می کنی؟,chitchat
بررسی کنید تا ببینید سفارش 1477 کجاست؟,tracking
خرید 9 روز پیش من به دلیل انتخاب نادرست باید حذف شود، لطفا اقدام لازم را انجام دهید.,deleting
من منتظر تحویل سفارش شماره 739 در اولین ساعت روز شنبه هستم.,scheduling
من می خواهم سفارش 319 را برگردانم,returning
آیا امکان دریافت سفارش شماره 1698 در تاریخ 2/4/1403 وجود دارد؟,scheduling
خیار را از سفارش من حذف کنید,editting
آیا امکان پیگیری سفارش شماره 1047 وجود دارد؟,tracking
فراموش کردم، لطفا نوشابه را به سبد خرید من اضافه کنید.,buying
می‌خواهم خریدی را که به تازگی انجام داده‌ام لغو کنم، در جای دیگری قیمت بهتری پیدا کردم.,deleting
لطفا فرآیند تسویه حکم 342 را شروع کنید.,deleting
برای بودجه بندی باید قیمت دقیق روغن سرخ کردنی را بدانم.,inquiring
ماهیی که 4 روز پیش خریدم کجاست؟ پس کی ارسال میشه؟,tracking
آیا می توانم 3 بطری کره رزرو کنم؟,buying
شب بخیر سلام,chitchat
من به دنبال نان هستم، آیا آنها را به گرم حمل می کنید؟,buying
چه کاری می توانی انجام بدهی؟,chitchat
سلام و عرض ادب,chitchat
من می خواهم سفارش 1901 را جایگزین کنم,returning
قبل از تکمیل سفارش، می خواهم نان را از سبد خرید خود حذف کنم.,editting
آیا می توانید سفارش من را تغییر دهید؟ زیرا محصولات قدیمی و آسیب دیده هستند,returning
سفارش من را حذف کنید، من آن را 9 روز پیش ثبت کردم.,deleting
سفارش من را ساعت 1 ارسال کنید.,scheduling
اگر در زمان زایمان در خانه نباشم چه باید بکنم؟,inquiring
من 8 شانه نوشابه می خواستم.,buying
چه کاری می توانی انجام بدهی,chitchat
یا برای خرید عمده تخفیف دارید؟ من به پیاز 1 کیلویی علاقه دارم.,buying
سفارش شماره 1240 که 1 روز پیش برای محصول دلستر ثبت شده بود را به دلیل تغییر نظر می خواهم برگردانم.,returning
من می خواهم سفارشم را با شماره 1194 برگردانم,returning
آیا امکان تحویل سفارش شماره 2108 در روز شنبه وجود دارد؟,scheduling
ارسال سفارش من در تاریخ 10/11/1403,scheduling
آیا خرید پیاز بیش از 2 بسته تخفیف دارد؟,inquiring
من را به یک متخصص وصل کنید,customer-service
سفارشم را حذف کنید، 4 روز پیش ثبت نام کردم.,deleting
به دلیل تخفیف ویژه ای که دیدم قصد دارم سیر را با دالستر جایگزین کنم.,editting
پشیمان شدم، سیب را از سفارشم حذف کنید,editting
درخواست تسویه سفارش با شماره 34 دارم چون قیمت بهتری رو جای دیگه پیدا کردم.,deleting
پشیمان شدم، ماهی را از سفارشم حذف کنید,editting
سلام روز بخیر,chitchat
سفارش شماره 371 برای پوشک بچه خریداری شده در روز جمعه مطابق انتظار نبود، می خواهم آن را برگردانم.,returning
آیا می توانید سفارش من را برگردانید؟ چون کالا آسیب دیده رسیده است,returning
آیا سفارش شماره 1128 ارسال شده است؟,tracking
وضعیت سفارش شماره 549 چگونه است؟,tracking
آیا می توانم برای خرید هفتگی 9 شانه شیر رزرو کنم؟,buying
چقدر سهام دارید؟,inquiring
آیا می توانید برنجی را که به اشتباه به سبد خرید اضافه شده است بردارید؟,editting
من به شما درود می فرستم,chitchat
آیا می توانید سفارش شماره 461 را در 8 تحویل دهید؟,scheduling
لطفا سفارش من را تغییر دهید به دلیل تاریخ انقضای محصولات بود,returning
خرید من را برگردانید,returning
آیا پس از 14 بار مصرف باز هم امکان برگشت کاهو وجود دارد؟ من چند روز پیش اجناسم را تحویل گرفتم اما بسته بندی آن بسیار بد بود، بنابراین می خواهم آن را برگردانم.,returning
آیا شماره سفارش 1530 ارسال شده است؟,tracking
لطفا راهنمایی کنید که چگونه می توانم سفارش را نهایی کنم.,inquiring
آیا امکان دریافت سفارش شماره 2147 در تاریخ 29/5/1400 وجود دارد؟,scheduling
با توجه به کالای آسیب دیده تصمیم به عودت سفارش شماره 1430 دارم.,returning
متوجه شدم محصول سیب زمینی آن چیزی نیست که من می خواهم، چگونه می توانم آن را برگردانم؟,returning
اقلام من را برای ساعت 11 صبح یکشنبه برنامه ریزی کنید.,scheduling
من به دنبال پیشنهادات ویژه برای روغن زیتون هستم، آیا پیشنهادی دارید؟,inquiring
از شما تقاضا دارم که سفارش 1554 را حذف کنید، زیرا من را اذیت نمی کند.,deleting
چگونه می توانم کمک بگیرم؟,customer-service
آیا می توانید سفارش شماره 1953 را ساعت 4 تحویل دهید؟,scheduling
به جای پوشک بچه، پیاز را در سبد خرید من قرار دهید.,editting
ماهانه 12 کیلو میخوام سفارش بدم,buying
من هوس شدید کاهو دارم لطفا 13 کیلو برام ببندید. و ارسال کنید,buying
از شما تقاضا دارم سفارش من را لغو کنید زیرا بودجه کافی ندارم.,deleting
آیا سفارش 943 آماده ارسال است یا هنوز در مرحله پیش ارسال است؟,tracking
آیا می توانم پاستا را که قبلاً در سبد گذاشته بودم با سیب جایگزین کنم؟,editting
من میل شدید به نوشابه دارم لطفا 14 لیتر برام بفرستید.,buying
تفاوت ماهی و ماهی چیست؟,inquiring
سفارش من را سه شنبه ساعت 2 ارسال کنید.,scheduling
هلو,chitchat
من می خواهم سفارش شماره 946 را برای تحویل در روز سه شنبه تنظیم کنم.,scheduling
من ماهی اشتباهی خریدم، آیا می توانم آن را برگردانم؟,returning
آیا سیب زمینی گارانتی یا خدمات پس از فروش دارد؟,inquiring
محصول کره را از سفارش من حذف کنید,editting
میشه به جای پنیر مرغ به من بدی؟,editting
سفارش شماره 227 را به دلیل قدیمی بودن محصولات تعویض می کنم.,returning
من دنبال گزینه های گیاهی هستم مخصوصا رب 7 کیلویی,buying
من در تاریخ 1403/8/6 به شماره 1757 ثبت کردم وضعیتش چطوره؟,tracking
در صورت امکان این لیست اقلام را برای من ارسال کنید,finishing
ممنون، این تمام چیزی بود که می خواستم,finishing
سفارش من با شماره 1304 را پیدا کنید.,tracking
سفارش من را قبل از ساعت 2 چهارشنبه تحویل دهید,scheduling
من 12 لیتر پنیر می خواستم.,buying
آیا می توانم از موجودی و اطلاعات محصول مرغ مطلع شوم؟,inquiring
پشیمانم لطفا سفارشم را لغو کنید,deleting
میخواستم بدونم 11 تا پوشک بچه موجوده؟,inquiring
من می خواهم سیب را از سبد خریدم حذف کنم و به جای آن نوشابه اضافه کنم.,editting
میخواستم خریدم ساعت 3 ارسال بشه.,scheduling
آیا برای مشتریان دائمی مثل من تخفیف ویژه ماهی دارید؟,inquiring
من نیاز به توضیح دارم، آیا محدوده تغییر پیش پرداخت سبدهای باز را پوشش می دهد؟,inquiring
من باید سفارش 650 را برگردانم,returning
می خواهم از وضعیت فعلی سفارش شماره 1819 مطلع شوم.,tracking
خرید 3 روز پیش من به دلیل انتخاب نادرست باید حذف شود، لطفا اقدام لازم را انجام دهید.,deleting
متوجه شدم محصول کاهو آن چیزی نیست که من می خواهم، چگونه می توانم آن را برگردانم؟,returning
من در تاریخ 1401/10/7 به شماره 625 ثبت کردم وضعیتش چطوره؟,tracking
میخوام بدونم مرغ نسبت به کالاهای مشابه چه مزیتی داره؟,inquiring
لطفا سفارش من را برگردانید من این کالاها را نمی خواهم، کیفیت کالاهای ارسالی بسیار پایین است.,returning
من دنبال نون میگردم کیلویی میفرستی؟,buying
از شما تقاضا دارم سفارش من را لغو کنید زیرا بودجه کافی ندارم.,deleting
سفارشم را حذف کنید، 12 روز پیش ثبت نام کردم.,deleting
من باید سفارش 918 را در روز پنجشنبه حذف کنم.,deleting
می خواهم دلستر خریداری شده با شماره سفارش 1301 را در تاریخ 27/1/1300 پس بدهم زیرا تاریخ مصرف کالای ارسالی به پایان رسیده است.,returning
من میل شدید به خیار دارم لطفا 4 کیلو بفرستید.,buying
لطفا سفارش شماره 1412 را برای تاریخ 4/10/1403 ساعت 14 آماده کنید.,scheduling
اسم شما چیست؟,chitchat
آیا می توانم 3 بطری مرغ داشته باشم؟,buying
قیمت روز کیک رو میخوام بدونم میشه راهنمایی کنید؟,inquiring
چگونه می توانم سوالات متداول بپرسم؟,inquiring
لطفا سفارش شماره 542 من را حذف کنید.,deleting
کیک شما تازه است؟ من 6 گرم میخوام,buying
آیا امکان دریافت سفارش شماره 143 در تاریخ 28/12/1403 وجود دارد؟,scheduling
آیا می توانم قیمت پوشک بچه را بدانم؟,inquiring
ارسال سفارش 1102 در تاریخ 1403/5/12.,scheduling
6 کیلو تخم مرغ,buying
من می خواستم برای سفارشم درخواست بازپرداخت کنم زیرا محصولات ارسال شده با سفارشی که داشتم متفاوت است,returning
سفارش من را شنبه ساعت 6 ارسال کنید.,scheduling
محصولی که دریافت کردم آسیب دیده است، چه کار کنم؟,inquiring
سلام. چطوری؟,chitchat
پس چرا سفارش من نمی رسد؟ باید تا جمعه به من تحویل بدی,tracking
من 7 تا کیک میخواستم,buying
من علاقه مند به برنامه ریزی تحویل سفارش شماره 1542 برای تاریخ 21/5/1400 هستم.,scheduling
قیمت محصولات مقابل را می خواستم بدانم: ماست 2 بسته و ماست 2 بسته,inquiring
من می خواهم 1 نوشابه را دریافت کنم.,buying
من می خواستم کل سفارش خود را حذف کنم زیرا از خرید پشیمان هستم,deleting
چطور هستید؟,chitchat
بدلیل بروز خطای ناخواسته به شماره 1521 ثبت گردید. لطفا آن را حذف کنید.,deleting
ماست اشتباهی خریدم، آیا می توانم آن را برگردانم؟,returning
آیا سفارش شماره 796 که شامل ماهی بود آماده ارسال است؟,tracking
آیا می توانم زمان تحویل مشخصی را برای سفارش خود درخواست کنم؟,inquiring
اگر بخواهم چیزی را مبادله کنم، آیا می توانم محصولات انتخابی را در سبد خریدم تغییر دهم؟,inquiring
اسمت را به من بگو,chitchat
بعد از ثبت سفارش 418 در تاریخ 1403/3/19 کنجکاو هستم که بدانم چگونه پیشرفت می کند. آخرین گزارش چیست؟,tracking
من قصد دارم سفارش خود را به دلایل زیر حذف کنم: محصول مورد نظر را در جای دیگری پیدا کردم.,deleting
آیا ماست در حال حاضر موجود است؟,inquiring
لطفا سیب را در سبد خرید من با پوشک بچه به روز کنید.,editting
آیا امکان پیگیری سفارش شماره 2016 وجود دارد؟,tracking
من به 11 پرتقال علاقه دارم.,buying
آیا امکان دریافت سفارش شماره 623 در تاریخ 3/2/1403 وجود دارد؟,scheduling
میشه بجای برنج 3تا روغن سرخ کردنی بدی؟,editting
از خریدی که در روز سه شنبه انجام دادم پشیمانم، آن را لغو کنید.,deleting
آیا برای بازگشت کالا باید مدارکی ارائه کنم؟,inquiring
من باید سفارش 1353 را در روز سه شنبه لغو کنم.,deleting
آیا سفارش 268 در حال حاضر در راه است؟,tracking
من قصد دارم سفارشم را لغو کنم، به دلایلی که می‌گویم: می‌خواهم از جای دیگری خرید کنم.,deleting
شغل شما چیست؟,chitchat
2 بسته گوجه فرنگی نیاز دارم.,buying
برای تهیه سالاد شیرازی 3 حبه سیر می خواستم.,buying
مشخصات لطفا؟,chitchat
سیب را به سبد خرید من اضافه کنید.,buying
آیا می توانید 2 بطری پیاز برای من سفارش دهید؟,buying
من می خواستم برای سفارشم درخواست بازپرداخت کنم زیرا محصول منقضی شده است,returning
سفارش من کجاست؟,tracking
آیا می توانید سفارش من را تغییر دهید؟ چون از خریدم پشیمون شدم,returning
لطفا به جای 6 بطری گوشت، 6 بطری هویج بدهید.,editting
لطفا تعداد برنج های موجود در سبد خرید من را از 11 به 11 تغییر دهید.,editting
ثبت سفارش 387 در تاریخ 1403/12/30.,scheduling
آیا پشتیبانی مشتری در دسترس است؟,customer-service
حذف سفارش شماره 95,deleting
می خواهم بدانم کیک چه مزیتی نسبت به محصولات مشابه دارد.,inquiring
من هوس شدید برنج دارم لطفا 13 لیتر برام ببندید. و ارسال کنید,buying
خداحافظ,chitchat
من درخواست تغییر سفارش سال 1964 را دارم.,returning
به دلیل تخفیف ویژه ای که دیدم قصد دارم پرتقال را جایگزین هویج کنم.,editting
به مناسبت عید سفره تخفیف پوشک بچه پهن است؟,inquiring
خرید من را حذف کنید,deleting
برای من کره بفرست,buying
آیا این روزها پیشنهاد ویژه ای برای خرید نان دارید؟,inquiring
متشکرم,chitchat
داریم مهمونی داریم، من یه سیب میخواستم.,buying
ساعات کاری برای پاسخگویی به مشتری چگونه است؟,inquiring
متشکرم,chitchat
من تصادفاً اندازه اشتباه سفارش دادم. آیا می توانم آن را تغییر دهم,inquiring
من می خواهم خیار را که فراموش کرده ام به سبد خرید اضافه کنم.,buying
قبل از تکمیل سفارش، به دلیل تغییر قیمت، می خواهم خمیر را از سبد خرید خود حذف کنم.,editting
سفارش من را حذف کنید، من آن را 5 روز پیش ثبت کردم.,deleting
لطفا سفارش من را برگردانید من این کالاها را اشتباهی خریدم، آنها را نمی خواهم.,returning
سلام. چطوری؟,chitchat
سفارش من را ساعت 10 ارسال کنید.,scheduling
آیا سفارش شماره 1846 شامل دلاستر آماده ارسال است؟,tracking
من گوشت میخواستم,buying
نان را بردارید.,editting
خداوند دوست و همراه شماست,chitchat
سفارش من را قبل از ساعت 7 روز دوشنبه تحویل دهید,scheduling
آیا می توانید سفارش من را تغییر دهید؟ زیرا محصولات قدیمی و آسیب دیده هستند,returning
فروشگاه شما از چه روش های پرداخت پشتیبانی می کند؟,inquiring
من فقط دوشنبه این هفته در خانه هستم، لطفا سفارش من را ارسال کنید.,scheduling
آیا می توانم در مورد درخواست هایم به پشتیبانی مشتری ایمیل بزنم؟,customer-service
گوشتی که 6 روز پیش تحویل گرفتم نیاز به تعویض دارد و از شما می خواهم آن را برای من برگردانید.,returning
به دلیل تخفیف ویژه ای که دیدم قصد دارم نان را با گوشت جایگزین کنم.,editting
ارسال سفارش من در تاریخ 8/1/1401,scheduling
آیا می توان شیری را که قبلا انتخاب کردم با ماهی جایگزین کرد؟,editting
خداوند شما را حفظ کند,chitchat
در مورد محصولات کیک سوالی دارم.,inquiring
من می خواهم سیب زمینی هایی را که در تاریخ 1403/11/15 خریدم برگردانم.,returning
آیا امکان پیگیری سفارش شماره 2284 وجود دارد؟,tracking
درود بر شما,chitchat
من می خواهم کاهویی را که در سبد خریدم گذاشته ام حذف کنم زیرا نظرم تغییر کرده است.,editting
میشه اسمتون رو بگید و خودتون رو معرفی کنید؟,chitchat
آیا امکان تغییر زمان تحویل برای سفارشات حضوری وجود دارد؟,inquiring
شغل شما چیست؟,chitchat
آیا می توانم از طریق پیام رسان به پشتیبانی مشتری برسم؟,customer-service
بچه های من گوشت شما را دوست دارند، آیا می توانید 3 بطری به من بدهید؟,buying
من اشتباهاً سفارش شماره 1881 را خریدم و می خواهم آن را برگردانم.,returning
حذف سفارش شماره 35,deleting
خوبی؟,chitchat
میشه به جای گوشت 8 کیلو پرتقال به من بدی؟,editting
من تصادفا با شماره 2305 سفارش دادم لطفا حذفش کنید.,deleting
کالاهای من را برای ساعت 2 روز پنجشنبه برنامه ریزی کنید.,scheduling
من قصد دارم سفارشم را حذف کنم، به دلایلی که می گویم: اندازه اشتباهی را انتخاب کردم.,deleting
آیا آدرس ایمیل خاصی برای انواع مختلف استعلام وجود دارد؟,inquiring
درخواست تغییر سفارش شماره 1734 دارم.,returning
در سفارش من خطاهایی وجود دارد، لطفاً مرا به پشتیبانی سفارش متصل کنید,customer-service
من می خواهم خیار را که در سبد خریدم گذاشته ام لغو کنم زیرا نظرم تغییر کرده است.,editting
آیا می توانید پاستاهایی را که به اشتباه به سبد خرید اضافه شده است حذف کنید؟,editting
تفاوت نان و نان چیست؟,inquiring
آیا برای عیب یابی مشکلات شبکه یا اتصال پشتیبانی وجود دارد؟,customer-service
من پشیمانم، تخم مرغ را از سفارش من حذف کنید,editting
دلیل این همه تاخیر چیست؟ الان شیر من دقیقاً در چه وضعیتی است؟,tracking
لطفا روغن زیتون در سبد خرید من را با ماهی به روز کنید.,editting
می توانید پیگیری کنید تا ببینید سفارش من دقیقا کجاست. شماره سفارش من: 2008,tracking
خرید 1 روز پیش من به دلیل انتخاب نادرست باید حذف شود، لطفا اقدامات لازم را انجام دهید.,deleting
من می خواهم سفارش شماره 1276 خود را برگردانم,returning
من می خواهم خرید خود را لغو کنم زیرا آن را دوست ندارم.,deleting
من یک درخواست برای بازگشت سفارش 747 دارم.,returning
می خواهم سفارش شماره 1587 را که 12 روز پیش برای محصول تخم مرغ ثبت شده است برگردانم زیرا تاریخ مصرف محصولات به پایان رسیده است.,returning
آیا پیاز گارانتی یا خدمات پس از فروش دارد؟,inquiring
آیا این روزها پیشنهاد ویژه ای برای خرید گوجه فرنگی دارید؟,inquiring
من می خواهم سفارش شماره 2262 را برای سیب هایی که 2 روز پیش دریافت کردم، برگردانم.,returning
ماکارونی مخصوصا 3 لیتری نیاز دارم.,buying
لطفا مراحل لغو سفارش 1482 را شروع کنید.,deleting
متوجه شدم که محصول روغن سرخ کردنی آن چیزی نیست که من می خواهم، چگونه می توانم آن را برگردانم؟,returning
آیا روغن سرخ کردنی گارانتی یا خدمات پس از فروش دارد؟,inquiring
آیا می توانید مرغی را که در حال حاضر به آن نیاز ندارم از سبد خریدم حذف کنید؟,editting
آیا روش های پرداخت جدید مانند ارز دیجیتال را می پذیرید؟,inquiring
آیا گوشت حاوی موادی است که ممکن است در افراد دیابتی باعث ایجاد حساسیت شود؟,inquiring
می توانید سفارش 2263 را پیگیری کنید.,tracking
ممنون خوب صحبت کردیم,chitchat
آیا می توانید سفارش من را قبل از ساعت 7 روز پنجشنبه تحویل دهید؟,scheduling
من 12 گرم پوشک بچه می خواستم.,buying
تحویل سریع چیست؟,inquiring
با سلام مجدد خدمت شما,chitchat
شنیدم بهترین روغن سرخ کردنی شهر رو داری لطفا 2 شانه برام بذار.,buying
دستور من 12 بطری روغن سرخ کردنی می خواهد، آیا موجود است؟,buying
آیا پس از 12 بار استفاده همچنان امکان بازگشت شیر ​​با شماره سفارش 305 وجود دارد؟,returning
خودتان را معرفی کنید؟,chitchat
سفارش من را قبل از ساعت 1 سه شنبه تحویل دهید,scheduling
آیا می توانم برای درخواست صورتحساب یا پرداخت با پشتیبانی تماس بگیرم؟,customer-service
سلام. چطوری؟,chitchat
لطفا روغن سرخ کردنی را در سبد خرید من با روغن زیتون به روز کنید.,editting
آیا سفارش 941 در حال حاضر در راه است؟,tracking
من رژیم دارم و به 14 کیلوگرم پوشک بچه کم چرب نیاز دارم.,buying
من 2 لیتر آبمیوه می خواستم.,buying
آیا روغن سرخ کردنی در طیف وسیعی از مدل ها و طرح ها موجود است؟,inquiring
کالای ارسالی بسیار آسیب دیده است لطفا مرجوع کنید,returning
من می خواهم نانی را که در تاریخ 7/6/1400 خریده ام برگردانم.,returning
به جای نوشابه در سبد خریدم ماست بریزید.,editting
به جای 6 کیلو هویج لطفا 7 کیلو کاهو به من بدهید,editting
به دلیل تغییر در برنامه غذایی من می خواهم سیر را از سبد خرید حذف کنم.,editting
آیا سفارش شماره 801 که شامل پنیر است آماده ارسال است؟,tracking
من به موارد زیر نیاز دارم: 9 عدد نوشابه.,buying
من می خواهم پنیری را که در سبد خریدم گذاشته ام حذف کنم زیرا نظرم تغییر کرده است.,editting
آیا پس از 13 بار مصرف باز هم امکان برگشت گوجه فرنگی با شماره سفارش 39 وجود دارد؟,returning
آیا محصولات ارگانیک ارائه می دهید؟,inquiring
محصولی که دریافت کردم معیوب است می خواستم آن را برگردانم,returning
سفارش من را ثبت کنید,finishing
آیا سفارش شماره 709 ارسال شده است؟,tracking
آیا سفارش شماره 1293 در راه است؟,tracking
من می خواهم پوشک بچه را از سفارشم حذف کنم.,editting
آیا پس از 13 بار استفاده هنوز هم امکان برگشت سیر وجود دارد؟ من چند روز پیش اجناسم رو تحویل گرفتم ولی چون اشتباها خریدم میخوام برگردونم.,returning
سفارش دهید. سفارشم تموم شد,finishing
من می خواهم سفارش شماره 2176 را که 11 روز پیش برای محصول تخم مرغ ثبت شده است تغییر دهم زیرا این محصول را دوست نداشتم.,returning
من می خواهم به روز رسانی در مورد وضعیت سفارش 1673 دریافت کنم. آخرین وضعیت سفارش چگونه است؟,tracking
لطفا مراحل حذف سفارش 1534 را شروع کنید.,deleting
آیا سفارش 662 در راه است؟,tracking
آیا گزینه پشتیبانی فوری برای مسائل مهم وجود دارد؟,customer-service
بعد از ثبت سفارش 1691 در تاریخ 1400/2/19 کنجکاو هستم که ببینم چگونه پیشرفت می کند. آخرین گزارش چیست؟,tracking
آیا سیر حاوی موادی است که ممکن است در افراد دارای شرایط چربی 0 درصد باعث ایجاد حساسیت شود؟,inquiring
من منتظر تحویل سفارش شماره 1161 در اولین ساعت روز سه شنبه هستم.,scheduling
سلام حالت خوبه؟,chitchat
آیا می توانم از موجودی و اطلاعات محصول نان مطلع شوم؟,inquiring
برای مهمانی لطفا سفارش شماره 593 را در تاریخ 17/6/1302 تحویل بگیرید.,scheduling
آیا پشتیبانی مشتری در تعطیلات آخر هفته یا تعطیلات در دسترس است؟,customer-service
آیا می توانید سفارش شماره 2022 را در 1 ساعت تحویل دهید؟,scheduling
آیا سفارش شماره 961 در راه است؟,tracking
تو به من لطف کردی,chitchat
آیا می توانید یک شراب خوب توصیه کنید؟ من برای یک موقعیت خاص به 8 کیلوگرم نیاز دارم.,buying
من می خواهم 13 تا از پرتقال ها را دریافت کنم.,buying
من می خواهم مراحل تایید و ثبت سفارش را دنبال کنم، از کجا شروع کنم؟,inquiring
سفارش من را قبل از ساعت 6 روز شنبه تحویل دهید,scheduling
سفارش من را جمعه ساعت 1 ارسال کنید.,scheduling
آیا می توانید پوشک بچه را از سفارش من حذف کنید؟,editting
می‌خواهم وضعیت فعلی سفارش 1868 را بدانم.,tracking
آیا می توانم با کد رهگیری 1900 زمان تخمینی رسیدن بسته خود را استعلام کنم؟,tracking
بررسی کنید تا ببینید سفارش 1120 کجاست؟,tracking
من به دنبال اطلاع از وضعیت فعلی سفارش با شناسه 2215 هستم.,tracking
من می خواهم شیر را از سبد خریدم حذف کنم و به جای آن آب میوه اضافه کنم.,editting
درخواست تغییر سفارش شماره 334 دارم.,returning
از شما می خواهم زمان تحویل سفارش شماره 170 را برای تاریخ 18/11/1403 تعیین کنید.,scheduling
پس از ثبت سفارش 779 در تاریخ 14/10/1400 کنجکاو هستم که چگونه پیشرفت می کند. آخرین گزارش چیست؟,tracking
لطفا سفارش شماره 258 من را حذف کنید.,deleting
من 12 کیلو دلستر نیاز دارم.,buying
چه کار میکنی؟,chitchat
مایلم به دلیل تغییر در رژیم غذایی، ماست را از سبد خرید حذف کنم.,editting
من میخوام سوپ سبزی درست کنم 6 لیتر پاستا درجه یک لازم دارم.,buying
روز خوب و خوشی داشته باشید,chitchat
سیب های شما در چه کشوری تولید می شوند؟,inquiring
من تخفیف میخواستم,inquiring
من می خواهم سفارش شماره 2283 را برای تحویل در روز سه شنبه تنظیم کنم.,scheduling
لطفا سفارش شماره 805 را برای تاریخ 1403/3/17 تهیه نمایید.,scheduling
من می خواهم به دلیل تغییر در رژیم غذایی، تخم مرغ را از سبد خرید حذف کنم.,editting
اینها خریدهای من هستند لطفا برای من ارسال کنید.,finishing
بدلیل بروز خطای ناخواسته به شماره 1252 ثبت گردید. لطفا آن را لغو کنید.,deleting
سلام، آیا می توانید سفارش من را که به تازگی ثبت شده است لغو کنید؟,deleting
آیا می توانید وضعیت فعلی سفارش شماره 489 را توضیح دهید؟,tracking
من می خواهم در مورد فلسفه تولید و زنجیره تامین نوشابه بیاموزم.,inquiring
بررسی کنید تا ببینید سفارش 192 کجاست؟,tracking
لطفا مراحل حذف سفارش 1174 را شروع کنید.,deleting
سفارش من را حذف کنید، من آن را 3 روز پیش ثبت کردم.,deleting
کالاهای من را برای ساعت 5 روز پنجشنبه برنامه ریزی کنید.,scheduling
آیا می توانید برنج را از سفارش من حذف کنید؟,editting
پوشک بچه ای که 13 روز پیش خریدم کجاست؟ پس کی ارسال میشه؟,tracking
آیا می توان سیری را که قبلا انتخاب کردم با دالستر جایگزین کرد؟,editting
لطفا سفارش من را برگردانید من این کالاها را نمی خواهم، بسته بندی آن بسیار بد بود.,returning
آیا خیار در دسترس دارید؟,inquiring
درخواست برگشت سفارش شماره 1403 دارم.,returning
از کاهو بگو,inquiring
11 بسته,buying
آیا مواردی وجود دارد که قابل بازگشت نباشد؟,inquiring
من منتظر تحویل سفارش شماره 803 در اولین ساعت روز پنجشنبه هستم.,scheduling
میشه قیمت هویج رو بدونم؟,inquiring
من می خواهم خیار را از سبد خرید خود حذف کنم و به جای آن خیار اضافه کنم.,editting
خریدم تموم شد,finishing
پس چرا سفارش من نمی رسد؟ باید تا دوشنبه تحویلم بدی,tracking
آیا امکان پیگیری سفارش شماره 1950 وجود دارد؟,tracking
لطفا سفارش شماره 619 را برای 24/4/1400 تهیه نمایید.,scheduling
من باید یک چیز را تغییر دهم - آیا سیاست پیش خرید سبدهای ویرایش را پوشش می دهد؟,inquiring
من قصد دارم کره را با کاهو جایگزین کنم، لطفا راهنمایی کنید.,editting
باید با پشتیبانی محصول صحبت کنم، سفارش من اشتباه ارسال شده است.,customer-service
روغن زیتون اشتباهی خریدم، آیا می توانم آن را برگردانم؟,returning
من علاقه مند به برنامه ریزی تحویل سفارش شماره 1084 برای تاریخ 8/10/1401 هستم.,scheduling
لطفا به جای 4 بسته شیر، 9 بسته تخم مرغ به من بدهید,editting
ظاهر خوب,chitchat
آیا امکان تحویل سفارش شماره 373 در روز شنبه وجود دارد؟,scheduling
آیا محصول سیر گارانتی دارد؟,inquiring
آیا در صورت آسیب دیدن کالا، سفارش مرجوعی را می پذیرید؟,inquiring
بعد از ثبت سفارش 961 در تاریخ 30/8/1403 کنجکاو هستم که بدانم چگونه پیشرفت می کند. آخرین گزارش چیست؟,tracking
دلستری که 6 روز پیش خریدم الان کجاست؟ پس کی ارسال میشه؟,tracking
من به سفارش 1146 نیاز دارم تا چهارشنبه حذف شود.,deleting
من تمایل زیادی به دلاستر دارم، لطفا 1 بطری برای من ارسال کنید.,buying
میخواهم سفارش شماره 1560 را که محصول پنیر را در تاریخ 11/8/1401 خریده ام برگردانم.,returning
آیا جعبه سورپرایز تخفیفی برای محصول روغن سرخ کردنی برای جشن گرفتن تخفیف های زمستانی دارید؟,inquiring
آیا امکان پیگیری سفارش شماره 638 وجود دارد؟,tracking
لطفا سفارش شماره 1533 را برای تاریخ 1403/11/1 ساعت 4 تهیه نمایید.,scheduling
سلام، امروز حال شما چطور است؟,chitchat
من پرتقال اشتباه خریدم، آیا می توانم آن را تعویض کنم؟,returning
خرید من را حذف کنید,deleting
من الان سفارشم را دریافت کردم اما به دلیل اجناس آسیب دیده از شما می خواهم سفارشم را تغییر دهید,returning
سفارش شماره 1671 را به دلیل قدیمی بودن و خرابی محصولات می خواهم برگردانم.,returning
از شما تقاضا دارم سفارش من را حذف کنید، زیرا می خواهم از جای دیگری خرید کنم.,deleting
خرید من را جایگزین کنید,returning
مقدار پنیر را به عدد 7 شانه کنید,editting
خرید من را جایگزین کنید,returning
من الان سفارشم رو دریافت کردم ولی با توجه به اتمام تاریخ انقضای محصولات از شما میخوام که سفارشم رو پس بدید,returning
آیا کیک در رنگ های دیگر موجود است؟,inquiring
قصد دارم کره مربوط به سفارش شماره 1276 را که در تاریخ 1402/2/11 خریداری شده است پس بدهم.,returning
آیا شما شاد و سرحال هستید؟,chitchat
میخواستم خریدم ساعت 2 ارسال بشه.,scheduling
آیا نوشابه در راستای پایداری و مسئولیت های اجتماعی شرکت تولیدکننده طراحی شده است؟,inquiring
چون از این محصول خوشم نیومد میخوام دلستر خریداری شده مورخ 10/9/1401 رو پس بدم.,returning
من به دنبال پیشنهادات ویژه برای مرغ هستم، آیا پیشنهادی دارید؟,inquiring
چون از خرید خود پشیمانم میخواهم کیک خریداری شده مورخ 28/12/1402 را برگردانم.,returning
خرید من را برگردانید,returning
لطفا سفارش شماره 163 را برای تاریخ 5/2/1301 ساعت 13 تهیه کنید.,scheduling
دالستر را با پیاز در سبد خریدم جایگزین کنید.,editting
برای تفت دادن به 2 گرم سیب زمینی نیاز دارم,buying
آیا سفارش شماره 1017 در راه است؟,tracking
میشه برای من 9 کیلو پاستا سفارش بدید؟,buying
آیا می توانم خرید خود را اصلاح کنم زیرا ارسال یا تکمیل نشده است؟,inquiring
میشه 8 پیاز برام سفارش بدی؟,buying
برای سفارش پشتیبانی باید صحبت کنم,customer-service
آیا سفارش 1804 آماده ارسال است یا هنوز در انتظار ارسال است؟,tracking
سلام,chitchat
موفق باشی خداحافظ,chitchat
میشه زمان تقریبی تحویل سفارش شماره 1243 رو بگید؟ من این سفارش را 2 روز پیش ثبت کردم,tracking
با توجه به کالای آسیب دیده تصمیم به عودت سفارش شماره 772 دارم.,returning
پیاز خریداری شده در تاریخ 22/07/1300 را به دلیل اینکه این محصول را دوست نداشتم برگردانم.,returning
5 بطری گوجه فرنگی درست کنید,editting
درخواست برگشت سفارش 2093 دارم.,returning
متأسفانه باید از شما خواهش کنم که خرید من را حذف کنید زیرا آن را اشتباه وارد کردم.,deleting
مقدار محصول روغن زیتون را از 2 شانه به 2 شانه تغییر دهید.,editting
من تصادفاً با شماره 2020 سفارش دادم. لطفاً آن را لغو کنید.,deleting
من فقط پنجشنبه این هفته در خانه هستم، لطفاً سفارش من را ارسال کنید.,scheduling
فراموش کردم، لطفا کاهو را به سبد خریدم اضافه کنید.,buying
لطفا ماست داخل سبد خریدم را با نوشابه به روز کنید چون تازه تر است.,editting
سفارش من را قبل از ساعت 9 روز پنجشنبه تحویل دهید,scheduling
میشه قیمت روغن زیتون رو بدونم؟,inquiring
گوشت خریداری شده در تاریخ 1400/8/10 به دلیل تاریخ انقضای محصولات میخواهم برگردانم.,returning
خرید من را لغو کنید,deleting
من منتظر تحویل سفارش شماره 1567 در اولین ساعت چهارشنبه هستم.,scheduling
آیا امکان پیگیری سفارش شماره 966 وجود دارد؟,tracking
میخواستم بدونم سفارشی که دادم تا پنجشنبه به دستم میرسه یا نه؟,tracking
شیری که در تاریخ 4/4/1401 خریدم را میخواهم برگردانم.,returning
می خواهم بدانم آیا نان را می توان در آینده ارتقا داد یا توسعه داد؟,inquiring
من می خواهم نانی را که در سبد خریدم گذاشته ام حذف کنم زیرا نظرم تغییر کرده است.,editting
آیا تا زمان نهایی شدن امکان بهینه سازی محتوای سفارش باز من وجود دارد؟,inquiring
کالاهای من را برای ساعت 8 روز جمعه برنامه ریزی کنید.,scheduling
به دلیل تخفیف ویژه ای که دیدم قصد دارم تخم مرغ را با کاهو جایگزین کنم.,editting
مقدار اجناس نارنجی را از 14 به 8 تنظیم کنید.,editting
خرید 4 روز پیش من به دلیل انتخاب نادرست باید حذف شود، لطفا اقدام لازم را انجام دهید.,deleting
من می خواهم گوجه فرنگی را از سبد خریدم حذف کنم و به جای آن گوجه فرنگی اضافه کنم.,editting
من می خواهم در مورد ماکارونی شما بیشتر بدانم.,inquiring
میشه زمان تقریبی تحویل سفارش شماره 502 رو بگید؟ من این سفارش را 4 روز پیش ثبت کردم,tracking
سفارش شماره 1887 من باید حذف شود، زیرا تغییرات برنامه داشتم.,deleting
من منتظر تحویل سفارش شماره 252 در اولین ساعت روز جمعه هستم.,scheduling
من می خواهم در مورد مواد و مواد مورد استفاده در شیر بدانم.,inquiring
میشه زمان تقریبی تحویل سفارش شماره 794 رو بگید؟ من این سفارش را 4 روز پیش ثبت کردم,tracking
میخواستم سفارشم رو ساعت 9 بفرستید.,scheduling
آیا می توانید آب میوه را پاک کنید؟,editting
چه مدت می توانم کالای خود را برگردانم؟,inquiring
بچه های من جوجه شما را دوست دارند، آیا می توانید 3 بسته به من بدهید؟,buying
می خواستم 3 بطری روغن زیتون بخرم,buying
آیا گوجه فرنگی برای افراد دارای شرایط خاص مانند دیابتی ها مناسب است؟,inquiring
من قصد دارم سفارش خود را به دلایل زیر لغو کنم: اندازه اشتباهی را انتخاب کردم.,deleting
12 پرتقال دارید؟,buying
سفارش شماره 1154 برای کیک خریداری شده در روز شنبه مطابق انتظار نبود، می خواهم آن را برگردانم.,returning
می خواستم 5 بطری کاهو بخرم,buying
می توانید پیگیری کنید تا ببینید سفارش من دقیقا کجاست. شماره سفارش من: 1343,tracking
من در تاریخ 1400/6/22 به شماره 2152 سفارش دادم وضعیتش چطوره؟,tracking
آیا می توانید سفارش من را حذف کنید؟ من دیگه بهش نیاز ندارم,deleting
من درخواست تغییر سفارش 697 دارم.,returning
من قصد دارم سفارشم را لغو کنم، به دلایلی که می آورم: پول کافی ندارم.,deleting
وضعیت سفارش شماره 2285 چگونه است؟,tracking
به مناسبت تعطیلات تابستان، آیا جدول تخفیف ماکارونی گسترده است؟,inquiring
من برای کوچولومم غذا میخواستم، روغن سرخ کردنی داری؟,buying
آیا می توانم با کد رهگیری 260 زمان برآوردی رسیدن بسته خود را استعلام کنم؟,tracking
لغو سفارش شماره 936,deleting
آیا می توانید وضعیت فعلی سفارش شماره 576 را توضیح دهید؟,tracking
وظیفه شما در اینجا چیست؟,chitchat
می‌خواهم وضعیت فعلی سفارش 1780 را بدانم.,tracking
آیا می توانم سفارش شماره 1636 را برای تحویل در 4 رزرو کنم؟,scheduling
من می خواهم سیری را که فراموش کرده ام به سبد خرید اضافه کنم.,buying
آیا می توانید مواردی را که گفتم تهیه و برای من ارسال کنید,finishing
می خواستم خریدم را برگردانم و روند بازپرداخت سفارشم را شروع کنم.,returning
به دلیل تغییر عقیده تصمیم گرفتم سفارش شماره 127 را برگردانم.,returning
من به دنبال گزینه های گیاهی هستم، به خصوص کیک 8 کیلوگرمی,buying
ارسال سفارش من در تاریخ 11/1/1403,scheduling
آیا پنیر موجود دارید؟,inquiring
من رژیم دارم و به 1 بطری پنیر کم چرب نیاز دارم.,buying
3 شانه,buying
کیفیت برنج چطوره؟,inquiring
من باید سفارش 1682 را در روز پنجشنبه حذف کنم.,deleting
من مشتاقم بدانم آیا سفارش 308 ارسال شده است یا خیر.,tracking
سلام عزیزم,chitchat
آیا می توانم زمان تخمینی رسیدن بسته خود را با کد رهگیری 1612 استعلام کنم؟,tracking
آیا می توانم از نماینده پشتیبانی مشتری درخواست تماس بگیرم؟,customer-service
من انتخاب هایم را کامل کرده ام و می خواهم سفارش بدهم، مرحله بعدی چیست؟,finishing
آیا خرید نان سه شنبه تخفیف دارد؟,inquiring
لطفا زمان انتظار برای تکمیل تحویل سفارش 2326 چه زمانی خواهد بود؟,tracking
آیا می توانید سفارش من را لغو کنید؟ برام مهم نیست,deleting
آیا می توانم زمان تخمینی رسیدن بسته خود را با کد رهگیری 1853 استعلام کنم؟,tracking
می‌خواهم بدانم سفارش شماره 1799 در چه مرحله‌ای است.,tracking
درخواست حذف سفارش شماره 1939 دارم چون اشتباه ثبت کردم.,deleting
دلیل این همه تاخیر چیست؟ الان دقیقا سیب زمینی من در چه وضعیتی است؟,tracking
آیا می توان تخم مرغ را با تخم مرغ ترکیب کرد؟,inquiring
من الان سفارشمو گرفتم ولی به خاطر اقلامی که ارسال کردید خراب شد. از شما می خواهم سفارشم را برگردانید,returning
آیا شماره سفارش 1539 ارسال شده است؟,tracking
از لطف شما بسیار سپاسگزارم,chitchat
شماره سفارش 1519 را که محصول سیب زمینی را در تاریخ 5/2/1403 خریدم را می خواهم برگردانم.,returning
می خواستم سفارشم را پس بدهم چون نظرم عوض شد,returning
من علاقه مند به زمانبندی تحویل سفارش شماره 215 برای تاریخ 18/3/1401 هستم.,scheduling
من از خریدی که روز دوشنبه انجام دادم پشیمانم، آن را حذف کنید.,deleting
من می خواهم اسموتی درست کنم و به 1 کیلوگرم آبمیوه نیاز دارم.,buying
من می خواهم یک دستور جدید را امتحان کنم که به 8 کیلو رب نیاز دارد.,buying
سفارش من را ساعت 8 ارسال کنید.,scheduling
آیا می توانید سفارش من را قبل از ساعت 5 روز دوشنبه تحویل دهید؟,scheduling
من باید یک مورد را تغییر دهم، آیا هنوز برای ویرایش جزئیات سفارشم موجود است؟,inquiring
آیا در صورت گم شدن بسته بندی اصلی می توانم کالایی را پس بدهم؟,inquiring
من معلم آشپزی هستم شما 5 گرم شیر دارید؟,buying
آیا کاهو در انبار دارید؟,inquiring
برای مهمانی لطفا سفارش شماره 1022 را در تاریخ 11/7/1401 تحویل بگیرید.,scheduling
آیا تیم پشتیبانی مشتری اختصاصی برای مسائل فنی وجود دارد؟,customer-service
یادم رفت لطفا گوشت را به سبد خریدم اضافه کنید.,buying
کالای ارسالی بسیار آسیب دیده است لطفا مرجوع کنید,returning
پرتقال خاتون ساخت کدام کشور است؟,inquiring
آیا محصول روغن سرخ کردنی گارانتی دارد؟,inquiring
سفارش من را چهارشنبه ساعت 7 ارسال کنید.,scheduling
میشه زمان تقریبی تحویل سفارش شماره 2007 رو بگید؟ من این سفارش را 14 روز پیش ثبت کردم,tracking
در سبد خریدم نان را با آب میوه عوض کن.,editting
من درخواست تغییر سفارش 214 را دارم.,returning
آیا می توانید 11 شانه گوشت را سفارش دهید؟,buying
بدلیل بروز خطای ناخواسته سفارش شماره 108 ثبت گردید. لطفا آن را حذف کنید.,deleting
از شما تقاضا دارم که سفارش من را لغو کنید زیرا اندازه را اشتباه انتخاب کردم.,deleting
خودتان را معرفی کنید,chitchat
آیا این روزها پیشنهاد ویژه ای برای خرید هویج دارید؟,inquiring
آیا می توانم پرتقالی را که قبلاً در سبد گذاشته بودم با پاستا جایگزین کنم؟,editting
برای مشتریان همیشگی مثل من تخفیف ویژه ای روی روغن سرخ کردنی دارید؟,inquiring
متاسفم، برنج را از سفارش من حذف کنید,editting
خرید من را برگردانید,returning
تعریف سیب در مغازه شما بسیار پیچیده است، لطفا 7 لیتر برای من ارسال کنید.,buying
پیگیری خرید من با شماره رهگیری 1493.,tracking
من می خواهم سیب زمینی را از سفارشم حذف کنم.,editting
خیلی زحمت کشیدی,chitchat
نام شریف خود را بفرمایید,chitchat
با توجه به اتمام تاریخ انقضای کالای ارسالی، میخواهم کاهوی خریداری شده در تاریخ 24/3/1402 را برگردانم.,returning
من می خواهم خیار را از سبد خریدم حذف کنم و به جای آن برنج اضافه کنم.,editting
داریم مهمونی داریم، من یه نوشیدنی میخوام.,buying
صبح بخیر,chitchat
متأسفانه باید از شما خواهش کنم که خرید من را حذف کنید، زیرا می خواهم از جای دیگری خرید کنم.,deleting
پشیمان شدم، سیب را از سفارشم حذف کنید,editting
من می خواهم سفارش شماره 1982 خود را برگردانم,returning
خرید من تمام شد لطفا آن را نهایی کنید و قیمت کل را به من بگویید.,finishing
من قصد دارم سفارشم را لغو کنم، به دلایلی که می‌گویم: می‌خواهم از جای دیگری خرید کنم.,deleting
من اشتباه کردم، می توانید سفارش 1734 را حذف کنید؟,deleting
به مناسبت کریسمس سفره تخفیف گوشت پهن است؟,inquiring
عصر بخیر,chitchat
میشه 14 کیلو مرغ برام بسته بندی کنی و برام بفرستی؟,buying
تفاوت پنیر و پنیر چیست؟,inquiring
آیا راهی وجود دارد که بتوانم محتویات سبد خرید خود را قبل از ثبت سفارش تغییر دهم؟,inquiring
آیا می توانید گوجه فرنگی را که به اشتباه به سبد اضافه شده است بردارید؟,editting
من خرید داشتم,buying
آبمیوه ای که در تاریخ 15/11/1401 خریدم را میخواهم تعویض کنم.,returning
اصل بده,chitchat
در صورت تحویل ناقص سفارش امکان پیگیری وجود دارد؟,inquiring
درخواست کنسل کردن سفارش با شماره 1546 دارم چون خوشم نمیاد.,deleting
بررسی کنید تا ببینید سفارش 619 کجاست؟,tracking
امروز چکار می کنید؟,chitchat
آیا می توانید 8 بطری تخم مرغ را برای من بسته بندی کنید و برای من بفرستید؟,buying
سفارش من را لغو کنید، من آن را 8 روز پیش ثبت کردم.,deleting
قیمت شیر ​​نسبت به شیر چگونه است؟,inquiring
من اشتباه کردم، می توانید سفارش 935 را تحویل بگیرید؟,deleting
از شما تقاضا دارم که سفارش 1842 را حذف کنید، زیرا بودجه کافی ندارم.,deleting
ارسال سفارش 1086 در تاریخ 22/7/1400.,scheduling
آیا سفارش 2161 در راه است؟,tracking
پشیمونم کاهو رو از سفارشم حذف کن,editting
من با شما خداحافظی می کنم,chitchat
قیمت روز هویج رو میخوام بدونم میشه راهنمایی کنید؟,inquiring
4 تخم مرغ را به سبد خرید من اضافه کنید,buying
آیا بازبینی سفارش من به دلیل اینکه به طور کامل پردازش نشده است، مطابق دستورالعمل ها خواهد بود؟,inquiring
سفارش من را برای یکشنبه ارسال کنید زیرا من دیگر در خانه نیستم.,scheduling
پشیمانم، شیره را از سفارشم حذف کن,editting
چند روز باید کالای خریداری شده خود را برگردانم؟,inquiring
من باید با کسی در مورد مشکلم صحبت کنم,customer-service
آیا می توانم زمان برآوردی رسیدن بسته خود را با کد رهگیری 14 استعلام کنم؟,tracking
آیا می توانید کره را از سفارش من حذف کنید؟,editting
ممنون از حضور گرم شما,chitchat
آیا می توانم سفارش خود را پس از ثبت نام تغییر دهم؟,inquiring
من می خواهم روغن زیتونی را که در سبد خریدم گذاشته ام حذف کنم زیرا نظرم تغییر کرده است.,editting
سفارشم را برای چهارشنبه بفرستید چون دیگر در خانه نیستم.,scheduling
لطفا فرآیند تسویه حکم 1538 را شروع کنید.,deleting
من می خواهم سفارش شماره 311 را برای تحویل در روز دوشنبه تنظیم کنم.,scheduling
پس چرا سفارش من نمی رسد؟ باید تا چهارشنبه به من تحویل بدی.,tracking
آیا سفارش 1825 در حال حاضر در راه است؟,tracking
وضعیت سفارش شماره 905 چگونه است؟,tracking
لطفا آخرین سفارش من را حذف کنید، اشتباه کردم.,deleting
روغن زیتون را از سفارش من حذف کنید,editting
سفارش من با شماره 1654 باید لغو شود چون اشتباه وارد کردم.,deleting
با توجه به اتمام تاریخ انقضای کالای ارسالی، تصمیم گرفتم سفارش شماره 288 را برگردانم.,returning
من می خواهم کرمی را که در سبد خریدم گذاشته ام حذف کنم زیرا نظرم تغییر کرده است.,editting
آیا امکان دریافت سفارش شماره 2309 در تاریخ 25/1/1401 وجود دارد؟,scheduling
پنیر اشتباهی خریدم، آیا می توانم آن را پس بدهم؟,returning
نوبت من است که شام ​​بپزم، به موارد زیر نیاز دارم: 5 کیلو آب میوه,buying
به مناسبت کریسمس سفره تخفیف تخم مرغ پهن است؟,inquiring
برای مهمانی لطفا سفارش شماره 1544 را تا تاریخ 18/4/1400 تحویل بگیرید.,scheduling
میخواهم سفارش شماره 1742 را که 8 روز پیش برای محصول برنج ثبت شده است برگردانم زیرا تاریخ مصرف محصول ارسالی به پایان رسیده است.,returning
آیا سیب زمینی دارای تاییدیه های بین المللی مانند SQF است؟,inquiring
من منتظر تحویل سفارش شماره 1338 در اولین ساعت روز یکشنبه هستم.,scheduling
اشتباه بود به جای 8 گرم کره 12 گرم می خواستم.,editting
به دنبال اطلاعات در مورد وضعیت فعلی سفارش با شناسه 411.,tracking
من اشتباهی رب خریدم، آیا می توانم آن را برگردانم؟,returning
آیا شماره سفارش 1622 ارسال شده است؟,tracking
مرغ را با پوشک بچه در سبد خرید من جایگزین کنید.,editting
خرید 10 روز پیش من به دلیل انتخاب نادرست باید حذف شود، لطفا اقدام لازم را انجام دهید.,deleting
سفارششم 1622 حذف بشه چون قیمت بهتری رو جای دیگه پیدا کردم.,deleting
من می خواهم برنجی را که در سبد خریدم گذاشته ام لغو کنم زیرا نظرم تغییر کرده است.,editting
به جای خیار، دالستر را در سبد خرید من قرار دهید.,editting
مقدار محصول کره را از بسته های 9 تایی به 4 بسته تغییر دهید.,editting
به دلیل تخفیف ویژه ای که دیدم قصد دارم سیر را با پنیر جایگزین کنم.,editting
آیا می توانید خرید من را تا ساعت 1 روز دوشنبه ارسال کنید؟,scheduling
دستور پخت من 3 تا از آب میوه ها را می خواهد، آیا آنها در دسترس هستند؟,buying
قبل از تکمیل سفارش، می خواهم برنج را از سبد خرید خود حذف کنم.,editting
2 شانه کره دارید؟,buying
آیا می توانم اطلاعات موجودی و محصول پیاز را بدانم؟,inquiring
میشه زمان تقریبی تحویل سفارش شماره 675 رو بگید؟ من این سفارش را 1 روز پیش ثبت کردم,tracking
ممنون میشم کمک کنید,chitchat
نوبت من است که شام ​​بپزم، به وسایل زیر نیاز دارم: 2 عدد مرغ,buying
آیا امکان پیگیری سفارش شماره 222 وجود دارد؟,tracking
آیا می توانید ماکارونی را که در حال حاضر به آن نیاز ندارم از سبد خریدم حذف کنید؟,editting
لطفا سفارش شماره 354 را برای تاریخ 23/11/1401 تهیه نمایید.,scheduling
می خواستم خریدم را تعویض کنم و روند بازپرداخت سفارشم را شروع کنم.,returning
مقدار دالستر را به 1 کیلوگرم برسانید,editting
لطفا کیکی که به تازگی به سبد اضافه شده است را با مرغ جایگزین کنید.,editting
خرید 10 روز پیش من به دلیل انتخاب اشتباه باید حذف شود لطفا اقدام لازم را انجام دهید.,deleting
سفارش من را قبل از ساعت 6 روز چهارشنبه تحویل دهید,scheduling
به دلیل بسته بندی، ارسال بسیار بد بود، می خواهم ماکارونی خریداری شده در تاریخ 1402/1/26 را برگردانم.,returning
سفارش من را حذف کنید، من آن را 7 روز پیش ثبت کردم.,deleting
شما می توانید دستور 3 را دنبال کنید.,tracking
من می خواهم سفارش خود را حذف کنم,deleting
لطفا سفارش شماره 2181 من را حذف کنید.,deleting
من رژیم دارم و به 3 کیلو گوشت بدون چربی نیاز دارم.,buying
ممکن است لازم باشد یک چیز را تغییر دهم - آیا اکنون امکان تنظیم محتوای سفارش وجود دارد؟,inquiring
میخوام یه دیزل 4 لیتری سفارش بدم,buying
وضعیت سفارش شماره 1536 چگونه است؟,tracking
من کره اشتباهی خریدم، آیا می توانم آن را به عنوان مرجوعی ثبت کنم؟,returning
من دنبال نوشابه میگردم کیلویی حمل میکنی؟,buying
آیا می توانم روغن زیتونی را که قبلاً در سبد گذاشته بودم با کره جایگزین کنم؟,editting
می توانی به من قرض بدهی یعنی بعداً پرداخت خواهم کرد.,inquiring
سفارش من را تا ساعت 8 ارسال کنید.,scheduling
آیا پس از 10 بار استفاده همچنان امکان برگشت پنیر با شماره سفارش 276 وجود دارد؟,returning
من یک درخواست برای تغییر سفارش 2020 دارم.,returning
سپاسگزار,chitchat
به دلیل تخفیف ویژه ای که دیدم قصد دارم روغن سرخ کردنی را با نان جایگزین کنم.,editting
من قصد دارم سفارش خود را به دلایل زیر لغو کنم: بودجه کافی ندارم.,deleting
لطفا سفارش من را برگردانید من این محصولات را نمی خواهم، تاریخ انقضای محصولات گذشته است.,returning
من دوست دارم خریدی را که به تازگی انجام داده ام خط بکشم و از خرید پشیمان هستم.,deleting
ربی که 13 روز پیش خریدم کجاست؟ پس کی ارسال میشه؟,tracking
من فقط یک شنبه این هفته در خانه هستم، لطفا سفارش من را ارسال کنید.,scheduling
متاسفم، خمیر را از سفارش من حذف کنید,editting
اشتباه بود به جای 11 کیلو مرغ 7 کیلو می خواستم.,editting
چه کارهایی می توانید انجام دهید؟,chitchat
نوبت من است که شام ​​بپزم، به موارد زیر 8 از شیر نیاز دارم,buying
سیب زمینی را از سبد خرید من حذف کنید,editting
آیا می توانم با پشتیبانی صحبت کنم؟,customer-service
من به 8 لیتر تخم مرغ نیاز دارم.,buying
آیا می توانید توضیح دهید که چگونه کیک می تواند به بهبود رژیم غذایی و تناسب اندام برای ورزشکاران کمک کند؟,inquiring
من می خواهم کالایی را که در سبد خریدم گذاشته ام حذف کنم زیرا نظرم تغییر کرده است.,editting
از دست طلایی تو خوشحال شدم,chitchat
1 بسته روغن سرخ کردنی میخواستم.,buying
برای جشنی که قرار است جشن بگیریم، سفارش من باید یکشنبه ارسال شود.,scheduling
خرید من را لغو کنید,deleting
اسمت رو بگو,chitchat
در مورد محصولات سیب سوالی دارم.,inquiring
سفارش من را ساعت 7 ارسال کنید.,scheduling
من منتظر تحویل سفارش شماره 1005 در اولین ساعت روز دوشنبه هستم.,scheduling
شما می توانید سفارش 2276 را پیگیری کنید.,tracking
من قصد دارم سفارش خود را لغو کنم، به دلایل زیر: قیمت بهتری در جای دیگری پیدا کردم.,deleting
متشکرم,chitchat
من می خواهم رب را از سبد خریدم حذف کنم و به جای آن برنج اضافه کنم.,editting
لطفا آخرین سفارش من را لغو کنید، من پول کافی ندارم.,deleting
میخواستم سفارشم رو ساعت 10 بفرستید.,scheduling
از شما تقاضا دارم که سفارش 2264 را لغو کنید، زیرا من را اذیت نمی کند.,deleting
برای مهمانی که قرار است جشن بگیریم، سفارش من باید روز سه شنبه ارسال شود.,scheduling
من باید روز شنبه سفارش 2309 را پاک کنم.,deleting
اسمت رو بگو,chitchat
میخواستم بدونم 13 عدد خیار موجوده؟,inquiring
من می خواهم سفارش خود را لغو کنم,deleting
آیا می توانید سفارش من را برگردانید؟ چون از خریدم پشیمون شدم,returning
آیا پاستا در طیف وسیعی از مدل ها و طرح ها موجود است؟,inquiring
سیر خریداری شده در تاریخ 3/6/1402 را به دلیل تغییر عقیده برگردانم.,returning
قیمت پنیر الان چنده؟,inquiring
سفارش شماره 1196 برای ما که 8 روز پیش دریافت کردم می خواهم آن را برگردانم.,returning
ASL لطفا,chitchat
من می خواهم خریدم را حذف کنم زیرا دیگر به آن نیاز ندارم.,deleting
لطفا تعداد نان های سبد خرید من را از 5 عدد به 6 عدد تغییر دهید.,editting
پشیمون شدم روغن سرخ کردنی رو از سفارشم پاک کن,editting
سفارش من را قبل از ساعت 11 روز شنبه تحویل دهید,scheduling
پیاز را با پیاز داخل سبد خریدم عوض کنید.,editting
گوجه ای که در تاریخ 10 خریداری شده معیوب است و من می خواهم اظهارنامه کنم.,returning
سفارش من را قبل از ساعت 9 روز چهارشنبه تحویل دهید,scheduling
6 لیتر خیار به من بدهید,buying
حذف سفارش 1150.,deleting
آیا می توانم 12 کره را برای خرید هفتگی خود رزرو کنم؟,buying
لطفا نام خود را به من بگویید,chitchat
آیا ماهی را می توان با ماهی ترکیب کرد؟,inquiring
من به دنبال سیب هستم، آیا آنها را به کیلوگرم ارسال می کنید؟,buying
به دلیل تخفیف ویژه ای که دیدم قصد دارم کاهو را جایگزین هویج کنم.,editting
میخواهم سفارش شماره 1076 را که محصول مرغ را در تاریخ 26/7/1403 خریده ام برگردانم.,returning
سفارش من را با شماره 1610 پیدا کنید.,tracking
لیست خریدی که ذکر کردم برای من ثبت نام کنید,finishing
ماستی که 7 روز پیش گرفتم نیاز به تعویض دارد و دوست دارم برای من جایگزین کنید.,returning
من قصد دارم سفارش خود را به دلایل زیر لغو کنم: آن را اشتباه وارد کردم.,deleting
من اشتباه کردم می توانید سفارش 2187 را تحویل بگیرید؟,deleting
سبد خرید من پر است، لطفاً مراحل پرداخت را توضیح دهید.,finishing
بچه های من عاشق پنیر شما هستند، آیا می توانید 1 تا برای من بگذارید؟,buying
اوضاع کاری شما چطور است؟,chitchat
چه خبر؟ آیا همه چیز خوب پیش می رود؟,chitchat
من میل شدید به مرغ دارم لطفا 13 کیلو بفرستید.,buying
به جای هویج در سبد خریدم گوشت بریزید.,editting
سفارشم تموم شد,finishing
سفارش من را تا ساعت 5 ارسال کنید.,scheduling
لطفا تعداد توپ های سبد خرید من را از 9 به 5 تغییر دهید.,editting
من الان سفارشم رو دریافت کردم اما نظرم عوض شد. از شما می خواهم سفارشم را برگردانید,returning
لطفا تعداد هویج های موجود در سبد خرید من را از 5 به 8 تغییر دهید.,editting
من به کمک نیاز دارم,customer-service
لطفا سفارش من را جایگزین کنید به دلیل اجناس آسیب دیده به دست من رسیده است,returning
من باید با سیستم پشتیبانی شما صحبت کنم,customer-service
من به آبمیوه محلی علاقه مند هستم، آیا می توانم 13 عدد از آن را داشته باشم؟,buying
ماهی را از سبد خرید من بردارید,editting
لطفا تعداد سیب زمینی های موجود در سبد خرید من را از 12 به 5 تغییر دهید.,editting
چه مقدار مواد شیمیایی در کاهو استفاده می شود؟,inquiring
من به دنبال گزینه های گیاهی هستم، به خصوص 8 بطری آب میوه,buying
لطفا فرآیند تسویه حکم 613 را شروع کنید.,deleting
با درود,chitchat
سفارش من را ساعت 2 ارسال کنید.,scheduling
لطفا تعداد گوجه فرنگی های موجود در سبد خرید من را از 9 به 9 تغییر دهید.,editting
آیا سیر در رنگ های دیگر موجود است؟,inquiring
سفارشم را ثبت کنید و به من بگویید چگونه باید هزینه خریدم را پرداخت کنم.,finishing
سلام دوست عزیز,chitchat
من به دنبال گزینه های گیاهی هستم، به خصوص بسته 13 سیر,buying
من می خواهم پنیری را که فراموش کرده ام به سبد خریدم اضافه کنم، آیا هنوز امکان پذیر است؟,buying
حذف سفارش 317.,deleting
مقدار محصول پوشک بچه را از 4 بسته به 1 بسته تغییر دهید.,editting
من تصادفاً با شماره 895 سفارش دادم لطفا لغوش کنید.,deleting
سفارش من را چهارشنبه ساعت 6 ارسال کنید.,scheduling
پروردگارا مرا بفرست,buying
سلام من کمک میخواستم,chitchat
پس از ثبت سفارش 333 در تاریخ 1402/10/14 کنجکاو هستم که بدانم چگونه پیشرفت می کند. آخرین گزارش چیست؟,tracking
میخواستم بدونم سفارشی که دادم تا شنبه به دستم میرسه یا نه؟,tracking
تخم مرغ را از سبد خرید من خارج کنید,editting
از گوشت بگو,inquiring
برای مهمانی لطفا سفارش شماره 2114 را تا تاریخ 12/7/1400 تحویل بگیرید.,scheduling
میخوام سفارش شماره 1499 رو که 6 روز پیش برای فرآورده گوشتی ثبت شده بود برگردونم چون بسته بندی ارسال خیلی بد بود.,returning
من می خواهم 7 بسته گوجه فرنگی دریافت کنم.,buying
برای مهمانی که قرار است جشن بگیریم، سفارش من باید چهارشنبه ارسال شود.,scheduling
متأسفانه باید از شما خواهش کنم که خرید من را لغو کنید زیرا اندازه را اشتباه انتخاب کردم.,deleting
لطفاً تخم مرغی که به تازگی به سبد اضافه شده است را با ماهی جایگزین کنید.,editting
صبح بخیر,chitchat
میشه زمان تقریبی تحویل سفارش شماره 1217 رو بگید؟ من این سفارش را 11 روز پیش ثبت کردم,tracking
آیا می توانم با کد رهگیری 781 زمان تخمینی رسیدن بسته خود را استعلام کنم؟,tracking
من مشتاقم بدانم آیا سفارش 8 ارسال شده است یا خیر.,tracking
من می خواهم سفارش شماره 2277 را برای ربی که 7 روز پیش دریافت کردم تغییر دهم.,returning
من می خواهم از وضعیت فعلی سفارش شماره 11 مطلع شوم.,tracking
قیمت نوشابه نسبت به نوشابه چگونه است؟,inquiring
من می خواهم یک دستور جدید را امتحان کنم که شامل 10 تکه گوشت است.,buying
من می خواستم سفارشم را پس بدهم زیرا محصولات ارسالی با سفارشی که داشتم متفاوت است,returning
بررسی کنید تا ببینید سفارش 2045 کجاست؟,tracking
1 لیتر رب را به سبد خرید من اضافه کنید,buying
مقدار شیر را به 5 کیلو افزایش دهید,editting
آیا پس از 14 بار استفاده هنوز هم امکان برگشت سیر وجود دارد؟ من چند روز پیش کالای خود را دریافت کردم، اما می خواهم آنها را پس بدهم زیرا محصولات ارسال شده با سفارشی که داشتم مغایرت دارد.,returning
مرغ را با کره در سبد خرید من جایگزین کنید.,editting
من میزبان یک مهمانی بزرگ هستم و به 2 کیلوگرم برنج نیاز دارم.,buying
آیا آبمیوه حاوی موادی است که ممکن است در افرادی که شرایط چربی 0 درصد دارند باعث ایجاد حساسیت شود؟,inquiring
من اشتباه کردم می توانید سفارش 262 را تحویل بگیرید؟,deleting
چطوری؟,chitchat
من قصد دارم پیاز را با مرغ جایگزین کنم لطفا راهنمایی کنید.,editting
آیا خرید بیش از 12 بطری هویج تخفیف دارد؟,inquiring
من کنجکاو هستم که از مجموعه خمیری خود چه چیزی دارید، آیا می توانم یک بسته 9 تایی را امتحان کنم؟,buying
بررسی کنید تا ببینید سفارش 987 کجاست؟,tracking
سبد خرید من آماده است,finishing
من می خواهم به روز رسانی در مرحله ای که سفارش 668 در آن است بشنوم. آخرین وضعیت سفارش چگونه است؟,tracking
من علاقه مند به برنامه ریزی برای تحویل سفارش شماره 1143 برای تاریخ 9/7/1401 هستم.,scheduling
آیا می توانم 1 عدد از کاهو را رزرو کنم؟,buying
برای مهمانی لطفا سفارش شماره 91 را در تاریخ 21/5/1301 تحویل بگیرید.,scheduling
از شما تقاضا دارم که سفارش من را لغو کنید، زیرا از خرید پشیمان هستم.,deleting
من می خواهم یک دستور پخت جدید را امتحان کنم که شامل 5 بسته پیاز است.,buying
من مشتاقم بدانم آیا سفارش 1026 ارسال شده است یا خیر.,tracking
من باید یک چیز را تغییر دهم - آیا می توانم جزئیات سفارش در حال انجام خود را در این مرحله اصلاح کنم؟,inquiring
من اشتباهاً سفارش شماره 2334 را خریدم، چگونه می توانم آن را به عنوان مرجوعی ثبت کنم؟,returning
من به دنبال اطلاع از وضعیت فعلی سفارش با شناسه 1893 هستم.,tracking
آیا کانال های پشتیبانی مشتری جداگانه برای انواع مختلف سوالات وجود دارد؟,customer-service
موفق و پیروز باشید,chitchat
از شما می خواهم زمان تحویل سفارش شماره 742 را برای 20/9/1400 تعیین کنید.,scheduling
مرغ را با رب در سبد خرید من جایگزین کنید.,editting
چگونه می توانم با کارشناس مربوطه صحبت کنم؟,customer-service
آیا می توانم برای راهنمایی در مورد مشکلات مربوط به سفارشم با پشتیبانی تماس بگیرم؟,customer-service
آیا می توانم کالایی را که با اعتبار فروشگاه خریداری کرده ام برگردانم؟,inquiring
آیا خیار استانداردهای SQF را دارد و برای استفاده از چربی 0% تایید شده است؟,inquiring
آیا در کریسمس برای کاهو تخفیف قائل هستید؟,inquiring
لطفا آخرین سفارش من را حذف کنید، من تغییرات برنامه داشتم.,deleting
آیا خط تلفن پشتیبانی برای مواقع اضطراری وجود دارد؟,customer-service
من از خرید دلاستر پشیمانم، لطفاً آن را از سبد خریدم حذف کنید.,editting
من می خواهم مرغ را به صورت عمده بخرم، قیمت بهتری پیشنهاد می کنید؟,inquiring
مقدار مواد شیمیایی استفاده شده در رب چقدر است؟,inquiring
درخواست کنسل کردن سفارش 323 را دارم چون از خرید پشیمان هستم.,deleting
می‌خواهم وضعیت فعلی سفارش 450 را بدانم.,tracking
برای مهمانی که قرار است جشن بگیریم، سفارش من باید دوشنبه ارسال شود.,scheduling
درخواست حذف سفارش شماره 1036 دارم چون بودجه کافی ندارم.,deleting
سفارش من را در تاریخ 1400/1/16 ارسال کنید,scheduling
من می خواهم ماهی را از سفارش خود لغو کنم.,editting
می خواستم ساعت کاری فروشگاه شما را بدانم.,inquiring
درخواست لغو سفارش با شماره 650 دارم چون اشتباه وارد کردم.,deleting
آیا می توانید کیکی را که در حال حاضر به آن نیاز ندارم از سبد خریدم حذف کنید؟,editting
حذف سفارش 697.,deleting
آیا می توانم وضعیت درخواست پشتیبانی مشتری خود را پیگیری کنم؟,customer-service
Delaster را از سبد خرید من لغو کنید,editting
آیا می توانید سفارش من را تغییر دهید؟ چون از خریدم پشیمون شدم,returning
میشه زمان تقریبی تحویل سفارش شماره 1749 رو بگید؟ من این سفارش را 10 روز پیش ثبت کردم,tracking
آیا می توانید توضیح دهید که چگونه خیار می تواند به بهبود طبیعی بودن و عاری بودن از مواد شیمیایی کمک کند؟,inquiring
بررسی کنید تا ببینید سفارش 2308 کجاست؟,tracking
قبل از تکمیل سفارش، به دلیل تغییر قیمت، می خواهم پرتقال را از سبد خرید خود لغو کنم.,editting
12 قطعه پاستا را به سبد خرید من اضافه کنید,buying
من را به یک پشتیبانی متصل کنید,customer-service
13 پنیر شانه را به سبد خرید من اضافه کنید,buying
چه خبر؟,chitchat
ممکن است نام شما را بدانم,chitchat
سفارش شماره 437 برای پیاز خریداری شده در روز چهارشنبه مطابق انتظار نبود، می خواهم آن را برگردانم.,returning
چه مدت می توانم محصول را برگردانم؟,inquiring
من به اشتباه سفارش شماره 710 را خریدم، چگونه اظهارنامه کنم؟,returning
از شما می خواهم این کالاها را بفرستید,finishing
کالایی که تحویل گرفتم معیوب است میخواستم تعویض کنم,returning
می‌خواستم تأیید کنم که آیا اصلاح موارد سبد خرید من در حال حاضر یک ویژگی در دسترس است یا خیر.,inquiring
من به 13 کیلو دلستر علاقه دارم.,buying
سفارش من را برای پنج شنبه ارسال کنید زیرا من دیگر در خانه نیستم.,scheduling
آیا امکان پیگیری سفارش شماره 1911 وجود دارد؟,tracking
به مناسبت تخفیف های زمستانی آیا جدول تخفیف ها گسترده است؟,inquiring
قصد تعویض کیک رو با روغن سرخ کردنی دارم لطفا راهنمایی کنید.,editting
من مسئول تنقلات مهمانی دفتر هستم، 14 بطری مرغ می خواستم.,buying
اشتباه بود به جای 3 کیلو سیر 6 کیلو می خواستم.,editting
بررسی کنید تا ببینید سفارش 1441 کجاست؟,tracking
آیا شماره تلفنی وجود دارد که بتوانم برای پیگیری سفارش خود تماس بگیرم؟,inquiring
می خواستم خریدم را برگردانم و روند بازپرداخت سفارشم را شروع کنم.,returning
آیا سفارش 1740 در حال حاضر در راه است؟,tracking
گوجه فرنگی را به سبد خرید من اضافه کنید.,buying
میشه 3 تا از ماهی رو بسته بندی کنی و برام بفرستی؟,buying
سفارش من را تا ساعت 2 ارسال کنید.,scheduling
سفارش من را روز جمعه ساعت 8 ارسال کنید.,scheduling
لطفا سفارش من را تا جمعه ارسال کنید.,scheduling
چقدر آبمیوه داری؟,inquiring
من به دنبال پیشنهادات ویژه برای پاستا هستم، آیا پیشنهادی دارید؟,inquiring
من می خواهم خرید خود را لغو کنم زیرا اندازه را اشتباه انتخاب کردم.,deleting
من می خواهم خریدی را که به تازگی انجام داده ام حذف کنم، می خواهم از جای دیگری خرید کنم.,deleting
آیا می توانید وضعیت فعلی سفارش شماره 1095 را توضیح دهید؟,tracking
بهترین زمان برای بازگرداندن خریدهایم چه زمانی است؟,inquiring
آیا می توانید پیاز را از سفارش من لغو کنید؟,editting
بعدش 6 لیتر بده,buying
من باید سفارش 1626 را در روز دوشنبه لغو کنم.,deleting
از خرید مرغ پشیمانم لطفا آن را از سبد خریدم پاک کنید.,editting
در مورد کار و زندگی چطور؟,chitchat
لغو سفارش شماره 167,deleting
من می خواستم کل سفارشم را لغو کنم زیرا اندازه اشتباهی را انتخاب کردم,deleting
من به اشتباه دلستر خریدم، آیا می توانم آن را پس بدهم؟,returning
محصول گوشتی را از سفارش من حذف کنید,editting
آیا سفارش شماره 961 ارسال شده است؟,tracking
من می خواهم کره را از سفارشم حذف کنم.,editting
چه کار می کنی,chitchat
من میزبان یک مهمانی بزرگ هستم و به 10 بسته شیر نیاز دارم.,buying
من می خواستم برای سفارشم درخواست بازپرداخت کنم زیرا کالا آسیب دیده رسید,returning
آیا می توانم اطلاعات موجودی و محصول سیب زمینی را بدانم؟,inquiring
من رژیم دارم و به 11 بطری خیار کم چرب نیاز دارم.,buying
می خواهم بدانم سفارش شماره 1495 در چه مرحله ای از فرآیند است.,tracking
یا برای خرید عمده تخفیف دارید؟ من علاقه مند به 2 شانه از رب هستم.,buying
آیا می توانید بگویید آب میوه از کدام کشور وارد می شود؟,inquiring
سلام حال شما چطور؟,chitchat
برنجی که در تاریخ 10/9/1401 خریدم را می خواهم پس بدهم.,returning
ممنون از کاری که برای من کردی,chitchat
من می خواهم سیب ها را از سبد خریدم حذف کنم و به جای آن روغن پخت و پز اضافه کنم.,editting
من می خواهم چیزی کوچک را تغییر دهم، آیا هنوز امکان تغییر جزئیات سفارش وجود دارد؟,inquiring
من رژیم دارم و به 7 کیلو آب میوه کم چرب نیاز دارم.,buying
خرید 3 روز پیش من به دلیل انتخاب نادرست باید لغو شود، لطفا اقدام لازم را انجام دهید.,deleting
آیا سفارش 1092 آماده ارسال است یا هنوز در مرحله پیش ارسال است؟,tracking
محصول شیر را از سفارش من حذف کنید,editting
من فقط جمعه این هفته در خانه هستم، لطفا سفارش من را ارسال کنید.,scheduling
من اشتباهی پنیر را به سبد خرید اضافه کردم، لطفا آن را حذف کنید.,editting
لطفا فرآیند تسویه حکم 2093 را شروع کنید.,deleting
آیا می توانید خرید من را دوشنبه تا ساعت 4 ارسال کنید؟,scheduling
بعد از ثبت سفارش 537 در تاریخ 4/3/1402 کنجکاو هستم که چگونه پیشرفت می کند. آخرین گزارش چیست؟,tracking
می تونم اسم شما را بدونم,chitchat
۱۱ گرم شیر برای من بگذارید,buying
محصولی که دریافت کردم معیوب است می خواستم آن را برگردانم,returning
آیا می توانم سفارش خود را در صورتی که پردازش نشده است اصلاح کنم؟,inquiring
میشه به جای کیک به من گوجه فرنگی بدی؟,editting
من الان سفارشم را دریافت کردم، اما از خریدم پشیمانم، بنابراین از شما می خواهم سفارشم را تغییر دهید,returning
برای مهمانی که قرار است جشن بگیریم، سفارش من باید پنجشنبه ارسال شود.,scheduling
آیا می توانید سفارش شماره 746 را ساعت 2 تحویل دهید؟,scheduling
ماهي كه 9 روز پيش به دستم رسيد نياز به تعويض دارد و از شما ميخواهم آنها را براي من تعويض كنيد.,returning
من محصول اشتباهی سفارش دادم، شرایط برگرداندن آن چیست؟,inquiring
من می خواهم یک دستور جدید را امتحان کنم که به 4 گرم خیار نیاز دارد.,buying
آیا می توانید سیب را از سفارش من حذف کنید؟,editting
اشتباه بود، به جای 7 بسته هویج، 10 بسته می خواستم.,editting
من می خواهم سفارش شماره 1768 را برای تحویل در روز سه شنبه تنظیم کنم.,scheduling
در روزهای اخیر بازار ماکارونی با تخفیف داغ است؟,inquiring
وقت خوش,chitchat
میخواستم بدونم در سال جدید برای Reb تخفیف میدین؟,inquiring
به اقلام زیر نیاز دارم: 10 کیلو روغن زیتون.,buying
آیا سفارش 525 آماده ارسال است یا هنوز در مرحله پیش ارسال است؟,tracking
به جای 5 لیتر مرغ لطفا آن را 11 لیتر مرغ کنید,editting
شغل شما اینجا چیست و چه کار می کنید؟,chitchat
محصولات شما از کدام کشور وارد می شود؟,inquiring
من آمدم,chitchat
آیا می توانید سفارش من را برگردانید؟ چون از خریدم پشیمون شدم,returning
من می خواستم کل سفارشم را لغو کنم زیرا اندازه اشتباهی را انتخاب کردم,deleting
میخواستم بدونم در فروش زمستانی تخم مرغ هم تخفیف میدین؟,inquiring
سفارش شماره 1642 که 3 روز پیش برای محصولات مرغ ثبت شده است را می خواهم برگردانم زیرا کیفیت کالاهای ارسالی بسیار پایین است.,returning
آیا سفارش شماره 425 که شامل ماست بود آماده ارسال است؟,tracking
سفارش من کاملا آسیب دیده رسید، من را به کارشناس مربوطه وصل کنید,customer-service
آیا امکان پیگیری سفارش شماره 2140 وجود دارد؟,tracking
دستور پخت من 11 پرتقال می خواهد، آیا آنها موجود هستند؟,buying
می توانید دستور 38 را دنبال کنید.,tracking
سلام میشه سفارشم رو که تازه ثبت شده حذف کنید؟,deleting
سفارش من را ساعت 5 ارسال کنید.,scheduling
وضعیت سفارش شماره 205 چگونه است؟,tracking
کیک خریداری شده با شماره سفارش 1927 را در تاریخ 10/1/1402 میخواهم به دلیل آسیب دیدن موارد ارسالی شما برگردانم.,returning
آیا سفارش 895 آماده ارسال است یا هنوز در مرحله پیش ارسال است؟,tracking
اگر کالایی را پس از بازه زمانی مشخص شده برگردانم چه اتفاقی می‌افتد؟,inquiring
باید با پشتیبانی صحبت کنم,customer-service
من رژیم دارم و به 10 کیلو نوشابه کم چرب نیاز دارم.,buying
خرید من را با شماره رهگیری 1716 پیگیری کنید.,tracking
آیا سفارش 1991 آماده ارسال است یا هنوز در قبل از ارسال گیر کرده است؟,tracking
ماهی رو کنسل کن,editting
من میزبان یک مهمانی بزرگ هستم و به 3 کیلو کاهو نیاز دارم.,buying
آیا می توانید سفارش شماره 1998 را ساعت 6 تحویل دهید؟,scheduling
آیا سفارش شماره 1707 در راه است؟,tracking
سفارش من را برای سه شنبه ارسال کنید زیرا من دیگر در خانه نیستم.,scheduling
روغن زیتون را از سفارش من لغو کنید,editting
با تشکر,chitchat
آیا منابع پشتیبانی مشتری برای عیب یابی مشکلات رایج وجود دارد؟,customer-service
می توانید پیگیری کنید تا ببینید سفارش من دقیقا کجاست. شماره سفارش من: 283,tracking
پودر لباسشوییم تموم شده برام پنیر بفرست,buying
آیا شما خوشحال هستید؟,chitchat
کیک را به سبد خرید من اضافه کنید.,buying
خسته نباشید از همکاری با شما لذت بردم,chitchat
سلام تو کی هستی,chitchat
خط مشی بازپرداخت شما چیست؟,inquiring
من می خواهم سفارش شماره 13 را که در تاریخ 3/3/1403 محصول خود را خریده ام برگردانم.,returning
سیاست بازگشت شما چیست؟,inquiring
من می خواهم برنج را از سفارشم حذف کنم.,editting
من قصد دارم کاهوی خریداری شده در تاریخ 23/8/1402 را پس بدهم زیرا بسته بندی ارسال بسیار بد بود.,returning
سیب را از سفارش من لغو کنید,editting
کیفیت دلستر چگونه است؟,inquiring
داریم مهمونی داریم، من گوجه می‌خواستم.,buying
می خواستم سفارشم را پس بدهم چون بسته بندی خیلی بد بود,returning
برای گریل کردن به 5 گرم پنیر نیاز دارم,buying
من مسئول تنقلات مهمانی اداری هستم، 13 شانه آب میوه می خواستم.,buying
من قصد دارم سفارش خود را به دلایل زیر لغو کنم: بودجه کافی ندارم.,deleting
من خیلی وقته از شما خرید میکنم میشه برای محصولات مرغ تخفیف بدید؟,inquiring
من منتظر تحویل سفارش شماره 222 در اولین ساعت روز شنبه هستم.,scheduling
من تصادفاً با شماره 2258 سفارش دادم لطفا لغوش کنید.,deleting
سفارش شماره 574 برای نان خریداری شده در روز پنجشنبه مطابق انتظار نبود، می خواهم مبادله کنم.,returning
پشیمانم لطفا سفارشم را حذف کنید,deleting
بازپرداخت چقدر طول می کشد؟,inquiring
دستت درد نکنه,chitchat
ارسال سفارش 393 در تاریخ 1400/5/11.,scheduling
پشیمانم، سیب را از سفارش من لغو کنید,editting
دلاستر چه ویژگی هایی دارد و آیا برای بیماران دیابتی مناسب است؟,inquiring
از خرید گوجه فرنگی پشیمانم، لطفا از سبد خریدم حذف کنید.,editting
مقدار محصول مرغ را از 13 بطری به 8 بطری تغییر دهید.,editting
درخواست تغییر سفارش شماره 523 دارم.,returning
10 بطری نان دارید؟,buying
من یکی از مشتریان شما هستم، آیا می توانید برای خرید سیر به من تخفیف بدهید؟,inquiring
من قصد دارم نان را با برنج جایگزین کنم، لطفا راهنمایی کنید.,editting
بدلیل بروز خطای ناخواسته به شماره 445 ثبت گردید. لطفا آن را حذف کنید.,deleting
11 کیلو روغن مخصوص سرخ کردنی نیاز دارم.,buying
پودر لباسشوییم تموم شده برام سیب زمینی بفرست,buying
متوجه شدم که محصول روغن سرخ کردنی آن چیزی نیست که من می خواهم، چگونه می توانم آن را برگردانم؟,returning
من می خواهم 2 کیلو گوشت دریافت کنم.,buying
آب میوه چطوره,inquiring
می خواستم کل سفارشم را کنسل کنم چون پول کافی ندارم,deleting
محصولی که دریافت کردم معیوب است، می خواستم آن را پس بدهم,returning
آیا می توانید سفارش من را قبل از ساعت 10 روز چهارشنبه تحویل دهید؟,scheduling
می خواهم پنیری را که فراموش کرده ام به سبد خرید اضافه کنم.,buying
وضعیت فعلی سفارش شماره 1343 را می خواهم بدانم.,tracking
آیا سفارش شماره 468 ارسال شده است؟,tracking
کالاهای من را برای ساعت 2 روز جمعه برنامه ریزی کنید.,scheduling
من قصد دارم پنیر را با گوجه فرنگی جایگزین کنم، لطفا راهنمایی کنید.,editting
بدلیل بروز خطای ناخواسته سفارش شماره 198 ثبت گردید. لطفا آن را لغو کنید.,deleting
آیا می توانم سفارش شماره 1998 را برای تحویل در ساعت 5 رزرو کنم؟,scheduling
به دلیل تخفیف ویژه ای که دیدم قصد تعویض پوشک بچه را با سیب زمینی دارم.,editting
حذف سفارش 266.,deleting
آیا می توانم روغن زیتونی را که قبلاً در سبد گذاشته بودم با آب میوه جایگزین کنم؟,editting
من می خواهم سفارش شماره 8 را برای تحویل در روز سه شنبه تنظیم کنم.,scheduling
آیا می توانم زمان تخمینی رسیدن بسته خود را با کد رهگیری 1173 استعلام کنم؟,tracking
آیا امکان تحویل سفارش شماره 773 در روز یکشنبه وجود دارد؟,scheduling
آیا می توانید سفارش شماره 1866 را ساعت 4 تحویل دهید؟,scheduling
حذف سفارش 1708.,deleting
آیا محصول ماکارونی گارانتی دارد؟,inquiring
من می خواهم سفارش شماره 571 را برای روغن سرخ کردنی که 13 روز پیش دریافت کردم، پس بدهم.,returning
آیا سفارش شماره 942 که شامل ماکارونی بود آماده ارسال است؟,tracking
می خواهم بدانم راب چه مزیت هایی نسبت به محصولات مشابه دارد.,inquiring
من می خواستم ماست را به سبد خریدم اضافه کنم، اما به نظر می رسد در لیست نیست، لطفا آن را اضافه کنید.,buying
من می خواستم کل سفارشم را لغو کنم زیرا آن را دوست ندارم,deleting
در روزهای اخیر بازار تخفیف تخم مرغ داغ است؟,inquiring
قیمت کاهو نسبت به کاهو چگونه است؟,inquiring
سفارش من را قبل از ساعت 7 روز پنجشنبه تحویل دهید,scheduling
میخوام بدونم قیمت پنیر 14 چقدر میشه؟,inquiring
من قصد دارم برنج خریداری شده در تاریخ 20/3/1400 را به دلیل اینکه این محصول را دوست نداشتم برگردانم.,returning
داریم مهمونی داریم پنیر میخواستم.,buying
من مورد اشتباهی را انتخاب کردم و باید آن را تغییر دهم، آیا می توانم سفارش خود را ویرایش کنم؟,inquiring
چگونه می توانم سفارش خود را پیگیری کنم؟,inquiring
من تصادفاً با شماره 1623 سفارش دادم لطفاً آن را حذف کنید.,deleting
چون این محصول را دوست نداشتم تصمیم گرفتم سفارش شماره 1545 را پس بدهم.,returning
من می خواهم برنج را از سفارشم لغو کنم.,editting
قیمت ماهی الان چنده؟,inquiring
موارد من را ثبت کنید,finishing
خیار 4 روز پیش خریدم الان کجاست؟ پس کی ارسال میشه؟,tracking
پس چرا سفارش من نمی رسد؟ باید تا شنبه به من تحویل بدی,tracking
قیمت روز سیر رو میخوام بدونم میشه راهنمایی کنید؟,inquiring
مغازه شما چقدر باز است؟,inquiring
برای من نان بفرست,buying
آیا می توانم سفارش شماره 815 را برای تحویل در ساعت 7 رزرو کنم؟,scheduling
قبل از تکمیل سفارش، می خواهم خمیر را از سبد خرید خود لغو کنم.,editting
لطفا برنج را در سبد خرید من با رب به روز کنید.,editting
به من آب میوه بدهید، 10 شانه,buying
من می خواهم درک عمیق تری از ویژگی های متمایز و منحصر به فرد گوشت به دست بیاورم.,inquiring
خریدم را عوض کنم,returning
میخوام بدونم سفارش شماره 1959 کی به دستم میرسه.,tracking
من می خواهم سیب را به صورت عمده بخرم، آیا شما قیمت بهتری ارائه می دهید؟,inquiring
مقدار شیر را در 14 ضرب کنید,editting
قصد تعویض گوجه فرنگی مربوط به سفارش شماره 1020 خریداری شده در تاریخ 1402/1/16 را دارم.,returning
من می خواهم سفارش #1885 را برای تحویل یکشنبه تنظیم کنم.,scheduling
آیا امکان دریافت سفارش شماره 1037 در تاریخ 3/11/1401 وجود دارد؟,scheduling
خرید من را برگردانید,returning
آیا می توانم هویجی را که 13 روز پیش خریده ام برگردانم؟,returning
چگونه می توانم سفارش خود را به صورت اقساطی پرداخت کنم؟,inquiring
درود بر شما دوست عزیز,chitchat
میشه به جای ماهی به من ماست بدی؟,editting
آیا می توانید سفارش من را قبل از ساعت 8 سه شنبه تحویل دهید؟,scheduling
آیا برای رویداد تخفیف زمستانی تخفیف دارید؟,inquiring
پرتقال هایی که 1 روز پیش تحویل گرفتم باید تعویض شوند و از شما می خواهم آنها را برای من برگردانید.,returning
آیا می توانم سفارش شماره 261 را برای تحویل در ساعت 7 رزرو کنم؟,scheduling
مقدار کالای هویج را از 13 کیلوگرم به 8 کیلوگرم تغییر دهید.,editting
میشه منو به متخصص وصل کنید؟,customer-service
امروز چطوری؟,chitchat
درخواست تغییر سفارش شماره 654 دارم.,returning
من به اشتباه خمیر را به سبد خرید اضافه کردم، لطفا لغو کنید.,editting
من به کمک نیاز دارم، باید چه کار کنم؟,customer-service
باید بخشی از سفارشم را تعمیر کنم، آیا هنوز امکان تغییر محتویات وجود دارد؟,inquiring
از کجا می توانم شماره پیگیری خود را پیدا کنم؟,inquiring
در صورت تاخیر در عرضه کالا چگونه اطلاع رسانی کنیم؟,inquiring
متشکرم,chitchat
چگونه با پشتیبانی تماس بگیرم؟,customer-service
ممنون,chitchat
من می خواهم 10 کیلوگرم روغن زیتون دریافت کنم.,buying
پس از ثبت سفارش 2028 در 11/5/1402، کنجکاو هستم که چگونه پیشرفت می کند. آخرین گزارش چیست؟,tracking
می خواستم کل سفارشم را کنسل کنم چون پول کافی ندارم,deleting
بدلیل بروز خطای ناخواسته به شماره 661 ثبت گردید. لطفا آن را لغو کنید.,deleting
لطفا سفارش من را برگردانید من از خرید این محصولات پشیمانم، آنها را نمی خواهم.,returning
تخم مرغی که با شماره سفارش 912 در تاریخ 13/8/1300 خریداری شده را میخواهم به دلیل اشتباه خریدم برگردانم.,returning
آیا پس از 14 بار مصرف باز هم امکان برگشت روغن زیتون وجود دارد؟ من چند روز پیش اجناسم را تحویل گرفتم اما به دلیل نظرم میخواهم برگردانم.,returning
برکات,chitchat
حالت خوبه؟,chitchat
شما خسته شدید، من عذرخواهی می کنم. خداحافظ,chitchat
ممکن است لازم باشد سفارشم را تغییر دهم، چه باید بکنم؟,inquiring
از خرید نان پشیمانم لطفا سبد خریدم را کنسل کنید.,editting
قبل از تکمیل سفارش، به دلیل تغییر قیمت، می خواهم گوشت را از سبد خرید خارج کنم.,editting
آیا شماره سفارش 1811 ارسال شده است؟,tracking
گوجه فرنگی را لغو کنید.,editting
من می خواستم کل سفارش خود را لغو کنم زیرا محصول مورد نظر را در جای دیگری پیدا کردم,deleting
آیا می توانید سفارش من را حذف کنید؟ من اشتباه ثبت نام کردم,deleting
من قصد دارم سفارش خود را به دلایل زیر لغو کنم: اشتباه کردم.,deleting
سفارشاتم رو بفرست,finishing
چگونه سفارش خود را نهایی کنم؟,inquiring
من به 14 بطری تخم مرغ نیاز دارم.,buying
آیا امکان پیگیری سفارش شماره 2152 وجود دارد؟,tracking
می توانم نام شما را بپرسم,chitchat
خوبی؟ خوشحال؟,chitchat
لغو سفارش 1355.,deleting
می خواهم از وضعیت فعلی سفارش شماره 1228 مطلع شوم.,tracking
آیا ماهی در رنگ های دیگر موجود است؟,inquiring
من یک درخواست بازگشت برای سفارش 1410 دارم.,returning
من به هویج محلی علاقه دارم، آیا می توانم 2 کیلو از آن را داشته باشم؟,buying
سفارشم تموم شد این چیزی است که من می خواستم.,finishing
آقا من اومدم دوباره مزاحمتون بشم,chitchat
من می خواهم شماره سفارش 1087 را که محصول پیاز را در تاریخ 8/7/1402 خریده ام برگردانم.,returning
آیا می توانید یک شراب خوب توصیه کنید؟ برای یک موقعیت خاص به 14 گرم نیاز دارم.,buying
من علاقه مند به برنامه ریزی برای تحویل سفارش شماره 2217 برای تاریخ 1403/4/17 هستم.,scheduling
میخواستم بدونم 7 تا ماهی موجود هست؟,inquiring
من می خواهم سفارش شماره 111 را برگردانم زیرا این محصول را دوست نداشتم.,returning
من دستور اشتباهی دادم، چه کار کنم؟,inquiring
خیلی زحمت کشیدی,chitchat
از شما می خواهم زمان تحویل سفارش شماره 1907 را برای 17/7/1400 تعیین کنید.,scheduling
لطفا سفارش شماره 1877 را برای 3/4/1400 تهیه نمایید.,scheduling
من میخواهم سفارش شماره 1552 شیری را که 8 روز پیش دریافت کردم برگردانم.,returning
پشیمانم لطفا سفارشم را لغو کنید,editting
حذف سفارش 851.,deleting
من می خواهم در مورد فلسفه تولید برنج و زنجیره تامین اطلاعات کسب کنم.,inquiring
محصولی که دریافت کردم معیوب است می خواستم آن را برگردانم,returning
من می خواهم به روز رسانی در مرحله ای که سفارش 770 در آن است بشنوم. آخرین وضعیت سفارش چگونه است؟,tracking
پاستا چطوره,inquiring
خداحافظ,chitchat
قبل از تکمیل سفارش، می خواهم پاستا را از سبد خریدم حذف کنم.,editting
بعد از چه مدت باید یک کالا را برگردانم؟,inquiring
میخواستم بدونم سفارشی که دادم تا جمعه به دستم میرسه یا نه؟,tracking
ماست را به سبد خریدم اضافه کن,buying
آیا می توانم گوشتی را که قبلاً در سبد گذاشته بودم با پیاز جایگزین کنم؟,editting
اقلام من را بفرست,finishing
اشتباه بود به جای 5 گرم دلاستر 14 گرم می خواستم.,editting
میخواستم بدونم سفارشی که دادم تا چهارشنبه به دستم میرسه یا نه؟,tracking
لطفا مراحل تسویه سفارش سال 98 را شروع کنید.,deleting
لطفا سفارش شماره 1831 را برای تاریخ 25/2/1403 تهیه نمایید.,scheduling
با عرض سلام و احترام,chitchat
من راب می خواستم,buying
اسم شما چیست؟,chitchat
آیا می توانید مرغ را از سفارش من حذف کنید؟,editting
مشتاقم بدانم سفارش 811 ارسال شده است یا خیر.,tracking
به دلیل تخفیف ویژه ای که دیدم قصد دارم کاهو را با روغن زیتون جایگزین کنم.,editting
از شما تقاضا دارم که سفارش من را حذف کنید، زیرا من را اذیت نمی کند.,deleting
9 بسته سیب به من بدهید,buying
آیا می توانم سفارش شماره 1644 را برای تحویل در 5 رزرو کنم؟,scheduling
برای تهیه سالاد شیرازی 10 شیشه پوشک بچه می خواستم.,buying
آیا می توانم 3 لیتر کاهو رزرو کنم؟,buying
خرید من تمام شد لطفا اینها را نهایی کنید.,finishing
من مشتاقم بدانم آیا سفارش 2275 ارسال شده است یا خیر.,tracking
آیا مرغ مطابق با استانداردهای IFS است و آیا گواهی طبیعی و بدون مواد شیمیایی را دارد؟,inquiring
سیاست بازگشت شما چیست؟,inquiring
آیا می توانم شماره پشتیبانی را داشته باشم؟,customer-service
وضعیت سفارش شماره 247 چگونه است؟,tracking
یک مبارز خسته نباشید,chitchat
شما می توانید دستور 1050 را دنبال کنید.,tracking
من به برنج نیاز دارم مخصوصا 8.,buying
نوشابه را از سفارش من حذف کنید,editting
آیا می توانید سفارش من را لغو کنید؟ محصول مورد نظر را در جای دیگری پیدا کردم.,deleting
سفارش من با شماره 144 باید حذف شود زیرا از خرید پشیمان هستم.,deleting
اشتباه بود به جای 7 عدد سیب زمینی 3 عدد می خواستم.,editting
خوبید شما؟,chitchat
میشه قیمت آبمیوه رو بدونم؟,inquiring
من اشتباه کردم، می توانید سفارش 1663 را تحویل بگیرید؟,deleting
آیا می توانم شناسه خرید خود را تغییر دهم زیرا هنوز پرداخت انجام نشده است؟,inquiring
آیا قیمت ماهی از بهار تغییر کرده است؟,inquiring
آیا نان در رنگ های دیگر موجود است؟,inquiring
راه های پرداخت سفارشات چیست؟,inquiring
ارسال سفارش 1263 در تاریخ 1401/1/18.,scheduling
آیا امکان پیگیری سفارش شماره 1041 وجود دارد؟,tracking
می توانید پیگیری کنید تا ببینید سفارش من دقیقا کجاست. شماره سفارش من: 272,tracking
میخواستم بدونم 11 بطری گوشت آماده سفارش دارید؟,inquiring
من منتظر تحویل سفارش شماره 2050 در اولین ساعت روز دوشنبه هستم.,scheduling
میشه به جای کیک به من آب میوه بدی؟,editting
آیا می توانید سفارش شماره 161 را ساعت 9 تحویل دهید؟,scheduling
برای عید تخفیف داری؟,inquiring
آیا می توانید به جای مرغ 14 گرم هویج به من بدهید؟,editting
من می خواهم دلاستر را از سفارشم حذف کنم.,editting
من می خواهم درک عمیق تری از خواص متمایز و منحصر به فرد پیاز به دست بیاورم.,inquiring
لطفا گوشتی که به تازگی به سبد اضافه شده است را با کره جایگزین کنید.,editting
میشه قیمت سیب رو بدونم؟,inquiring
آیا می توانم سفارش شماره 1700 را برای تحویل ساعت 2 رزرو کنم؟,scheduling
آیا می توانم قبل از نهایی کردن معامله، کالاهای سبد خرید خود را تغییر دهم؟,inquiring
لطفا زمان انتظار برای تکمیل تحویل سفارش 1948 چقدر خواهد بود؟,tracking
برای بودجه بندی باید قیمت دقیق خیار را بدانم.,inquiring
من رژیم دارم و به 10 بطری پاستا کم چرب نیاز دارم.,buying
آیا سفارش شماره 1623 شامل دلستر آماده ارسال است؟,tracking
گارانتی محصول شامل چه مواردی می شود؟ چگونه می توانم از خدمات گارانتی استفاده کنم؟,inquiring
قبل از تکمیل سفارش، می خواهم کره را از سبد خرید خود حذف کنم.,editting
من به خیار محلی علاقه دارم، آیا می توانم 12 عدد از آنها داشته باشم؟,buying
من می خواستم کل سفارش خود را لغو کنم زیرا از خرید پشیمان هستم,deleting
برای دریافت راهنمایی در مورد نظارت بر محصول به کجا می توانم مراجعه کنم؟,customer-service
آیا امکان پیگیری سفارش شماره 1314 وجود دارد؟,tracking
من می خواستم 4 بطری سیب بخرم,buying
لطفا فرآیند تسویه حکم 886 را شروع کنید.,deleting
آیا امکان پیگیری سفارش شماره 1343 وجود دارد؟,tracking
آیا سفارش 198 در حال حاضر در راه است؟,tracking
آیا سفارش 1239 در حال حاضر در راه است؟,tracking
اشتباه بود، به جای 3 کیلوگرم هویج، 7 کیلوگرم می خواستم.,editting
من می خواهم سفارش شماره 198 را برای تحویل شنبه تنظیم کنم.,scheduling
من می خواهم خرید خود را لغو کنم زیرا کالای مورد نظر را در جای دیگری پیدا کردم.,deleting
آیا امکان سفارشی سازی سفارش در انتظار من با اصلاح موارد وجود دارد؟,inquiring
آیا می توانید خرید من را سه شنبه تا ساعت 3 ارسال کنید؟,scheduling
آیا می توانید سفارش من را برگردانید؟ چون از خریدم پشیمون شدم,returning
لطفا زمان انتظار برای تکمیل تحویل سفارش 2315 چه زمانی خواهد بود؟,tracking
برای من تخم مرغ بفرست,buying
من نیاز به پشتیبانی دارم، در مورد سفارشم چه باید بکنم؟,customer-service
مرغ را اشتباهی به سبد خرید اضافه کردم لطفا لغو کنید.,editting
متشکرم,chitchat
لطفا سفارش شماره 2160 را برای تاریخ 1403/12/15 ساعت 11 صبح تهیه نمایید.,scheduling
من می خواهم خرید خود را به دلیل کمبود بودجه لغو کنم.,deleting
من میخوام سوپ سبزی درست کنم 9 گرم کره درجه یک لازم دارم.,buying
آیا می توانم 11 کیلو ماهی رزرو کنم؟,buying
سفارش من را برای شنبه ارسال کنید زیرا من دیگر در خانه نیستم.,scheduling
قصد تعویض سیب مربوط به سفارش شماره 586 را دارم که در تاریخ 12/08/1402 خریداری شده است.,returning
انشاالله سلامت باشید,chitchat
من مشتاقم بدانم آیا سفارش 2137 ارسال شده است یا خیر.,tracking
من می خواهم با پشتیبانی شما صحبت کنم,customer-service
من میخوام رب رو به صورت عمده بخرم قیمت بهتری پیشنهاد میکنید؟,inquiring
آیا پس از 5 بار استفاده باز هم امکان بازگشت تخم مرغ وجود دارد؟ من چند روز پیش کالای خود را دریافت کردم، اما می خواهم این محصول را پس بدهم زیرا آن را دوست نداشتم.,returning
سلام. چطوری؟,chitchat
آیا هنوز امکان تنظیم محتویات سبد خرید من وجود دارد زیرا هنوز پردازش نشده است؟,inquiring
قبل از تکمیل سفارش، به دلیل تغییر قیمت، می خواهم آب میوه را از سبد خرید خود حذف کنم.,editting
من علاقه مند به زمان بندی تحویل سفارش شماره 872 برای تاریخ 14/4/1401 هستم.,scheduling
من مسئول تنقلات مهمانی شرکت هستم، 3 کیلو روغن زیتون می خواستم.,buying
من منتظر تحویل سفارش شماره 1563 در اولین ساعت یک شنبه هستم.,scheduling
وضعیت سفارش شماره 1289 چگونه است؟,tracking
محصول روغن زیتون را از سفارش من حذف کنید,editting
قبل از تکمیل سفارش، می خواهم شیر را از سبد خرید خود لغو کنم.,editting
خرید من را برگردانید,returning
آیا پس از 5 بار استفاده همچنان امکان برگشت نان با شماره سفارش 2332 وجود دارد؟,returning
آیا می توانید خرید من را تا ساعت 7 روز پنجشنبه ارسال کنید؟,scheduling
من می خواهم 6 بطری هویج دریافت کنم.,buying
محصولی که دریافت کردم معیوب است می خواستم آن را برگردانم,returning
آیا می توانید پاستا را لغو کنید؟,editting
متأسفانه باید از شما خواهش کنم که خرید من را حذف کنید زیرا آدرس را اشتباه وارد کردم.,deleting
لطفا سفارش شماره 2116 را برای تاریخ 18/3/1301 ساعت 10 صبح تهیه نمایید.,scheduling
من باید سفارش 1155 را در روز شنبه لغو کنم.,deleting
آیا می توانید سیب زمینی را که به اشتباه به سبد خرید اضافه شده است بردارید؟,editting
زمان تخمینی تحویل سفارش من چقدر است؟,inquiring
میخوام سفارشم رو کامل کنم,finishing
دلیل این همه تاخیر چیست؟ الان آبمیوه من دقیقا چه وضعیتی داره؟,tracking
من برای بچه کوچولویم غذا می خواستم، ماست دارید؟,buying
پرتقال موجود دارید؟,inquiring
می خواهم از وضعیت فعلی سفارش شماره 279 مطلع شوم.,tracking
ممنون عزیزم,chitchat
آیا خرید بیش از 1 عدد از روغن سرخ کردنی تخفیف دارد؟,inquiring
خمیری که 6 روز پیش به دستم رسید نیاز به تعویض دارد و خواهش می کنم آنها را برای من برگردانید.,returning
آیا می توانم روغن سرخ کردنی را که 2 روز پیش خریده ام پس بدهم؟,returning
آیا خرید ماست در روز جمعه تخفیف دارد؟,inquiring
لطفا سفارش شماره 1953 من را حذف کنید.,deleting
آیا این روزها پیشنهاد ویژه ای برای خرید کاهو دارید؟,inquiring
از خریدی که در روز جمعه انجام دادم پشیمانم، آن را لغو کنید.,deleting
آیا امکان پیگیری سفارش شماره 10 وجود دارد؟,tracking
آیا کره در طیف گسترده ای از مدل ها و طرح ها موجود است؟,inquiring
ماکارونی خریداری شده در تاریخ 1 معیوب است و می خواهم آن را برگردانم.,returning
آیا می توانید سفارش من را قبل از ساعت 6 روز پنجشنبه تحویل دهید؟,scheduling
ماهی مربوط به سفارش شماره 367 که روز دوشنبه خریداری شده نیاز به تعویض دارد.,returning
چگونه می توانم سفارش خود را لغو کنم؟,inquiring
سفارش من را یکشنبه ساعت 11 ارسال کنید.,scheduling
با توجه به نوسانات اخیر بازار چه تغییراتی در قیمت کره ایجاد شده است؟,inquiring
من می خواهم نان را از سفارشم حذف کنم.,editting
آیا امکان تحویل سفارش 1827 در روز دوشنبه وجود دارد؟,scheduling
سلام چطوری شریف؟,chitchat
آیا می توانید تا 5 عدد تخم مرغ را بسته بندی کنید و برای من بفرستید؟,buying
آیا می توانم سفارش شماره 851 را برای تحویل در 4 رزرو کنم؟,scheduling
آیا می توانید خرید من را چهارشنبه تا ساعت 9 ارسال کنید؟,scheduling
آیا می توانید 3 بسته روغن سرخ کردنی سفارش دهید؟,buying
آیا خرید نوشابه در روز چهارشنبه تخفیف دارد؟,inquiring
آیا خرید دیلاستر در روز دوشنبه تخفیف دارد؟,inquiring
من را به مرحله پرداخت ببرید زیرا خریدهای من تمام شده است.,finishing
من می خواهم مقداری از Delaster، 10 شانه را بردارم.,buying
سلام حال شما چطور؟,chitchat
آیا می توانید مرا به یک فرد مسئول وصل کنید؟,customer-service
آیا 11 لیتر سیب دارید؟,buying
روغن زیتونی که 4 روز پیش خریدم الان کجاست؟ پس کی ارسال میشه؟,tracking
آیا می توانم برای درخواست سفارش با پشتیبانی مشتری تماس بگیرم؟,customer-service
من گوجه فرنگی اشتباه خریدم، آیا می توانم آن را برگردانم؟,returning
دستور من 12 شانه رب می خواهد، آیا آنها موجود هستند؟,buying
من باید با کسی در مورد مشکلم صحبت کنم,customer-service
آیا می توانید سفارش من را قبل از ساعت 4 روز پنجشنبه تحویل دهید؟,scheduling
مقدار محصولات گوجه فرنگی را از 12 شانه به 4 شانه تغییر دهید.,editting
اخیرا چه خبر؟,chitchat
آیا Delaster در دسترس دارید؟,inquiring
آیا می توانم برای جزئیات محصول با پشتیبانی تماس بگیرم؟,customer-service
آیا درگاه پشتیبانی مشتری وجود دارد؟,customer-service
سلام حال شما چطور؟,chitchat
آیا امکان دریافت سفارش شماره 796 در تاریخ 3/3/1401 وجود دارد؟,scheduling
دوست دارم اسمت را بدانم,chitchat
من رژیم دارم و به 3 عدد سیب زمینی کم چرب نیاز دارم.,buying
خداحافظ,chitchat
میخواستم بدونم 8 تا نان موجود هست؟,inquiring
باید در مورد سفارشات با متخصص صحبت کنم,customer-service
محصول دلاستر را از سفارش من حذف کنید,editting
من می خواهم به روز رسانی ها را در مرحله ای که سفارش 1299 در آن است دریافت کنم. آخرین وضعیت سفارش چگونه است؟,tracking
آیا می توانم روغن زیتونی را که قبلاً در سبد گذاشته بودم با رب جایگزین کنم؟,editting
چطوری عزیزم,chitchat
چه کاری می توانید برای من انجام دهید؟,chitchat
چه کار میکنی؟,chitchat
1 کیلوگرم سیب زمینی بدهید,buying
من به 10 عدد داستر برای کباب کردن نیاز دارم,buying
آیا سفارش 2094 آماده ارسال است یا هنوز در انتظار ارسال است؟,tracking
سلام حال شما چطور؟,chitchat
آیا می توانم کالایی را در صورت استفاده از آن اما هنوز در شرایط خوبی برگردانم؟,inquiring
من می خواهم پوشک بچه را از سفارشم حذف کنم.,editting
لطفا، زمان انتظار برای تکمیل تحویل سفارش 2027 چه زمانی خواهد بود؟,tracking
می خواهم نوشابه ای را که در سبد خریدم گذاشته ام حذف کنم.,editting
بعد از ثبت سفارش 1370 در تاریخ 22/4/1403 کنجکاو هستم که چطور پیش می رود. آخرین گزارش چیست؟,tracking
دوباره اومدم,chitchat
آیا برای تعطیلات تابستانی تخفیف دارید؟,inquiring
از شما می خواهم زمان تحویل سفارش شماره 713 را برای تاریخ 1403/07/16 تعیین کنید.,scheduling
به دلیل تغییر در رژیم غذایی، می خواهم گوشت را از سبد خرید حذف کنم.,editting
متأسفانه باید از شما خواهش کنم که خرید من را لغو کنید زیرا اشتباه کردم.,deleting
لطفا نان سبد خریدم را با ماست به روز کنید چون تازه تر است.,editting
آیا امکان تحویل سفارش شماره 382 در روز شنبه وجود دارد؟,scheduling
آیا سفارش شماره 2006 شامل نان آماده ارسال است؟,tracking
شرایط مرجوع شدن کالا چیست؟,inquiring
سیب هایی که 10 روز پیش دریافت کردم نیاز به تعویض دارند و از شما می خواهم آنها را برای من برگردانید.,returning
من مشتاقم بدانم آیا سفارش 1526 ارسال شده است یا خیر.,tracking
من خیلی وقته از شما خرید می کنم، آیا می توانید برای محصولات ماهی به من تخفیف بدهید؟,inquiring
چه زمانی شماره پیگیری خود را دریافت خواهم کرد؟,inquiring
موفق باشید,chitchat
من 9 عدد از کاهو نیاز دارم.,buying
من میخوام 8 بطری سیب زمینی سفارش بدم,buying
می خواستم با یک متخصص صحبت کنم,customer-service
من می خواهم گوشت را در سبد خریدم حذف کنم.,editting
برای تهیه سالاد شیرازی 14 شانه ماهی می خواستم.,buying
سفارش من را قبل از ساعت 11 روز پنجشنبه تحویل دهید,scheduling
می خواستم سفارشم را پیگیری کنم,tracking
سفارش من را قبل از ساعت 3 سه شنبه تحویل دهید,scheduling
بلافاصله به کارشناس مراجعه کردم,customer-service
اگر سفارشم خراب شد چه کار کنم؟,inquiring
من می خواهم سفارش شماره 1708 خود را برگردانم,returning
می خواهم بدانم تخم مرغ نسبت به کالاهای مشابه چه مزیتی دارد؟,inquiring
آیا برای اولین خرید من از محصولات هویج کوپن تخفیف دارید؟,inquiring
ارسال سفارش من در تاریخ 9/4/1400,scheduling
چگونه می توانم با یک متخصص صحبت کنم؟,customer-service
کالاهای من را برای ساعت 4 روز پنجشنبه برنامه ریزی کنید.,scheduling
می خواهم بدانم سفارش شماره 41 کجا در حال انجام است.,tracking
میخواستم سفارشم رو ساعت 7 بفرستید.,scheduling
انتخاب من تمام شده است. لطفا سفارش من را ارسال کنید,finishing
وضعیت سفارش شماره 1107 چگونه است؟,tracking
من می خواهم سفارش شماره 247 خود را برگردانم,returning
سفارش من با شماره 2297 را پیدا کنید.,tracking
من یک درخواست بازگشت برای سفارش 1781 دارم.,returning
5 بطری به من بده,buying
می خواهم تخم مرغ های خریداری شده با شماره سفارش 1885 را در تاریخ 1/3/1401 به دلیل قدیمی بودن و آسیب دیده بودن برگردانم.,returning
من اشتباهی شماره سفارش 970 خریدم میخوام برگردونمش.,returning
به دلیل تخفیف ویژه ای که دیدم قصد دارم مرغ را با آب میوه جایگزین کنم.,editting
آیا سفارش 397 آماده ارسال است یا هنوز در مرحله پیش ارسال است؟,tracking
یا برای خرید عمده تخفیف دارید؟ من به 6 کیلو آب میوه علاقه دارم.,buying
میشه اسمتون رو بگید یا حتی خودتون رو معرفی کنید؟,chitchat
سفارش من را برای دوشنبه ارسال کنید زیرا من دیگر در خانه نیستم.,scheduling
ارسال سفارش 428 در تاریخ 6/8/1402.,scheduling
آیا می توانید توضیح دهید که چگونه تخم مرغ می تواند به بهبود طبیعی بودن و بدون مواد شیمیایی کمک کند؟,inquiring
آیا شما شاد و سلامت هستید؟,chitchat
از شما می خواهم این موارد را برای من ارسال کنید,finishing
من باید سفارش 929 را برگردانم,returning
آیا می توانید کاهو را از سفارش من لغو کنید؟,editting
من میخوام اسموتی درست کنم 2 لیتر کاهو مخلوط میخوام.,buying
