,text,label
0,باید کلی بشوری تا از روی صورت پاک بشود بویه ملایمی هم داره … پوست من مختلطه است مخصوص پوستهای خشک و معمولیش را گرفتم که زیاد قوی نباشد و پوستم را خشک نکند الان عدد ماه دارمش اوایلش راضی بودم اما بعد از سالها دیدم دور چشمام داره چروکهای خیلی ریز میفته دیگر عدد - عدد روز یک بار ازش استفاده میکنم ان هم فقط روی قسمته است چرب پوستم,1
1,باید کلی بشوری تا از روی صورت پاک بشود بویه ملایمی هم داره … پوست من مختلطه است مخصوص پوستهای خشک و معمولیش را گرفتم که زیاد قوی نباشد و پوستم را خشک نکند الان سه ماه دارمش اوایلش راضی بودم اما بعد از مدتی دیدم دور چشمام داره چروکهای خیلی ریز میفته دیگر عدد - عدد روز یک بار ازش استفاده میکنم ان هم فقط روی قسمته است چرب پوستم,1
2,باید کلی بشوری تا از روی صورت پاک بشود بویه ملایمی هم داره … پوست من مختلطه است مخصوص پوستهای خشک و معمولیش را گرفتم که زیاد قوی نباشد و پوستم را خشک نکند الان عدد ماه دارمش اوایلش راضی نبودم اما بعد از مدتی دیدم دور چشمام داره چروکهای خیلی ریز میفته دیگر عدد - عدد روز یک بار ازش استفاده میکنم ان هم فقط روی قسمته است چرب پوستم,1
3,باید کلی بشوری تا از روی صورت پاک بشود بویه ملایمی هم داره … پوست من مختلطه است مخصوص پوستهای خشک و معمولیش را گرفتم که زیاد قوی نباشد و پوستم را خشک نکند الان عدد ماه دارمش اوایلش راضی بودم اما بعد از مدتی دیدم دور صورت داره چروکهای خیلی ریز میفته دیگر عدد - عدد روز یک بار ازش استفاده میکنم ان هم فقط روی قسمته است چرب پوستم,1
4,باید خوب بشوری تا از روی صورت پاک بشود بویه ملایمی هم داره … پوست من مختلطه است مخصوص پوستهای خشک و معمولیش را گرفتم که زیاد قوی نباشد و پوستم را خشک نکند الان عدد ماه دارمش اوایلش راضی بودم اما بعد از مدتی دیدم دور چشمام داره چروکهای خیلی ریز میفته دیگر عدد - عدد روز یک بار ازش استفاده میکنم ان هم فقط روی قسمته است چرب پوستم,1
5,بعد کلی بشوری تا از روی صورت پاک بشود بویه ملایمی هم داره … پوست من مختلطه است مخصوص پوستهای خشک و معمولیش را گرفتم که زیاد قوی نباشد و پوستم را خشک نکند الان عدد ماه دارمش اوایلش راضی بودم اما بعد از مدتی دیدم دور چشمام داره چروکهای خیلی ریز میفته دیگر عدد - عدد روز یک بار ازش استفاده میکنم ان هم فقط روی قسمته است چرب پوستم,1
6,باید کلی بشوری تا از روی پوست پاک بشود بویه ملایمی هم داره … پوست من مختلطه است مخصوص پوستهای خشک و معمولیش را گرفتم که زیاد قوی نباشد و پوستم را خشک نکند الان عدد ماه دارمش اوایلش راضی بودم اما بعد از مدتی دیدم دور چشمام داره چروکهای خیلی ریز میفته دیگر عدد - عدد روز یک بار ازش استفاده میکنم ان هم فقط روی قسمته است چرب پوستم,1
7,باید کلی بشوری تا از روی صورت پاک بشود بویه ملایمی هم داره … پوست من مختلطه است مخصوص پوستهای خشک و معمولیش را گرفتم که زیاد قوی نباشد و پوستم را خشک نکند … عدد ماه دارمش اوایلش راضی بودم اما بعد از مدتی دیدم دور چشمام داره چروکهای خیلی ریز میفته دیگر عدد - عدد روز یک بار ازش استفاده میکنم ان هم فقط روی قسمته است چرب پوستم,1
8,باید کلی بشوری تا از روی صورت پاک بشود بویه ملایمی هم داره … پوست من مختلطه است مخصوص پوستهای خشک و معمولیش را گرفتم که زیاد قوی نباشد و پوستم را خشک نکند الان عدد ماه دارمش اوایلش راضی بودم اما بعد از مدتی دیدم دور چشمام داره چروکهایم ریز میفته دیگر عدد - عدد روز یک بار ازش استفاده میکنم ان هم فقط روی قسمته است چرب پوستم,1
9,باید کلی بشوری تا از روی صورت برداشته بشود بویه ملایمی هم داره … پوست من مختلطه است مخصوص پوستهای خشک و معمولیش را گرفتم که زیاد قوی نباشد و پوستم را خشک نکند الان عدد ماه دارمش اوایلش راضی بودم اما بعد از مدتی دیدم دور چشمام داره چروکهای خیلی ریز میفته دیگر عدد - عدد روز یک بار ازش استفاده میکنم ان هم فقط روی قسمته است چرب پوستم,1
10,باید کلی بشوری تا از روی صورت پاک بشود بویه ملایمی هم داره … پوست من مختلطه است مخصوص پوستهای خشک و معمولیش قرار گرفتم که زیاد قوی نباشد و پوستم را خشک نکند الان عدد ماه دارمش اوایلش راضی بودم اما بعد از مدتی دیدم دور چشمام داره چروکهای خیلی ریز میفته دیگر عدد - عدد روز یک بار ازش استفاده میکنم ان هم فقط روی قسمته است چرب پوستم,1
11,باید کلی بشوری و از روی صورت پاک بشود بویه ملایمی هم داره … پوست من مختلطه است مخصوص پوستهای خشک و معمولیش را گرفتم که زیاد قوی نباشد و پوستم را خشک نکند الان عدد ماه دارمش اوایلش راضی بودم اما بعد از مدتی دیدم دور چشمام داره چروکهای خیلی ریز میفته دیگر عدد - عدد روز یک بار ازش استفاده میکنم ان هم فقط روی قسمته است چرب پوستم,1
12,باید کلی بشوری تا از روی صورت پاک بشود بویه ملایمی هم داره … پوست من مختلطه است مخصوص پوستهای چرب و معمولیش را گرفتم که زیاد قوی نباشد و پوستم را خشک نکند الان عدد ماه دارمش اوایلش راضی بودم اما بعد از مدتی دیدم دور چشمام داره چروکهای خیلی ریز میفته دیگر عدد - عدد روز یک بار ازش استفاده میکنم ان هم فقط روی قسمته است چرب پوستم,1
13,باید کلی بشوری تا از روی صورت پاک بشود بویه ملایمی هم داره … پوست من مختلطه است مخصوص پوستهای خشک و معمولیش را گرفتم که زیاد قوی نباشد و پوستم را خشک نکند الان عدد ماه دارمش اوایلش جوان بودم اما بعد از مدتی دیدم دور چشمام داره چروکهای خیلی ریز میفته دیگر عدد - عدد روز یک بار ازش استفاده میکنم ان هم فقط روی قسمته است چرب پوستم,1
14,باید کلی بشوری تا از روی صورت پاک بشود بویه ملایمی هم داره … پوست من مختلطه است مخصوص پوستهای خشک و معمولیش را گرفتم که زیاد قوی نباشد و پوستم را خشک نکند الان عدد ماه دارمش اوایلش راضی بودم اما بعد از مدتی دیدم دور چشمام داره چروکهای خیلی ریز میفته دیگر عدد - عدد روز یک بار ازش استفاده میکنم ان هم فقط روی قسمته است که پوستم,1
15,باید کلی بشوری تا از روی صورت پاک بشود بویه ملایمی هم داره … پوست من مختلطه است من پوستهای خشک و معمولیش را گرفتم که زیاد قوی نباشد و پوستم را خشک نکند الان عدد ماه دارمش اوایلش راضی بودم اما بعد از مدتی دیدم دور چشمام داره چروکهای خیلی ریز میفته دیگر عدد - عدد روز یک بار ازش استفاده میکنم ان هم فقط روی قسمته است چرب پوستم,1
16,نخرید رنگش در بازار به دست,1
17,وقتی رنگش در میاید به دست,1
18,نخرید رنگش در روغن به دست,1
19,هفته پیش گرفتم. ظاهرش خیلی خوب است ولی بعده عدد عدد روز دوره لبش شکست عدد عدد روز بیشتر کار نمیکند. و اصلا توصیه نمیکنم.,1
20,هفته پیش گرفتم. ظاهرش خیلی خوبه است ولی بعده که عدد روز دوره لبش شکست عدد عدد روز بیشتر کار نمیکند. و اصلا توصیه نمیکنم.,1
21,هفته پیش گرفتم. ظاهرش خیلی خوبه است ولی بعده عدد عدد روز بیشتر لبش شکست عدد عدد روز بیشتر کار نمیکند. و اصلا توصیه نمیکنم.,1
22,هفته پیش گرفتم. ظاهرش هم خوبه است ولی بعده عدد عدد روز دوره لبش شکست عدد عدد روز بیشتر کار نمیکند. و اصلا توصیه نمیکنم.,1
23,هفته پیش گرفتم. ظاهرش خیلی خوبه است ولی بعده عدد عدد یک دوره لبش شکست عدد عدد روز بیشتر کار نمیکند. و اصلا توصیه نمیکنم.,1
24,هفته پیش گرفتم. ظاهرش خیلی خوبه. ولی بعده عدد عدد روز دوره لبش شکست عدد عدد روز بیشتر کار نمیکند. و اصلا توصیه نمیکنم.,1
25,هفته پیش گرفتم. ظاهرش خیلی خوبه است. بعده عدد عدد روز دوره لبش شکست عدد عدد روز بیشتر کار نمیکند. و اصلا توصیه نمیکنم.,1
26,هرچقدر بگم سفت و سخته این کرم کم گفتم … به سختی را پوست پخش میشود و تا چند دقیقه حس این را داری که یک چیزی چسبیده به صورتت. کاور متوسطی داره رنگش برای من که الان تقریبا یهدرجه روشنه است و برای سبزهها یا گندمیای تیره خوبه است. در کل هیچوقت سمتش نمیروم دوباره. برخلاف محصولات دیگر این برند.,1
27,هرچقدر بگم سفت ، سخته این کرم کم گفتم … به سختی را پوست پخش میشود و تا چند دقیقه حس این را داری که یک چیزی چسبیده به صورتت. کاور متوسطی داره رنگش برای من که برنزم تقریبا یهدرجه روشنه است و برای سبزهها یا گندمیای تیره خوبه است. در کل هیچوقت سمتش نمیروم دوباره. برخلاف محصولات دیگر این برند.,1
28,هرچقدر بگم سفت و سخته این را کم گفتم … به سختی را پوست پخش میشود و تا چند دقیقه حس این را داری که یک چیزی چسبیده به صورتت. کاور متوسطی داره رنگش برای من که برنزم تقریبا یهدرجه روشنه است و برای سبزهها یا گندمیای تیره خوبه است. در کل هیچوقت سمتش نمیروم دوباره. برخلاف محصولات دیگر این برند.,1
29,هرچقدر بگم سفت و سخته این کرم کم گفتم … به سختی را پوست پخش میکنی و تا چند دقیقه حس این را داری که یک چیزی چسبیده به صورتت. کاور متوسطی داره رنگش برای من که برنزم تقریبا یهدرجه روشنه است و برای سبزهها یا گندمیای تیره خوبه است. در کل هیچوقت سمتش نمیروم دوباره. برخلاف محصولات دیگر این برند.,1
30,هرچقدر بگم سفت و سخته این کرم کم گفتم … به سختی را پوست پخش میشود و تا چند دقیقه حس این را داری که یک کرم چسبیده به صورتت. کاور متوسطی داره رنگش برای من که برنزم تقریبا یهدرجه روشنه است و برای سبزهها یا گندمیای تیره خوبه است. در کل هیچوقت سمتش نمیروم دوباره. برخلاف محصولات دیگر این برند.,1
31,هرچقدر بگم سفت و سخته این کرم کم گفتم … به سختی را پوست پخش میشود و تا چند دقیقه حس این را داری به یک چیزی چسبیده به صورتت. کاور متوسطی داره رنگش برای من که برنزم تقریبا یهدرجه روشنه است و برای سبزهها یا گندمیای تیره خوبه است. در کل هیچوقت سمتش نمیروم دوباره. برخلاف محصولات دیگر این برند.,1
32,هرچقدر بگم سفت و سخته این کرم کم گفتم … به سختی را پوست پخش میشود و تا چند دقیقه حس این را داری که یک چیزی چسبیده به صورتت. کاور متوسطی داره رنگش برای من که برنزم تقریبا یهدرجه روشنه است و برای سبزهها یا گندمیای خیلی خوبه است. در کل هیچوقت سمتش نمیروم دوباره. برخلاف محصولات دیگر این برند.,1
33,هرچقدر بگم سفت و سخته این کرم کم گفتم … به سختی را پوست پخش میشود و برای چند دقیقه حس این را داری که یک چیزی چسبیده به صورتت. کاور متوسطی داره رنگش برای من که برنزم تقریبا یهدرجه روشنه است و برای سبزهها یا گندمیای تیره خوبه است. در کل هیچوقت سمتش نمیروم دوباره. برخلاف محصولات دیگر این برند.,1
34,هرچقدر بگم سفت و سخته این کرم کم گفتم … به سختی را پوست پخش میشود و تا چند دقیقه حس این را داری که یک چیزی چسبیده به صورتت. کاور متوسطی داره رنگش برای من که برنزم تقریبا یهدرجه روشنه است و برای سبزهها یا گندمیای تیره خوبه است. در کل هیچوقت سمتش نمیروم دوباره. برخلاف محصولات دیگر این نیست.,1
35,هرچقدر بگم سفت و سخته این کرم کم گفتم … به سختی را پوست پخش میشود و تا چند دقیقه حس این را داری که یک چیزی چسبیده به صورتت. کاور متوسطی داره رنگش برای من که برنزم تقریبا یهدرجه روشنه است و برای سبزهها یا قهوهای تیره خوبه است. در کل هیچوقت سمتش نمیروم دوباره. برخلاف محصولات دیگر این برند.,1
36,هرچقدر بگم سفت و سخته این کرم کم گفتم … به سختی را پوست پخش میشود و تا چند دقیقه حس این را داری که یک چیزی چسبیده به صورتت. کاور متوسطی داره رنگش برای این که برنزم تقریبا یهدرجه روشنه است و برای سبزهها یا گندمیای تیره خوبه است. در کل هیچوقت سمتش نمیروم دوباره. برخلاف محصولات دیگر این برند.,1
37,هرچقدر بگم سفت و سخته این کرم کم گفتم … به سختی را پوست پخش میشود و تا چند دقیقه حس این را داری که یک چیزی چسبیده به پوست. کاور متوسطی داره رنگش برای من که برنزم تقریبا یهدرجه روشنه است و برای سبزهها یا گندمیای تیره خوبه است. در کل هیچوقت سمتش نمیروم دوباره. برخلاف محصولات دیگر این برند.,1
38,هرچقدر بگم سفت و سخته این کرم کم گفتم … به سختی را پوست پخش میشود و تا چند دقیقه حس این را داری که چه چیزی چسبیده به صورتت. کاور متوسطی داره رنگش برای من که برنزم تقریبا یهدرجه روشنه است و برای سبزهها یا گندمیای تیره خوبه است. در کل هیچوقت سمتش نمیروم دوباره. برخلاف محصولات دیگر این برند.,1
39,هرچقدر بگم سفت و سخته این کرم کم گفتم … به سختی را پوست پخش میشود و تا چند دقیقه حس این را داری که یک چیزی چسبیده به صورتت. کاور متوسطی داره رنگش برای من که تقریبا تقریبا یهدرجه روشنه است و برای سبزهها یا گندمیای تیره خوبه است. در کل هیچوقت سمتش نمیروم دوباره. برخلاف محصولات دیگر این برند.,1
40,هرچقدر بگم سفت و سخته این کرم کم گفتم … به سختی را پوست پخش میشود و تا چند دقیقه حس این را داری که یک چیزی چسبیده به صورتت. کاور متوسطی داره رنگش برای من که برنزم تقریبا یهدرجه روشنه است و برای گندمی یا گندمیای تیره خوبه است. در کل هیچوقت سمتش نمیروم دوباره. برخلاف محصولات دیگر این برند.,1
41,متاسفانه بخاطر تعریفهای زیادی که برایم شده بود خریدم. اصلا روی جوش تاثیری ندارد. پوست را فوقالعاده خشک و کدر میکند.,1
42,متاسفانه بخاطر تعریفهای زیادی که ازش شده بود خریدم. اصلا روی جوش تاثیری ندارد. ان را فوقالعاده خشک و کدر میکند.,1
43,متاسفانه بخاطر تعریفهای زیادی که ازش میکنم خریدم. اصلا روی جوش تاثیری ندارد. پوست را فوقالعاده خشک و کدر میکند.,1
44,متاسفانه بخاطر تعریفهای زیادی که ازش شده بود خریدم. اصلا روی جوش تاثیری ندارد. پوست را خیلی خشک و کدر میکند.,1
45,متاسفانه با تعریفهای زیادی که ازش شده بود خریدم. اصلا روی جوش تاثیری ندارد. پوست را فوقالعاده خشک و کدر میکند.,1
46,متاسفانه بخاطر تعریفهای زیادی که ازش شده بود خریدم. اصلا روی جوش تاثیری ندارد. پوست را فوقالعاده خشک و کدر میکند.,1
47,چیزی که در تعریف این محصول درباره محفظه نگهدارینده نوشته : محفظهی اشکیمانند ماسک پیوردرم از جنس شیشهی شفاف ساختهشده و در ان بهصورت چوبپنبهای است. اصلا صحت ندارد و بسته بندی کاغذیه است و در هیچ وجه به شکلی که در توضیحات اشارهشده شباهت ندارد.,1
48,چیزی که در تعریف این محصول درباره محفظه نگهدارینده نوشته : محفظهی اشکیمانند ماسک پیوردرم از جنس شیشهی شفاف ساختهشده و در ان بهصورت چوبپنبهای است. این اصلا صحت ندارد و بسته بندی کاغذیه است و به هیچ وجه به شکلی که در توضیحات اشارهشده شباهت ندارد.,1
49,چیزی که در تعریف این محصول درباره محفظه نگهدارینده نوشته : محفظهی اشکیمانند ماسک پیوردرم از جنس شیشهی شفاف ساختهشده و در ان بهصورت چوبپنبهای است. اصلا صحت ندارد و بسته بندی کاغذیه است و به هیچ وجه به شکلی که در توضیحات اشارهشده صحت ندارد.,1
50,چیزی که در تعریف این محصول درباره محفظه نگهدارینده نوشته : محفظهی اشکیمانند ماسک پیوردرم از جنس شیشهی شفاف ساختهشده و در ان بهصورت چوبپنبهای ساختهشده. اصلا صحت ندارد و بسته بندی کاغذیه است و به هیچ وجه به شکلی که در توضیحات اشارهشده شباهت ندارد.,1
51,چیزی که در تعریف این محصول درباره محفظه نگهدارینده نوشته : محفظهی اشکیمانند ماسک پیوردرم از جنس شیشهی شفاف ساختهشده و در ان بهصورت چوبپنبهای است. اصلا صحت ندارد و بسته بندی کاغذیه است و به هیچ وجه به چیزی که در توضیحات اشارهشده شباهت ندارد.,1
52,چیزی دیگر در تعریف این محصول درباره محفظه نگهدارینده نوشته : محفظهی اشکیمانند ماسک پیوردرم از جنس شیشهی شفاف ساختهشده و در ان بهصورت چوبپنبهای است. اصلا صحت ندارد و بسته بندی کاغذیه است و به هیچ وجه به شکلی که در توضیحات اشارهشده شباهت ندارد.,1
53,چیزی که در تعریف این محصول درباره محفظه نگهدارینده نوشته : محفظهی اشکیمانند ماسک پیوردرم از جنس شیشهی شفاف ساختهشده و در ان بهصورت چوبپنبهای است. اصلا وجود ندارد و بسته بندی کاغذیه است و به هیچ وجه به شکلی که در توضیحات اشارهشده شباهت ندارد.,1
54,چیزی که در تعریف این محصول درباره محفظه نگهدارینده نوشته : محفظهی اشکیمانند ماسک پیوردرم از جنس شیشهی شفاف ساختهشده و در ان بهصورت چوبپنبهای است. اصلا صحت نداشته و بسته بندی کاغذیه است و به هیچ وجه به شکلی که در توضیحات اشارهشده شباهت ندارد.,1
55,چیزی که دربارهی تعریف این محصول درباره محفظه نگهدارینده نوشته : محفظهی اشکیمانند ماسک پیوردرم از جنس شیشهی شفاف ساختهشده و در ان بهصورت چوبپنبهای است. اصلا صحت ندارد و بسته بندی کاغذیه است و به هیچ وجه به شکلی که در توضیحات اشارهشده شباهت ندارد.,1
56,چیزی که در تعریف این محصول درباره محفظه نگهدارینده نوشته : محفظهی اشکیمانند ماسک پیوردرم از جنس شیشهی شفاف ساختهشده و در ان شبیه چوبپنبهای است. اصلا صحت ندارد و بسته بندی کاغذیه است و به هیچ وجه به شکلی که در توضیحات اشارهشده شباهت ندارد.,1
57,چیزی که در تعریف این محصول درباره محفظه نگهدارینده نوشته : محفظهی اشکیمانند ماسک پیوردرم از جنس شیشهی شفاف ساختهشده که در ان بهصورت چوبپنبهای است. اصلا صحت ندارد و بسته بندی کاغذیه است و به هیچ وجه به شکلی که در توضیحات اشارهشده شباهت ندارد.,1
58,چیزی که در تعریف کلی محصول درباره محفظه نگهدارینده نوشته : محفظهی اشکیمانند ماسک پیوردرم از جنس شیشهی شفاف ساختهشده و در ان بهصورت چوبپنبهای است. اصلا صحت ندارد و بسته بندی کاغذیه است و به هیچ وجه به شکلی که در توضیحات اشارهشده شباهت ندارد.,1
59,با سلام. طراحی این کولهپشتی بسیار بد است و بیش از انکه به کولهپشتی لپتاپ شبیه باشد شبیه کیف مدارس است. شایسته است به جنس اجناس دقت بیشتری داشته باشد,1
60,با سلام. جنس این کولهپشتی بسیار بد است و بیش از انکه به کولهپشتی لپتاپ شبیه باشد شبیه کیف مدارس است. باید به جنس اجناس دقت بیشتری داشته باشد,1
61,با سلام. جنس این کولهپشتی بسیار بد است اما بیش از انکه به کولهپشتی لپتاپ شبیه باشد شبیه کیف مدارس است. شایسته است به جنس اجناس دقت بیشتری داشته باشد,1
62,با سلام. جنس این کولهپشتی بسیار بد است و بیش از انکه به کولهپشتی لپتاپ شبیه باشد شبیه کیف مدارس است. شایسته است به جنس ان دقت بیشتری داشته باشد,1
63,با سلام. جنس این کولهپشتی بسیار بد است و بیش از انکه به کولهپشتی لپتاپ شبیه باشد شبیه کیف لپتاپ است. شایسته است به جنس اجناس دقت بیشتری داشته باشد,1
64,با سلام. جنس این کولهپشتی بسیار بد است و بیش از انکه به کولهپشتی لپتاپ شبیه باشد شبیه کیف کفش است. شایسته است به جنس اجناس دقت بیشتری داشته باشد,1
65,با سلام. جنس این کولهپشتی بسیار بد بوده و بیش از انکه به کولهپشتی لپتاپ شبیه باشد شبیه کیف مدارس است. شایسته است به جنس اجناس دقت بیشتری داشته باشد,1
66,با سلام. جنس این کولهپشتی بسیار بد است و بیش از انکه به کولهپشتی لپتاپ شبیه باشد شبیه کیف مدارس است. شایسته است به جنس اجناس دقت بیشتری داشته باشد,1
67,من این و خریدم وقتی به دستم رسید دیدم عین یک طلقه است ، کلا هیچ کاری نکردم برای گوشی و پس دادم. اصلا پیشنهاد نمیکنم پولتان و بابتش بدید.,1
68,من این و خریدم و به دستم رسید دیدم عین یک طلقه است ، کلا هیچ کاری نمیکند برای گوشی و پس دادم. اصلا پیشنهاد نمیکنم پولتان و بابتش بدید.,1
69,من این و خریدم وقتی به دستم رسید دیدم عین یک طلقه است ، کلا هیچ کاری نمیکند برای گوشی و پس دادم. اصلا فکر نمیکنم پولتان و بابتش بدید.,1
70,من این و خریدم وقتی به دستم رسید دیدم عین یک طلقه است ، کلا هیچ کاری نمیکند برای گوشی و پس انداز. اصلا پیشنهاد نمیکنم پولتان و بابتش بدید.,1
71,من این و خریدم وقتی به دستم رسید دیدم عین یک طلقه است ، کلا هیچ کاری نمیکند برای این و پس دادم. اصلا پیشنهاد نمیکنم پولتان و بابتش بدید.,1
72,من این گوشی خریدم وقتی به دستم رسید دیدم عین یک طلقه است ، کلا هیچ کاری نمیکند برای گوشی و پس دادم. اصلا پیشنهاد نمیکنم پولتان و بابتش بدید.,1
73,من رفتم و خریدم وقتی به دستم رسید دیدم عین یک طلقه است ، کلا هیچ کاری نمیکند برای گوشی و پس دادم. اصلا پیشنهاد نمیکنم پولتان و بابتش بدید.,1
74,من این و خریدم وقتی به دستم رسید دیدم عین یک طلقه است ، کلا هیچ کاری نمیکند برای گوشی و تبلت دادم. اصلا پیشنهاد نمیکنم پولتان و بابتش بدید.,1
75,درود. الیاف این مسواک از کیفیت خوبی برخوردار نبوده و با هر مرتبه مسواک زدن نیز از جای خود کنده میشد.,1
76,درود. الیاف این مسواک از کیفیت خوبی برخوردار نبوده و با یک بار مسواک زدن نیز از جای خود کنده میشد.,1
77,درود. الیاف این مسواک از کیفیت خوبی برخوردار نبوده و با هر بار مسواک کردن نیز از جای خود کنده میشد.,1
78,درود. الیاف این مسواک ار کیفیت خوبی برخوردار نبوده و با هر بار مسواک زدن نیز از جای خود کنده میشد.,1
79,درود. الیاف این محصول از کیفیت خوبی برخوردار نبوده و با هر بار مسواک زدن نیز از جای خود کنده میشد.,1
80,درود. الیاف این مسواک از کیفیت خوبی برخوردار نبوده و در هر بار مسواک زدن نیز از جای خود کنده میشد.,1
81,خیلی بد رنگ میکند قشنگ طبیعی است یک چیز مالیدی به خودت خیلی غیر طبیعیه است اردن خیلی رنگش طبیعی تره,1
82,خیلی بد رنگ میکند قشنگ معلومه است یک چیز مالیدی به خودت خیلی غیر طبیعیه است اردن خیلی غیر طبیعی تره,1
83,خیلی بد رنگ میکند قشنگ معلومه است یک چیز مالیدی به خودت خیلی غیر طبیعیه است اردن خیلی رنگش طبیعی.,1
84,خیلی بد رنگ میکند قشنگ معلومه است یک چیز مالیدی روی خودت خیلی غیر طبیعیه است اردن خیلی رنگش طبیعی تره,1
85,خیلی بد رنگ میکند قشنگ قشنگ است یک چیز مالیدی به خودت خیلی غیر طبیعیه است اردن خیلی رنگش طبیعی تره,1
86,خیلی بد رنگ میکند قشنگ معلومه است یک چیز مالیدی به خودت خیلی رنگش طبیعیه است اردن خیلی رنگش طبیعی تره,1
87,جواب بده اصلا به درد نمیخورد,1
88,خیلی بده اصلا به من نمیخورد,1
89,پول بده اصلا به درد نمیخورد,1
90,من ابی روشن سفارش دادم اصلا ان ابی نبود که در عکس بود ، عدد روز استفاده کردم گوشهی قاب خود به خود شکست.,1
91,من ابی روشن سفارش دادم اصلا ان رنگی نبود که در عکس گرفتم ، عدد روز استفاده کردم گوشهی قاب خود به خود شکست.,1
92,من ابی روشن سفارش دادم ، ان رنگی نبود که در عکس بود ، عدد روز استفاده کردم گوشهی قاب خود به خود شکست.,1
93,من ابی که سفارش دادم اصلا ان رنگی نبود که در عکس بود ، عدد روز استفاده کردم گوشهی قاب خود به خود شکست.,1
94,من ابی روشن سفارش دادم اصلا ان رنگی را که در عکس بود ، عدد روز استفاده کردم گوشهی قاب خود به خود شکست.,1
95,من ابی روشن سفارش دادم اصلا ان رنگی نبود که در عکس بود ، عدد روز استفاده کردم گوشهی قاب خود به خود گرفتم.,1
96,من ابی روشن نشان دادم اصلا ان رنگی نبود که در عکس بود ، عدد روز استفاده کردم گوشهی قاب خود به خود شکست.,1
97,قسمتهای نگهدارنده گوشی ، جنس بدیه و خیلی زود خورد میشود و اگر گوشی از دست بیفته است یا از گوشی جدا میشود یا میشکند,1
98,قسمتهای نگهدارنده گوشی از جنس بدیه و خیلی زود خورد میشود و اگر گوشی از دست بیفته است یا از گوشی جدا میشود یا میشکند,1
99,قسمتهای نگهدارنده گوشی از جنس بدیه و بسیار زود خورد میشود و اگر گوشی از دست بیفته است یا از گوشی جدا میشود یا میشکند,1
100,قسمتهای نگهدارنده گوشی از جنس بدیه و خیلی زود خورد میشود و اگر گوشی از دست بیفته است یا از گوشی جدا میشود یا.,1
101,قسمتهای نگهدارنده گوشی از جنس بدیه و خیلی زود خورد میشود و اگر گوشی از دست بیفته است یا از گوشی جدا میشود یا!,1
102,مواد نگهدارنده گوشی از جنس بدیه و خیلی زود خورد میشود و اگر گوشی از دست بیفته است یا از گوشی جدا میشود یا میشکند,1
103,قسمتهای نگهدارنده گوشی از جنس بدیه و خیلی زود خورد میشود و اگر گوشی از دست بیفته است یا از گوشی خارج میشود یا میشکند,1
104,این کابل فقط چند ثانیه گوشی را شارژ میکند و بعد قطع میشود … با انواع کابل و پورت یو اس بی امتحان کردم. قطع میشود.,1
105,این کابل فقط چند ثانیه گوشی را شارژ میکند و بعد خاموش میشود … با انواع باتری و پورت یو اس بی امتحان کردم. قطع میشود.,1
106,این کابل فقط چند دقیقه گوشی را شارژ میکند و بعد قطع میشود … با انواع باتری و پورت یو اس بی امتحان کردم. قطع میشود.,1
107,این کابل فقط چند ثانیه گوشی را شارژ میکند ، بعد قطع میشود … با انواع باتری و پورت یو اس بی امتحان کردم. قطع میشود.,1
108,این کابل فقط چند ثانیه گوشی را شارژ میکند و بعد قطع میشود … با انواع باتری و پورت یو بی بی امتحان کردم. قطع میشود.,1
109,این کابل فقط چند ثانیه گوشی را شارژ میکند و بعد قطع میشود … من انواع باتری و پورت یو اس بی امتحان کردم. قطع میشود.,1
110,این کابل ظرف چند ثانیه گوشی را شارژ میکند و بعد قطع میشود … با انواع باتری و پورت یو اس بی امتحان کردم. قطع میشود.,1
111,.,1
112,:,1
113,صحت ندارد,1
114,اشکالی ندارد,1
115,حتی ماسک زغال از این بهتر است. چون ازش تعریف کرده بودند خریدم اما برای من که پوست روشن و چرب دارم اصلا خوب نبود. اثری ندارد. کمی به پوست رنگ میدهد و شستشوی ان سخت هست.,1
116,حتی ماسک زغال از این بهتره است. چون ازش تعریف کرده بودند خریدم اما برای من که پوست روشن و چرب دارم اصلا خوب نبود. اثری ندارد. کمی هم پوست رنگ میدهد و شستشوی ان سخت هست.,1
117,حتی ماسک زغال از این بهتره است. چون ازش تعریف کرده بودند خریدم اما برای من که پوست روشن و چرب دارم اصلا خوب نبود. اثری ندارد. کمی به پوست رنگ میدهد و شستشوی ان سخت هست.,1
118,حتی ماسک زغال از این بهتره است. چون ازش تعریف کرده بودند خریدم اما برای من که پوست روشن و چرب دارم اصلا خوب نیست. اثری ندارد. کمی به پوست رنگ میدهد و شستشوی ان سخت هست.,1
119,حتی ماسک زغال از این بهتره است. چون قبلا تعریف کرده بودند خریدم اما برای من که پوست روشن و چرب دارم اصلا خوب نبود. اثری ندارد. کمی به پوست رنگ میدهد و شستشوی ان سخت هست.,1
120,حتی ماسک زغال از این بهتره است. چون ازش تعریف کرده بودند خریدم اما برای من که پوست روشن و چرب دارم اصلا خوب نبود. اثری ندارد. چون به پوست رنگ میدهد و شستشوی ان سخت هست.,1
121,حتی ماسک زغال از این بدتر است. چون ازش تعریف کرده بودند خریدم اما برای من که پوست روشن و چرب دارم اصلا خوب نبود. اثری ندارد. کمی به پوست رنگ میدهد و شستشوی ان سخت هست.,1
122,این ماسک زغال از این بهتره است. چون ازش تعریف کرده بودند خریدم اما برای من که پوست روشن و چرب دارم اصلا خوب نبود. اثری ندارد. کمی به پوست رنگ میدهد و شستشوی ان سخت هست.,1
123,حتی ماسک زغال از این بهتره است. چون ازش تعریف کرده بودند خریدم اما برای من که پوست روشن و چرب دارم اصلا خوب است. اثری ندارد. کمی به پوست رنگ میدهد و شستشوی ان سخت هست.,1
124,حتی ماسک زغال از این بهتره است. چون ازش تعریف کرده بودند خریدم اما برای من که پوست خشک و چرب دارم اصلا خوب نبود. اثری ندارد. کمی به پوست رنگ میدهد و شستشوی ان سخت هست.,1
125,اولش دو دل دل بگیرم یا نه بعد اینکه گرفتم رسید دستم واقعا شگفتزده شودم ولی بعد یک مدت از بغل چسبش خراب شد و دیگر قابلاستفاده نیست,1
126,اولش دو دل بودم بگیرم یا نه بعد که گرفتم رسید دستم واقعا شگفتزده شودم ولی بعد یک مدت از بغل چسبش خراب شد و دیگر قابلاستفاده نیست,1
127,اولش دو دل بودم بگیرم یا نه بعد اینکه گرفتم رسید دستم واقعا شگفتزده شودم ولی بعد یک مدت از بغل چسبش پاره شد و دیگر قابلاستفاده نیست,1
128,اولش دو دل بودم بگیرم یا نه بعد اینکه گرفتم رسید که واقعا شگفتزده شودم ولی بعد یک مدت از بغل چسبش خراب شد و دیگر قابلاستفاده نیست,1
129,اولش دو دل بودم بگیرم یا نه بعد اینکه گرفتم رسید دستم واقعا شگفتزده شودم ولی بعد یک مدت از بغل چسبش جدا شد و دیگر قابلاستفاده نیست,1
130,اولش دو دل بودم بگیرم یا نه بعد اینکه دستم رسید دستم واقعا شگفتزده شودم ولی بعد یک مدت از بغل چسبش خراب شد و دیگر قابلاستفاده نیست,1
131,اولش دو دل بودم بگیرم یا نه بعد اینکه گرفتم رسید دستم واقعا شگفتزده شودم ولی بعد یک مدت از بغل دستم خراب شد و دیگر قابلاستفاده نیست,1
132,خیلی بده واقعا پولم را ریختم دور چون این گوشی کلا میپرد,1
133,خیلی بده واقعا پولم را ریختم دور چون انتن گوشی دارد میپرد,1
134,خیلی بده واقعا پولم را ریختم دور چون انتن گوشی میاید میپرد,1
135,خیلی بده واقعا پولم را ریختم ، چون انتن گوشی کلا میپرد,1
136,اسامی سامسونگ زیر مدل grnd قرار دارن فقط کار میکند بالاتر کار نمیکند,1
137,اسامی سامسونگ زیر مدل grnd perym دارن که کار میکند بالاتر کار نمیکند,1
138,اسامی سامسونگ زیر مدل grnd perym دارن فقط کار میکند بالاتر کار میکند,1
139,اسامی سامسونگ زیر مدل : perym دارن فقط کار میکند بالاتر کار نمیکند,1
140,افتضاح. به معنی واقعی کلمه. جوشها را زیاد میکند. احساس میکنی مایع ظرفشویی به صورتت میزنی. من دوتا تهیه کردم. ولی بعد از چند روز استفاده کنار گذاشتم. تعجب میکنم از کسانی که کلی تعریف کرده بودن. عزیزان نظرات شما در تصمیمگیری دیگران موثره است. پس لطفا در کامنت گذاشتن دقت کنید,1
141,افتضاح. به معنی واقعی کلمه. جوشها را زیاد میکند. احساس میکنی مایع ظرفشویی به صورتت میزنی. من دوتا تهیه کردم. ولی بعد از چند بار استفاده کنار گذاشتم. تعجب میکنم از کسانی که کلی تعریف کرده بودند. عزیزان نظرات شما در تصمیمگیری دیگران موثره است. پس لطفا در کامنت گذاشتن دقت کنید,1
142,افتضاح. به معنی واقعی کلمه. جوشها را زیاد میکند. احساس میکنی مایع ظرفشویی به صورتت میزنی. من دوتا تهیه کردم. ولی بعد از چند بار استفاده کنار گذاشتم. تعجب میکنم از کسانی که کلی فکر کرده بودن. عزیزان نظرات شما در تصمیمگیری دیگران موثره است. پس لطفا در کامنت گذاشتن دقت کنید,1
143,افتضاح. به معنی واقعی کلمه. جوشها را زیاد میکند. احساس میکنی مایع ظرفشویی به صورتت میزنی. من دوتا تهیه کردم. ولی بعد از چند بار استفاده کنار گذاشتم. تعجب میکنم از کسانی که کلی تعریف کرده بودن. چون نظرات شما در تصمیمگیری دیگران موثره است. پس لطفا در کامنت گذاشتن دقت کنید,1
144,افتضاح. به معنی واقعی کلمه. جوشها را زیاد میکند. احساس میکنی مایع ظرفشویی به صورتت میزنی. من دوتا تهیه کردم. ولی بعد از چند بار استفاده کنار گذاشتم. تعجب میکنم از کسانی که کلی تعریف کرده بودن. عزیزان نظرات شما در تصمیمگیری دیگران موثره است. پس لطفا در کامنت گذاشتن دقت کنید,1
145,افتضاح. به معنی واقعی کلمه. جوشها را زیاد میکند. احساس میکنی مایع ظرفشویی به صورتت میزنی. من دوتا تهیه کردم. ولی بعد از چند بار استفاده کنار گذاشتم. تعجب میکنم از کسانی که کلی تعریف کرده بودن. عزیزان نقش شما در تصمیمگیری دیگران موثره است. پس لطفا در کامنت گذاشتن دقت کنید,1
146,افتضاح. به معنی واقعی کلمه. جوشها را زیاد میکند. احساس میکنی مایع ظرفشویی به صورتت میزنی. من دوتا تهیه کردم. ولی بعد از چند بار استفاده پست گذاشتم. تعجب میکنم از کسانی که کلی تعریف کرده بودن. عزیزان نظرات شما در تصمیمگیری دیگران موثره است. پس لطفا در کامنت گذاشتن دقت کنید,1
147,افتضاح. به معنی واقعی کلمه. جوشها را زیاد میکند. احساس میکنی مایع ظرفشویی به صورتت میزنی. من دوتا تهیه کردم. ولی بعد از چند بار استفاده کنار گذاشتم. تعجب کردم از کسانی که کلی تعریف کرده بودن. عزیزان نظرات شما در تصمیمگیری دیگران موثره است. پس لطفا در کامنت گذاشتن دقت کنید,1
148,افتضاح. به معنی واقعی کلمه. جوشها را زیاد میکند. احساس میکنی مایع ظرفشویی به صورتت میزنی. من دوتا تهیه کردم. ولی بعد از چند بار استفاده کنار گذاشتم. تعجب میکنم از کسانی که برایشان تعریف کرده بودن. عزیزان نظرات شما در تصمیمگیری دیگران موثره است. پس لطفا در کامنت گذاشتن دقت کنید,1
149,افتضاح. به معنی واقعی کلمه. جوشها را زیاد میکند. احساس میکنی مایع ظرفشویی به صورتت میزنی. من دوتا تهیه میکنم. ولی بعد از چند بار استفاده کنار گذاشتم. تعجب میکنم از کسانی که کلی تعریف کرده بودن. عزیزان نظرات شما در تصمیمگیری دیگران موثره است. پس لطفا در کامنت گذاشتن دقت کنید,1
150,افتضاح. به معنی واقعی کلمه. جوشها را زیاد میکند. احساس میکنی که ظرفشویی به صورتت میزنی. من دوتا تهیه کردم. ولی بعد از چند بار استفاده کنار گذاشتم. تعجب میکنم از کسانی که کلی تعریف کرده بودن. عزیزان نظرات شما در تصمیمگیری دیگران موثره است. پس لطفا در کامنت گذاشتن دقت کنید,1
151,افتضاح. به معنی واقعی کلمه. جوشها را زیاد میکند. احساس میکنی مایع را به صورتت میزنی. من دوتا تهیه کردم. ولی بعد از چند بار استفاده کنار گذاشتم. تعجب میکنم از کسانی که کلی تعریف کرده بودن. عزیزان نظرات شما در تصمیمگیری دیگران موثره است. پس لطفا در کامنت گذاشتن دقت کنید,1
152,افتضاح. به معنی واقعی کلمه. جوشها را زیاد میکند. احساس میکنی مایع ظرفشویی به صورتت میزنی. من دوتا تهیه کردم. ولی بعد از چند بار استفاده کنار گذاشتم. تعجب میکنم از کسانی که کلی تعریف کرده بودن. عزیزان نظرات شما در تصمیمگیری دیگران موثره است. پس لطفا در وقت گذاشتن دقت کنید,1
153,افتضاح. به معنی واقعی کلمه. جوشها را زیاد میکند. احساس میکنی مایع ظرفشویی به صورتت میزنی. من دوتا تهیه کردم. ولی بعد از چند بار استفاده کنار گذاشتم. تعجب میکنم از کسانی که کلی تعریف کرده بودن. عزیزان نظرات شما در تصمیمگیری دیگران موثره دارد. پس لطفا در کامنت گذاشتن دقت کنید,1
154,اصلا کیفیت ؟,1
155,بنزین کیفیت ندارد,1
156,این ماده هیچ کارایی مثبتی ندارد فقط حنا داخلش یک کمرنگ میدهد به مو تاثیر مثبت ندارد وفقط نفعش برای سازنده این محلول هست شرکت طلسم,1
157,این محلول هیچ کارایی مثبتی ندارد فقط وقتی داخلش یک کمرنگ میدهد به مو تاثیر مثبت ندارد وفقط نفعش برای سازنده این محلول هست شرکت طلسم,1
158,چون محلول هیچ کارایی مثبتی ندارد فقط حنا داخلش یک کمرنگ میدهد به مو تاثیر مثبت ندارد وفقط نفعش برای سازنده این محلول هست شرکت طلسم,1
159,این محلول هیچ کارایی مثبتی ندارد فقط حنا داخلش یک کمرنگ میدهد به تنهایی تاثیر مثبت ندارد وفقط نفعش برای سازنده این محلول هست شرکت طلسم,1
160,این محلول هیچ کارایی مثبتی ندارد فقط حنا داخلش یک کمرنگ میدهد به ان تاثیر مثبت ندارد وفقط نفعش برای سازنده این محلول هست شرکت طلسم,1
161,این محلول هیچ کارایی مثبتی نداره فقط حنا داخلش یک کمرنگ میدهد به مو تاثیر مثبت ندارد وفقط نفعش برای سازنده این محلول هست شرکت طلسم,1
162,این محلول هیچ کارایی مثبتی ندارد فقط حنا داخلش یک کمرنگ میدهد به مو تاثیر مثبت ندارد وفقط دلیلی برای سازنده این محلول هست شرکت طلسم,1
163,از لحاظ محافظ گوشی خوب است ولی خیلی سریع در عدد ساعت بعد از استفاده ، رنگ دور قاب پاک میشود,1
164,به لحاظ محافظ گوشی مناسب است ولی خیلی سریع در عدد ساعت بعد از استفاده ، رنگ دور قاب پاک میشود,1
165,از لحاظ محافظ گوشی مناسب است ولی خیلی سریع در عدد ساعت بعد از شارژ ، رنگ دور قاب پاک میشود,1
166,از لحاظ محافظ گوشی مناسب است و خیلی سریع در عدد ساعت بعد از استفاده ، رنگ دور قاب پاک میشود,1
167,از لحاظ محافظ گوشی مناسب است ولی خیلی سریع در عدد ساعت پس از استفاده ، رنگ دور قاب پاک میشود,1
168,از لحاظ محافظ گوشی مناسب است ولی خیلی سریع در عدد ساعت بعد از استفاده ، رنگ دور گوشی پاک میشود,1
169,.,1
170,:,1
171,نهتنها کابلی که ارسال شد مثل همینی که در تصویر بود نبود بلکه اصلا کار نمیکرد!,1
172,نهتنها کابلی که ارسال شد مثل همینی که در گذشته بود نبود بلکه اصلا کار نمیکرد!,1
173,نهتنها کابلی که ارسال شد مثل همینی که در اینترنت بود نبود بلکه اصلا کار نمیکرد!,1
174,نهتنها کابلی که پخش شد مثل همینی که در تصویر بود نبود بلکه اصلا کار نمیکرد!,1
175,نهتنها کابلی که ساخته شد مثل همینی که در تصویر بود نبود بلکه اصلا کار نمیکرد!,1
176,بکار :,1
177,یادم نمیاد,1
178,اگر ژل شستشوی صورت میخواهید انتخاب مناسبی نیست اما اگر بدنبال یه اسکراب ملایم و لایه بردار هستید انتخاب خوبیه است,1
179,اگر ژل شستشوی صورت دارید انتخاب مناسبی نیست اما اگر بدنبال یک اسکراب ملایم و لایه بردار هستید انتخاب خوبیه است,1
180,اگر ژل شستشوی صورت میخواهید انتخاب مناسبی نیست اما اگر دنبال یک اسکراب ملایم و لایه بردار هستید انتخاب خوبیه است,1
181,اگر ژل شستشوی صورت میخواهید گزینه مناسبی نیست اما اگر بدنبال یک اسکراب ملایم و لایه بردار هستید انتخاب خوبیه است,1
182,اگر ژل شستشوی صورت میخواهید انتخاب مناسبی نیست اما اگر بدنبال یک ژل ملایم و لایه بردار هستید انتخاب خوبیه است,1
183,اگر ژل شستشوی صورت میخواهید انتخاب مناسبی نیست ولی اگر بدنبال یک اسکراب ملایم و لایه بردار هستید انتخاب خوبیه است,1
184,برای پوست چرب مفید هست,1
185,برای پوست چرب هم هست,1
186,برای کبد چرب مناسب هست,1
187,اصلا دوفاز خوبی نیست و موها را بسیار خشک میکند ، دوفاز ابی رنگ نلی خیلی بهتر از این محصوله.,1
188,اصلا دوفاز خوبی نیست و موها را خیلی خشک میکند ، دوفاز ابی رنگ نلی خیلی بهتر از این محصوله است,1
189,اصلا رنگ خوبی نیست و موها را بسیار خشک میکند ، دوفاز ابی رنگ نلی خیلی بهتر از این محصوله است,1
190,اصلا دوفاز خوبی نیست و موها را بسیار خشک میکند ، دوفاز ابی رنگ نلی خیلی بهتر برای این محصوله است,1
191,اصلا دوفاز خوبی نیست و موها را بسیار خشک میکند ، دوفاز ابی رنگ نلی خیلی بهتر از دو محصوله است,1
192,اصلا دوفاز خوبی نیست چون موها را بسیار خشک میکند ، دوفاز ابی رنگ نلی خیلی بهتر از این محصوله است,1
193,نسبت و قیمتش ارزش ندارد,1
194,نسبت به قیمتش تفاوتی ندارد,1
195,نسبت به قیمتش ارزش ؟,1
196,پلاستیک بهتر است نفطههای روشن داده روش نخرید,1
197,پلاستیک بازیافتیه است نفطههای قرار داده روش نخرید,1
198,پلاستیک خوب است نفطههای روشن داده روش نخرید,1
199,- سلام,1
200,سلام سلام,1
201,اگر یک کوله ارزان قیمت دم دستی بخواهید خوبه است ولی برای لپتاپ و خیلی پر کردنش فکر و جان داشته باشد,1
202,اگر از کوله ارزان قیمت دم دستی بخواهید خوبه است ولی برای لپتاپ و خیلی پر کردنش فکر نکنم جان داشته باشد,1
203,اگر یک کوله ارزان قیمت دم دستی بخواهید خوبه است ولی برای لپتاپ و خیلی پر کردنش فکر نکنم مشکلی داشته باشد,1
204,اگر یک کوله ارزان قیمت دم دستی باشد خوبه است ولی برای لپتاپ و خیلی پر کردنش فکر نکنم جان داشته باشد,1
205,اگر یک کوله ارزان قیمت دم دستی بخواهید خوبه است ولی برای لپتاپ و خیلی کیف کردنش فکر نکنم جان داشته باشد,1
206,اگر یک کوله ارزان و دم دستی بخواهید خوبه است ولی برای لپتاپ و خیلی پر کردنش فکر نکنم جان داشته باشد,1
207,برای وصل کردنps عدد روی مانیتور این کابل نیست,1
208,برای وصل کردنps عدد به مانیتور این کابل :,1
209,برای وصل کردنps عدد به مانیتور این طور نیست,1
210,قدرت پاککنندگی بسیار ضعیف. برای پاک کردن صورت میبایست حدتقل سه بار شستشو کرد.,1
211,قدرت پاککنندگی بسیار ضعیف. برای پاک شودن صورت میبایست حدتقل دو بار شستشو کرد.,1
212,قدرت پاککنندگی : ضعیف. برای پاک شودن صورت میبایست حدتقل سه بار شستشو کرد.,1
213,قدرت پاککنندگی بسیار ضعیف. برای پاک سازی صورت میبایست حدتقل سه بار شستشو کرد.,1
214,قدرت شستشو بسیار ضعیف. برای پاک شودن صورت میبایست حدتقل سه بار شستشو کرد.,1
215,اولین خرید ماسک موی من را طبق دستور استفاده کردم اما موهایم بهم چسبیدن و مثل این بود که بهشان وازلین زدم البته نیم ساعت صبر کردم که شاید حالت چسبندگی موهایم برطرف بشود فایده نداشت برگشتم حمام وشستمش وماسک مو را هم دور انداختم.,1
216,اولین خرید ماسک موی من بود طبق دستور استفاده کردم اما موهایم بهم چسبیدن و مثل این بود که بهشان وازلین زدم البته نیم ساعتی صبر کردم که شاید حالت چسبندگی موهایم برطرف بشود فایده نداشت برگشتم حمام وشستمش وماسک مو را هم دور انداختم.,1
217,اولین خرید ماسک موی خودم بود طبق دستور استفاده کردم اما موهایم بهم چسبیدن و مثل این بود که بهشان وازلین زدم البته نیم ساعت صبر کردم که شاید حالت چسبندگی موهایم برطرف بشود فایده نداشت برگشتم حمام وشستمش وماسک مو را هم دور انداختم.,1
218,اولین خرید ماسک موی من بود طبق دستور استفاده کردم اما موهایم بهم چسبیدن و مثل این بود که بهشان وازلین زدم البته نیم ساعت صبر کردم که شاید حالت ارتجاعی موهایم برطرف بشود فایده نداشت برگشتم حمام وشستمش وماسک مو را هم دور انداختم.,1
219,اولین خرید ماسک موی من بود طبق دستور استفاده کردم اما موهایم بهم ریخت و مثل این بود که بهشان وازلین زدم البته نیم ساعت صبر کردم که شاید حالت چسبندگی موهایم برطرف بشود فایده نداشت برگشتم حمام وشستمش وماسک مو را هم دور انداختم.,1
220,اولین خرید ماسک موی من بود طبق دستور استفاده کردم اما موهایم بهم چسبیدن و مثل این بود که بهشان وازلین زدم البته نیم ساعت صبر کردم که شاید حالت چسبندگی موهایم برطرف بشود فایده نداشت برگشتم حمام وشستمش وماسکم را هم دور انداختم.,1
221,اولین خرید ماسک موی من بود طبق دستور استفاده کردم اما موهایم بهم چسبیدن و مثل این بود که بهشان وازلین زدم البته نیم ساعت صبر کردم که شاید حالت چسبندگی موهایم برطرف بشود فایده نداشت برگشتم حمام وشستمش وماسکش را هم دور انداختم.,1
222,اولین خرید ماسک موی من بود طبق دستور استفاده کردم اما موهایم بهم چسبیدن و دلیلش این بود که بهشان وازلین زدم البته نیم ساعت صبر کردم که شاید حالت چسبندگی موهایم برطرف بشود فایده نداشت برگشتم حمام وشستمش وماسک مو را هم دور انداختم.,1
223,اولین خرید ماسک موی من بود طبق دستور استفاده کردم اما موهایم بهم چسبیدن و مثل این بود که من وازلین زدم البته نیم ساعت صبر کردم که شاید حالت چسبندگی موهایم برطرف بشود فایده نداشت برگشتم حمام وشستمش وماسک مو را هم دور انداختم.,1
224,اولین خرید ماسک موی من بود طبق دستور استفاده کردم اما موهایم بهم چسبیدن و مثل این بود که بهشان وازلین زدم البته نیم ساعت صبر کردم که شاید حالت چسبندگی موهایم برطرف بشود فایده نداشت برگشتم حمام وشستمش وماسک مو رو هم دور انداختم.,1
225,اولین خرید ماسک موی من هم طبق دستور استفاده کردم اما موهایم بهم چسبیدن و مثل این بود که بهشان وازلین زدم البته نیم ساعت صبر کردم که شاید حالت چسبندگی موهایم برطرف بشود فایده نداشت برگشتم حمام وشستمش وماسک مو را هم دور انداختم.,1
226,اصلا سمت خرید این محصول نروید هیچگون جایگزینی برای لپتاپ ندارد,1
227,اصلا سمت خرید این محصول ، هیچگون محافظتی برای لپتاپ ندارد,1
228,اصلا سمت خرید این محصول هم هیچگون محافظتی برای لپتاپ ندارد,1
229,اصلا سمت تولید این محصول نروید هیچگون محافظتی برای لپتاپ ندارد,1
230,درب شامپو سفت است غیر استاندارد. زیاد کف نمیکند. و رایحه جالبی هم ندارد,1
231,درب شامپو سفت و نه استاندارد. زیاد کف نمیکند. و رایحه جالبی هم ندارد,1
232,یک شامپو سفت و غیر استاندارد. زیاد کف نمیکند. و رایحه جالبی هم ندارد,1
233,درب : سفت و غیر استاندارد. زیاد کف نمیکند. و رایحه جالبی هم ندارد,1
234,این شامپو سفت و غیر استاندارد. زیاد کف نمیکند. و رایحه جالبی هم ندارد,1
235,تاثیر :,1
236,صحت ندارد,1
237,منبعد از استفاده محروم شودم خرابه,1
238,قبل از استفاده متوجه شودم خرابه,1
239,منبعد بدون استفاده متوجه شودم خرابه,1
240,کلا دوهفته کار کرد اما بعدش قطعی پیدا کرد و دیگر شارژ نمیکند,1
241,کلا دوهفته کار میکند و بعدش قطعی پیدا کرد و دیگر شارژ نمیکند,1
242,کلا دوهفته کار کرد و شارژ قطعی پیدا کرد و دیگر شارژ نمیکند,1
243,او دوهفته کار کرد و بعدش قطعی پیدا کرد و دیگر شارژ نمیکند,1
244,با کمی هزینه بیشتر محصول بهتری بخرید. کیفیت خوبی ندارد. فقط برای شارژ خوبه است. برای انتقال داده مناسب نیست.,1
245,با کمی هزینه بیشتر محصول بهتری بخرید. کیفیت خوبی ندارد. ولی برای شارژ خوبه نیست. برای انتقال داده مناسب نیست.,1
246,با کمی هزینه بیشتر محصول بهتری بخرید. کیفیت خوبی ندارد. تنها برای شارژ خوبه است. برای انتقال داده مناسب نیست.,1
247,با پرداخت هزینه بیشتر محصول بهتری بخرید. کیفیت خوبی ندارد. ولی برای شارژ خوبه است. برای انتقال داده مناسب نیست.,1
248,با کمی هزینه بیشتر محصول بهتری بخرید. کیفیت خوبی ندارد. ولی برای فروش خوبه است. برای انتقال داده مناسب نیست.,1
249,با کمی هزینه میتوانید محصول بهتری بخرید. کیفیت خوبی ندارد. ولی برای شارژ خوبه است. برای انتقال داده مناسب نیست.,1
250,کیفیت قسمت دکمهها بسیار بده ، انقدر سفته ، عملا دکمه پاور را نمیشود فشار داد!!,1
251,کیفیت قسمت دکمهها بسیار بده ، به سفته که عملا دکمه پاور را نمیشود فشار داد!!,1
252,کیفیت قسمت دکمهها بسیار بده ، انقدر سفته که عملا دکمه پاور را باید فشار داد!!,1
253,کیفیت قسمت دکمهها بسیار بده ، انقدر بالاست که عملا دکمه پاور را نمیشود فشار داد!!,1
254,این قسمت دکمهها بسیار بده ، انقدر سفته که عملا دکمه پاور را نمیشود فشار داد!!,1
255,جنسش خیلی خشک و براق هستش.,1
256,جنسش خیلی خشک و کثیف هستش.,1
257,جنسش خیلی خشک و بیکیفیت است.,1
258,همهاش را استفاده کردم اما کوچکترین تاثیری ازش ندیدم. دوستان توجه کنید که اگر یک کرم مرطوبکننده همان لحظه که استفاده میشود پوست را نرم کند که کار شاقی نکرده ، یک مرطوبکننده خوب باید در دراز کشیدن خشکی پوست را از بین ببره و ان را درمان کند. که این کرم اصلا خشکی را از بین نبرد و تاثیر جوانسازی هم ازش ندیدم.,1
259,همهاش را استفاده کردم اما کوچکترین تاثیری ازش ندیدم. دوستان توجه کنید که اگر یک کرم مرطوبکننده همان لحظه که استفاده میشود پوست را نرم کند که کار شاقی نکرده ، یک مرطوبکننده خوب باید در دراز مدت خشکی پوست را از بین ببره و ان را درمان کند. که ان کرم اصلا خشکی را از بین نبرد و تاثیر جوانسازی هم ازش ندیدم.,1
260,همهاش را استفاده کردم اما کوچکترین تاثیری ازش ندیدم. اما توجه کنید که اگر یک کرم مرطوبکننده همان لحظه که استفاده میشود پوست را نرم کند که کار شاقی نکرده ، یک مرطوبکننده خوب باید در دراز مدت خشکی پوست را از بین ببره و ان را درمان کند. که این کرم اصلا خشکی را از بین نبرد و تاثیر جوانسازی هم ازش ندیدم.,1
261,همهاش را استفاده کردم و کوچکترین تاثیری ازش ندیدم. دوستان توجه کنید که اگر یک کرم مرطوبکننده همان لحظه که استفاده میشود پوست را نرم کند که کار شاقی نکرده ، یک مرطوبکننده خوب باید در دراز مدت خشکی پوست را از بین ببره و ان را درمان کند. که این کرم اصلا خشکی را از بین نبرد و تاثیر جوانسازی هم ازش ندیدم.,1
262,همهاش را استفاده کردم اما کوچکترین تاثیری ازش ندیدم. دوستان توجه کنید که اگر یک کرم مرطوبکننده همان طور که استفاده میشود پوست را نرم کند که کار شاقی نکرده ، یک مرطوبکننده خوب باید در دراز مدت خشکی پوست را از بین ببره و ان را درمان کند. که این کرم اصلا خشکی را از بین نبرد و تاثیر جوانسازی هم ازش ندیدم.,1
263,همهاش را استفاده کردم اما کوچکترین تاثیری ازش ندیدم. دوستان توجه کنید که اگر یک کرم مرطوبکننده همان لحظه که استفاده میشود پوست را نرم کند که کار شاقی نکرده ، یک مرطوبکننده خوب باید در دراز مدت خشکی پوست را از بین ببره و ان را درمان کند. که این کرم اصلا خشکی را از بین نبرد و هیچ جوانسازی هم ازش ندیدم.,1
264,همهاش را استفاده کردم اما هیچ تاثیری ازش ندیدم. دوستان توجه کنید که اگر یک کرم مرطوبکننده همان لحظه که استفاده میشود پوست را نرم کند که کار شاقی نکرده ، یک مرطوبکننده خوب باید در دراز مدت خشکی پوست را از بین ببره و ان را درمان کند. که این کرم اصلا خشکی را از بین نبرد و تاثیر جوانسازی هم ازش ندیدم.,1
265,همهاش را استفاده کردم اما کوچکترین تاثیری ازش ندیدم. دوستان توجه کنید که اگر یک کرم در همان لحظه که استفاده میشود پوست را نرم کند که کار شاقی نکرده ، یک مرطوبکننده خوب باید در دراز مدت خشکی پوست را از بین ببره و ان را درمان کند. که این کرم اصلا خشکی را از بین نبرد و تاثیر جوانسازی هم ازش ندیدم.,1
266,همهاش را استفاده کردم اما کوچکترین تاثیری ازش ندیدم. دوستان توجه کنید که اگر یک کرم مرطوبکننده همان لحظه که استفاده میشود پوست را نرم کند که کار شاقی نیست ، یک مرطوبکننده خوب باید در دراز مدت خشکی پوست را از بین ببره و ان را درمان کند. که این کرم اصلا خشکی را از بین نبرد و تاثیر جوانسازی هم ازش ندیدم.,1
267,همهاش را استفاده کردم اما کوچکترین تاثیری ازش ندیدم. دوستان توجه کنید که اگر یک کرم مرطوبکننده همان لحظه که استفاده میشود پوست را نرم کند که کار شاقی نکرده ، یک مرطوبکننده خوب باید در دراز مدت خشکی پوست را از بین ببره و ان را درمان کند. که این کرم اصلا خشکی را از بین نبرد و کوچکترین جوانسازی هم ازش ندیدم.,1
268,همهاش را استفاده کردم اما کوچکترین تاثیری ازش ندیدم. دوستان توجه کنید که اگر یک کرم مرطوبکننده همان لحظه که استفاده میشود پوست را نرم کند که کار شاقی نکرده ، یک مرطوبکننده خوب باید برای دراز مدت خشکی پوست را از بین ببره و ان را درمان کند. که این کرم اصلا خشکی را از بین نبرد و تاثیر جوانسازی هم ازش ندیدم.,1
269,همهاش را فکر کردم اما کوچکترین تاثیری ازش ندیدم. دوستان توجه کنید که اگر یک کرم مرطوبکننده همان لحظه که استفاده میشود پوست را نرم کند که کار شاقی نکرده ، یک مرطوبکننده خوب باید در دراز مدت خشکی پوست را از بین ببره و ان را درمان کند. که این کرم اصلا خشکی را از بین نبرد و تاثیر جوانسازی هم ازش ندیدم.,1
270,همهاش را استفاده کردم اما کوچکترین تاثیری ازش ندیدم. دوستان توجه کنید که اگر یک کرمهای مرطوبکننده همان لحظه که استفاده میشود پوست را نرم کند که کار شاقی نکرده ، یک مرطوبکننده خوب باید در دراز مدت خشکی پوست را از بین ببره و ان را درمان کند. که این کرم اصلا خشکی را از بین نبرد و تاثیر جوانسازی هم ازش ندیدم.,1
271,همهاش را استفاده کردم اما کوچکترین تاثیری ازش ندیدم. دوستان توجه کنید که باید یک کرم مرطوبکننده همان لحظه که استفاده میشود پوست را نرم کند که کار شاقی نکرده ، یک مرطوبکننده خوب باید در دراز مدت خشکی پوست را از بین ببره و ان را درمان کند. که این کرم اصلا خشکی را از بین نبرد و تاثیر جوانسازی هم ازش ندیدم.,1
272,همهاش را استفاده کردم اما کوچکترین تاثیری ازش ندیدم. دوستان توجه کنید که اگر این کرم مرطوبکننده همان لحظه که استفاده میشود پوست را نرم کند که کار شاقی نکرده ، یک مرطوبکننده خوب باید در دراز مدت خشکی پوست را از بین ببره و ان را درمان کند. که این کرم اصلا خشکی را از بین نبرد و تاثیر جوانسازی هم ازش ندیدم.,1
273,فقط حکم برق ناخن را داره. کار حفاظتی انجام نمیدهه و به ماندگاری خاصی ندارد زود بلند میشود تز را ناخن. از گلدن رز انتظار اینچنین نمیرفت!!,1
274,فقط حکم برق ناخن را داره. هیچ حفاظتی انجام نمیدهه و به ماندگاری خاصی ندارد زود خشک میشود تز را ناخن. از گلدن رز انتظار اینچنین نمیرفت!!,1
275,فقط حکم برق ناخن را داره. هیچ حفاظتی انجام نمیدهه و به ماندگاری خاصی ندارد. بلند میشود تز را ناخن. از گلدن رز انتظار اینچنین نمیرفت!!,1
276,فقط حکم برق ناخن را داره. هیچ حفاظتی انجام نمیدهه و به ماندگاری خاصی ندارد و بلند میشود تز را ناخن. از گلدن رز انتظار اینچنین نمیرفت!!,1
277,فقط حکم برق ناخن را داره. هیچ حفاظتی انجام نمیشه و به ماندگاری خاصی ندارد زود بلند میشود تز را ناخن. از گلدن رز انتظار اینچنین نمیرفت!!,1
278,فقط حکم برق ناخن را داره. هیچ حفاظتی انجام نمیدهه و به ماندگاری خاصی ندارد زود بلند میشود تز را ناخن. از گلدن هم انتظار اینچنین نمیرفت!!,1
279,فقط حکم برق ناخن را داره. هیچ حفاظتی انجام نمیدهه و به ماندگاری خاصی ندارد زود بلند میشود تز را ناخن. از گلدن که انتظار اینچنین نمیرفت!!,1
280,فقط حکم برق ناخن رو داره. هیچ حفاظتی انجام نمیدهه و به ماندگاری خاصی ندارد زود بلند میشود تز را ناخن. از گلدن رز انتظار اینچنین نمیرفت!!,1
281,جنس مورد نظر فاقد جای اثر هنری بود,1
282,جنس مورد نظر به جای اثر انگشت بود,1
283,جنس مورد نظر فاقد جای بند انگشت بود,1
284,در یککلام افتضاح هستش ، اصلا نگیرید که به دنداناتان فشار وارد میکند!!!!,1
285,این یککلام افتضاح هستش ، اصلا نگیرید که به دنداناتان اسیب وارد میکند!!!!,1
286,در یککلام افتضاح هستش ، اصلا نگیرید که به دنداناتان اسیب وارد میکند.,1
287,اون یککلام افتضاح هستش ، اصلا نگیرید که به دنداناتان اسیب وارد میکند!!!!,1
288,همهاش دروغه است هیچ تاثیری ندارد حدود یک ماهه روزی که دارم استفاده میکنم هیچ تاثیری نداشته فقط بوی تند کنجد میدهد انگار همهاش روغن کنجده,1
289,این دروغه است هیچ تاثیری ندارد حدود یک ماهه روزی دوبار دارم استفاده میکنم هیچ تاثیری نداشته فقط بوی تند کنجد میدهد انگار همهاش روغن کنجده,1
290,همهاش دروغه است هیچ تاثیری ندارد حدود یک ماهه روزی دوبار دارم استفاده میکنم هیچ تاثیری نداشته فقط بوی روغن کنجد میدهد انگار همهاش روغن کنجده,1
291,همهاش دروغه است هیچ تاثیری ندارد حدود یک ماهه روزی دوبار دارم استفاده میکنم هیچ تاثیری نداشته فقط بوی تند بو میدهد انگار همهاش روغن کنجده,1
292,همهاش دروغه است هیچ فایدهای ندارد حدود یک ماهه روزی دوبار دارم استفاده میکنم هیچ تاثیری نداشته فقط بوی تند کنجد میدهد انگار همهاش روغن کنجده,1
293,همهاش دروغه است هیچ تاثیری ندارد حدود یک ماهه روزی دوبار دارم استفاده میکنم هیچ تاثیری نداشته فقط بوی بوی کنجد میدهد انگار همهاش روغن کنجده,1
294,همهاش کنجد است هیچ تاثیری ندارد حدود یک ماهه روزی دوبار دارم استفاده میکنم هیچ تاثیری نداشته فقط بوی تند کنجد میدهد انگار همهاش روغن کنجده,1
295,چاقوی تیزی داره که دست را اذیت میکند.,1
296,نوک تیزی داره که دست را اذیت میکند.,1
297,گوشههای تیزی دارد که دست را اذیت میکند.,1
298,عکسش از همه بهتره است,1
299,عکسش از خودش معلوم است,1
300,او از خودش بهتره است,1
301,سلام خدمت.,1
302,سلام خدمت!,1
303,بدرد نخورترین چیزی که داخل تمام عمرم خریدم,1
304,بدرد نخورترین کالایی که داخل تمام ایران خریدم,1
305,غصه نخورترین کالایی که داخل تمام عمرم خریدم,1
306,ظاهر خوبی داره و محکمه ولی جایگاه هندزفری و شارژر کوچکه است و نمیتوانم با هندزفری استفاده کنم,1
307,صدای خوبی داره و محکمه ولی جایگاه هندزفری و شارژر کوچکه است و نمیتوانم از هندزفری استفاده کنم,1
308,ظاهر خوبی دارد و محکمه ولی جایگاه هندزفری و شارژر کوچکه است و نمیتوانم از هندزفری استفاده کنم,1
309,ظاهر خوبی داره و محکمه ولی جایگاه هندزفری و شارژر کوچکه است و میتونم از هندزفری استفاده کنم,1
310,ظاهر خوبی داره و محکمه ولی جایگاه هندزفری و شارژر کوچکه است و میخوام از هندزفری استفاده کنم,1
311,زیباست ، ولی متاسفانه اطرافش شل هست و یک جاهای از بدنه گوشی فاصله میگیرد ، پلاستیک شیشه مانندش هم بعد از یک مدت از قاب جدا میشود ، اصلا پیشنهاد نمیکنم با این قیمت پایین ، پولتان را دور ریختید,1
312,زیباست ، ولی متاسفانه اطرافش شل هست و یک جاهای از بدنه گوشی فاصله میگیرد ، پلاستیک شیشه مانندش هم بعد از یک مدت از قاب جدا میشود ، اصلا پیشنهاد نمیکنم با این گوشی بخرید ، پولتان را دور ریختید,1
313,نه ، ولی متاسفانه اطرافش شل هست و یک جاهای از بدنه گوشی فاصله میگیرد ، پلاستیک شیشه مانندش هم بعد از یک مدت از قاب جدا میشود ، اصلا پیشنهاد نمیکنم با این قیمت بخرید ، پولتان را دور ریختید,1
314,بله ، ولی متاسفانه اطرافش شل هست و یک جاهای از بدنه گوشی فاصله میگیرد ، پلاستیک شیشه مانندش هم بعد از یک مدت از قاب جدا میشود ، اصلا پیشنهاد نمیکنم با این قیمت بخرید ، پولتان را دور ریختید,1
315,زیباست ، ولی متاسفانه اطرافش شل هست و یک جاهای از بدنه گوشی فاصله میگیرد ، پلاستیک شیشه گوشی هم بعد از یک مدت از قاب جدا میشود ، اصلا پیشنهاد نمیکنم با این قیمت بخرید ، پولتان را دور ریختید,1
316,زیباست ، ولی متاسفانه اطرافش شل هست و یک جاهای از بدنه گوشی فاصله میگیرد ، پلاستیک شیشه مانندش هم بعد از یک مدت از قاب جدا میشود ، اصلا پیشنهاد نمیکنم با این قیمت بخرید ، گوشی را دور ریختید,1
317,زیباست ، ولی متاسفانه اطرافش شل هست و یک جاهای از بدنه گوشی فاصله میگیرد ، پلاستیک شیشه مانندش هم پس از یک مدت از قاب جدا میشود ، اصلا پیشنهاد نمیکنم با این قیمت بخرید ، پولتان را دور ریختید,1
318,زیباست ، ولی متاسفانه اطرافش شل هست و یک جاهای از بدنه گوشی فاصله میگیرد ، پلاستیک شیشه مانندش هم بعد از یک مدت از قاب جدا میشود ، اصلا پیشنهاد نمیکنم با این قیمت بخرید ، پولتان را دور.,1
319,زیباست ، ولی متاسفانه خیلی شل هست و یک جاهای از بدنه گوشی فاصله میگیرد ، پلاستیک شیشه مانندش هم بعد از یک مدت از قاب جدا میشود ، اصلا پیشنهاد نمیکنم با این قیمت بخرید ، پولتان را دور ریختید,1
320,زیباست ، ولی متاسفانه اطرافش شل هست و یک جاهای از بدنه گوشی فاصله میگیرد ، پلاستیک شیشه مانندش هم بعد از یک مدت از قاب جدا میشود ، اصلا پیشنهاد نمیکنم با این قیمت بخرید ، پولتان را دور ریختید,1
321,اصلا ارزش خرید نداره طعم بدی داره حالم بد شده استفاده کردم,1
322,اصلا ارزش خرید ندارد طعم بدی داره حالم بد شده اشتباه کردم,1
323,خیلی ارزش خرید ندارد طعم بدی داره حالم بد شده استفاده کردم,1
324,اصلا ارزش خرید ندارد طعم بدی داره حالم بد شده استفاده :,1
325,قدرت زیر صفر,1
326,قابلیت پاککنندگی صفر,1
327,اگر درب را به پشت گوشی برگردانید صفحه را قفل میکند. تصور کنید بخواهید بازی کنید یا با گوشی کار کنید باید درب را همینجور با دست مثل کتاب باز نگاه دارید تا به پشت گوشی نزدیک نشه و صفحه قفل نشه که بسیار ازار دهنده ست. من گذاشتمش کنار و یک مدل دیگر خریدم.,1
328,اگر درب را به پشت گوشی برگردانید صفحه را قفل میکند. تصور کنید بخواهید بازی کنید یا با گوشی بازی کنید باید درب را همینجور با دست مثل کتاب باز نگاه دارید که به پشت گوشی نزدیک نشه و صفحه قفل نشه که بسیار ازار دهنده ست. من گذاشتمش کنار و یک مدل دیگر خریدم.,1
329,اگر درب را به پشت گوشی برگردانید صفحه را قفل میکند. تصور کنید بخواهید بازی کنید یا با گوشی کار کنید باید درب را همینجور با دست مثل کتاب باز نگاه دارید که به پشت گوشی نزدیک نشه و صفحه قفل نشه که بسیار ازار دهنده ست. من گذاشتمش کنار و یک مدل دیگر خریدم.,1
330,اگر درب را به پشت گوشی برگردانید صفحه را قفل میکند. تصور کنید بخواهید بازی کنید یا روی گوشی کار کنید باید درب را همینجور با دست مثل کتاب باز نگاه دارید که به پشت گوشی نزدیک نشه و صفحه قفل نشه که بسیار ازار دهنده ست. من گذاشتمش کنار و یک مدل دیگر خریدم.,1
331,اگر درب را به پشت گوشی برگردانید صفحه را قفل میکند. تصور کنید بخواهید بازی کنید یا با گوشی کار کنید باید درب را همینجور با دست مثل کتاب باز نگاه دارید که به پشت گوشی نزدیک نشه تا صفحه قفل نشه که بسیار ازار دهنده ست. من گذاشتمش کنار و یک مدل دیگر خریدم.,1
332,اگر درب رو به پشت گوشی برگردانید صفحه را قفل میکند. تصور کنید بخواهید بازی کنید یا با گوشی کار کنید باید درب را همینجور با دست مثل کتاب باز نگاه دارید که به پشت گوشی نزدیک نشه و صفحه قفل نشه که بسیار ازار دهنده ست. من گذاشتمش کنار و یک مدل دیگر خریدم.,1
333,اگر درب را به پشت گوشی برگردانید صفحه را قفل میکند. تصور کنید بخواهید بازی کنید یا با گوشی کار کنید باید درب را همینجور با دست مثل کتاب باز نگاه دارید که به پشت گوشی نزدیک نشه و صفحه قفل نشه که بسیار ازار دهنده ست. من گذاشتمش کنار و یک مدل دیگر گرفتم.,1
334,اگر درب را به پشت گوشی برگردانید صفحه را باز میکند. تصور کنید بخواهید بازی کنید یا با گوشی کار کنید باید درب را همینجور با دست مثل کتاب باز نگاه دارید که به پشت گوشی نزدیک نشه و صفحه قفل نشه که بسیار ازار دهنده ست. من گذاشتمش کنار و یک مدل دیگر خریدم.,1
335,اگر درب را به روی گوشی برگردانید صفحه را قفل میکند. تصور کنید بخواهید بازی کنید یا با گوشی کار کنید باید درب را همینجور با دست مثل کتاب باز نگاه دارید که به پشت گوشی نزدیک نشه و صفحه قفل نشه که بسیار ازار دهنده ست. من گذاشتمش کنار و یک مدل دیگر خریدم.,1
336,اگر درب را به پشت گوشی برگردانید صفحه را قفل میکند. تصور کنید بخواهید بازی کنید یا با گوشی کار کنید باید درب را همینجور با دست مثل کتاب باز نگاه دارید که به پشت گوشی نزدیک میشود و صفحه قفل نشه که بسیار ازار دهنده ست. من گذاشتمش کنار و یک مدل دیگر خریدم.,1
337,اگر درب را به پشت گوشی برگردانید صفحه را قفل میکند. تصور اینکه بخواهید بازی کنید یا با گوشی کار کنید باید درب را همینجور با دست مثل کتاب باز نگاه دارید که به پشت گوشی نزدیک نشه و صفحه قفل نشه که بسیار ازار دهنده ست. من گذاشتمش کنار و یک مدل دیگر خریدم.,1
338,اگر درب را به پشت دستگاه برگردانید صفحه را قفل میکند. تصور کنید بخواهید بازی کنید یا با گوشی کار کنید باید درب را همینجور با دست مثل کتاب باز نگاه دارید که به پشت گوشی نزدیک نشه و صفحه قفل نشه که بسیار ازار دهنده ست. من گذاشتمش کنار و یک مدل دیگر خریدم.,1
339,اگر درب را به پشت گوشی برگردانید ان را قفل میکند. تصور کنید بخواهید بازی کنید یا با گوشی کار کنید باید درب را همینجور با دست مثل کتاب باز نگاه دارید که به پشت گوشی نزدیک نشه و صفحه قفل نشه که بسیار ازار دهنده ست. من گذاشتمش کنار و یک مدل دیگر خریدم.,1
340,واقعا متاسفم! این کرم مثلا صد میله. اما به محض اینکه بازش کردم متوجه شودم که همهاش حواست! و یا کلا بیس میل کرم داخلشه است.,1
341,واقعا متاسفم! این کرم مثلا صد میله. اما به محض اینکه بازش کردم متوجه شودم که همهاش حواست! و شاید هم بیس میل کرم داخلشه است.,1
342,واقعا خوب! این کرم مثلا صد میله. اما به محض اینکه بازش کردم متوجه شودم که همهاش حواست! و شاید کلا بیس میل کرم داخلشه است.,1
343,واقعا متاسفم! این کرم مثلا صد میله. اما به محض انکه بازش کردم متوجه شودم که همهاش حواست! و شاید کلا بیس میل کرم داخلشه است.,1
344,واقعا متاسفم! این کرم مثلا صد میله. شاید به محض اینکه بازش کردم متوجه شودم که همهاش حواست! و شاید کلا بیس میل کرم داخلشه است.,1
345,واقعا متاسفم! یک کرم مثلا صد میله. اما به محض اینکه بازش کردم متوجه شودم که همهاش حواست! و شاید کلا بیس میل کرم داخلشه است.,1
346,واقعا متاسفم! این کرم مثلا صد میله. اما به محض اینکه بازش کردم متوجه شودم ، همهاش حواست! و شاید کلا بیس میل کرم داخلشه است.,1
347,واقعا نه! این کرم مثلا صد میله. اما به محض اینکه بازش کردم متوجه شودم که همهاش حواست! و شاید کلا بیس میل کرم داخلشه است.,1
348,فقط تبلت و نهایتا وسایل خیلی کوچک در کنارش جا میشون. من دوساله دارم الان با این قیمت نمیارزد.,1
349,فقط تبلت و نهایتا چیزهای خیلی کوچک که کنارش جا میشون. من دوساله دارم الان با این قیمت نمیارزد.,1
350,فقط تبلت و نهایتا چیزهای خیلی کوچک در ان جا میشون. من دوساله دارم الان با این قیمت نمیارزد.,1
351,فقط تبلت و نهایتا چیزهای خیلی کوچک در کنارش جا میشون. من دوسالهام الان با این قیمت نمیارزد.,1
352,فقط تبلت و نهایتا چیزهای خیلی کوچک در کنارش جا میشون. من دوساله دارم که با این قیمت نمیارزد.,1
353,فقط تبلت و نهایتا چیزهای خیلی زیادی در کنارش جا میشون. من دوساله دارم الان با این قیمت نمیارزد.,1
354,اصلا فریب ظاهرش را نخورید,1
355,اصلا گول ظاهرش رو نخورید,1
356,اصلا گول شایعات را نخورید,1
357,بعد از چند روز به کندی شارژ میکند و واقعا اینطور نیست,1
358,بعد از چند روز با کندی شارژ میکند و واقعا خوب نیست,1
359,بعد از چند روز به کندی شارژ میکند و واقعا خوب.,1
360,بعد برای چند روز به کندی شارژ میکند و واقعا خوب نیست,1
361,خوب و خیلی شله. مدت زیادی جواب نمیده. در کل در شگفتانگیز هم خریدم راصی نیستم,1
362,رقیق. خیلی شله. مدت زیادی جواب نمیده. در کل در شگفتانگیز هم خریدم راصی نیستم,1
363,رقیق و خیلی شله. مدت زیادی جواب نمیده. در کل در شگفتانگیز هم خریدم مطمين نیستم,1
364,رقیق و خیلی شله. مدت زیادی دوام نمیده. در کل در شگفتانگیز هم خریدم راصی نیستم,1
365,رقیق و خیلی شله. مدت زیادی جواب نمیده. در کل در شگفتانگیز که خریدم راصی نیستم,1
366,علیرغم اینکه روی محصول نوشته التیامبخش و با توجه به اینکه الويه و نارگیل باید ضد حساسیت باشن ، بدن من کهیر زد ، اگر پوست حساس یا خشک دارید اصلا سراغش.,1
367,علیرغم اینکه روی محصول نوشته التیامبخش و با توجه به اینکه الويه و نارگیل باید ضد حساسیت باشن ، بدن من کهیر زد ، اگر پوست حساس یا خشک دارید اصلا سراغش نروید,1
368,علیرغم اینکه روی محصول نوشته شده و با توجه به اینکه الويه و نارگیل باید ضد حساسیت باشن ، بدن من کهیر زد ، اگر پوست حساس یا خشک دارید اصلا سراغش نروید,1
369,علیرغم اینکه روی محصول نوشته التیامبخش است با توجه به اینکه الويه و نارگیل باید ضد حساسیت باشن ، بدن من کهیر زد ، اگر پوست حساس یا خشک دارید اصلا سراغش نروید,1
370,علیرغم اینکه روی محصول نوشته التیامبخش و با توجه به اینکه الويه و نارگیل باید ضد حساسیت باشند ، بدن من کهیر زد ، اگر پوست حساس یا خشک دارید اصلا سراغش نروید,1
371,علیرغم اینکه روی محصول نوشته التیامبخش ، با توجه به اینکه الويه و نارگیل باید ضد حساسیت باشن ، بدن من کهیر زد ، اگر پوست حساس یا خشک دارید اصلا سراغش نروید,1
372,برای اینکه روی محصول نوشته التیامبخش و با توجه به اینکه الويه و نارگیل باید ضد حساسیت باشن ، بدن من کهیر زد ، اگر پوست حساس یا خشک دارید اصلا سراغش نروید,1
373,علیرغم اینکه این محصول نوشته التیامبخش و با توجه به اینکه الويه و نارگیل باید ضد حساسیت باشن ، بدن من کهیر زد ، اگر پوست حساس یا خشک دارید اصلا سراغش نروید,1
374,بی تاثیر نیست بیکیفیت,1
375,بی کیفیت و بیکیفیت,1
376,خمیر دندان خوبی هست ولی به کسانی که دندانهای حساسی دارن توصیه نمیکنم چرا که درد دندان هنگام نوشیدن خوردنیهای خنک از بین نمیرود میتوانم بگم بیشتر هم میشود!!!,1
377,خمیر دندان خوبی هست ولی به کسانی که دندانهای حساسی دارن توصیه نمیکنم چرا که درد دندان با خوردن خوردنیهای خنک از بین نمیرود میتوانم بگم بیشتر هم میشود!!!,1
378,خمیر دندان خوبی هست ولی به کسانی که دندانهای تیزی دارن توصیه نمیکنم چرا که درد دندان هنگام خوردن خوردنیهای خنک از بین نمیرود میتوانم بگم بیشتر هم میشود!!!,1
379,خمیر بسیار خوبی هست ولی به کسانی که دندانهای حساسی دارن توصیه نمیکنم چرا که درد دندان هنگام خوردن خوردنیهای خنک از بین نمیرود میتوانم بگم بیشتر هم میشود!!!,1
380,خمیر دندان خوبی هست ولی به کسانی که دندانهای حساسی دارن توصیه نمیکنم چرا که درد دندان هنگام خوردن خوردنیهای غذایی از بین نمیرود میتوانم بگم بیشتر هم میشود!!!,1
381,خمیر دندان خوبی هست ولی به کسانی که دندانهای حساسی دارن توصیه نمیکنم چون که درد دندان هنگام خوردن خوردنیهای خنک از بین نمیرود میتوانم بگم بیشتر هم میشود!!!,1
382,خمیر دندان خوبی هست ولی به کسانی که دندانهای حساسی دارن توصیه نمیکنم چرا که درد دندان هنگام خوردن خوردنیهای خنک از بین نمیرود میتوانم بگم بهتر هم میشود!!!,1
383,خمیر دندان خوبی هست اما به کسانی که دندانهای حساسی دارن توصیه نمیکنم چرا که درد دندان هنگام خوردن خوردنیهای خنک از بین نمیرود میتوانم بگم بیشتر هم میشود!!!,1
384,- سلام,1
385,با :,1
386,من مدتها است که کیو وی استفاده میکنم ولی این سری در تخفیف دیجی که این را خریدم متاسفانه متاسفانه معطره است ، ولی برای منی که به خاطر حساسیت به بو کلا سمت کیو وی رفتم ، یک شوکه که کرم را باز کنی ببینی بو داره!!! البته چند دقیقه بعد استفاده بوش میبرد …. ولی من دیگر این مدل قوطیش را اصلا نمیخرم.,1
387,من مدتها است که کیو را استفاده میکنم ولی این سری در تخفیف دیجی که این را خریدم متاسفانه متاسفانه معطره است ، و برای منی که به خاطر حساسیت به بو کلا سمت کیو وی رفتم ، یک شوکه که کرم را باز کنی ببینی بو داره!!! البته چند دقیقه بعد استفاده بوش میبرد …. ولی من دیگر این مدل قوطیش را اصلا نمیخرم.,1
388,من مدتها است از کیو وی استفاده میکنم ولی این سری در تخفیف دیجی که این را خریدم متاسفانه متاسفانه معطره است ، و برای منی که به خاطر حساسیت به بو کلا سمت کیو وی رفتم ، یک شوکه که کرم را باز کنی ببینی بو داره!!! البته چند دقیقه بعد استفاده بوش میبرد …. ولی من دیگر این مدل قوطیش را اصلا نمیخرم.,1
389,من مدتها است که کیو وی استفاده میکنم ولی این سری در تخفیف دیجی که این را خریدم متاسفانه متاسفانه معطره است ، و برای منی که به خاطر حساسیت به بو کلا سمت کیو وی میرم ، یک شوکه که کرم را باز کنی ببینی بو داره!!! البته چند دقیقه بعد استفاده بوش میبرد …. ولی من دیگر این مدل قوطیش را اصلا نمیخرم.,1
390,من مدتها است که از وی استفاده میکنم ولی این سری در تخفیف دیجی که این را خریدم متاسفانه متاسفانه معطره است ، و برای منی که به خاطر حساسیت به بو کلا سمت کیو وی رفتم ، یک شوکه که کرم را باز کنی ببینی بو داره!!! البته چند دقیقه بعد استفاده بوش میبرد …. ولی من دیگر این مدل قوطیش را اصلا نمیخرم.,1
391,من مدتها است که کیو وی استفاده میکنم ولی این سری در تخفیف دیجی که این را خریدم متاسفانه متاسفانه معطره است ، و این منی که به خاطر حساسیت به بو کلا سمت کیو وی رفتم ، یک شوکه که کرم را باز کنی ببینی بو داره!!! البته چند دقیقه بعد استفاده بوش میبرد …. ولی من دیگر این مدل قوطیش را اصلا نمیخرم.,1
392,الان مدتها است که کیو وی استفاده میکنم ولی این سری در تخفیف دیجی که این را خریدم متاسفانه متاسفانه معطره است ، و برای منی که به خاطر حساسیت به بو کلا سمت کیو وی رفتم ، یک شوکه که کرم را باز کنی ببینی بو داره!!! البته چند دقیقه بعد استفاده بوش میبرد …. ولی من دیگر این مدل قوطیش را اصلا نمیخرم.,1
393,من مدتها است که کیو وی استفاده میکنم ولی این سری در تخفیف دیجی که این را خریدم متاسفانه متاسفانه معطره است ، مخصوصا برای منی که به خاطر حساسیت به بو کلا سمت کیو وی رفتم ، یک شوکه که کرم را باز کنی ببینی بو داره!!! البته چند دقیقه بعد استفاده بوش میبرد …. ولی من دیگر این مدل قوطیش را اصلا نمیخرم.,1
394,من مدتها است که کیو وی استفاده میکنم ولی این سری در تخفیف دیجی که این را خریدم متاسفانه متاسفانه معطره است ، و برای منی که به خاطر حساسیت به بو کلا سمت کیو وی رفتم ، یک شوکه که کرم را باز کنی ببینی بو داره!!! البته چند دقیقه بعد استفاده بوش میبرد …. ولی من دیگر این مدل قوطیش را اصلا نمیخواهم.,1
395,من مدتها است که کیو وی استفاده میکنم ولی این سری در تخفیف دیجی که این را خریدم متاسفانه متاسفانه معطره است ، و برای منی که یه خاطر حساسیت به بو کلا سمت کیو وی رفتم ، یک شوکه که کرم را باز کنی ببینی بو داره!!! البته چند دقیقه بعد استفاده بوش میبرد …. ولی من دیگر این مدل قوطیش را اصلا نمیخرم.,1
396,من مدتها است که کیو وی استفاده میکنم ولی این سری در تخفیف دیجی که این را خریدم متاسفانه متاسفانه معطره است ، و مثل منی که به خاطر حساسیت به بو کلا سمت کیو وی رفتم ، یک شوکه که کرم را باز کنی ببینی بو داره!!! البته چند دقیقه بعد استفاده بوش میبرد …. ولی من دیگر این مدل قوطیش را اصلا نمیخرم.,1
397,من مدتها است که کیو وی استفاده میکنم ، این سری در تخفیف دیجی که این را خریدم متاسفانه متاسفانه معطره است ، و برای منی که به خاطر حساسیت به بو کلا سمت کیو وی رفتم ، یک شوکه که کرم را باز کنی ببینی بو داره!!! البته چند دقیقه بعد استفاده بوش میبرد …. ولی من دیگر این مدل قوطیش را اصلا نمیخرم.,1
398,من مدتها است که کیو وی استفاده میکنم ولی این سری در تخفیف دیجی که این مدل خریدم متاسفانه متاسفانه معطره است ، و برای منی که به خاطر حساسیت به بو کلا سمت کیو وی رفتم ، یک شوکه که کرم را باز کنی ببینی بو داره!!! البته چند دقیقه بعد استفاده بوش میبرد …. ولی من دیگر این مدل قوطیش را اصلا نمیخرم.,1
399,من مدتها است که کیو وی استفاده میکنم ولی این سری در حالی دیجی که این را خریدم متاسفانه متاسفانه معطره است ، و برای منی که به خاطر حساسیت به بو کلا سمت کیو وی رفتم ، یک شوکه که کرم را باز کنی ببینی بو داره!!! البته چند دقیقه بعد استفاده بوش میبرد …. ولی من دیگر این مدل قوطیش را اصلا نمیخرم.,1
400,من مدتها است که کیو وی استفاده میکنم ولی این سری در تخفیف هست که این را خریدم متاسفانه متاسفانه معطره است ، و برای منی که به خاطر حساسیت به بو کلا سمت کیو وی رفتم ، یک شوکه که کرم را باز کنی ببینی بو داره!!! البته چند دقیقه بعد استفاده بوش میبرد …. ولی من دیگر این مدل قوطیش را اصلا نمیخرم.,1
401,خبر بد,1
402,بوی :,1
403,در نگاه اول :,1
404,در نگاه من عالیه,1
405,موهای من نسبتا سلامت بود ، دمیج نبود ، فقط گره میخورد به هم ، با این قیمت بالا و وزن کم اصلا به صرفه نیست ، در ضمن تاثیری را موهایم هم نداشت ، نرمکننده ایرانی از این بهتره است,1
406,موهای من نسبتا سلامت بود ، دمیج نبود ، فقط گره میخورد به هم ، با وجود قیمت بالا و حجم کم اصلا به صرفه نیست ، در ضمن تاثیری را موهایم هم نداشت ، نرمکننده ایرانی از این بهتره است,1
407,موهای من نسبتا سلامت بود ، دمیج نبود ، فقط گره میخورد به مو ، با این قیمت بالا و حجم کم اصلا به صرفه نیست ، در ضمن تاثیری را موهایم هم نداشت ، نرمکننده ایرانی از این بهتره است,1
408,موهای من نسبتا سلامت بود ، دمیج نبود ، فقط گره میخورد به هم ، با این قیمت بالا و حجم کم اصلا به صرفه نیست ، در ضمن تاثیری را موهایم هم نداشت ، نرمکننده ایرانی به این بهتره است,1
409,موهای من نسبتا سلامت بود ، دمیج نبود ، فقط گره میخورد به هم ، با این قیمت بالا و حجم کم اصلا به صرفه نیست ، در ضمن تاثیری را بر هم نداشت ، نرمکننده ایرانی از این بهتره است,1
410,موهای من نسبتا سلامت بود ، دمیج نبود ، فقط گره میخورد به هم ، با این قیمت بالا و حجم کم اصلا به صرفه نیست ، ودر ضمن تاثیری را موهایم هم نداشت ، نرمکننده ایرانی از این بهتره است,1
411,موهای من نسبتا سلامت بود ، دمیج نبود ، فقط گره میخورد به هم ، با این قیمت بالا و حجم کم دیگر به صرفه نیست ، در ضمن تاثیری را موهایم هم نداشت ، نرمکننده ایرانی از این بهتره است,1
412,موهای من نسبتا سلامت بود ، دمیج نبود ، فقط گره میخورد به هم ، با این قیمت بالا و حجم کم اصلا به صرفه نیست ، در ضمن تاثیری را موهایم هم نداشت ، نرمکننده ایرانی از این بهتر است,1
413,موهای من نسبتا سلامت بود ، دمیج نداشت ، فقط گره میخورد به هم ، با این قیمت بالا و حجم کم اصلا به صرفه نیست ، در ضمن تاثیری را موهایم هم نداشت ، نرمکننده ایرانی از این بهتره است,1
414,موهای من نسبتا سلامت بود ، دمیج نبود ، فقط گره میخورد به هم ، با این قیمت بالا و حجم کم اصلا به صرفه نیست ، در ضمن تاثیری را موهایم هم ندارد ، نرمکننده ایرانی از این بهتره است,1
415,من این را برای استفاده روی گوشی موتورولا خریدم اول که به کابل میکرو usb وصل نمیشد به زور که کابلمم خراب کرد وصل شد بعد گوشیم را شارژ کردم انداختم دور,1
416,من این کابل برای استفاده روی گوشی موتورولا خریدم اول که به کابل میکرو usb وصل نمیشد به زور که کابلمم خراب کرد وصل شد بعد گوشیم را شارژ نمیکرد انداختم دور,1
417,من این را برای استفاده روی گوشی موتورولا خریدم اول که به کابل میکرو یواسبی وصل نمیشد به زور که کابلمم خراب کرد وصل شد بعد گوشیم را شارژ نمیکرد انداختم دور,1
418,من این را برای استفاده روی گوشی موتورولا خریدم اول که به کابل میکرو usb وصل نمیشد به زور که کابلمم خراب کرد وصل شد بعد گوشی را شارژ نمیکرد انداختم دور,1
419,من این را برای استفاده روی گوشی موتورولا خریدم اول گوشیم به کابل میکرو usb وصل نمیشد به زور که کابلمم خراب کرد وصل شد بعد گوشیم را شارژ نمیکرد انداختم دور,1
420,من این را برای استفاده روی گوشی موتورولا خریدم اول که به کابل میکرو usb وصل نمیشد به زور که کابلمم خراب کرد وصل شد بعد گوشیم را شارژ کن انداختم دور,1
421,من این را برای استفاده روی گوشی موتورولا خریدم اول که با کابل میکرو usb وصل نمیشد به زور که کابلمم خراب کرد وصل شد بعد گوشیم را شارژ نمیکرد انداختم دور,1
422,من این را برای استفاده روی گوشی موتورولا خریدم چرا که به کابل میکرو usb وصل نمیشد به زور که کابلمم خراب کرد وصل شد بعد گوشیم را شارژ نمیکرد انداختم دور,1
423,تحریمها تاثیری ندارد,1
424,کوچکترین تاثیری!,1
425,جنس این کاور کاور باید مخمل مانند باشد ولی این کاملا پارچه هست,1
426,جنس این نوع کاور باید مخمل مانند باشد ولی این کاملا پارچه.,1
427,جنس این نوع کاور باید مخمل مانند باشد و این کاملا پارچه هست,1
428,جنس این نوع پارچه باید مخمل مانند باشد ولی این کاملا پارچه هست,1
429,اخر با این پولی که میدی ، این روغن دستت را بگیرد,1
430,اخر با هر پولی که میدی نباید این روغن دستت را بگیرد,1
431,اخر با این پولی که میدی نباید این کار دستت را بگیرد,1
432,تو با این پولی که میدی نباید این روغن دستت را بگیرد,1
433,باتری دیر شارژ میکند,1
434,بسیار سریع شارژ میکند,1
435,اصلا از لحاظ کیفیت مشابه عملکرد خارجیها نیست و فایده!,1
436,اصلا به لحاظ کیفیت مشابه عملکرد خارجیها نیست و فایده ندارد,1
437,اصلا از لحاظ کیفیت مشابه عملکرد خارجیها بوده و فایده ندارد,1
438,اصلا از لحاظ کیفیت مشابه عملکرد خارجیها نیست و تفاوتی ندارد,1
439,نسبت گران قیمتش میارزد,1
440,نسبت به من میارزد,1
441,نخرید. پولتان را هدر دادید. حجمش هم زیاده ، میمونه روی.,1
442,نخرید. پولتان را هدر دادید. حجمش هم زیاده ، دست روی دستتان,1
443,بله. پولتان را هدر دادید. حجمش هم زیاده ، میمونه روی دستتان,1
444,نخرید. پولتان را هدر دادید. حجمش هم زیاده ، میمونه کنید دستتان,1
445,استرس باعث وز شودن موها میشود,1
446,بیشتر باعث وز شدن موها میشود,1
447,بیشتر موجب وز شودن موها میشود,1
448,صدای سوتکش به گوشیم نخورد,1
449,جای سوتکش ، گوشیم نخورد,1
450,جای سوتکش به گوشیم!,1
451,چوب من را عین چوب سفت و شکننده و ترد کرده بطوریکه وقتی میزنم حتی قابلیت شانه کردن را از موهایم میگیرد.,1
452,موهای من را مثل چوب سفت و شکننده و ترد کرده بطوریکه وقتی میزنم حتی قابلیت شانه کردن را از موهایم میگیرد.,1
453,موهای من را عین چوب سفت و نرم و ترد کرده بطوریکه وقتی میزنم حتی قابلیت شانه کردن را از موهایم میگیرد.,1
454,این من را عین چوب سفت و شکننده و ترد کرده بطوریکه وقتی میزنم حتی قابلیت شانه کردن را از موهایم میگیرد.,1
455,موهای من را عین چوب سفت و شکننده و ترد کرده بطوریکه وقتی میزنم ، قابلیت شانه کردن را از موهایم میگیرد.,1
456,موهای من را عین چوب سفت و شکننده و ترد کرده بطوریکه وقتی میزنم حتی قابلیت شانه شدن را از موهایم میگیرد.,1
457,نه خوبه است نه ، اسمش نخ دندانه,1
458,نه این است نه بده اسمش نخ دندانه,1
459,نه خوبه است نه بده ، نخ دندانه,1
460,همین الان برای اولین استفاده کردم که با هر تکانی قطع میشود. پشیمانم از خریدم بافت پارچه ایش برای حفاظت بیشتر نیست و صرفا زیبایی داره,1
461,همین الان برای اولین استفاده است و با هر تکانی قطع میشود. پشیمانم از خریدم بافت پارچه ایش برای حفاظت بیشتر نیست و صرفا زیبایی داره,1
462,همین الان برای اولین استفاده کردم و با هر تکانی قطع میشود. پشیمانم رو خریدم بافت پارچه ایش برای حفاظت بیشتر نیست و صرفا زیبایی داره,1
463,تا الان برای اولین استفاده کردم و با هر تکانی قطع میشود. پشیمانم از خریدم بافت پارچه ایش برای حفاظت بیشتر نیست و صرفا زیبایی داره,1
464,من الان برای اولین استفاده کردم و با هر تکانی قطع میشود. پشیمانم از خریدم بافت پارچه ایش برای حفاظت بیشتر نیست و صرفا زیبایی داره,1
465,همین الان برای اولین استفاده کردم و با هر تکانی قطع میشود. پشیمانم از خریدم بافت پارچه ایش برای حفاظت بیشتر است و صرفا زیبایی داره,1
466,همین الان برای اولین استفاده کردم و با هر تکانی قطع میشود. پشیمانم از خریدم بافت پارچه ایش برای حفاظت بیشتر نیست و بافت زیبایی داره,1
467,کیفیت این محصول بالاست اما کیفیت مناسبی دارد,1
468,قیمت این خودرو بالاست اما کیفیت مناسبی دارد,1
469,قیمت این محصول بالاست اما کیفیت مناسبی.,1
470,اصلا.,1
471,اصلا!,1
472,هرگز فراموش نمیشود,1
473,هرگز تکرار نمیشود,1
474,اب گند میدهد,1
475,بوی سیب میدهد,1
476,htc تولید نمیکند,1
477,htc کار نمیکند,1
478,خریداری شده برای هارد اکسترنال قدیمی اما متاسفانه قابلیت انتقال دیتا ندارد,1
479,خریداری شد برای هارد اکسترنال قدیمی که متاسفانه قابلیت انتقال دیتا ندارد,1
480,خریداری شد برای هارد اکسترنال قدیمی اما متاسفانه قابلیت دریافت دیتا ندارد,1
481,خریداری شد برای هارد اکسترنال قدیمی اما متاسفانه قابلیت انتقال وجود ندارد,1
482,صالوت فوقالعاده قوی هست. من اوایل متوجه نمیدشم که وقتی این را میزنم پوستم حساس میشود خشک میشود دونههای ریز قرمز میزند. ولی وقتی عدد هفته گذشت متوجه شودم به شدت پوستم بهش حساسه. و اصلا پیشنهاد نمیکنم,1
483,صالوت فوقالعاده قوی هست. من اوایل متوجه نمیدشم که وقتی این را میزنم پوستم حساس میشود خشک میشود دونههای ریز قرمز میزند. ولی وقتی عدد هفته گذشت متوجه شودم به شدت پوستم بهش حساسه است و اصلا پیشنهاد.,1
484,صالوت فوقالعاده قوی هست. من اوایل پیشنهاد نمیدشم که وقتی این را میزنم پوستم حساس میشود خشک میشود دونههای ریز قرمز میزند. ولی وقتی عدد هفته گذشت متوجه شودم به شدت پوستم بهش حساسه است و اصلا پیشنهاد نمیکنم,1
485,صالوت فوقالعاده قوی است. من اوایل متوجه نمیدشم که وقتی این را میزنم پوستم حساس میشود خشک میشود دونههای ریز قرمز میزند. ولی وقتی عدد هفته گذشت متوجه شودم به شدت پوستم بهش حساسه است و اصلا پیشنهاد نمیکنم,1
486,صالوت فوقالعاده قوی هست. من اوایل متوجه نمیدشم که وقتی این را میزنم پوستم حساس میشود خشک میشود دونههای ریز بهم میزند. ولی وقتی عدد هفته گذشت متوجه شودم به شدت پوستم بهش حساسه است و اصلا پیشنهاد نمیکنم,1
487,صالوت فوقالعاده قوی هست. من اوایل متوجه نمیدشم که وقتی این را میزنم پوستم حساس میشود و میشود دونههای ریز قرمز میزند. ولی وقتی عدد هفته گذشت متوجه شودم به شدت پوستم بهش حساسه است و اصلا پیشنهاد نمیکنم,1
488,صالوت فوقالعاده قوی هست. من اوایل متوجه نمیدشم که وقتی این را میزنم پوستم حساس میشود خشک میشود دونههای ریز قرمز میزند. ولی وقتی عدد هفته گذشت متوجه شودم به شدت پوستم بهش حساس است و اصلا پیشنهاد نمیکنم,1
489,صالوت فوقالعاده قوی هست. من اوایل هیچوقت نمیدشم که وقتی این را میزنم پوستم حساس میشود خشک میشود دونههای ریز قرمز میزند. ولی وقتی عدد هفته گذشت متوجه شودم به شدت پوستم بهش حساسه است و اصلا پیشنهاد نمیکنم,1
490,صالوت فوقالعاده قوی هست. من اوایل متوجه نمیدشم که وقتی این را میزنم پوستم حساس میشود خشک میشود دونههای ریز قرمز میزند. ولی وقتی عددم گذشت متوجه شودم به شدت پوستم بهش حساسه است و اصلا پیشنهاد نمیکنم,1
491,صالوت فوقالعاده قوی هست. من اصلا متوجه نمیدشم که وقتی این را میزنم پوستم حساس میشود خشک میشود دونههای ریز قرمز میزند. ولی وقتی عدد هفته گذشت متوجه شودم به شدت پوستم بهش حساسه است و اصلا پیشنهاد نمیکنم,1
492,متاسفانه علیرغم اینکه در توضیحات نوشته شارژ با سرعت بالا ، اما از فست شارژ استفاده نمیکند,1
493,متاسفانه علیرغم اینکه در توضیحات نوشته شارژ دارای سرعت بالا ، اما از فست شارژ پشتیبانی نمیکند,1
494,متاسفانه علیرغم این در توضیحات نوشته شارژ با سرعت بالا ، اما از فست شارژ پشتیبانی نمیکند,1
495,متاسفانه علیرغم اینکه این توضیحات نوشته شارژ با سرعت بالا ، اما از فست شارژ پشتیبانی نمیکند,1
496,متاسفانه علیرغم اینکه در توضیحات نوشته شده با سرعت بالا ، اما از فست شارژ پشتیبانی نمیکند,1
497,جنس بیرونی خوبه است دوخت خوبی داره جادار اما برای لب تاب عدد ٫ عدد اینچی یک مقدار کوچکه است بزرگترین نقطه ضعفش استری داخلشه است که اصلا کیفیت ندارد انگار نایلون دوختن و بعد از مدت کوتاهی در صورت استفاده زیاد از بین میره,1
498,جنس بیرونی خوبه و دوخت خوبی داره جادار اما برای لب تاب عدد ٫ عدد اینچی یک مقدار کوچکه است بزرگترین نقطه ضعفش استری داخلشه است که اصلا کیفیت ندارد انگار نایلون دوختن و بعد از مدت کوتاهی در اثر استفاده زیاد از بین میره,1
499,جنس بیرونی خوبه ، دوخت خوبی داره جادار اما برای لب تاب عدد ٫ عدد اینچی یک مقدار کوچکه است بزرگترین نقطه ضعفش استری داخلشه است که اصلا کیفیت ندارد انگار نایلون دوختن و بعد از مدت کوتاهی در اثر استفاده زیاد از بین میره,1
500,جنس بیرونی خوبه است دوخت خوبی داره جادار اما برای لب تاب عدد ٫ عدد اینچی یک مقدار کوچکه است بزرگترین نقطه ضعفش استری داخلشه است که اصلا کیفیت ندارد انگار نایلون دوختن و بعد از مدت کوتاهی در اثر استفاده نادرست از بین میره,1
501,طراحی بیرونی خوبه است دوخت خوبی داره جادار اما برای لب تاب عدد ٫ عدد اینچی یک مقدار کوچکه است بزرگترین نقطه ضعفش استری داخلشه است که اصلا کیفیت ندارد انگار نایلون دوختن و بعد از مدت کوتاهی در اثر استفاده زیاد از بین میره,1
502,جنس بیرونی خوبه است دوخت خوبی داره جادار اما برای لب تاب عدد ٫ عدد اینچی یک مقدار کوچکه است بزرگترین نقطه ضعفش استری داخلشه است که اصلا کیفیت ندارد انگار با دوختن و بعد از مدت کوتاهی در اثر استفاده زیاد از بین میره,1
503,جنس بیرونی خوبه است دوخت خوبی داره جادار اما برای لب تاب عدد ٫ عدد اینچی یک مقدار کوچکه است بزرگترین نقطه ضعفش استری داخلشه است که اصلا کیفیت ندارد انگار نایلون نیست و بعد از مدت کوتاهی در اثر استفاده زیاد از بین میره,1
504,جنس بیرونی خوبه است دوخت خوبی داره جادار اما برای لب تاب ۱ ٫ عدد اینچی یک مقدار کوچکه است بزرگترین نقطه ضعفش استری داخلشه است که اصلا کیفیت ندارد انگار نایلون دوختن و بعد از مدت کوتاهی در اثر استفاده زیاد از بین میره,1
505,جنس بیرونی خوبه است دوخت خوبی داره جادار اما برای لب تاب عدد ٫ عدد اینچی یک مقدار کوچکه است بزرگترین نقطه ضعفش استری داخلشه است که اصلا کیفیت ندارد انگار نایلون دوختن و بعد از مدت کوتاهی در اثر استفاده زیاد از دست میره,1
506,جنس بیرونی خوبه است دوخت خوبی داره جادار اما برای لب تاب عدد ٫ عدد اینچی یک مقدار کوچکه است بزرگترین نقطه ضعفش استری داخلشه است که اصلا کیفیت ندارد با نایلون دوختن و بعد از مدت کوتاهی در اثر استفاده زیاد از بین میره,1
507,جنس خیلی خوبه است دوخت خوبی داره جادار اما برای لب تاب عدد ٫ عدد اینچی یک مقدار کوچکه است بزرگترین نقطه ضعفش استری داخلشه است که اصلا کیفیت ندارد انگار نایلون دوختن و بعد از مدت کوتاهی در اثر استفاده زیاد از بین میره,1
508,همه رنگها زیبا بودند!,1
509,این رنگها خشکشده بودند!,1
510,همه رنگها خشکشده هستند!,1
511,فقط از خش افتادن جلوگیری میکنم و لیزم هست و واقعا نمیارزد,1
512,فقط از خش افتادن جلوگیری میکند و لیزم هست و واقعا.,1
513,فقط از خش افتادن جلوگیری میکند و لیزم هست و واقعا!,1
514,فقط از خش افتادن جلوگیری میکند و لیزم هست و واقعا نمیارزد,1
515,دکمه خرید بیش از حد سفته و زیاد شفاف نیست!,1
516,دکمه معاملات بیش از حد سفته و زیاد شفاف نیست!,1
517,دکمه هایش بیش از حد سفته و زیاد شفاف است!,1
518,دارایی هایش بیش از حد سفته و زیاد شفاف نیست!,1
519,فقط به درد گوش بچه بیست و عدد ساله میخورد ….,1
520,فقط به درد یک بچه عدد و عدد ساله میخورد ….,1
521,فقط به یک گوش بچه عدد و عدد ساله میخورد ….,1
522,. به درد گوش بچه عدد و عدد ساله میخورد ….,1
523,همین که رسید دستم,1
524,همین الان رسید.,1
525,واقعا بوی سیر میده و کلی باید بشورم تا یکی سیر از سرم بره,1
526,واقعا بوی بدی میدهد و کلی باید بشورم تا یکی سیر از سرم بره,1
527,واقعا سرم سیر میدهد و کلی باید بشورم تا یکی سیر از سرم بره,1
528,واقعا بوی سیر میدهد. کلی باید بشورم تا یکی سیر از سرم بره,1
529,اصلا انگار نه انگار در کارش انتقال تصویر هیچ اتفاقی نمیفته,1
530,اصلا انگار نه انگار که کارش انتقال تصویر هیچ اتفاقی.,1
531,اصلا انگار نه انگار که کارش انتقال است هیچ اتفاقی نمیفته,1
532,اصلا انگار نه انگار توی کارش انتقال تصویر هیچ اتفاقی نمیفته,1
533,پیشنهاد بنزین کاملا بیکیفیت,1
534,فکر نمیکنم کاملا بیکیفیت,1
535,بسیار شکننده میباشد با سوزن افتادن و همچنین گذاشتن در جیب شلوار شکست,1
536,بسیار شکننده میباشد با یکبار افتادن و همچنین گذاشتن در جیب شلوار.,1
537,بسیار شکننده میباشد با یکبار افتادن و همچنین گذاشتن یک جیب شلوار شکست,1
538,بسیار شکننده میباشد با یکبار افتادن ، همچنین گذاشتن در جیب شلوار شکست,1
539,اگر به درد نمیخورد نخررید,1
540,اصلا به درد نمیخورد.,1
541,اصلا به درد دل نخررید,1
542,"یک درصد هم روی مو تاثیر ندارد شیر, موی فاربن خوبه است ولی این ماسک واقعا بد بود. موهای منو مثل چوب خشک.",1
543,"یک شیر هم روی مو تاثیر ندارد شیر, موی فاربن خوبه است ولی این ماسک واقعا بد بود. موهای منو مثل چوب خشک کرد",1
544,"یک درصد هم روی مو تاثیر ندارد شیر, موی فاربن خوبه است ولی این ماسک واقعا بد بود. اون منو مثل چوب خشک کرد",1
545,"یک درصد هم روی مو تاثیر ندارد شیر, موی فاربن خوبه است ولی این ماسک واقعا بد بود. موهای منو با چوب خشک کرد",1
546,"یک درصد هم روی مو تاثیر ندارد شیر, موی من خوبه است ولی این ماسک واقعا بد بود. موهای منو مثل چوب خشک کرد",1
547,"یک درصد هم روی مو تاثیر ندارد شیر, موی فاربن خوبه است ولی این ماسک واقعا بد بود. موهای منو مثل چوب خشک!",1
548,"یک درصد هم روی مو وجود ندارد شیر, موی فاربن خوبه است ولی این ماسک واقعا بد بود. موهای منو مثل چوب خشک کرد",1
549,عدم. عدم کیفیت. عدم غلظت.,1
550,قابلیت پاککنندگی عدم کیفیت. عدم غلظت.,1
551,عدم پاککنندگی عدم کیفیت. عدم ایمنی.,1
552,یک ماه هم کار نکرد,1
553,دو ماه بیشتر کار نکرد,1
554,یک ماه بیشتر صبر نکرد,1
555,با سلام و احترام. من موهای نسبتا نازکی دارم که رنگشده هستن. این شامپو در مقایسه با بعضی محصولات دیگر که استفاده کرده بودم نقطه قوتی داره. برای موهای منبعد از استفاده نیاز به نرمکننده یا ماسک احساس میشود. در دفعات اول استفاده باعث شد موهایم بیشتر از حد معمولش بریزه ولی هنوز دارم استفاده میکنم و امیدوارم بعد از چندین نوبت سازگار بشود. در صورتی که این اتفاق نیفته است مطمينا اصلا توصیه نمیکنم.,1
556,با سلام و احترام. من موهای نسبتا نازکی دارم که رنگشده هستن. این شامپو در مقایسه با بعضی محصولات دیگر که استفاده کرده بودم نقطه قوتی نداشت. برای موهای منبعد مورد استفاده نیاز به نرمکننده یا ماسک احساس میشود. در دفعات اول استفاده باعث شد موهایم بیشتر از حد معمولش بریزه ولی هنوز دارم استفاده میکنم و امیدوارم بعد از چندین نوبت سازگار بشود. در صورتی که این اتفاق نیفته است مطمينا اصلا توصیه نمیکنم.,1
557,با سلام و احترام. من موهای نسبتا نازکی دارم که رنگشده هستن. این شامپو در مقایسه با بعضی محصولات دیگر که استفاده کرده بودم نقطه قوتی نداشت. برای موهای منبعد از استفاده نیاز به نرمکننده یا ماسک احساس میشد. در دفعات اول استفاده باعث شد موهایم بیشتر از حد معمولش بریزه ولی هنوز دارم استفاده میکنم و امیدوارم بعد از چندین نوبت سازگار بشود. در صورتی که این اتفاق نیفته است مطمينا اصلا توصیه نمیکنم.,1
558,با سلام و احترام. من موهای نسبتا نازکی دارم که رنگشده هستن. این شامپو در مقایسه با بعضی محصولات دیگر که امتحان کرده بودم نقطه قوتی نداشت. برای موهای منبعد از استفاده نیاز به نرمکننده یا ماسک احساس میشود. در دفعات اول استفاده باعث شد موهایم بیشتر از حد معمولش بریزه ولی هنوز دارم استفاده میکنم و امیدوارم بعد از چندین نوبت سازگار بشود. در صورتی که این اتفاق نیفته است مطمينا اصلا توصیه نمیکنم.,1
559,با سلام و احترام. من موهای نسبتا نازکی دارم که رنگشده هستن. این شامپو در مقایسه با بعضی محصولات دیگر که استفاده کرده بودم نقطه قوتی نداشت. برای موهای منبعد از استفاده نیاز به نرمکننده یا ماسک احساس میشود. در دفعات اول استفاده باعث شد موهایم بیشتر از حد معمولش بشه ولی هنوز دارم استفاده میکنم و امیدوارم بعد از چندین نوبت سازگار بشود. در صورتی که این اتفاق نیفته است مطمينا اصلا توصیه نمیکنم.,1
560,با سلام و احترام. من موهای نسبتا نازکی دارم که رنگشده هستن. البته شامپو در مقایسه با بعضی محصولات دیگر که استفاده کرده بودم نقطه قوتی نداشت. برای موهای منبعد از استفاده نیاز به نرمکننده یا ماسک احساس میشود. در دفعات اول استفاده باعث شد موهایم بیشتر از حد معمولش بریزه ولی هنوز دارم استفاده میکنم و امیدوارم بعد از چندین نوبت سازگار بشود. در صورتی که این اتفاق نیفته است مطمينا اصلا توصیه نمیکنم.,1
561,با سلام و احترام. من موهای نسبتا نازکی دارم که رنگشده هستن. این شامپو در مقایسه با بعضی محصولات دیگر که استفاده کرده بودم نقطه قوتی نداشت. برای موهای منبعد از استفاده نیاز به نرمکننده یا ماسک احساس میشود. در دفعات اول استفاده باعث شد موهایم بیش از حد معمولش بریزه ولی هنوز دارم استفاده میکنم و امیدوارم بعد از چندین نوبت سازگار بشود. در صورتی که این اتفاق نیفته است مطمينا اصلا توصیه نمیکنم.,1
562,با سلام و احترام. من موهای نسبتا نازکی دارم که رنگشده هستن. این شامپو در مقایسه با بعضی محصولات دیگر که استفاده کرده بودم نقطه قوتی نداشت. برای موهای منبعد از استفاده نیاز به نرمکننده یا ماسک احساس میشود. در دفعات اول استفاده باعث شد موهایم بیشتر از حد معمولش بریزه ولی هنوز دارم استفاده میکنم و امیدوارم بعد از چندین نوبت سازگار بشود. در صورتی که این اتفاق نیفته است مطمينا اصلا توصیه نمیشه.,1
563,با سلام و احترام. من موهای نسبتا نازکی دارم که رنگشده هستن. این شامپو در مقایسه با بعضی محصولات دیگر که استفاده کرده بودم نقطه قوتی نداشت. برای موهای منبعد از استفاده نیاز به نرمکننده یا ماسک احساس میشود. در دفعات اول استفاده باعث شد موهایم بیشتر از حد معمولش بشن ولی هنوز دارم استفاده میکنم و امیدوارم بعد از چندین نوبت سازگار بشود. در صورتی که این اتفاق نیفته است مطمينا اصلا توصیه نمیکنم.,1
564,با سلام و درود. من موهای نسبتا نازکی دارم که رنگشده هستن. این شامپو در مقایسه با بعضی محصولات دیگر که استفاده کرده بودم نقطه قوتی نداشت. برای موهای منبعد از استفاده نیاز به نرمکننده یا ماسک احساس میشود. در دفعات اول استفاده باعث شد موهایم بیشتر از حد معمولش بریزه ولی هنوز دارم استفاده میکنم و امیدوارم بعد از چندین نوبت سازگار بشود. در صورتی که این اتفاق نیفته است مطمينا اصلا توصیه نمیکنم.,1
565,با سلام و احترام. من موهای نسبتا نازکی دارم که رنگشده هستن. این شامپو در مقایسه با بعضی محصولات دیگر که استفاده کرده بودم نقطه قوتی نداشت. برای موهای منبعد از استفاده نیاز به نرمکننده یا ماسک احساس میشود. در دفعات اول استفاده باعث شد موهایم بیشتر از حد معمولش بریزه ولی هنوز دارم استفاده میکنم و امیدوارم بعد از چندین نوبت سازگار بشود. در صورتی که این اتفاق نیفته ، مطمينا اصلا توصیه نمیکنم.,1
566,با سلام و احترام. من موهای نسبتا نازکی دارم که رنگشده هستن. این شامپو در مقایسه با بعضی محصولات دیگر که استفاده کرده بودم نقطه قوتی نداشت. برای موهای منبعد از استفاده نیاز به نرمکننده یا ماسک احساس میشود. در دفعات اول استفاده باعث شد موهایم بیشتر از حد معمولش بریزه ولی هنوز دارم استفاده میکنم و باید بعد از چندین نوبت سازگار بشود. در صورتی که این اتفاق نیفته است مطمينا اصلا توصیه نمیکنم.,1
567,با سلام و احترام. من موهای نسبتا نازکی دارم که رنگشده هستن. این شامپو در مقایسه با بعضی محصولات دیگر که استفاده کرده بودم نقطه قوتی نداشت. برای موهای منبعد از استفاده نیاز به نرمکننده یا ماسک احساس میشود. در دفعات اول استفاده باعث شد موهایم بیشتر از حد معمولش بریزه ولی هنوز دارم استفاده میکنم و امیدوارم بعد از چندین نوبت سازگار بشود. در صورتی که این اتفاق نیفته. مطمينا اصلا توصیه نمیکنم.,1
568,با سلام و احترام. من موهای نسبتا نازکی دارم که رنگشده هستن. این شامپودر مقایسه با بعضی محصولات دیگر که استفاده کرده بودم نقطه قوتی نداشت. برای موهای منبعد از استفاده نیاز به نرمکننده یا ماسک احساس میشود. در دفعات اول استفاده باعث شد موهایم بیشتر از حد معمولش بریزه ولی هنوز دارم استفاده میکنم و امیدوارم بعد از چندین نوبت سازگار بشود. در صورتی که این اتفاق نیفته است مطمينا اصلا توصیه نمیکنم.,1
569,با سلام و احترام. من موهای نسبتا نازکی دارم و رنگشده هستن. این شامپو در مقایسه با بعضی محصولات دیگر که استفاده کرده بودم نقطه قوتی نداشت. برای موهای منبعد از استفاده نیاز به نرمکننده یا ماسک احساس میشود. در دفعات اول استفاده باعث شد موهایم بیشتر از حد معمولش بریزه ولی هنوز دارم استفاده میکنم و امیدوارم بعد از چندین نوبت سازگار بشود. در صورتی که این اتفاق نیفته است مطمينا اصلا توصیه نمیکنم.,1
570,با سلام و احترام. من موهای نسبتا نازکی دارم که رنگشده هستن. این شامپو در مقایسه با بعضی محصولات دیگر که استفاده کرده بودم نقطه قوتی نداشت. برای موهای منبعد از استفاده نیاز به نرمکننده یا ماسک احساس میشود. در دفعات اول استفاده باعث شد موهایم بیشتر از حد معمولش بریزه ولی هنوز دارم استفاده میکنم و امیدوارم بعد از چندین نوبت سازگار بشود. در صورتی که این اتفاق نیفته است مطمينا اصلا توصیه نمیکنم.,1
571,با سلام و احترام. من موهای نسبتا نازکی داشتم که رنگشده هستن. این شامپو در مقایسه با بعضی محصولات دیگر که استفاده کرده بودم نقطه قوتی نداشت. برای موهای منبعد از استفاده نیاز به نرمکننده یا ماسک احساس میشود. در دفعات اول استفاده باعث شد موهایم بیشتر از حد معمولش بریزه ولی هنوز دارم استفاده میکنم و امیدوارم بعد از چندین نوبت سازگار بشود. در صورتی که این اتفاق نیفته است مطمينا اصلا توصیه نمیکنم.,1
572,با سلام و احترام. من موهای نسبتا نازکی دارم که رنگشده هستن. این شامپو در مقایسه با بعضی محصولات دیگر که استفاده کرده بودم نقطه قوتی نداشت. برای موهای منبعد از استفاده نیاز به نرمکننده یا ماسک احساس میشود. در دفعات اول استفاده باعث شد موهایم بیشتر از مقدار معمولش بریزه ولی هنوز دارم استفاده میکنم و امیدوارم بعد از چندین نوبت سازگار بشود. در صورتی که این اتفاق نیفته است مطمينا اصلا توصیه نمیکنم.,1
573,در نهایت افتضاح. اصلا پیشنهاد نمیشود,1
574,در یککلام افتضاح. اصلا دیده نمیشود,1
575,در یککلام افتضاح. اصلا پیشنهاد!,1
576,به هیچ وجه شبیه تصویر نیست. ساده نخورید. پشتش طرح دون دون داره و ساده مثل عکس نیست.,1
577,به هیچ وجه مثل تصویر نیست. گول نخورید. پشتش طرح دون دون داره و ساده مثل عکس نیست.,1
578,به هیچ عنوان شبیه تصویر نیست. گول نخورید. پشتش طرح دون دون داره و ساده مثل عکس نیست.,1
579,به هیچ وجه شبیه تصویر نیست. گول نخورید. پشتش طرح دون دون داره و پشتش مثل عکس نیست.,1
580,به هیچ وجه شبیه تصویر نیست. گول نخورید. پشتش طرح دون دون داره و صورتش مثل عکس نیست.,1
581,به هیچ وجه شبیه تصویر نیست. گول نخورید. پشتش طرح و دون داره و ساده مثل عکس نیست.,1
582,بعد از عدد روز استفاده مرتب ( روز و شب ) و پرهیز از خوراکیهایی که روی رنگ دندان تاثیر میگذارند ، هیچ تغییری در رنگ دندان ایجاد نشد. عدد دقیقه نگاهداشتن مواد در دهان بدون هیچ محافظی تقریبا غیرممکنه است و تمام مواد در دهان پخش خواهد شد. مگر اینکه عدد دقیقه لبخند بزنید,1
583,بعد از عدد روز استفاده مرتب ( صبح و شب ) و پرهیز از خوراکیهایی که روی رنگ دندان تاثیر میگذارند ، هیچ تغییری در رنگ دندان ایجاد نشد. عدد دقیقه نگاهداشتن مواد در دهان بدون هیچ محافظی تقریبا غیرممکنه است و این مواد در دهان پخش خواهد شد. مگر اینکه عدد دقیقه لبخند بزنید,1
584,بعد از عدد روز استفاده مرتب ( صبح و شب ) و پرهیز از خوراکیهایی که روی رنگ دندان تاثیر میگذارند ، هیچ تغییری در رنگ دندان ایجاد نشد. عدد دقیقه نگاهداشتن مواد در دهان بدون هیچ محافظی تقریبا غیرممکنه است و تمام مواد در دهان پخش خواهد شد. مگر اینکه عدد دقیقه را بزنید,1
585,بعد از عدد روز استفاده مرتب ( صبح و شب ) و پرهیز از خوراکیهایی که روی رنگ دندان تاثیر میگذارند ، هیچ تغییری در رنگ دندان ایجاد نشد. عدد دقیقه نگاهداشتن مواد در دهان بدون هیچ دلیلی تقریبا غیرممکنه است و تمام مواد در دهان پخش خواهد شد. مگر اینکه عدد دقیقه لبخند بزنید,1
586,بعد از عدد دقیقه استفاده مرتب ( صبح و شب ) و پرهیز از خوراکیهایی که روی رنگ دندان تاثیر میگذارند ، هیچ تغییری در رنگ دندان ایجاد نشد. عدد دقیقه نگاهداشتن مواد در دهان بدون هیچ محافظی تقریبا غیرممکنه است و تمام مواد در دهان پخش خواهد شد. مگر اینکه عدد دقیقه لبخند بزنید,1
587,بعد از عدد روز استفاده مرتب ( صبح و شب ) و پرهیز از خوراکیهایی که روی رنگ دندان تاثیر میگذارند ، هیچ تغییری در رنگ دندان ایجاد نشد. عدد دقیقه نگاهداشتن مواد در دهان بدون هیچ محافظی تقریبا غیرممکنه بود و تمام مواد در دهان پخش خواهد شد. مگر اینکه عدد دقیقه لبخند بزنید,1
588,بعد از یک روز استفاده مرتب ( صبح و شب ) و پرهیز از خوراکیهایی که روی رنگ دندان تاثیر میگذارند ، هیچ تغییری در رنگ دندان ایجاد نشد. عدد دقیقه نگاهداشتن مواد در دهان بدون هیچ محافظی تقریبا غیرممکنه است و تمام مواد در دهان پخش خواهد شد. مگر اینکه عدد دقیقه لبخند بزنید,1
589,بعد از عدد روز استفاده مرتب ( صبح و شب ) و پرهیز از خوراکیهایی که روی مینای دندان تاثیر میگذارند ، هیچ تغییری در رنگ دندان ایجاد نشد. عدد دقیقه نگاهداشتن مواد در دهان بدون هیچ محافظی تقریبا غیرممکنه است و تمام مواد در دهان پخش خواهد شد. مگر اینکه عدد دقیقه لبخند بزنید,1
590,بعد از عدد روز استفاده مرتب ( صبح و شب ) و پرهیز از خوراکیهایی که روی رنگ دندان تاثیر میگذارند ، هیچ تغییری در رنگ دندان ایجاد نشد. عدد دقیقه نگاهداشتن مواد در دهان بدون هیچ محافظی ، غیرممکنه است و تمام مواد در دهان پخش خواهد شد. مگر اینکه عدد دقیقه لبخند بزنید,1
591,بعد از عدد روز استفاده مرتب ( صبح و شب ) و پرهیز از خوراکیهایی که روی رنگ دندان تاثیر میگذارند ، هیچ تغییری در رنگ دندان ایجاد نشد. عدد دقیقه نگاهداشتن مواد در دهان بدون هیچ محافظی تقریبا غیرممکنه است و تمام مواد در دهان پخش خواهد شد. مگر اینکه عدد دقیقه لبخند.,1
592,بعد از عدد روز استفاده روزانه ( صبح و شب ) و پرهیز از خوراکیهایی که روی رنگ دندان تاثیر میگذارند ، هیچ تغییری در رنگ دندان ایجاد نشد. عدد دقیقه نگاهداشتن مواد در دهان بدون هیچ محافظی تقریبا غیرممکنه است و تمام مواد در دهان پخش خواهد شد. مگر اینکه عدد دقیقه لبخند بزنید,1
593,بعد از عدد روز استفاده مرتب ( صبح و شب ) و پرهیز از خوراکیهایی که روی رنگ دندان تاثیر میگذارند ، هیچ تغییری در رنگ دندان ایجاد نشد. عدد دقیقه نگاهداشتن مواد در دهان بدون هیچ محافظی تقریبا غیرممکنه است و تمام مواد در دهان پخش خواهد شد. مگر اینکه عدد دقیقه لبخند!,1
594,بعد از عدد روز استفاده مرتب ( صبح و شب ) و پرهیز از خوراکیهایی که روی رنگ دندان تاثیر میگذارند ، هیچ تغییری در رنگ دندان ایجاد نشد. عدد دقیقه نگاهداشتن مواد در دهان به هیچ محافظی تقریبا غیرممکنه است و تمام مواد در دهان پخش خواهد شد. مگر اینکه عدد دقیقه لبخند بزنید,1
595,البته چند اختیاریه اما نسبت به خیلی از لوسیون بوی بدی داره.,1
596,هر چند اختیاریه اما نسبت دادن خیلی از لوسیون بوی بدی داره.,1
597,هر چند اختیاریه اما نسبت به استفاده از لوسیون بوی بدی داره.,1
598,هر چند اختیاریه اما دسترسی به خیلی از لوسیون بوی بدی داره.,1
599,نخرید که عاشقش میشوید,1
600,نخرید ، پشیمان میشوید,1
601,هم به اندازهی گفتهشده نبود و هم از قلم افتاد,1
602,هم در اندازهی گفتهشده نبود و هم از کار افتاد,1
603,نه به اندازهی گفتهشده نبود و هم از کار افتاد,1
604,هم به اندازهی گفتهشده نبود و هم به کار افتاد,1
605,از فروشگاه رهام گرفتم اما کار نمیکند,1
606,از فروشگاه پول گرفتم اصلا کار نمیکند,1
607,از فروشگاه قرض گرفتم اصلا کار نمیکند,1
608,منم گول ان را خوردم. پشتش برای خود گوشی بود. این قاب پشتش شیشهای هست.,1
609,منم این عکس را خوردم. پشتش برای خود گوشی بود. این قاب پشتش شیشهای هست.,1
610,من گول عکس را خوردم. پشتش برای خود گوشی بود. این قاب پشتش شیشهای هست.,1
611,منم گول عکس را خوردم. پشتش برای خود گوشی بود. این عکس پشتش شیشهای هست.,1
612,منم گول عکس را خوردم. پشتش برای خود گوشی بود. ولی قاب پشتش شیشهای هست.,1
613,بر خلاف نظرات مردم ، متاسفانه ان محصول هیچ نقاط قوتی ندارد و کاملا مو را وز ، زبر و کدر میکند و اصلا حالت نرم کنندگی ، درخشش و کراتین به مو نمیده ، بعد از استفاده مو کاملا مثل چوب میشود ، با اینکه قیمتش با کرم مو ic که ایتالیایی هم هست در یک سطح تقریبا ولی بسیار بیکیفیت و نامناسبه است. از خریدش فوقالعاده ناراضیم,1
614,بر خلاف تصور مردم ، متاسفانه این محصول هیچ نقاط قوتی ندارد و کاملا مو را وز ، زبر و کدر میکند و اصلا حالت نرم کنندگی ، درخشش و کراتین به مو نمیده ، بعد از استفاده مو کاملا مثل چوب میشود ، با اینکه قیمتش با کرم مو ic که ایتالیایی هم هست در یک سطح تقریبا ولی بسیار بیکیفیت و نامناسبه است. از خریدش فوقالعاده ناراضیم,1
615,بر خلاف نظرات مردم ، متاسفانه این محصول هیچ نقاط قوتی ندارد ، کاملا مو را وز ، زبر و کدر میکند و اصلا حالت نرم کنندگی ، درخشش و کراتین به مو نمیده ، بعد از استفاده مو کاملا مثل چوب میشود ، با اینکه قیمتش با کرم مو ic که ایتالیایی هم هست در یک سطح تقریبا ولی بسیار بیکیفیت و نامناسبه است. از خریدش فوقالعاده ناراضیم,1
616,بر خلاف نظرات مردم ، متاسفانه این محصول هیچ نقاط قوتی ندارد و کاملا مو را وز ، خشک و کدر میکند و اصلا حالت نرم کنندگی ، درخشش و کراتین به مو نمیده ، بعد از استفاده مو کاملا مثل چوب میشود ، با اینکه قیمتش با کرم مو ic که ایتالیایی هم هست در یک سطح تقریبا ولی بسیار بیکیفیت و نامناسبه است. از خریدش فوقالعاده ناراضیم,1
617,بر خلاف نظرات مردم ، متاسفانه این محصول هیچ نقاط قوتی ندارد و کاملا مو را وز ، زبر و کدر میکند و اصلا حالت نرم کنندگی ، درخشش و کراتین به مو نمیده ، بعد از استفاده مو کاملا مثل چوب میشود ، با مقایسه قیمتش با کرم مو ic که ایتالیایی هم هست در یک سطح تقریبا ولی بسیار بیکیفیت و نامناسبه است. از خریدش فوقالعاده ناراضیم,1
618,بر خلاف نظرات مردم ، متاسفانه این محصول هیچ نقاط قوتی ندارد و کاملا مو را وز ، زبر و کدر میکند و اصلا حالت نرم کنندگی ، ارتجاعی و کراتین به مو نمیده ، بعد از استفاده مو کاملا مثل چوب میشود ، با اینکه قیمتش با کرم مو ic که ایتالیایی هم هست در یک سطح تقریبا ولی بسیار بیکیفیت و نامناسبه است. از خریدش فوقالعاده ناراضیم,1
619,بر خلاف نظرات مردم ، متاسفانه این محصول هیچ نقاط قوتی ندارد و کاملا مو را وز ، زبر و کدر میکند و اصلا حالت نرم کنندگی ، درخشش و نرمی به مو نمیده ، بعد از استفاده مو کاملا مثل چوب میشود ، با اینکه قیمتش با کرم مو ic که ایتالیایی هم هست در یک سطح تقریبا ولی بسیار بیکیفیت و نامناسبه است. از خریدش فوقالعاده ناراضیم,1
620,بر خلاف نظرات مردم ، متاسفانه این محصول هیچ نقاط قوتی ندارد و کاملا مو را وز ، زبر و کدر میکند و اصلا حالت نرم کنندگی ، درخشش و کراتین به مو نمیده ، بعد از استفاده مو کاملا مثل چوب میشود ، با اینکه قیمتش با کرم مو ic که ایتالیایی هم هست در یک سطح تقریبا ولی بسیار بیکیفیت و گران است. از خریدش فوقالعاده ناراضیم,1
621,بر خلاف نظرات مردم ، متاسفانه این محصول هیچ نقاط قوتی ندارد و کاملا مو را وز ، زبر و کدر میکند و اصلا حالت نرم کنندگی ، درخشش و کراتین به مو نمیده ، بعد از استفاده مو کاملا مثل چوب میشود ، با اینکه قیمتش با کرم مو ، که ایتالیایی هم هست در یک سطح تقریبا ولی بسیار بیکیفیت و نامناسبه است. از خریدش فوقالعاده ناراضیم,1
622,بر خلاف نظرات مردم ، متاسفانه این محصول هیچ نقاط قوتی ندارد و کاملا مو را وز ، زبر و کدر میکند و اصلا حالت نرم کنندگی ، درخشش و کراتین به مو نمیده ، بعد از استفاده مو کاملا مثل چوب است ، با اینکه قیمتش با کرم مو ic که ایتالیایی هم هست در یک سطح تقریبا ولی بسیار بیکیفیت و نامناسبه است. از خریدش فوقالعاده ناراضیم,1
623,بر خلاف نظرات مردم ، متاسفانه این محصول هیچ نقاط قوتی ندارد و تارهای مو را وز ، زبر و کدر میکند و اصلا حالت نرم کنندگی ، درخشش و کراتین به مو نمیده ، بعد از استفاده مو کاملا مثل چوب میشود ، با اینکه قیمتش با کرم مو ic که ایتالیایی هم هست در یک سطح تقریبا ولی بسیار بیکیفیت و نامناسبه است. از خریدش فوقالعاده ناراضیم,1
624,بر خلاف نظرات مردم ، متاسفانه این محصول هیچ نقاط قوتی ندارد و کاملا مو را وز ، زبر و کدر میکند و اصلا حالت نرم کنندگی ، درخشش و کراتین به مو نمیده ، بعد از استفاده مو کاملا مثل چوب میشود ، با اینکه قیمتش با کرم مو ic که ایتالیایی هم هست در یک سطح تقریبا ولی بسیار پایین و نامناسبه است. از خریدش فوقالعاده ناراضیم,1
625,بر خلاف نظرات مردم ، متاسفانه این محصول هیچ نقاط قوتی ندارد و کاملا مو رو وز ، زبر و کدر میکند و اصلا حالت نرم کنندگی ، درخشش و کراتین به مو نمیده ، بعد از استفاده مو کاملا مثل چوب میشود ، با اینکه قیمتش با کرم مو ic که ایتالیایی هم هست در یک سطح تقریبا ولی بسیار بیکیفیت و نامناسبه است. از خریدش فوقالعاده ناراضیم,1
626,بر خلاف نظرات مردم ، متاسفانه این محصول هیچ نقاط قوتی ندارد و کاملا مو را وز ، زبر و کدر میکند و اصلا حالت نرم کنندگی ، درخشش و کراتین به مو نمیده ، بعد از استفاده مو کاملا مثل چوب میشود ، با اینکه قیمتش با کرم مو ic که ایتالیایی هم هست در یک سطح تقریبا ولی کاملا بیکیفیت و نامناسبه است. از خریدش فوقالعاده ناراضیم,1
627,بر خلاف نظرات مردم ، متاسفانه این محصول هیچ نقاط قوتی ندارد و کاملا مو را وز ، زبر و کدر میکند و اصلا حالت نرم کنندگی ، درخشش و کراتین به مو نمیده ، بعد از استفاده مو کاملا مثل چوب میشود ، با اینکه قیمتش با کرم مو هم که ایتالیایی هم هست در یک سطح تقریبا ولی بسیار بیکیفیت و نامناسبه است. از خریدش فوقالعاده ناراضیم,1
628,بر خلاف نظرات مردم ، متاسفانه این محصول هیچ نقاط قوتی ندارد و کاملا مو را وز ، زبر و کدر میکند و اصلا حالت نرم کنندگی ، درخشش و کراتین به مو نمیدهد ، بعد از استفاده مو کاملا مثل چوب میشود ، با اینکه قیمتش با کرم مو ic که ایتالیایی هم هست در یک سطح تقریبا ولی بسیار بیکیفیت و نامناسبه است. از خریدش فوقالعاده ناراضیم,1
629,- سلام,1
630,با :,1
631,هرکاری کردم وصل نشد. خریدار جنس خوبی ندارد یا مشکل از فروشندست.,1
632,هرکاری کردم وصل نشد. فروشنده جنس خوبی ندارد یا مشکل از فروشندست.,1
633,هرکاری کردم وصل نشد. یا حال خوبی ندارد یا مشکل از فروشندست.,1
634,هرکاری کردم وصل نشد. یا جنس خوبی ندارد یا یکی از فروشندست.,1
635,اسپریاش خیای طراحیش بده. همینجوری اب میریزع موقع اسپری کردن. خیلی حجم کمی اسپری میکند. چندین بار باید بزنی اخر هم دستت خیس میشود انقدر که نشت میکند,1
636,اسپریاش خیای طراحیش بده. همینجوری ازش. موقع اسپری کردن. خیلی حجم کمی اسپری میکند. چندین بار باید بزنی اخر هم دستت خیس میشود انقدر که نشت میکند,1
637,اسپریاش خیای طراحیش بده. همینجوری اشک میریزع موقع اسپری کردن. خیلی حجم کمی اسپری میکند. چندین بار باید بزنی اخر هم دستت خیس میشود انقدر که نشت میکند,1
638,اسپریاش خیای طراحیش بده. همینجوری ازش میریزع موقع اسپری کردن. خیلی حجم کمی اسپری میکند. چندین بار باید بزنی اخر هم دستت خیس میشود انقدر که چکه میکند,1
639,اسپریاش خیای طراحیش بده. همینجوری ازش میریزع موقع اسپری کردن. خیلی حجم کمی اسپری میکند. چندین بار باید بزنی اخر هم که خیس میشود انقدر که نشت میکند,1
640,اسپریاش خیای طراحیش بده. همینجوری ازش میریزع موقع اسپری کردن. خیلی حجم کمی اسپری میکند. چندین بار باید بزنی اخر هم دستت خیس میشود طوری که نشت میکند,1
641,اسپریاش خیای طراحیش بده. همینجوری ازش بگیر موقع اسپری کردن. خیلی حجم کمی اسپری میکند. چندین بار باید بزنی اخر هم دستت خیس میشود انقدر که نشت میکند,1
642,اسپریاش خیای طراحیش بده. همینجوری ازش میریزع موقع اسپری زدن. خیلی حجم کمی اسپری میکند. چندین بار باید بزنی اخر هم دستت خیس میشود انقدر که نشت میکند,1
643,من با توجه به نظر بقیه این کرمو خریداری کردم اما با اینکه پوستم خشکه و اصلا جوش نمیزنم با این کرم صورتم دايما جوش میزنه. چربیش خیلی زیاده و روی صورت میمونه. من عدد ماهه از این کرم استفاده میکنم اما هیچ تاثیری ندیدم. فقط مثل کرم نرمکننده میمونه که حتی ابرسانی هم نمیکند. اصلا پیشنهاد نمیکنم.,1
644,من با توجه به نظر بقیه این کرمو خریداری کردم اما با اینکه پوستم خشکه و اصلا جوش نمیخورد با این کرم صورتم دايما جوش میزنم. چربیش خیلی زیاده و روی صورت میمونه. من عدد ماهه از این کرم استفاده میکنم اما هیچ تاثیری ندیدم. فقط مثل کرم نرمکننده میمونه که حتی ابرسانی هم نمیکند. اصلا پیشنهاد نمیکنم.,1
645,من با توجه به نظر بقیه این کرمو پیشنهاد کردم اما با اینکه پوستم خشکه و اصلا جوش نمیزنم با این کرم صورتم دايما جوش میزنم. چربیش خیلی زیاده و روی صورت میمونه. من عدد ماهه از این کرم استفاده میکنم اما هیچ تاثیری ندیدم. فقط مثل کرم نرمکننده میمونه که حتی ابرسانی هم نمیکند. اصلا پیشنهاد نمیکنم.,1
646,من با توجه به نظر بقیه این کرمو خریداری کردم اما با اینکه پوستم خشکه و زیاد جوش نمیزنم با این کرم صورتم دايما جوش میزنم. چربیش خیلی زیاده و روی صورت میمونه. من عدد ماهه از این کرم استفاده میکنم اما هیچ تاثیری ندیدم. فقط مثل کرم نرمکننده میمونه که حتی ابرسانی هم نمیکند. اصلا پیشنهاد نمیکنم.,1
647,من با توجه به نظر بقیه این کرمو خریداری کردم اما با اینکه پوستم خشکه و اصلا جوش نمیزنم با این کرم صورتم دايما جوش میزنم. چربیش خیلی زیاده و روی صورت میمونه. من عدد ماهه از این کرم استفاده میکنم اما هیچ تاثیری نداره. فقط مثل کرم نرمکننده میمونه که حتی ابرسانی هم نمیکند. اصلا پیشنهاد نمیکنم.,1
648,من با توجه به نظر بقیه این کرمو خریداری کردم. با اینکه پوستم خشکه و اصلا جوش نمیزنم با این کرم صورتم دايما جوش میزنم. چربیش خیلی زیاده و روی صورت میمونه. من عدد ماهه از این کرم استفاده میکنم اما هیچ تاثیری ندیدم. فقط مثل کرم نرمکننده میمونه که حتی ابرسانی هم نمیکند. اصلا پیشنهاد نمیکنم.,1
649,من با توجه به نظر بقیه این کرمو خریداری کردم اما با اینکه پوستم خشکه و اصلا جوش نمیزنم با این کرم صورتمو جوش میزنم. چربیش خیلی زیاده و روی صورت میمونه. من عدد ماهه از این کرم استفاده میکنم اما هیچ تاثیری ندیدم. فقط مثل کرم نرمکننده میمونه که حتی ابرسانی هم نمیکند. اصلا پیشنهاد نمیکنم.,1
650,من با توجه یه نظر بقیه این کرمو خریداری کردم اما با اینکه پوستم خشکه و اصلا جوش نمیزنم با این کرم صورتم دايما جوش میزنم. چربیش خیلی زیاده و روی صورت میمونه. من عدد ماهه از این کرم استفاده میکنم اما هیچ تاثیری ندیدم. فقط مثل کرم نرمکننده میمونه که حتی ابرسانی هم نمیکند. اصلا پیشنهاد نمیکنم.,1
651,من با توجه به نظر بقیه این کرمو خریداری کردم اما با اینکه پوستم خشکه و اصلا جوش نمیزنم با این کرم صورتم دايما جوش میزنم. چربیش خیلی زیاده و روی صورت میمونه. من عدد ماهه از این کرم استفاده میکنم اما اصلا تاثیری ندیدم. فقط مثل کرم نرمکننده میمونه که حتی ابرسانی هم نمیکند. اصلا پیشنهاد نمیکنم.,1
652,من با توجه به نظر بقیه این کرمو خریداری کردم اما با اینکه پوستم خشکه و اصلا جوش نمیزنم با این کرم صورتم دايما جوش میزنم. چربیش خیلی زیاده و روی صورت میمونه. من عدد ماهه از این کرم استفاده میکنم اما هیچ تاثیری ندارد. فقط مثل کرم نرمکننده میمونه که حتی ابرسانی هم نمیکند. اصلا پیشنهاد نمیکنم.,1
653,من با توجه به نظر بقیه این کرمو خریداری کردم اما با اینکه پوستم خشکه و اصلا جوش نمیزنم با این کرم صورتم دايما جوش میزنم. این خیلی زیاده و روی صورت میمونه. من عدد ماهه از این کرم استفاده میکنم اما هیچ تاثیری ندیدم. فقط مثل کرم نرمکننده میمونه که حتی ابرسانی هم نمیکند. اصلا پیشنهاد نمیکنم.,1
654,من با توجه به نظر بقیه این کرمو خریداری کردم اما با اینکه پوستم خشکه و اصلا جوش نمیزنم با این حال صورتم دايما جوش میزنم. چربیش خیلی زیاده و روی صورت میمونه. من عدد ماهه از این کرم استفاده میکنم اما هیچ تاثیری ندیدم. فقط مثل کرم نرمکننده میمونه که حتی ابرسانی هم نمیکند. اصلا پیشنهاد نمیکنم.,1
655,من با توجه به نظر بقیه این کرمو خریداری کردم اما با ان پوستم خشکه و اصلا جوش نمیزنم با این کرم صورتم دايما جوش میزنم. چربیش خیلی زیاده و روی صورت میمونه. من عدد ماهه از این کرم استفاده میکنم اما هیچ تاثیری ندیدم. فقط مثل کرم نرمکننده میمونه که حتی ابرسانی هم نمیکند. اصلا پیشنهاد نمیکنم.,1
656,من با توجه به نظر بقیه این کرمو خریداری کردم اما با اینکه پوستم خشکه و اصلا جوش نمیزنم با این کرم صورتم دايما جوش میزنم. چربیش خیلی زیاده و روی صورت میمونه. من عدد ماهه از این کرم استفاده میکنم اما هیچ تاثیری ندیدم. فقط مثل کرم نرمکننده میمونه که حتی ابرسانی هم نمیکند. اصلا پیشنهاد نمیشه.,1
657,بسیار بده ، پیشنهاد نمیکنم من سفارش دادم یک بار مثل ادم کار نکرد,1
658,بسیار بده اصلا پیشنهاد نمیکنم من جواب دادم یک بار مثل ادم کار نکرد,1
659,بسیار بده اصلا پیشنهاد نمیکنم من سفارش دادم یک بار این ادم کار نکرد,1
660,بسیار بده اصلا پیشنهاد بده من سفارش دادم یک بار مثل ادم کار نکرد,1
661,.,1
662,:,1
663,من یک بار همین مارک را از نمایندگی بندرعباس خریدم کیفیتش بسیار بهتر از این بود و نرم کننده خیلی خوبی داشت. اما متاسفانه بعد از استفاده از روغن موها کاملا زبر شد. اصلا پیشنهاد نمیشود.,1
664,من یک بار همین مارک را از نمایندگی بندرعباس خریدم کیفیتش بسیار بیشتر از این بود و نرم کنندگی خیلی خوبی داشت. اما متاسفانه بعد از استفاده از روغن موها کاملا زبر شد. اصلا پیشنهاد نمیشود.,1
665,من یک بار همین مارک را در نمایندگی بندرعباس خریدم کیفیتش بسیار بهتر از این بود و نرم کنندگی خیلی خوبی داشت. اما متاسفانه بعد از استفاده از روغن موها کاملا زبر شد. اصلا پیشنهاد نمیشود.,1
666,من یک بار همین مارک را از نمایندگی بندرعباس خریدم کیفیتش بسیار بهتر از این بود. نرم کنندگی خیلی خوبی داشت. اما متاسفانه بعد از استفاده از روغن موها کاملا زبر شد. اصلا پیشنهاد نمیشود.,1
667,من یک بار همین مارک را از نمایندگی بندرعباس خریدم کیفیتش بسیار بهتر از این بود و نرم کنندگی خیلی خوبی داشت. اما متاسفانه بعد از استفاده از روغن موها کاملا زبر شد. اصلا پیشنهاد نمیشود.,1
668,من یک بار همین مارک را از نمایندگی بندرعباس خریدم کیفیتش بسیار بهتر از این بود و نرم کنندگی خیلی خوبی داشت. اما متاسفانه بعد از استفاده از روغن موها کاملا زبر شد. این پیشنهاد نمیشود.,1
669,من یک بار همین مارک را از نمایندگی بندرعباس خریدم کیفیتش بسیار بهتر از این بود و نرم کنندگی خیلی خوبی دارد. اما متاسفانه بعد از استفاده از روغن موها کاملا زبر شد. اصلا پیشنهاد نمیشود.,1
670,من یک بار همین مارک را از نمایندگی بندرعباس خریدم کیفیتش بسیار بهتر از این بود و نرم کنندگی خیلی خوبی داشت. اما متاسفانه بعد از استفاده از روغن موها کاملا زبر شد. اصلا پیشنهاد نشد.,1
671,من یک بار همین مارک را از نمایندگی بندرعباس خریدم کیفیتش بسیار بهتر از این بود و نرم کنندگی خیلی خوبی داشت. اما متاسفانه بعد از استفاده از روغن موها کاملا زبر شد. اصلا خوب نمیشود.,1
672,من تعریف ماسکای فریمنو خیلی شنیده بودم برای همین تصمیمرفتم که سفارش بدم ولی متاسفانه این ماسکش بو خیلی بدی داره و باعث میشود حسابی چشمهای ادم بسوزد و اگر بخواهم دوباره ماسکاشو سفارش بدم به هیچ عنوان ماسکهای ورقه ایش را سفارش نمیدهم,1
673,من تعریف ماسکای فریمنو رو شنیده بودم برای همین تصمیمرفتم که سفارش بدم ولی متاسفانه این ماسکش بو خیلی تندی داره و باعث میشود حسابی چشمهای ادم بسوزد و اگر بخواهم دوباره ماسکاشو سفارش بدم به هیچ عنوان ماسکهای ورقه ایش را سفارش نمیدهم,1
674,من تعریف ماسکای فریمنو خیلی شنیده بودم برای همین تصمیمرفتم که انجامش بدم ولی متاسفانه این ماسکش بو خیلی تندی داره و باعث میشود حسابی چشمهای ادم بسوزد و اگر بخواهم دوباره ماسکاشو سفارش بدم به هیچ عنوان ماسکهای ورقه ایش را سفارش نمیدهم,1
675,من تعریف ماسکای فریمنو خیلی شنیده بودم برای همین تصمیمرفتم که سفارش بدم ولی متاسفانه این ماسکش بو خیلی تندی داره و باعث میشود حسابی چشمهای ادم بسوزد و اگر بخواهم دوباره ماسکاشو سفارش بدم به هیج عنوان ماسکهای ورقه ایش را سفارش نمیدهم,1
676,من تعریف مورگان فریمنو خیلی شنیده بودم برای همین تصمیمرفتم که سفارش بدم ولی متاسفانه این ماسکش بو خیلی تندی داره و باعث میشود حسابی چشمهای ادم بسوزد و اگر بخواهم دوباره ماسکاشو سفارش بدم به هیچ عنوان ماسکهای ورقه ایش را سفارش نمیدهم,1
677,من تعریف ماسکای فریمنو خیلی شنیده بودم برای همین تصمیمرفتم که سفارش بدم ولی متاسفانه این ماسکش بو خیلی زیادی داره و باعث میشود حسابی چشمهای ادم بسوزد و اگر بخواهم دوباره ماسکاشو سفارش بدم به هیچ عنوان ماسکهای ورقه ایش را سفارش نمیدهم,1
678,من تعریف ماسکای فریمنو هم شنیده بودم برای همین تصمیمرفتم که سفارش بدم ولی متاسفانه این ماسکش بو خیلی تندی داره و باعث میشود حسابی چشمهای ادم بسوزد و اگر بخواهم دوباره ماسکاشو سفارش بدم به هیچ عنوان ماسکهای ورقه ایش را سفارش نمیدهم,1
679,من تعریف ماسکای فریمنو خیلی شنیده بودم برای همین تصمیمرفتم که سفارش بدم ولی متاسفانه این ماسکش بوی خیلی تندی داره و باعث میشود حسابی چشمهای ادم بسوزد و اگر بخواهم دوباره ماسکاشو سفارش بدم به هیچ عنوان ماسکهای ورقه ایش را سفارش نمیدهم,1
680,من تعریف ماسکای فریمنو خیلی شنیده بودم برای همین تصمیمرفتم که سفارش بدم ولی متاسفانه این ماسکش بو خیلی تندی داره و باعث میشود حسابی چشمهای ادم بسوزد و اگر بخواهم دوباره ماسکاشو سفارش بدم به هیچ عنوان ماسکهای ورقه ایش را سفارش نمیدهم,1
681,من تعریف اقای فریمنو خیلی شنیده بودم برای همین تصمیمرفتم که سفارش بدم ولی متاسفانه این ماسکش بو خیلی تندی داره و باعث میشود حسابی چشمهای ادم بسوزد و اگر بخواهم دوباره ماسکاشو سفارش بدم به هیچ عنوان ماسکهای ورقه ایش را سفارش نمیدهم,1
682,این تاثیره است کاملا,1
683,بی تاثیره نیست کاملا,1
684,الان سه هفته است دارم شب استفاده میکنم ، یک ریزش خیلی جزيی داشتم نزدیک به عدد ماه هستش ، الان بعد سه هفته استفاده از این محلول نهتنها کم نشده بلکه عدد الی عدد برابر شده ، برچسب غذا و داروش را هم چک کردم و خوب هستش ولی اصلا راضی نیستم و دیگر استفاده نمیکنم.,1
685,الان سه هفته است دارم شب استفاده میکنم ، یک ریزش خیلی جزيی داشتم نزدیک به عدد ماه هستش ، الان بعد سه هفته استفاده از این محلول نهتنها کم نشده بلکه عدد الی عدد اضافه شده ، برچسب غذا و داروش را هم چک کردم و اصل هستش ولی اصلا راضی نیستم و دیگر استفاده نمیکنم.,1
686,الان سه هفته است دارم شب استفاده میکنم ، یک ریزش خیلی جزيی داشتم نزدیک به عدد ماه هستش ، الان بعد سه هفته استفاده از این قرص نهتنها کم نشده بلکه عدد الی عدد برابر شده ، برچسب غذا و داروش را هم چک کردم و اصل هستش ولی اصلا راضی نیستم و دیگر استفاده نمیکنم.,1
687,الان سه هفته است دارم شب استفاده میکنم ، چون ریزش خیلی جزيی داشتم نزدیک به عدد ماه هستش ، الان بعد سه هفته استفاده از این محلول نهتنها کم نشده بلکه عدد الی عدد برابر شده ، برچسب غذا و داروش را هم چک کردم و اصل هستش ولی اصلا راضی نیستم و دیگر استفاده نمیکنم.,1
688,الان سه هفته است دارم شب استفاده میکنم ، یک ریزش خیلی جزيی داشتم که به عدد ماه هستش ، الان بعد سه هفته استفاده از این محلول نهتنها کم نشده بلکه عدد الی عدد برابر شده ، برچسب غذا و داروش را هم چک کردم و اصل هستش ولی اصلا راضی نیستم و دیگر استفاده نمیکنم.,1
689,الان سه هفته است دارم شب استفاده میکنم ، یک ریزش خیلی جزيی داشتم نزدیک به سه ماه هستش ، الان بعد سه هفته استفاده از این محلول نهتنها کم نشده بلکه عدد الی عدد برابر شده ، برچسب غذا و داروش را هم چک کردم و اصل هستش ولی اصلا راضی نیستم و دیگر استفاده نمیکنم.,1
690,الان سه هفته است دارم شب استفاده میکنم ، یک ریزش خیلی جزيی داشتم نزدیک به عدد ماه هستش ، الان بعد سه هفته استفاده از این محلول نهتنها تمام نشده بلکه عدد الی عدد برابر شده ، برچسب غذا و داروش را هم چک کردم و اصل هستش ولی اصلا راضی نیستم و دیگر استفاده نمیکنم.,1
691,الان سه هفته است دارم شب استفاده میکنم ، یک ریزش خیلی جزيی داشتم نزدیک به عدد ماه هستش ، الان با سه هفته استفاده از این محلول نهتنها کم نشده بلکه عدد الی عدد برابر شده ، برچسب غذا و داروش را هم چک کردم و اصل هستش ولی اصلا راضی نیستم و دیگر استفاده نمیکنم.,1
692,الان سه هفته است دارم شب استفاده میکنم ، یک ریزش خیلی جزيی داشتم نزدیک به یک ماه هستش ، الان بعد سه هفته استفاده از این محلول نهتنها کم نشده بلکه عدد الی عدد برابر شده ، برچسب غذا و داروش را هم چک کردم و اصل هستش ولی اصلا راضی نیستم و دیگر استفاده نمیکنم.,1
693,الان سه هفته است دارم شب استفاده میکنم ، یک ریزش خیلی جزيی داشتم نزدیک به عدد ماه هستش ، الان بعد سه هفته استفاده از این محلول نهتنها کم نشده بلکه عدد الی عدد برابر شده ، برچسب غذا و داروش را هم چک کردم و اصل هستش ولی اصلا راضی نیستم و دیگر استفاده نمیکنم.,1
694,حدود سه هفته است دارم شب استفاده میکنم ، یک ریزش خیلی جزيی داشتم نزدیک به عدد ماه هستش ، الان بعد سه هفته استفاده از این محلول نهتنها کم نشده بلکه عدد الی عدد برابر شده ، برچسب غذا و داروش را هم چک کردم و اصل هستش ولی اصلا راضی نیستم و دیگر استفاده نمیکنم.,1
695,الان سه هفته است دارم شب استفاده میکنم ، یک ریزش خیلی جزيی داشتم نزدیک به عدد ماه هستش ، الان بعد سه هفته استفاده از این محلول نهتنها کم نشده بلکه عدد الی عدد برابر شده ، برچسب غذا و داروش را کاملا چک کردم و اصل هستش ولی اصلا راضی نیستم و دیگر استفاده نمیکنم.,1
696,الان سه ماه است دارم شب استفاده میکنم ، یک ریزش خیلی جزيی داشتم نزدیک به عدد ماه هستش ، الان بعد سه هفته استفاده از این محلول نهتنها کم نشده بلکه عدد الی عدد برابر شده ، برچسب غذا و داروش را هم چک کردم و اصل هستش ولی اصلا راضی نیستم و دیگر استفاده نمیکنم.,1
697,نخرید فکر میکنید,1
698,شما ضرر میکنید,1
699,اگر یک کوله ارزان قیمت دم دستی بخواهید خوبه است ولی برای لپتاپ و خیلی پر کردنش فکر نکنم مشکلی داشته باشد,1
700,اگر یک کوله ارزان قیمت دم دستی بخواهید خوبه است ولی برای حمل و خیلی پر کردنش فکر نکنم جان داشته باشد,1
701,اگر یک کوله گران قیمت دم دستی بخواهید خوبه است ولی برای لپتاپ و خیلی پر کردنش فکر نکنم جان داشته باشد,1
702,اگر یک کوله ارزان قیمت دم دستی بخواهید خوبه است ولی برای نگهداری و خیلی پر کردنش فکر نکنم جان داشته باشد,1
703,اگر یک کوله ارزان قیمت دم دستی بخواهید خوبه ، ولی برای لپتاپ و خیلی پر کردنش فکر نکنم جان داشته باشد,1
704,اگه یک کوله ارزان قیمت دم دستی بخواهید خوبه است ولی برای لپتاپ و خیلی پر کردنش فکر نکنم جان داشته باشد,1
705,به هیج وجه نخرید,1
706,با هیچ وجه نخرید,1
707,قبل از خرید نظرات را خواندم عدهای گفته بودن خراب میشود سریع ولی به اعتبار برند ای دیتا خریدم. دو ماه اول عالی کار میکرد و از کابل اصلی بهتر شارژ میکرد اما یکهو قطع و وصل میشد دايما و بعدش کلا دیگر شارژ نکرد با چند اداپتور دیگر و اداپتور دیگر هم امتحان کردم ولی باز هم کار نکرد. فکر نمیکردم اینقدر بیکیفیت باشد,1
708,قبل از خرید نظرات را خواندم عدهای گفته بودن خراب میشود سریع ولی به اعتبار برند ای دیتا خریدم. دو ماه اول عالی کار میکرد و از کابل اصلی بهتر شارژ میکرد اما یکهو قطع و وصل میشد دايما و بعدش کلا دیگر شارژ نکرد با چند گوشی دیگر و اداپتور دیگر هم امتحان کردم ولی باز هم کار نکرد. باور نمیکردم اینقدر بیکیفیت باشد,1
709,قبل از خرید نظرات را خواندم عدهای گفته بودند خراب میشود سریع ولی به اعتبار برند ای دیتا خریدم. دو ماه اول عالی کار میکرد و از کابل اصلی بهتر شارژ میکرد اما یکهو قطع و وصل میشد دايما و بعدش کلا دیگر شارژ نکرد با چند گوشی دیگر و اداپتور دیگر هم امتحان کردم ولی باز هم کار نکرد. فکر نمیکردم اینقدر بیکیفیت باشد,1
710,قبل از خرید نظرات را خواندم عدهای گفته بودن خراب میشود سریع ولی به اعتبار برند ای دیتا خریدم. دو ماه اول عالی عمل میکرد و از کابل اصلی بهتر شارژ میکرد اما یکهو قطع و وصل میشد دايما و بعدش کلا دیگر شارژ نکرد با چند گوشی دیگر و اداپتور دیگر هم امتحان کردم ولی باز هم کار نکرد. فکر نمیکردم اینقدر بیکیفیت باشد,1
711,قبل از خرید نظرات را خواندم عدهای گفته بودن خراب میشود سریع ولی به اعتبار برند ای دیتا خریدم. دو ماه اول عالی کار میکرد و از کابل اصلی بهتر شارژ میکرد اما یکهو قطع و وصل میشد دايما و بعدش کلا دیگر شارژ نکرد با یک گوشی دیگر و اداپتور دیگر هم امتحان کردم ولی باز هم کار نکرد. فکر نمیکردم اینقدر بیکیفیت باشد,1
712,قبل از خرید نظرات را خواندم عدهای گفته بودن خراب میشود سریع ولی به اعتبار برند ای دیتا خریدم. دو ماه اول عالی کار میکرد و از کابل اصلی بهتر شارژ میکرد اما مدام قطع و وصل میشد دايما و بعدش کلا دیگر شارژ نکرد با چند گوشی دیگر و اداپتور دیگر هم امتحان کردم ولی باز هم کار نکرد. فکر نمیکردم اینقدر بیکیفیت باشد,1
713,قبل از خرید نظرات را خواندم عدهای گفته بودن خراب میشود سریع ولی به اعتبار برند ای دیتا خریدم. دو ماه اول عالی کار میکرد و از کابل اصلی بهتر شارژ میکرد اما یکهو قطع و وصل میشد دايما و بعدش کلا خوب شارژ نکرد با چند گوشی دیگر و اداپتور دیگر هم امتحان کردم ولی باز هم کار نکرد. فکر نمیکردم اینقدر بیکیفیت باشد,1
714,قبل از خرید نظرات را خواندم عدهای گفته بودن خراب میشود سریع ولی به اعتبار برند ای دیتا خریدم. دو ماه اول عالی کار میکرد و از کابل اصلی بهتر شارژ میکرد اما یکهو قطع و وصل میشد دايما و بعدش کلا دیگر شارژ نکرد با چند گوشی دیگر و اداپتور دیگر هم امتحان کردم ولی باز هم کار نکرد. فکر نمیکردم اینقدر بیکیفیت باشد,1
715,قبل از خرید نظرات که خواندم عدهای گفته بودن خراب میشود سریع ولی به اعتبار برند ای دیتا خریدم. دو ماه اول عالی کار میکرد و از کابل اصلی بهتر شارژ میکرد اما یکهو قطع و وصل میشد دايما و بعدش کلا دیگر شارژ نکرد با چند گوشی دیگر و اداپتور دیگر هم امتحان کردم ولی باز هم کار نکرد. فکر نمیکردم اینقدر بیکیفیت باشد,1
716,قبل از خرید نظرات را خواندم عدهای گفته بودن خراب میشود سریع ولی به اعتبار برند ای دیتا خریدم. دو ماه اول عالی کار میکرد و از کابل اصلی بهتر شارژ میکرد اما یکهو قطع و وصل میشد دايما و بعدش کلا دیگر شارژ نکرد با چند گوشی دیگر و اداپتور دیگر هم امتحان کردم ولی باز هم کار نکرد. فکر نمیکردم خیلی بیکیفیت باشد,1
717,قبل از خرید نظرات را خواندم عدهای گفته بودن خراب میشود سریع ولی به اعتبار برند ای دیتا خریدم. دو ماه اول عالی کار میکرد و از کابل اصلی هم شارژ میکرد اما یکهو قطع و وصل میشد دايما و بعدش کلا دیگر شارژ نکرد با چند گوشی دیگر و اداپتور دیگر هم امتحان کردم ولی باز هم کار نکرد. فکر نمیکردم اینقدر بیکیفیت باشد,1
718,قبل از خرید نظرات را خواندم عدهای گفته بودن خراب میشود سریع ولی به اعتبار برند ای دیتا خریدم. دو ماه اول عالی کار میکرد و از کابل اصلی بهتر کار میکرد اما یکهو قطع و وصل میشد دايما و بعدش کلا دیگر شارژ نکرد با چند گوشی دیگر و اداپتور دیگر هم امتحان کردم ولی باز هم کار نکرد. فکر نمیکردم اینقدر بیکیفیت باشد,1
719,قبل از خرید نظرات را خواندم عدهای گفته بودن که میشود سریع ولی به اعتبار برند ای دیتا خریدم. دو ماه اول عالی کار میکرد و از کابل اصلی بهتر شارژ میکرد اما یکهو قطع و وصل میشد دايما و بعدش کلا دیگر شارژ نکرد با چند گوشی دیگر و اداپتور دیگر هم امتحان کردم ولی باز هم کار نکرد. فکر نمیکردم اینقدر بیکیفیت باشد,1
720,بعد از خرید نظرات را خواندم عدهای گفته بودن خراب میشود سریع ولی به اعتبار برند ای دیتا خریدم. دو ماه اول عالی کار میکرد و از کابل اصلی بهتر شارژ میکرد اما یکهو قطع و وصل میشد دايما و بعدش کلا دیگر شارژ نکرد با چند گوشی دیگر و اداپتور دیگر هم امتحان کردم ولی باز هم کار نکرد. فکر نمیکردم اینقدر بیکیفیت باشد,1
721,قبل از خرید نظرات را خواندم عدهای گفته بودن خراب میشود. ولی به اعتبار برند ای دیتا خریدم. دو ماه اول عالی کار میکرد و از کابل اصلی بهتر شارژ میکرد اما یکهو قطع و وصل میشد دايما و بعدش کلا دیگر شارژ نکرد با چند گوشی دیگر و اداپتور دیگر هم امتحان کردم ولی باز هم کار نکرد. فکر نمیکردم اینقدر بیکیفیت باشد,1
722,پورت میکرو بسیار سفت است. اگر پورت گوشی را باز کند چند صد هزار تومان خرج را دست ادم میگذرد.,1
723,پورت میکرو بسیار سفت است. اگر پورت گوشی را خراب کند چند صد هزار میلیارد خرج را دست ادم میگذرد.,1
724,پورت میکرو بسیار سفت است. اگر پورت گوشی شما خراب کند چند صد هزار تومان خرج را دست ادم میگذرد.,1
725,پورت میکرو خیلی سفت است. اگر پورت گوشی را خراب کند چند صد هزار تومان خرج را دست ادم میگذرد.,1
726,پورت میکرو بسیار سفت است. اگر پورت گوشی را خراب کند چند ده هزار تومان خرج را دست ادم میگذرد.,1
727,پورت میکرو بسیار سفت است. اگر پورت گوشی را خراب کند چند صد هزار تومان خرج را از ادم میگذرد.,1
728,دارای پارگی و پارگی در محل درگاه یو اس بی بود.,1
729,این شکاف و پارگی در محل درگاه یو اس بی بود.,1
730,دارای شکاف و پارگی در محل درگاه ام اس بی بود.,1
731,بیشترین شکاف و پارگی در محل درگاه یو اس بی بود.,1
732,من رنگ ابی روشن رو خریدم,1
733,من رنگ ابی روشن را.,1
734,امروز رنگ ابی روشن را خریدم,1
735,خیلی پوست را خشک نکنید,1
736,خیلی شما را خشک میکند,1
737,خیلی پوست را خشک میکنند,1
738,اصلانخرید همه جاش در به در میشکند.,1
739,اصلانخرید همه جاش هفته به هفته میشکند.,1
740,اصلانخرید همه جاش در اخر هفته میشکند.,1
741,رازی که سری میشکند,1
742,رازی نیستم سری.,1
743,من استفاده کردم یک ماه زیاد تاثیری بر روی پوسیدگی دندان نداشت,1
744,من استفاده کردم یک ماه هیچ تاثیری بر روی جرم دندان نداشت,1
745,وقتی استفاده کردم یک ماه زیاد تاثیری بر روی جرم دندان نداشت,1
746,من استفاده کردم یک ماه زیاد تاثیری بر روی جرم دندان.,1
747,کیفیت پایینی داره و بعد از یک سال خراب شد,1
748,قیمت پایینی داره و بعد از یک هفته خراب شد,1
749,کیفیت پایینی داره و بعد از یک ماه خراب شد,1
750,کیفیت پایینی داره که بعد از یک هفته خراب شد,1
751,جالبه که سری عوض شده. یک بیکیفیت بسیار دراز گذاشتن,1
752,جالبه است سری عوض شده. یک سری بسیار دراز گذاشتن,1
753,خوب است سری عوض شده. یک بیکیفیت بسیار دراز گذاشتن,1
754,جالبه است سری عوض کنید. یک بیکیفیت بسیار دراز گذاشتن,1
755,به محض شروع استفاده از این شامپو موهای من ریزش شدید خواهد کرد.,1
756,به محض شروع استفاده با این شامپو موهای من ریزش شدید پیدا کرد.,1
757,به دنبال شروع استفاده از این شامپو موهای من ریزش شدید پیدا کرد.,1
758,وبه محض شروع استفاده از این شامپو موهای من ریزش شدید پیدا کرد.,1
759,برای برطرف کردن خشکی پوستم زیاد لازم نبود,1
760,برای برطرف کردن مشکل پوستم زیاد موثر نبود,1
761,برای برطرف کردن خشکی پوستم زیاد موثر نیستم,1
762,بهتر نیست نخرید,1
763,لازم نیست نخرید,1
764,از کیفیت خوبی هم نبود,1
765,از کیفیت لازم برخوردار نبود,1
766,با کیفیت خوبی برخوردار نبود,1
767,این کاور جنس و رنگ خوبی دارد و اصلا قابلاستفاده نیست چون اصلا برای j عدد pro نیست. بعد از رسیدن کالا میبینید که پشت جعبه لیبل galaxy j عدد pro دارد و روی جعبه لیبل j عدد pro. البته با پشتیبانی دیجی تماس گرفتم و قرار شد اگر ایرادی که من مطرح کردم درست باشد مبلغ به حساب من واریز شود.,1
768,این کاور جنس و رنگ خوبی دارد اما اصلا قابلاستفاده نیست چون اصلا برای j عدد pro نیست. بعد از رسیدن کالا میبینید در پشت جعبه لیبل galaxy j عدد pro دارد و روی جعبه لیبل j عدد pro. البته با پشتیبانی دیجی تماس گرفتم و قرار شد اگر ایرادی که من مطرح کردم درست باشد مبلغ به حساب من واریز شود.,1
769,این کاور جنس و رنگ خوبی دارد اما اصلا قابلاستفاده نیست چون اصلا برای j عدد pro نیست. بعد از رسیدن کالا میبینید که پشت جعبه لیبل galaxy j عدد pro دارد و روی جعبه لیبل j عدد pro. البته با پشتیبانی دیجی تماس گرفتم و قرار شد اگر ایرادی که من مطرح کردم درست باشد پول به حساب من واریز شود.,1
770,این کاور جنس و رنگ خوبی دارد اما اصلا قابلاستفاده نیست چون اصلا برای j عدد pro نیست. بعد از رسیدن کالا میبینید که پشت جعبه لیبل galaxy j عدد pro دارد و روی جعبه لیبل j عدد pro. البته با پشتیبانی دیجی تماس گرفتم و قرار شد اگر ایرادی که من مطرح کردم درست باشد مبلغ به نام من واریز شود.,1
771,این کاور جنس و رنگ خوبی دارد اما اصلا قابلاستفاده نیست چون اصلا برای j عدد pro نیست. بعد از رسیدن کالا میبینید که پشت جعبه لیبل galaxy j عدد pro دارد و روی جعبه لیبل j عدد pro. البته با پشتیبانی دیجی تماس گرفتم و قرار شد اگر ایرادی که من مطرح کردم درست باشد مبلغ در حساب من واریز شود.,1
772,این کاور جنس و رنگ خوبی دارد اما اصلا قابلاستفاده نیست چون اصلا برای j عدد pro نیست. بعد از رسیدن کالا میبینید که پشت جعبه لیبل galaxy j عدد pro دارد و روی جعبه لیبل j عدد pro. البته با پشتیبانی دیجی تماس گرفتم و قرار شد اگر ایرادی که من مطرح کردم درست باشد مبلغ به حساب من واریز شود.,1
773,این کاور جنس و رنگ خوبی دارد اما اصلا قابلاستفاده نیست چون اصلا برای j رقم pro نیست. بعد از رسیدن کالا میبینید که پشت جعبه لیبل galaxy j عدد pro دارد و روی جعبه لیبل j عدد pro. البته با پشتیبانی دیجی تماس گرفتم و قرار شد اگر ایرادی که من مطرح کردم درست باشد مبلغ به حساب من واریز شود.,1
774,این کاور جنس و رنگ خوبی دارد اما اصلا قابلاستفاده نیست چون اصلا برای j عدد pro نیست. بعد از رسیدن کالا میبینید که پشت جعبه لیبل galaxy j عدد pro دارد و روی جعبه لیبل j عدد pro. البته با پشتیبانی دیجی تماس گرفتم و قرار شد اگر چیزی که من مطرح کردم درست باشد مبلغ به حساب من واریز شود.,1
775,این کاور جنس و رنگ خوبی دارد اما اصلا قابلاستفاده نیست چون اصلا برای گوشی عدد pro نیست. بعد از رسیدن کالا میبینید که پشت جعبه لیبل galaxy j عدد pro دارد و روی جعبه لیبل j عدد pro. البته با پشتیبانی دیجی تماس گرفتم و قرار شد اگر ایرادی که من مطرح کردم درست باشد مبلغ به حساب من واریز شود.,1
776,این کاور جنس و رنگ خوبی دارد اما اصلا قابلاستفاده نیست چون اصلا برای j عدد pro نیست. بعد از رسیدن کالا میبینید که پشت جعبه لیبل galaxy j عدد pro دارد و روی جعبه لیبل j عدد pro. البته با پشتیبانی دیجی تماس گرفتم و قرار شد اگر پیشنهادی که من مطرح کردم درست باشد مبلغ به حساب من واریز شود.,1
777,این کاور جنس و رنگ خوبی دارد اما اصلا قابلاستفاده نیست چون اصلا برای j عدد pro نیست. بعد از رسیدن کالا میبینید که روی جعبه لیبل galaxy j عدد pro دارد و روی جعبه لیبل j عدد pro. البته با پشتیبانی دیجی تماس گرفتم و قرار شد اگر ایرادی که من مطرح کردم درست باشد مبلغ به حساب من واریز شود.,1
778,این کاور جنس و رنگ خوبی دارد اما اصلا قابلاستفاده نیست چون اصلا برای j عدد pro نیست. بعد از رسیدن کالا میبینید که پشت جعبه لیبل galaxy j عدد pro دارد و روی جعبه لیبل j عدد pro. البته با پشتیبانی دیجی تماس گرفتم و قرار شد اگر ایرادی که من مطرح کردم درست باشد مبلغی به حساب من واریز شود.,1
779,این کاور جنس و رنگ خوبی دارد اما اصلا قابلاستفاده نیست چون اصلا برای j عدد pro نیست. بعد از رسیدن کالا میبینید که پشت جعبه لیبل galaxy j عدد pro دارد و روی جعبه لیبل j عدد pro. البته با پشتیبانی دیجی تماس گرفتم و قرار شد اگر ایرادی که بنده مطرح کردم درست باشد مبلغ به حساب من واریز شود.,1
780,این کاور جنس و رنگ خوبی دارد اما اصلا قابلاستفاده نیست چون اصلا برای j عدد pro نیست. بعد از رسیدن کالا میبینید که پشت ان لیبل galaxy j عدد pro دارد و روی جعبه لیبل j عدد pro. البته با پشتیبانی دیجی تماس گرفتم و قرار شد اگر ایرادی که من مطرح کردم درست باشد مبلغ به حساب من واریز شود.,1
781,این کاور جنس و رنگ خوبی دارد اما اصلا قابلاستفاده نیست چون اصلا برای j عدد pro نیست. بعد از رسیدن کالا میبینید که این جعبه لیبل galaxy j عدد pro دارد و روی جعبه لیبل j عدد pro. البته با پشتیبانی دیجی تماس گرفتم و قرار شد اگر ایرادی که من مطرح کردم درست باشد مبلغ به حساب من واریز شود.,1
782,اصلا توصیه نمیکنم چون نتیجه بدی داره,1
783,اصلا توصیه نمیکنم چون عواقب بدی داره,1
784,من توصیه نمیکنم چون جنس بدی داره,1
785,من عدد تا سفارش دادم و یکیش که از روز اول خراب بود و فقط برای ای او اس کار میکرد. اونیکی هم اولس خوب بود ، بعد یک هفته وقتی تبلتم در شارژ بود یکدفعه جرقه زد و سر کابل ذوب شد و دود بلند شد و دیگر برای ای او اس کار نمیکرد و فقط برای اندروید کار میکرد.,1
786,من عدد تا سفارش دادم و یکیش که از روز اول خراب بود و فقط برای ای او اس کار میکردم. اونیکی هم اولس خوب بود ، بعد یک هفته وقتی تبلتم در شارژ بود یکدفعه جرقه زد و سر کابل ذوب شد و دود بلند شد و دیگر برای ای او اس کار نمیکرد و فقط برای اندروید کار میکرد.,1
787,من عدد تا سفارش دادم و یکیش که از روز اول خراب بود و فقط برای ای او اس کار میکرد. اونیکی هم اولس خوب بود ، بعد یک هفته وقتی که در شارژ بود یکدفعه جرقه زد و سر کابل ذوب شد و دود بلند شد و دیگر برای ای او اس کار نمیکرد و فقط برای اندروید کار میکرد.,1
788,من عدد تا سفارش دادم و یکیش که از روز اول خراب بود و فقط برای ای او اس فعالیت میکرد. اونیکی هم اولس خوب بود ، بعد یک هفته وقتی تبلتم در شارژ بود یکدفعه جرقه زد و سر کابل ذوب شد و دود بلند شد و دیگر برای ای او اس کار نمیکرد و فقط برای اندروید کار میکرد.,1
789,من عدد تا را دادم و یکیش که از روز اول خراب بود و فقط برای ای او اس کار میکرد. اونیکی هم اولس خوب بود ، بعد یک هفته وقتی تبلتم در شارژ بود یکدفعه جرقه زد و سر کابل ذوب شد و دود بلند شد و دیگر برای ای او اس کار نمیکرد و فقط برای اندروید کار میکرد.,1
790,من عدد تا سفارش دادم و یکیش که از روز اول خراب بود و فقط برای ای او اسی کار میکرد. اونیکی هم اولس خوب بود ، بعد یک هفته وقتی تبلتم در شارژ بود یکدفعه جرقه زد و سر کابل ذوب شد و دود بلند شد و دیگر برای ای او اس کار نمیکرد و فقط برای اندروید کار میکرد.,1
791,من عدد تا سفارش دادم و یکیش که از روز اول خوب بود و فقط برای ای او اس کار میکرد. اونیکی هم اولس خوب بود ، بعد یک هفته وقتی تبلتم در شارژ بود یکدفعه جرقه زد و سر کابل ذوب شد و دود بلند شد و دیگر برای ای او اس کار نمیکرد و فقط برای اندروید کار میکرد.,1
792,من عدد تا سفارش دادم و یکیش که از روز اول خراب بود و فقط برای ای او اس کار میکرد. اونیکی هم اولس خوب بود ، بعد یک هفته وقتی تبلتم در شارژ بود یکدفعه جرقه زد و سر کابل ذوب شد و دود بلند شد و دیگر برای ای او اس کار نکرد و فقط برای اندروید کار میکرد.,1
793,من عدد تا سفارش دادم ، یکیش که از روز اول خراب بود و فقط برای ای او اس کار میکرد. اونیکی هم اولس خوب بود ، بعد یک هفته وقتی تبلتم در شارژ بود یکدفعه جرقه زد و سر کابل ذوب شد و دود بلند شد و دیگر برای ای او اس کار نمیکرد و فقط برای اندروید کار میکرد.,1
794,من عدد تا سفارش دادم و یکیش که از روز اول خراب شد و فقط برای ای او اس کار میکرد. اونیکی هم اولس خوب بود ، بعد یک هفته وقتی تبلتم در شارژ بود یکدفعه جرقه زد و سر کابل ذوب شد و دود بلند شد و دیگر برای ای او اس کار نمیکرد و فقط برای اندروید کار میکرد.,1
795,من عدد تا سفارش دادم و یکیش که از روز اول خراب بود و فقط برای ای او اس کار میکرد. اونیکی هم اولس خوب بود ، بعد یک هفته وقتی تبلتم درحال شارژ بود یکدفعه جرقه زد و سر کابل ذوب شد و دود بلند شد و دیگر برای ای او اس کار نمیکرد و فقط برای اندروید کار میکرد.,1
796,من عدد تا سفارش دادم. یکیش که از روز اول خراب بود و فقط برای ای او اس کار میکرد. اونیکی هم اولس خوب بود ، بعد یک هفته وقتی تبلتم در شارژ بود یکدفعه جرقه زد و سر کابل ذوب شد و دود بلند شد و دیگر برای ای او اس کار نمیکرد و فقط برای اندروید کار میکرد.,1
797,من عدد تا سفارش دادم و یکیش که از روز اول خراب بود و فقط روی ای او اس کار میکرد. اونیکی هم اولس خوب بود ، بعد یک هفته وقتی تبلتم در شارژ بود یکدفعه جرقه زد و سر کابل ذوب شد و دود بلند شد و دیگر برای ای او اس کار نمیکرد و فقط برای اندروید کار میکرد.,1
798,من عدد تا سفارش دادم و یکیش که از روز اول خراب بود و فقط برای ای وی اس کار میکرد. اونیکی هم اولس خوب بود ، بعد یک هفته وقتی تبلتم در شارژ بود یکدفعه جرقه زد و سر کابل ذوب شد و دود بلند شد و دیگر برای ای او اس کار نمیکرد و فقط برای اندروید کار میکرد.,1
799,اصلا.,1
800,من پیشنهادنمیکنم,1
801,بدرد نخور و بلا!,1
802,بدرد نخور و قابل استفاده,1
803,بدرد نخور و بلا.,1
804,فقط روغن کنجد و اسانس,1
805,فقط روغن زیتون با اسانس,1
806,فقط روغن کنجد با.,1
807,این قاب بنده خریداری کردم. متاسفانه سوراخهای فینگر و فلاش و دوربین تعبیهشده روی قاب با گوشی همخوانی نداشت و کمی بالاتر بود. خیلی در ذوق ادم میزند. واقعا ارزش خرید نداشت.,1
808,این قاب بنده خریداری کردم. متاسفانه سوراخهای فینگر و فلاش و دوربین تعبیهشده روی قاب با گوشی تطابق نداشت و کمی بالاتر بود. خیلی توی ذوق ادم میزند. واقعا ارزش خرید نداشت.,1
809,این قاب بنده خریداری کردم. متاسفانه سوراخهای فینگر ، فلاش و دوربین تعبیهشده روی قاب با گوشی تطابق نداشت و کمی بالاتر بود. خیلی در ذوق ادم میزند. واقعا ارزش خرید نداشت.,1
810,این را بنده خریداری کردم. متاسفانه سوراخهای فینگر و فلاش و دوربین تعبیهشده روی قاب با گوشی تطابق نداشت و کمی بالاتر بود. خیلی در ذوق ادم میزند. واقعا ارزش خرید نداشت.,1
811,این قاب بنده خریداری کردم. متاسفانه سوراخهای فینگر و فلاش و دوربین تعبیهشده روی قاب با گوشی تطابق نداشت و کمی بالاتر بود. خیلی در چشم ادم میزند. واقعا ارزش خرید نداشت.,1
812,این قاب بنده خریداری کردم. متاسفانه سوراخهای فینگر و فلاش و دوربین تعبیهشده روی قاب با گوشی تطابق نداشت و کمی بالاتر بود. خیلی در ذوق ادم میزند. واقعا امکان خرید نداشت.,1
813,این قاب بنده خریداری کردم. متاسفانه سوراخهای فینگر و فلاش و دوربین تعبیهشده روی قاب این گوشی تطابق نداشت و کمی بالاتر بود. خیلی در ذوق ادم میزند. واقعا ارزش خرید نداشت.,1
814,این قاب بنده اشتباه کردم. متاسفانه سوراخهای فینگر و فلاش و دوربین تعبیهشده روی قاب با گوشی تطابق نداشت و کمی بالاتر بود. خیلی در ذوق ادم میزند. واقعا ارزش خرید نداشت.,1
815,این قاب بنده خریداری کردم. متاسفانه سوراخهای فینگر و فلاش و دوربین تعبیهشده روی قاب با گوشی تطابق نداشت و کمی بالاتر بود. خیلی در ذوق ادم میزند. اصلا ارزش خرید نداشت.,1
816,کرم فوقالعاده بدبوییه است و با اینکه نوشتهشده گیاهیه است ولی بوی وازلین شیمیایی میدهد! در صورت استفاده همدست خیلی چسبنده میشود و حالت خوشایندی ندارد!,1
817,کرم فوقالعاده بدبوییه است و با اینکه نوشتهشده گیاهیه است ولی بوی وازلین شیمیایی میدهد! در ابتدای استفاده همدست خیلی چسبنده میشود و حالت خوشایندی ندارد!,1
818,کرم فوقالعاده بدبوییه است و با اینکه نوشتهشده گیاهیه است ولی بوی وازلین شیمیایی میدهد! در هنگام استفاده همدست خیلی چسبنده میشود و حالت خوشایندی ندارد!,1
819,کرم فوقالعاده بدبوییه است و با اینکه نوشتهشده گیاهیه است اما بوی وازلین شیمیایی میدهد! در ابتدای استفاده همدست خیلی چسبنده میشود و حالت خوشایندی ندارد!,1
820,کرم فوقالعاده بدبوییه است و با اینکه نوشتهشده گیاهیه است ولی بوی مواد شیمیایی میدهد! در ابتدای استفاده همدست خیلی چسبنده میشود و حالت خوشایندی ندارد!,1
821,کرم فوقالعاده بدبوییه دارد و با اینکه نوشتهشده گیاهیه است ولی بوی وازلین شیمیایی میدهد! در ابتدای استفاده همدست خیلی چسبنده میشود و حالت خوشایندی ندارد!,1
822,کرم فوقالعاده بدبوییه است و علیرغم اینکه نوشتهشده گیاهیه است ولی بوی وازلین شیمیایی میدهد! در ابتدای استفاده همدست خیلی چسبنده میشود و حالت خوشایندی ندارد!,1
823,بنده این کتبل را سفارش میدم ولی متاسفانه داخل پورت گوشی لق میزند و با اندک حرکتی درمیاد و گوشیتان شارژ نمیشود به خاطر همین هم مرجوعش کردم. در کل فکر نکنم به درد بخوره,1
824,بنده این کتبل را سفارش دادم ولی متاسفانه داخل پورت گوشی لق میزند و با اندک حرکتی درمیاد و گوشیتان شارژ نمیشود به خاطر همین هم مرجوعش کردم. در کل فکر نکنم به درد.,1
825,من این کتبل را سفارش دادم ولی متاسفانه داخل پورت گوشی لق میزند و با اندک حرکتی درمیاد و گوشیتان شارژ نمیشود به خاطر همین هم مرجوعش کردم. در کل فکر نکنم به درد بخوره,1
826,خودم این کتبل را سفارش دادم ولی متاسفانه داخل پورت گوشی لق میزند و با اندک حرکتی درمیاد و گوشیتان شارژ نمیشود به خاطر همین هم مرجوعش کردم. در کل فکر نکنم به درد بخوره,1
827,بنده این کتبل را سفارش دادم ولی متاسفانه داخل پورت گوشی لق میزند و با اندک حرکتی گوشی و گوشیتان شارژ نمیشود به خاطر همین هم مرجوعش کردم. در کل فکر نکنم به درد بخوره,1
828,بنده این کتبل را سفارش دادم ولی متاسفانه داخل پورت گوشی لق میزند و با اندک حرکتی درمیاد و گوشیتان شارژ نمیشود به خاطر همین هم مرجوعش کردم. در کل فکر نمیکنم به درد بخوره,1
829,بنده این کتبل را سفارش دادم ولی متاسفانه داخل پورت گوشی لق میزند و با اندک حرکتی باتری و گوشیتان شارژ نمیشود به خاطر همین هم مرجوعش کردم. در کل فکر نکنم به درد بخوره,1
830,بنده این کتبل را سفارش دادم ولی متاسفانه داخل پورت گوشی لق میزند و با اندک حرکتی درمیاد و گوشیتان شارژ نمیشود وبه خاطر همین هم مرجوعش کردم. در کل فکر نکنم به درد بخوره,1
831,بنده این کتبل را انجام دادم ولی متاسفانه داخل پورت گوشی لق میزند و با اندک حرکتی درمیاد و گوشیتان شارژ نمیشود به خاطر همین هم مرجوعش کردم. در کل فکر نکنم به درد بخوره,1
832,اما اونی که سفارش دادم نبود برایم مدل دیگر ارسال کردن که اصلا جالب نبود,1
833,اصلا مدلی که سفارش دادم نبود برایم مدل دیگر ارسال کردن که اصلا جالب نبود,1
834,اصلا اونیکه سفارش دادم نبود برایم مدل دیگر ارسال کردن که اصلا جالب نبود,1
835,اصلا اونی که سفارش دادم نبود برایم چیزهای دیگر ارسال کردن که اصلا جالب نبود,1
836,اصلا اونی که سفارش داد نبود برایم مدل دیگر ارسال کردن که اصلا جالب نبود,1
837,من دو تا از این کابل را خریدم که متاسفانه اتصالی دارند و هیچکدام شارژ نمیکنند,1
838,من دو عدد از این کابل را خریدم اما متاسفانه اتصالی دارند و هیچکدام شارژ نمیکنند,1
839,من دو تا از این کابل را خریدم اما هیچکدام اتصالی دارند و هیچکدام شارژ نمیکنند,1
840,من دو تا از این کابل رو خریدم اما متاسفانه اتصالی دارند و هیچکدام شارژ نمیکنند,1
841,من دو تا از این کابل را خریدم اما متاسفانه اتصالی ندارد و هیچکدام شارژ نمیکنند,1
842,همیشه رنگ مشکی ارسال میشود ، طلایی و سفید که ذکر شده ندارند,1
843,به رنگ مشکی ارسال میشود و طلایی و سفید که ذکر شده ندارند,1
844,همیشه پیامک مشکی ارسال میشود و طلایی و سفید که ذکر شده ندارند,1
845,همیشه رنگ مشکی ارسال میشود و طلایی و سفید که انتخاب شده ندارند,1
846,به شدت.,1
847,به شدت!,1
848,کیفیت پایین تونر و چاپ,1
849,به پایید تونر و چاپ,1
850,کیفیت پایید چاپ و چاپ,1
851,کیفیت بسیار مهم است,1
852,کیفیت بسیار پایید.,1
853,نسبت به قیمتی که پرداخت میکنید کارایی لازم ندارد و قیمت مشخصی برای زیر چشم ندارد,1
854,نسبت بین قیمتی که پرداخت میکنید کارایی لازم ندارد و تاثیر مشخصی برای زیر چشم ندارد,1
855,نسبت به قیمتی که پرداخت میکنید کارایی لازم ندارد و تاثیر مشخصی برای زیر قیمت ندارد,1
856,نسبت به قیمتی که پرداخت میکنید کارایی لازم ندارد و تاثیر مشخصی برای سلامت چشم ندارد,1
857,نسبت به قیمتی که پرداخت میکنید کارایی لازم ندارد و تاثیر مشخصی برای یک چشم ندارد,1
858,خیلی فرق میکند من استفاده نمیکنم,1
859,خیلی داغ میکند من شوخی نمیکنم,1
860,خیلی داغ میکند ، استفاده نمیکنم,1
861,رنگش از اونی که در تصویر روشن بود ، اصلا ان چیزی که فکر میکردم نبود ، رنگش تغییر میکند ولی خیلی تغییر چشمگیری ندارد,1
862,رنگش از اونی که در تصویر روشن تره ، اصلا ان چیزی که فکر میکردم نبود ، رنگش تغییر میکند ، خیلی تغییر چشمگیری ندارد,1
863,رنگش مثل اونی که در تصویر روشن تره ، اصلا ان چیزی که فکر میکردم نبود ، رنگش تغییر میکند ولی خیلی تغییر چشمگیری ندارد,1
864,رنگش از اونی که در تصویر روشن تره ، اصلا ان چیزی که فکر میکردم نیست ، رنگش تغییر میکند ولی خیلی تغییر چشمگیری ندارد,1
865,رنگش از اونی ک در تصویر روشن تره ، اصلا ان چیزی که فکر میکردم نبود ، رنگش تغییر میکند ولی خیلی تغییر چشمگیری ندارد,1
866,رنگش از اونی که در تصویر روشن تره ، مثل ان چیزی که فکر میکردم نبود ، رنگش تغییر میکند ولی خیلی تغییر چشمگیری ندارد,1
867,رنگش از اونی که در تصویر روشن تره ، اصلا ان چیزی که فکر میکردم نبود ، رنگش تغییر کرده ولی خیلی تغییر چشمگیری ندارد,1
868,.,1
869,:,1
870,بعد از حدود عدد روز استفاده از این محصول شاهد خرابی یا عدم شارژ کردن ان بودم این در حالی بود که ظاهر محصول منجمله پورتهای ان سالم بود ولی متاسفانه دیگر امکان شارژ دهی را نداشت … بر پایه اعتماد بر نظرات من این محصول را خریداری کردم ولی با این حال هیچ ارزانی بیدلیل و علت نیست و اصلا پیشنهاد نمیکنم,1
871,بعد از حدود عدد روز استفاده از این محصول شاهد خرابی و عدم شارژ کردن ان بودم این در حالی بود که ظاهر محصول منجمله بدنه ان سالم بود ولی متاسفانه دیگر امکان شارژ دهی را نداشت … بر پایه اعتماد بر نظرات من این محصول را خریداری کردم ولی با این حال هیچ ارزانی بیدلیل و علت نیست و اصلا پیشنهاد نمیکنم,1
872,بعد از حدود ۱۰ روز استفاده از این محصول شاهد خرابی و عدم شارژ کردن ان بودم این در حالی بود که ظاهر محصول منجمله پورتهای ان سالم بود ولی متاسفانه دیگر امکان شارژ دهی را نداشت … بر پایه اعتماد بر نظرات من این محصول را خریداری کردم ولی با این حال هیچ ارزانی بیدلیل و علت نیست و اصلا پیشنهاد نمیکنم,1
873,بعد از حدود عدد روز استفاده از این محصول شاهد شارژ و عدم شارژ کردن ان بودم این در حالی بود که ظاهر محصول منجمله پورتهای ان سالم بود ولی متاسفانه دیگر امکان شارژ دهی را نداشت … بر پایه اعتماد بر نظرات من این محصول را خریداری کردم ولی با این حال هیچ ارزانی بیدلیل و علت نیست و اصلا پیشنهاد نمیکنم,1
874,بعد از حدود عدد روز استفاده از این محصول شاهد خرابی و عدم شارژ کردن ان بودم این در حالی بود که ظاهر محصول منجمله پورتهای ان سالم بود ولی متاسفانه دیگر امکان شارژ دهی را نداشت … بر پایه اعتماد بر نظرات من این محصول را خریداری کردم ولی با این حال این ارزانی بیدلیل و علت نیست و اصلا پیشنهاد نمیکنم,1
875,بعد از حدود عدد روز استفاده از یک محصول شاهد خرابی و عدم شارژ کردن ان بودم این در حالی بود که ظاهر محصول منجمله پورتهای ان سالم بود ولی متاسفانه دیگر امکان شارژ دهی را نداشت … بر پایه اعتماد بر نظرات من این محصول را خریداری کردم ولی با این حال هیچ ارزانی بیدلیل و علت نیست و اصلا پیشنهاد نمیکنم,1
876,بعد از حدود عدد روز استفاده از این دستگاه شاهد خرابی و عدم شارژ کردن ان بودم این در حالی بود که ظاهر محصول منجمله پورتهای ان سالم بود ولی متاسفانه دیگر امکان شارژ دهی را نداشت … بر پایه اعتماد بر نظرات من این محصول را خریداری کردم ولی با این حال هیچ ارزانی بیدلیل و علت نیست و اصلا پیشنهاد نمیکنم,1
877,بعد از حدود عدد روز استفاده از این محصول شاهد خرابی و عدم شارژ کردن ان بودم این در حالی بود که ظاهر محصول منجمله پورتهای ان سالم بود ولی متاسفانه دیگر امکان شارژ دهی را نداشت … بر پایه اعتماد بر نظرات من این محصول را خریداری کردم ولی با این حال هیچ چیز بیدلیل و علت نیست و اصلا پیشنهاد نمیکنم,1
878,بعد از حدود عدد روز استفاده از این محصول شاهد خرابی و عدم شارژ کردن ان بودم این در حالی بود که ظاهر محصول منجمله پورتهای ان سالم بود ولی متاسفانه دیگر امکان شارژ دهی را نداشت … بر پایه بنا بر نظرات من این محصول را خریداری کردم ولی با این حال هیچ ارزانی بیدلیل و علت نیست و اصلا پیشنهاد نمیکنم,1
879,بعد از حدود عدد روز استفاده از این محصول شاهد خرابی و عدم شارژ کردن ان بودم این در حالی بود که ظاهر محصول منجمله پورتهای ان سالم بود ولی متاسفانه دیگر امکان شارژ دهی را نداشت … بر پایه اعتماد بر نظرات من این محصول را خریداری کردم ولی با این حال ، ارزانی بیدلیل و علت نیست و اصلا پیشنهاد نمیکنم,1
880,بعد از حدود عدد روز استفاده از این محصول شاهد خرابی و عدم شارژ کردن ان بودم این در حالی بود که ظاهر محصول منجمله پورتهای ان سالم بود ولی متاسفانه دیگر امکان شارژ دهی را نداشت … بر پایه اعتماد بر نظرات من این محصول را خریداری کردم ولی در این حال هیچ ارزانی بیدلیل و علت نیست و اصلا پیشنهاد نمیکنم,1
881,بعد از حدود عدد روز استفاده از این محصول شاهد خرابی و عدم شارژ کردن ان بودم این در حالی بود که ظاهر محصول منجمله پورتهای ان سالم بود ولی متاسفانه دیگر امکان شارژ دهی را نداشت … بر پایه اعتماد بر نظرات من این محصول را خریداری میکنم ولی با این حال هیچ ارزانی بیدلیل و علت نیست و اصلا پیشنهاد نمیکنم,1
882,بعد از حدود عدد روز استفاده از این محصول شاهد خرابی و عدم شارژ کردن ان بودم این در حالی بود که ظاهر محصول منجمله پورتهای ان سالم بود ولی متاسفانه دیگر امکان شارژ دهی را نداشت … بر پایه اعتماد بر نظرات من این محصول را خریداری کردم ولی با این وجود هیچ ارزانی بیدلیل و علت نیست و اصلا پیشنهاد نمیکنم,1
883,بعد از حدود عدد روز استفاده از این محصول شاهد خرابی و عدم شارژ کردن ان بودم این در حالی بود که این محصول منجمله پورتهای ان سالم بود ولی متاسفانه دیگر امکان شارژ دهی را نداشت … بر پایه اعتماد بر نظرات من این محصول را خریداری کردم ولی با این حال هیچ ارزانی بیدلیل و علت نیست و اصلا پیشنهاد نمیکنم,1
884,فقط گیر میکند اصلا ارزش ندارد به ان.,1
885,فقط گیر میکند اصلا ارزش ندارد به ان!,1
886,فقط گیر میکند اصلا ارزش ندارد به این قیمت,1
887,تحریمها تاثیری ندارد,1
888,تحریم تاثیری ندارد,1
889,اصلا نمیشود از این قاب استفاده کرد,1
890,عملا نمیتوان از این قاب استفاده کرد,1
891,عملا نمیشود از این ابزار استفاده کرد,1
892,اصلا چربی ندارد و مناسب پوست خشک نیست و حتی احساس خوبی هم به پوست نمیده در کل مناسب پوست چرب هست بیشتر.. در کل با توجه به قیمتش و اینکه شخصی که پوست چربی داره چندان نیازی به مصرف کرم ندارد توصیه نمیکنم,1
893,اصلا چربی ندارد و مناسب پوست خشک نیست و اصلا احساس خوبی هم به پوست نمیده در کل مناسب پوست چرب هست بیشتر.. در کل با توجه به قیمتش و اینکه شخصی که پوست چربی داره چندان نیازی به مصرف کرم ندارد پیشنهاد نمیکنم,1
894,اصلا مشکلی ندارد و مناسب پوست خشک نیست و حتی احساس خوبی هم به پوست نمیده در کل مناسب پوست چرب هست بیشتر.. در کل با توجه به قیمتش و اینکه شخصی که پوست چربی داره چندان نیازی به مصرف کرم ندارد پیشنهاد نمیکنم,1
895,اصلا چربی ندارد و مناسب پوست خشک نیست و حتی احساس خوبی هم به پوست نمیده در نتیجه مناسب پوست چرب هست بیشتر.. در کل با توجه به قیمتش و اینکه شخصی که پوست چربی داره چندان نیازی به مصرف کرم ندارد پیشنهاد نمیکنم,1
896,اصلا چربی ندارد و مناسب پوست خشک نیست و حتی احساس خوبی هم به پوست نمیده در حالیکه مناسب پوست چرب هست بیشتر.. در کل با توجه به قیمتش و اینکه شخصی که پوست چربی داره چندان نیازی به مصرف کرم ندارد پیشنهاد نمیکنم,1
897,اصلا چربی ندارد و مناسب پوستهای خشک نیست و حتی احساس خوبی هم به پوست نمیده در کل مناسب پوست چرب هست بیشتر.. در کل با توجه به قیمتش و اینکه شخصی که پوست چربی داره چندان نیازی به مصرف کرم ندارد پیشنهاد نمیکنم,1
898,اصلا چربی ندارد و مناسب پوست چرب نیست و حتی احساس خوبی هم به پوست نمیده در کل مناسب پوست چرب هست بیشتر.. در کل با توجه به قیمتش و اینکه شخصی که پوست چربی داره چندان نیازی به مصرف کرم ندارد پیشنهاد نمیکنم,1
899,اصلا چربی ندارد و مناسب پوست خشک نیست و حتی احساس خوبی هم به پوست نمیده در کل مناسب پوست چرب هست بیشتر.. در کل با توجه به قیمتش و اینکه شخصی که پوست چربی داره چندان نیازی به خرید کرم ندارد پیشنهاد نمیکنم,1
900,اصلا چربی ندارد و مناسب پوست خشک نیست و حتی احساس خوبی هم به پوست نمیده در کل مناسب پوست خشک هست بیشتر.. در کل با توجه به قیمتش و اینکه شخصی که پوست چربی داره چندان نیازی به مصرف کرم ندارد پیشنهاد نمیکنم,1
901,اصلا چربی ندارد چون مناسب پوست خشک نیست و حتی احساس خوبی هم به پوست نمیده در کل مناسب پوست چرب هست بیشتر.. در کل با توجه به قیمتش و اینکه شخصی که پوست چربی داره چندان نیازی به مصرف کرم ندارد پیشنهاد نمیکنم,1
902,اصلا چربی ندارد و مناسب پوست خشک نیست و حتی احساس خوبی هم در پوست نمیده در کل مناسب پوست چرب هست بیشتر.. در کل با توجه به قیمتش و اینکه شخصی که پوست چربی داره چندان نیازی به مصرف کرم ندارد پیشنهاد نمیکنم,1
903,بوی بد پلاستیک,1
904,جنس بد!,1
905,بعد برای مدتی قطعی به وجود میاید,1
906,بعد از مدتی قطعی هم وجود میاید,1
907,پس از مدتی قطعی به وجود میاید,1
908,به دلیل گران شودن ارز قیمت نخ دندان فوقالعاده oralb floss که حقیقتا بهترین ، مجبور شودم این را بخرم. این مثل پراید در برابر بنزه است,1
909,به دلیل گران شودن ارز قیمت نخ دندان فوقالعاده oralb floss که حقیقتا بهترین ، مجبور شودم این را بخرم. پراید مثل پراید در برابر بنزه است,1
910,به دلیل گران شودن و قیمت نخ دندان فوقالعاده oralb floss که حقیقتا بهترین ، مجبور شودم این را بخرم. دقیقا مثل پراید در برابر بنزه است,1
911,به دلیل گران شودن ارز قیمت نخ دندان فوقالعاده oralb ، که حقیقتا بهترین ، مجبور شودم این را بخرم. دقیقا مثل پراید در برابر بنزه است,1
912,به دلیل گران شودن ارز قیمت نخ دندان فوقالعاده است floss که حقیقتا بهترین ، مجبور شودم این را بخرم. دقیقا مثل پراید در برابر بنزه است,1
913,شاید دلیل گران شودن ارز قیمت نخ دندان فوقالعاده oralb floss که حقیقتا بهترین ، مجبور شودم این را بخرم. دقیقا مثل پراید در برابر بنزه است,1
914,به دلیل گران شودن ارز قیمت نخ دندان فوقالعاده oralb floss که حقیقتا نیست ، مجبور شودم این را بخرم. دقیقا مثل پراید در برابر بنزه است,1
915,من گرفتم نه باتری گوشی وصل شد و نه به لپتاپ! یک تکه پلاستیک بیکیفیت هست. پیشنهاد نمیکنم.,1
916,من گرفتم و به گوشی وصل شد و نه به لپتاپ! یک تکه پلاستیک بیکیفیت هست. پیشنهاد نمیکنم.,1
917,من گرفتم نه به گوشی وصل شد و نه به لپتاپ! یک تکه پلاستیک بیکیفیت هست. باور نمیکنم.,1
918,من گرفتم نه به گوشی وصل شد و نه به لپتاپ! یک تکه کاغذ بیکیفیت هست. پیشنهاد نمیکنم.,1
919,من گرفتم نه به گوشی وصل شد و نه به لپتاپ! یک تکه لپتاپ بیکیفیت هست. پیشنهاد نمیکنم.,1
920,من گرفتم نه به گوشی وصل شد و نه به لپتاپ! این تکه پلاستیک بیکیفیت هست. پیشنهاد نمیکنم.,1
921,هرگز اشتباه نمیکنم.,1
922,هرگز پیشنهاد ندهید.,1
923,کاملا باز وشکسته بود. کاملا فاقد اصول بهداشتی,1
924,بسیار باز وشکسته بود. کاملا فاقد اصول بهداشتی,1
925,درش باز وشکسته بود. و فاقد اصول بهداشتی,1
926,راستش تازه خریدم تاثیرش را دندانام را حس نکردم هنوز ولی را بوی دهان تاثیری ندارد ، نوعش,1
927,راستش تازه خریدم تاثیرش را دندانام را حس نکردم هنوز ولی را بوی دهان تاثیری در این نوعش,1
928,راستش تازه خریدم تاثیرش روی دندانام را حس نکردم هنوز ولی را بوی دهان تاثیری ندارد این نوعش,1
929,راستش تازه خریدم تاثیرش را دندانام را حس نکردم ، ولی را بوی دهان تاثیری ندارد این نوعش,1
930,راستش تازه خریدم تاثیرش را دندانام را حس نکردم هنوز ولی را بوی که تاثیری ندارد این نوعش,1
931,به صورت ژل نیست و کرم هست من برای پوست صورتم مخصوصا ناحیه چشم راحت نیستم باهاش اما به عنوان ماسک پاکنندگی خوبی داره,1
932,به صورت ژل نیست و کرم هست من برای شستشوی صورتم مخصوصا ناحیه چشم راحت نیستم باهاش اما به عنوان ماسک پاکنندگی خوبی.,1
933,به صورت ژل نیست و کرم هست من برای شستشوی صورتم مخصوصا ناحیه چشم راحت نیستم باهاش هم به عنوان ماسک پاکنندگی خوبی داره,1
934,پوست صورت ژل نیست و کرم هست من برای شستشوی صورتم مخصوصا ناحیه چشم راحت نیستم باهاش اما به عنوان ماسک پاکنندگی خوبی داره,1
935,به صورت ژل نیست و کرم هست من برای شستشوی صورتم مخصوصا ناحیه چشم راحت نیستم ، اما به عنوان ماسک پاکنندگی خوبی داره,1
936,به صورت ژل نیست و کرم هست من برای شستشوی صورتم مخصوصا ناحیه صورت راحت نیستم باهاش اما به عنوان ماسک پاکنندگی خوبی داره,1
937,جنس داخل قاب پارچهای که درست نچسبیده و خود کاور هم دوتا زده روشه است که نشان از کیفیت پایید ساخت داره با استفاده از سایت خوب دیجی کالا,1
938,جنس داخل قاب پارچهای که درست نچسبیده و خود کاور هم دوتا زده روشه است که نشان از خلاقیت پایید ساخت داره با تشکر از سایت خوب دیجی کالا,1
939,جنس داخل قاب پارچهای که درست شده و خود کاور هم دوتا زده روشه است که نشان از کیفیت پایید ساخت داره با تشکر از سایت خوب دیجی کالا,1
940,جنس داخل قاب پارچهای هم درست نچسبیده و خود کاور هم دوتا زده روشه است که نشان از کیفیت پایید ساخت داره با تشکر از سایت خوب دیجی کالا,1
941,جنس داخل قاب پارچهای که درست نچسبیده و خود کاور هم دوتا زده روشه است که نشان از کیفیت پایید ساخت داره با تشکر از سایت خوب دیجی :,1
942,جنس داخل قاب پارچهای که درست نچسبیده و خود کاور هم دوتا زده روشه است که نشان از کیفیت پایید ساخت دارد با تشکر از سایت خوب دیجی کالا,1
943,جنس داخل قاب پارچهای که درست نچسبیده و خود کاور از دوتا زده روشه است که نشان از کیفیت پایید ساخت داره با تشکر از سایت خوب دیجی کالا,1
944,با :,1
945,- سلام,1
946,صد افتاب نوکس با spf عدد,1
947,ضد افتاب نوکس سری spf عدد,1
948,صد عدد نوکس سری spf عدد,1
949,میشد مدیریت بهتری داشته باشد,1
950,باید ظرف بهتری داشته باشد,1
951,مناسب ؟,1
952,مناسب.,1
953,لایه رویی قاب از هفته اول از روی قاب بتدریج کنده شد و شکل ظاهری قاب را کمی نامناسب کرد,1
954,لایه رویی قاب از هفته اول از روی قاب بتدریج کنده شد و شکل ظاهری قاب را بسیار نامناسب.,1
955,لایه رویی قاب از همان اول از روی قاب بتدریج کنده شد و شکل ظاهری قاب را بسیار نامناسب کرد,1
956,لایه رویی قاب از هفته اول از روی قاب بتدریج کنده شد و نمای ظاهری قاب را بسیار نامناسب کرد,1
957,لایه رویی که از هفته اول از روی قاب بتدریج کنده شد و شکل ظاهری قاب را بسیار نامناسب کرد,1
958,صحت ندارد,1
959,کیفیت :,1
960,من این اسپری را اولین بار خریداری کردم,1
961,من این اسپری را دو سال خریداری کردم,1
962,من این اسپری را یک بار خریداری کردم,1
963,.,1
964,:,1
965,من این گوشی را بر اساس نظرات خریدم ولی در مشخصات ننوشته بود پارابن داره.,1
966,من این کرم را بر اساس نظرات خریدم ولی در این ننوشته بود پارابن داره.,1
967,بنده این کرم را بر اساس نظرات خریدم ولی در مشخصات ننوشته بود پارابن داره.,1
968,من این کرم را بر اساس نظرات خریدم ولی در مشخصات ننوشته بود وجود داره.,1
969,من ان کرم را بر اساس نظرات خریدم ولی در مشخصات ننوشته بود پارابن داره.,1
970,من موقع خرید به سری این کابل دقت نکردم که دو تکه هست ، وقتی بخواهید کابل را از گوشی جدا کنید یک قسمت کوچک از ان در درگاه گیر میکند و اگر هم ان قسمت کوچک را جدا کنید ممکنه گم بشود که در این صورت کابل به طور کلی غیرقابل استفاده خواهد شد. اصلا فلسفه سری مغناطیسی و دو تکهاش کاملا مبهمه است!!!,1
971,من موقع خرید به سری این کابل دقت نکردم که دو تکه هست ، وقتی بخواهید کابل را از گوشی جدا کنید یک قسمت کوچکی از ان در درگاه گیر میکند و اگر هم ان قسمت کوچک را جدا کنید ممکنه گم بشود که در این صورت کابل به طور کلی غیرقابل استفاده خواهد شد. اصلا فلسفه سری مغناطیسی و دو تکهاش خیلی مبهمه است!!!,1
972,من موقع خرید به سری این کابل دقت نکردم که دو تکه هست ، وقتی این کابل را از گوشی جدا کنید یک قسمت کوچک از ان در درگاه گیر میکند و اگر هم ان قسمت کوچک را جدا کنید ممکنه گم بشود که در این صورت کابل به طور کلی غیرقابل استفاده خواهد شد. اصلا فلسفه سری مغناطیسی و دو تکهاش خیلی مبهمه است!!!,1
973,من موقع خرید به سری این کابل دقت نکردم که دو تکه هست ، وقتی بخواهید کابل را از گوشی جدا کنید یک قسمت کوچک از ان در درگاه گیر میکند ، اگر هم ان قسمت کوچک را جدا کنید ممکنه گم بشود که در این صورت کابل به طور کلی غیرقابل استفاده خواهد شد. اصلا فلسفه سری مغناطیسی و دو تکهاش خیلی مبهمه است!!!,1
974,من موقع خرید به سری این کابل دقت نکردم که دو تکه هست ، وقتی بخواهید کابل را از گوشی جدا کنید یک قسمت کوچک از ان در درگاه گیر میکند و اگر هم ان قسمت کوچک را جدا کنید شاید گم بشود که در این صورت کابل به طور کلی غیرقابل استفاده خواهد شد. اصلا فلسفه سری مغناطیسی و دو تکهاش خیلی مبهمه است!!!,1
975,من موقع خرید به سری این کابل دقت نکردم که دو تکه هست ، وقتی بخواهید کابل را از گوشی جدا کنید یک قسمت کوچک از ان در درگاه گیر میکند و وقتی هم ان قسمت کوچک را جدا کنید ممکنه گم بشود که در این صورت کابل به طور کلی غیرقابل استفاده خواهد شد. اصلا فلسفه سری مغناطیسی و دو تکهاش خیلی مبهمه است!!!,1
976,من موقع خرید به سری این کابل دقت نکردم که دو تکه هست ، وقتی بخواهید کابل را از گوشی جدا کنید یک قسمت کوچک از ان در درگاه گیر میکند و اگر هم ان قسمت کوچک را جدا کنید ممکنه گم بشود که در این صورت کابل به طور کلی غیرقابل استفاده خواهد شد. اصلا فلسفه سری مغناطیسی و دو تکهاش خیلی مبهمه است!!!,1
977,من موقع خرید به سری این کابل دقت نکردم که دو تکه هست ، وقتی بخواهید کابل را از گوشی جدا بکنید یک قسمت کوچک از ان در درگاه گیر میکند و اگر هم ان قسمت کوچک را جدا کنید ممکنه گم بشود که در این صورت کابل به طور کلی غیرقابل استفاده خواهد شد. اصلا فلسفه سری مغناطیسی و دو تکهاش خیلی مبهمه است!!!,1
978,من موقع خرید به سری این کابل دقت نکردم که یک تکه هست ، وقتی بخواهید کابل را از گوشی جدا کنید یک قسمت کوچک از ان در درگاه گیر میکند و اگر هم ان قسمت کوچک را جدا کنید ممکنه گم بشود که در این صورت کابل به طور کلی غیرقابل استفاده خواهد شد. اصلا فلسفه سری مغناطیسی و دو تکهاش خیلی مبهمه است!!!,1
979,من موقع خرید به سری این کابل دقت نکردم که دو تکه هست ، وقتی بخواهید کابل را از گوشی جدا کنید یک قسمت کوچک از ان در درگاه گیر میکند و اگر هم ان قسمت کوچک را جدا کنید ممکنه گم بشود که در این صورت کابل به طور کلی غیرقابل استفاده خواهد شد. اصلا این سری مغناطیسی و دو تکهاش خیلی مبهمه است!!!,1
980,من موقع خرید به سری این کابل دقت نکردم که دو تکه هست ، وقتی بخواهید کابل را از گوشی جدا کنید یک قسمت کوچک از ان در درگاه گیر میکند و اگر هم ان قسمت کوچک را جدا کنید ممکنه گم بشود که در این صورت کابل به طور کلی غیرقابل استفاده خواهد شد. اصلا یک سری مغناطیسی و دو تکهاش خیلی مبهمه است!!!,1
981,من موقع خرید به سری این گوشی دقت نکردم که دو تکه هست ، وقتی بخواهید کابل را از گوشی جدا کنید یک قسمت کوچک از ان در درگاه گیر میکند و اگر هم ان قسمت کوچک را جدا کنید ممکنه گم بشود که در این صورت کابل به طور کلی غیرقابل استفاده خواهد شد. اصلا فلسفه سری مغناطیسی و دو تکهاش خیلی مبهمه است!!!,1
982,من موقع خرید به سری این کابل دقت نکردم که دو تکه هست ، وقتی بخواهید کابل را از گوشی جدا کنید یک قسمت کوچک از ان در درگاه گیر میکند و اگر هم ان قسمت کوچک را جدا کنید ممکنه گم بشود که در این حالت کابل به طور کلی غیرقابل استفاده خواهد شد. اصلا فلسفه سری مغناطیسی و دو تکهاش خیلی مبهمه است!!!,1
983,من موقع خرید به سری مغناطیسی کابل دقت نکردم که دو تکه هست ، وقتی بخواهید کابل را از گوشی جدا کنید یک قسمت کوچک از ان در درگاه گیر میکند و اگر هم ان قسمت کوچک را جدا کنید ممکنه گم بشود که در این صورت کابل به طور کلی غیرقابل استفاده خواهد شد. اصلا فلسفه سری مغناطیسی و دو تکهاش خیلی مبهمه است!!!,1
984,من موقع خرید به سری این گوشیها دقت نکردم که دو تکه هست ، وقتی بخواهید کابل را از گوشی جدا کنید یک قسمت کوچک از ان در درگاه گیر میکند و اگر هم ان قسمت کوچک را جدا کنید ممکنه گم بشود که در این صورت کابل به طور کلی غیرقابل استفاده خواهد شد. اصلا فلسفه سری مغناطیسی و دو تکهاش خیلی مبهمه است!!!,1
985,عکسها همه دروغ میگن ، ابی ، ابی مشکی نیست ، تمام ابیه است ، قرمزشم همینطور ، بقیش را ندیدم ولی انهاهم احتمالا همینطوری هستن ، بخواهی قرمز مشکی داشته باشی باید یک مشکی بگیری یک قرمز ، تا ترکیبش کنی درس شه,1
986,عکسها همه دروغ هستن ، ابی ، ابی مشکی نیست ، تمام ابیه است ، قرمزشم همینطور ، بقیش را ندیدم ولی انهاهم احتمالا همینطوری هستن ، بخواهی قرمز مشکی داشته باشی ، یک مشکی بگیری یک قرمز ، تا ترکیبش کنی درس شه,1
987,عکسها همه دروغ هستن ، ابی ، ابی مشکی است ، تمام ابیه است ، قرمزشم همینطور ، بقیش را ندیدم ولی انهاهم احتمالا همینطوری هستن ، بخواهی قرمز مشکی داشته باشی باید یک مشکی بگیری یک قرمز ، تا ترکیبش کنی درس شه,1
988,عکسها همه دروغ هستن ، ابی ، ابی مشکی نیست ، تمام ابیهه ، قرمزشم همینطور ، بقیش را ندیدم ولی انهاهم احتمالا همینطوری هستن ، بخواهی قرمز مشکی داشته باشی باید یک مشکی بگیری یک قرمز ، تا ترکیبش کنی درس شه,1
989,عکسها همه دروغ هستن ، ابی ، ابی مشکی نیست ، تمام ابیه است ، قرمزشم همینطور ، بقیش را ندیدم ولی انهاهم احتمالا همینطوری هستن ، بخواهی قرمز مشکی داشته باشی باید یک مشکی بگیری یک قرمز ، تا ترکیبشت درس شه,1
990,عکسها همه دروغ هستن ، ابی ، ابی که نیست ، تمام ابیه است ، قرمزشم همینطور ، بقیش را ندیدم ولی انهاهم احتمالا همینطوری هستن ، بخواهی قرمز مشکی داشته باشی باید یک مشکی بگیری یک قرمز ، تا ترکیبش کنی درس شه,1
991,عکسها همه دروغ هستن ، ابی ، ابی مشکی نیست ، تمام ابیه است ، قرمزشم همینطور ، بقیش را ندیدم ولی انهاهم احتمالا همینطوری هستن ، بخواهی قرمز مشکی داشته باشی باید یک مشکی بگیری یک قرمز ، تا ترکیبش کنی درس.,1
992,عکسها همه دروغ هستن ، ابی ، ابی مشکی نیست ، تمام ابیه است ، قرمزشم همینطور ، بقیش را ندیدم ولی انهاهم احتمالا همینطوری هستن ، بخواهی قرمز مشکی داشته باشی و یک مشکی بگیری یک قرمز ، تا ترکیبش کنی درس شه,1
993,عکسها همه دروغ هستن ، ابی ، ابی مشکی نیست ، تمام ابیه است ، قرمزشم همینطور ، بقیش را ندیدم ولی انهاهم احتمالا همینطوری هستن ، بخواهی قرمز مشکی داشته باشی باید یک مشکی بگیری یک قرمز ، تا ترکیبش کنی درس ؟,1
994,عکسها همه دروغ هستن ، ابی ، ابی مشکی نیست ، تمام ابیه است ، قرمزشم همینطور ، بقیش را ندیدم ولی انهاهم احتمالا همینطوری هستن ، بخواهی قرمز مشکی داشته باشی باید یک مشکی ، یک قرمز ، تا ترکیبش کنی درس شه,1
995,خیلی خوب بود,1
996,خیلی جالب بود,1
997,این شامپو را به دلیل قیمت مناسب و تولید انگلستان بودنش خرید کردم اما برخلاف تصورم اصلا کف نمیکند و مجبورید حجم بسیار بیشتری استفاده کنید که علاوه بر اینکه قیمتش معادل شامپوهای معمولی میشود ، باز هم کف نمیکند.,1
998,این شامپو را به دلیل قیمت مناسب و تولید انگلستان بودنش خرید کردم اما برخلاف تصورم اصلا کف نمیکند و مجبورید حجم بسیار بیشتری استفاده میکند که علاوه بر اینکه قیمتش معادل شامپوهای گرانتر میشود ، باز هم کف نمیکند.,1
999,این شامپو را به دلیل قیمت مناسب و تولید انگلستان بودنش خرید کردم اما برخلاف تصورم ، کف نمیکند و مجبورید حجم بسیار بیشتری استفاده کنید که علاوه بر اینکه قیمتش معادل شامپوهای گرانتر میشود ، باز هم کف نمیکند.,1
1000,این شامپو را به دلیل قیمت مناسب و تولید انگلستان بودنش خرید کردم اما برخلاف تصورم اصلا کف نمیکند و مجبورید حجم بسیار بیشتری استفاده کنید که علاوه بر اینکه قیمتش معادل شامپوهای گرانتر است ، باز هم کف نمیکند.,1
1001,این شامپو را به دلیل قیمت مناسب و تولید انگلستان بودنش خرید ، اما برخلاف تصورم اصلا کف نمیکند و مجبورید حجم بسیار بیشتری استفاده کنید که علاوه بر اینکه قیمتش معادل شامپوهای گرانتر میشود ، باز هم کف نمیکند.,1
1002,این شامپو را به دلیل قیمت مناسب و تولید انگلستان بودنش خرید کردم اما این تصورم اصلا کف نمیکند و مجبورید حجم بسیار بیشتری استفاده کنید که علاوه بر اینکه قیمتش معادل شامپوهای گرانتر میشود ، باز هم کف نمیکند.,1
1003,این شامپو را به دلیل قیمت مناسب و تولید انگلستان بودنش خرید کردم اما برخلاف تصورم اصلا کف نمیکند و مجبورید حجم بسیار بیشتری استفاده میشود که علاوه بر اینکه قیمتش معادل شامپوهای گرانتر میشود ، باز هم کف نمیکند.,1
1004,این شامپو را به دلیل قیمت مناسب و تولید انگلستان بودنش خرید. اما برخلاف تصورم اصلا کف نمیکند و مجبورید حجم بسیار بیشتری استفاده کنید که علاوه بر اینکه قیمتش معادل شامپوهای گرانتر میشود ، باز هم کف نمیکند.,1
1005,این شامپو را به دلیل قیمت مناسب و تولید انگلستان بودنش خرید کردم اما برخلاف تصورم اصلا کفایت نمیکند و مجبورید حجم بسیار بیشتری استفاده کنید که علاوه بر اینکه قیمتش معادل شامپوهای گرانتر میشود ، باز هم کف نمیکند.,1
1006,این ماشین را به دلیل قیمت مناسب و تولید انگلستان بودنش خرید کردم اما برخلاف تصورم اصلا کف نمیکند و مجبورید حجم بسیار بیشتری استفاده کنید که علاوه بر اینکه قیمتش معادل شامپوهای گرانتر میشود ، باز هم کف نمیکند.,1
1007,با توجه به اینکه تابستان فصل تابستانه است و بسته جلو افتاب میمونه کلا کرمو مواد بهداشتی نگیرید,1
1008,با توجه به اینکه الان فصل گرما است و بسته جلو افتاب میمونه کلا کرمو مواد بهداشتی نگیرید,1
1009,با توجه به اینکه الان فصل تابستانه است و بسته جلو افتاب میمونه کلا کرمو مواد بخور نگیرید,1
1010,با توجه به اینکه الان فصل تابستانه است ، بسته جلو افتاب میمونه کلا کرمو مواد بهداشتی نگیرید,1
1011,ضمن توجه به اینکه الان فصل تابستانه است و بسته جلو افتاب میمونه کلا کرمو مواد بهداشتی نگیرید,1
1012,خودرو به قیمت کیفیت ندارد,1
1013,نسبت به گذشته کیفیت ندارد,1
1014,نسبت به قیمت کیفیت :,1
1015,به شدت موها رو خشک میکند. من موهایم همینطوری خشک هست و این کرم مو بدتر و بیشتر خشکش میکند. دست میکشم را موهایم قیژ قیژ صدا میدهد انقدر که خشک میشود. قبلا کرم موی گلیس را میزدم ، خیلی خوب بود. تصمیم گرفتم یک مدت ایوروشه را امتحان کنم! هرچقدر محصولات پوستش خوبه است ، محصولات مو افتضاحه است! من هم شامپو را خریدم ، هم ماسک موی داخل حمام ، هم نرمکننده و هم کرم مو! ولی اصلا خوب نبود. پولم را دور ریختم و گول مارکش را خوردم. بدترین خرید عمرم بود.,1
1016,به شدت موها را خشک میکند. من موهایم همینطوری خشک هست و این کرم مو بدتر و بیشتر خشکش میکند. دست میکشم را موهایم قیژ قیژ صدا میدهد انقدر که خشک میشود. قبلا کرم موی گلیس را میزدم ، خیلی خوب بود. تصمیم گرفتم یک مدت ایوروشه را امتحان کنم! هرچقدر محصولات پوستش خوبه است ، محصولات مو افتضاحه است! من هم شامپو را خریدم ، هم ماسک موی داخل حمام ، هم نرمکننده و هم کرم مو! این اصلا خوب نبود. پولم را دور ریختم و گول مارکش را خوردم. بدترین خرید عمرم بود.,1
1017,به شدت موها را خشک میکند. من موهایم همینطوری خشک هست و این کرم مو بدتر و بیشتر خشکش میکند. دست میکشم را موهایم قیژ قیژ صدا میدهد انقدر که خشک میشود. قبلا کرم موی گلیس را میزدم ، خیلی خوب بود. تصمیم گرفتم یک مدت ایوروشه را امتحان کنم! هرچقدر محصولات پوستش خوبه است ، محصولات مو افتضاحه است! من هم شامپو را خریدم ، هم ماسک موی داخل حمام ، هم نرمکننده و هم کرم مو! پولم اصلا خوب نبود. پولم را دور ریختم و گول مارکش را خوردم. بدترین خرید عمرم بود.,1
1018,به شدت موها را خشک میکند. من موهایم همینطوری خشک هست و این کرم مو بدتر و بیشتر خشکش میکند. دست میکشم را موهایم قیژ قیژ صدا میدهد انقدر که خشک میشود. قبلا کرم موی گلیس را میزدم ، خیلی خوب بود. تصمیم گرفتم یک مدت ایوروشه را امتحان کنم! هرچقدر که پوستش خوبه است ، محصولات مو افتضاحه است! من هم شامپو را خریدم ، هم ماسک موی داخل حمام ، هم نرمکننده و هم کرم مو! ولی اصلا خوب نبود. پولم را دور ریختم و گول مارکش را خوردم. بدترین خرید عمرم بود.,1
1019,به شدت موها را خشک میکند. من موهایم همینطوری خشک هست و این کرم مو بدتر و بیشتر خشکش میکند. دست میکشم را موهایم قیژ قیژ صدا میدهد انقدر که خشک میشود. قبلا کرم موی گلیس را میزدم ، خیلی خوب نبود. تصمیم گرفتم یک مدت ایوروشه را امتحان کنم! هرچقدر محصولات پوستش خوبه است ، محصولات مو افتضاحه است! من هم شامپو را خریدم ، هم ماسک موی داخل حمام ، هم نرمکننده و هم کرم مو! ولی اصلا خوب نبود. پولم را دور ریختم و گول مارکش را خوردم. بدترین خرید عمرم بود.,1
1020,به شدت موها را خشک میکند. من موهایم همینطوری خشک هست و این کرم مو بدتر و بیشتر خشکش میکند. دست میکشم را موهایم را قیژ صدا میدهد انقدر که خشک میشود. قبلا کرم موی گلیس را میزدم ، خیلی خوب بود. تصمیم گرفتم یک مدت ایوروشه را امتحان کنم! هرچقدر محصولات پوستش خوبه است ، محصولات مو افتضاحه است! من هم شامپو را خریدم ، هم ماسک موی داخل حمام ، هم نرمکننده و هم کرم مو! ولی اصلا خوب نبود. پولم را دور ریختم و گول مارکش را خوردم. بدترین خرید عمرم بود.,1
1021,به شدت موها را خشک میکند. من موهایم همینطوری خشک هست. این کرم مو بدتر و بیشتر خشکش میکند. دست میکشم را موهایم قیژ قیژ صدا میدهد انقدر که خشک میشود. قبلا کرم موی گلیس را میزدم ، خیلی خوب بود. تصمیم گرفتم یک مدت ایوروشه را امتحان کنم! هرچقدر محصولات پوستش خوبه است ، محصولات مو افتضاحه است! من هم شامپو را خریدم ، هم ماسک موی داخل حمام ، هم نرمکننده و هم کرم مو! ولی اصلا خوب نبود. پولم را دور ریختم و گول مارکش را خوردم. بدترین خرید عمرم بود.,1
1022,به شدت موها را خشک میکند. من موهایم همینطوری خشک هست و این کرم مو بدتر و بیشتر خشکش میکند. دست میکشم را موهایم قیژ قیژ صدا میدهد انقدر که خشک میشود. قبلا کرم موی گلیس را میزدم ، خیلی خوب بود. تصمیم گرفتم یک مدت ایوروشه را امتحان کنم! هرچقدر محصولات پوستش خوبه است ، محصولات مو افتضاحه است! من هم ان را خریدم ، هم ماسک موی داخل حمام ، هم نرمکننده و هم کرم مو! ولی اصلا خوب نبود. پولم را دور ریختم و گول مارکش را خوردم. بدترین خرید عمرم بود.,1
1023,به شدت موها را خشک میکند. من موهایم همینطوری خشک هست و این کرم خیلی بدتر و بیشتر خشکش میکند. دست میکشم را موهایم قیژ قیژ صدا میدهد انقدر که خشک میشود. قبلا کرم موی گلیس را میزدم ، خیلی خوب بود. تصمیم گرفتم یک مدت ایوروشه را امتحان کنم! هرچقدر محصولات پوستش خوبه است ، محصولات مو افتضاحه است! من هم شامپو را خریدم ، هم ماسک موی داخل حمام ، هم نرمکننده و هم کرم مو! ولی اصلا خوب نبود. پولم را دور ریختم و گول مارکش را خوردم. بدترین خرید عمرم بود.,1
1024,به شدت موها را خشک میکند. من موهایم همینطوری خشک هست و این کرم مو بدتر و بیشتر خشکش میکند. دست میکشم را موهایم قیژ قیژ صدا میدهد انقدر که خشک میشود. قبلا کرم موی گلیس را میزدم ، خیلی خوب بود. تصمیم گرفتم یک مدت ایوروشه را امتحان کنم! هرچقدر محصولات مو خوبه است ، محصولات مو افتضاحه است! من هم شامپو را خریدم ، هم ماسک موی داخل حمام ، هم نرمکننده و هم کرم مو! ولی اصلا خوب نبود. پولم را دور ریختم و گول مارکش را خوردم. بدترین خرید عمرم بود.,1
1025,به شدت موها را خشک میکند. من موهایم همینطوری خشک هست و این کرم مو بدتر و بیشتر خشکش میکند. دست میکشم را موهایم قیژ قیژ صدا میدهد انقدر که خشک میشود. قبلا کرم موی گلیس را میزدم ، خیلی خوب بود. تصمیم گرفتم یک مدت ایوروشه را عوض کنم! هرچقدر محصولات پوستش خوبه است ، محصولات مو افتضاحه است! من هم شامپو را خریدم ، هم ماسک موی داخل حمام ، هم نرمکننده و هم کرم مو! ولی اصلا خوب نبود. پولم را دور ریختم و گول مارکش را خوردم. بدترین خرید عمرم بود.,1
1026,به شدت موها را خشک میکند. من موهایم همینطوری خشک هست و این کرم مو بدتر و بیشتر خشکش میکند. دست میکشم را موهایم قیژ قیژ صدا میدهد انقدر که خشک میشود. قبلا کرم موی گلیس را میزدم ، خیلی بد بود. تصمیم گرفتم یک مدت ایوروشه را امتحان کنم! هرچقدر محصولات پوستش خوبه است ، محصولات مو افتضاحه است! من هم شامپو را خریدم ، هم ماسک موی داخل حمام ، هم نرمکننده و هم کرم مو! ولی اصلا خوب نبود. پولم را دور ریختم و گول مارکش را خوردم. بدترین خرید عمرم بود.,1
1027,به شدت موها را خشک میکند. من موهایم همینطوری خشک هست ، این کرم مو بدتر و بیشتر خشکش میکند. دست میکشم را موهایم قیژ قیژ صدا میدهد انقدر که خشک میشود. قبلا کرم موی گلیس را میزدم ، خیلی خوب بود. تصمیم گرفتم یک مدت ایوروشه را امتحان کنم! هرچقدر محصولات پوستش خوبه است ، محصولات مو افتضاحه است! من هم شامپو را خریدم ، هم ماسک موی داخل حمام ، هم نرمکننده و هم کرم مو! ولی اصلا خوب نبود. پولم را دور ریختم و گول مارکش را خوردم. بدترین خرید عمرم بود.,1
1028,به شدت موها را خشک میکند. من موهایم همینطوری خشک هست و این کرم مو بدتر و بیشتر خشکش میکند. دست میکشم را موهایم قیژ قیژ صدا میکنند انقدر که خشک میشود. قبلا کرم موی گلیس را میزدم ، خیلی خوب بود. تصمیم گرفتم یک مدت ایوروشه را امتحان کنم! هرچقدر محصولات پوستش خوبه است ، محصولات مو افتضاحه است! من هم شامپو را خریدم ، هم ماسک موی داخل حمام ، هم نرمکننده و هم کرم مو! ولی اصلا خوب نبود. پولم را دور ریختم و گول مارکش را خوردم. بدترین خرید عمرم بود.,1
1029,به شدت موها را خشک میکند. من میگویم همینطوری خشک هست و این کرم مو بدتر و بیشتر خشکش میکند. دست میکشم را موهایم قیژ قیژ صدا میدهد انقدر که خشک میشود. قبلا کرم موی گلیس را میزدم ، خیلی خوب بود. تصمیم گرفتم یک مدت ایوروشه را امتحان کنم! هرچقدر محصولات پوستش خوبه است ، محصولات مو افتضاحه است! من هم شامپو را خریدم ، هم ماسک موی داخل حمام ، هم نرمکننده و هم کرم مو! ولی اصلا خوب نبود. پولم را دور ریختم و گول مارکش را خوردم. بدترین خرید عمرم بود.,1
1030,به شدت موها را خشک میکند. من موهایم همینطوری خشک هست و این کرم مو بدتر و بیشتر خشکش میکند. دست میکشم را موهایم قیژ قیژ صدا میدهد انقدر که خشک میشود. قبلا کرم موی گلیس را میزدم ، خیلی خوب بود. تصمیم گرفتم یک مدت ایوروشه را امتحان کنم! هرچقدر محصولات پوستش خوبه است ، محصولات مو افتضاحه است! من هم شامپو را خریدم ، هم ماسک موی داخل حمام ، هم نرمکننده و هم کرم مو! ولی اصلا خوب نبود. پولم را دور ریختم و گول مارکش را خوردم. گرانترین خرید عمرم بود.,1
1031,به شدت موها را خشک میکند. من موهایم همینطوری خشک هست و این مدل مو بدتر و بیشتر خشکش میکند. دست میکشم را موهایم قیژ قیژ صدا میدهد انقدر که خشک میشود. قبلا کرم موی گلیس را میزدم ، خیلی خوب بود. تصمیم گرفتم یک مدت ایوروشه را امتحان کنم! هرچقدر محصولات پوستش خوبه است ، محصولات مو افتضاحه است! من هم شامپو را خریدم ، هم ماسک موی داخل حمام ، هم نرمکننده و هم کرم مو! ولی اصلا خوب نبود. پولم را دور ریختم و گول مارکش را خوردم. بدترین خرید عمرم بود.,1
1032,به شدت موها را خشک میکند. یعنی موهایم همینطوری خشک هست و این کرم مو بدتر و بیشتر خشکش میکند. دست میکشم را موهایم قیژ قیژ صدا میدهد انقدر که خشک میشود. قبلا کرم موی گلیس را میزدم ، خیلی خوب بود. تصمیم گرفتم یک مدت ایوروشه را امتحان کنم! هرچقدر محصولات پوستش خوبه است ، محصولات مو افتضاحه است! من هم شامپو را خریدم ، هم ماسک موی داخل حمام ، هم نرمکننده و هم کرم مو! ولی اصلا خوب نبود. پولم را دور ریختم و گول مارکش را خوردم. بدترین خرید عمرم بود.,1
1033,به شدت موها را خشک میکند. من موهایم همینطوری خشک هست و این کرم مو بدتر و بیشتر خشکش میکند. دست میکشم را موهایم قیژ قیژ صدا میدهد انقدر که خشک میشود. قبلا کرم موی گلیس را میزدم ، خیلی خوب بود. تصمیم گرفتم یک مدت ایوروشه را امتحان کنم! هرچقدر محصولات پوستش خوبه است ، محصولات مو افتضاحه است! من یک شامپو را خریدم ، هم ماسک موی داخل حمام ، هم نرمکننده و هم کرم مو! ولی اصلا خوب نبود. پولم را دور ریختم و گول مارکش را خوردم. بدترین خرید عمرم بود.,1
1034,به شدت موها را خشک میکند. من موهایم همینطوری خشک هست و این کرم مو بدتر و بیشتر خشکش میکند. دست میکشم را موهایم قیژ قیژ صدا میدهد انقدر که خشک میشود. قبلا کرم موی گلیس را میزدم ، خیلی خوب بود. تصمیم گرفتم یک مدت ایوروشه را امتحان کنم! هرچقدر محصولات پوستش خوبه است ، محصولات مو افتضاحه است! من هم شامپو را میزدم ، هم ماسک موی داخل حمام ، هم نرمکننده و هم کرم مو! ولی اصلا خوب نبود. پولم را دور ریختم و گول مارکش را خوردم. بدترین خرید عمرم بود.,1
1035,به شدت موها را خیس میکند. من موهایم همینطوری خشک هست و این کرم مو بدتر و بیشتر خشکش میکند. دست میکشم را موهایم قیژ قیژ صدا میدهد انقدر که خشک میشود. قبلا کرم موی گلیس را میزدم ، خیلی خوب بود. تصمیم گرفتم یک مدت ایوروشه را امتحان کنم! هرچقدر محصولات پوستش خوبه است ، محصولات مو افتضاحه است! من هم شامپو را خریدم ، هم ماسک موی داخل حمام ، هم نرمکننده و هم کرم مو! ولی اصلا خوب نبود. پولم را دور ریختم و گول مارکش را خوردم. بدترین خرید عمرم بود.,1
1036,به شدت موها را خشک میکند. من دیدم همینطوری خشک هست و این کرم مو بدتر و بیشتر خشکش میکند. دست میکشم را موهایم قیژ قیژ صدا میدهد انقدر که خشک میشود. قبلا کرم موی گلیس را میزدم ، خیلی خوب بود. تصمیم گرفتم یک مدت ایوروشه را امتحان کنم! هرچقدر محصولات پوستش خوبه است ، محصولات مو افتضاحه است! من هم شامپو را خریدم ، هم ماسک موی داخل حمام ، هم نرمکننده و هم کرم مو! ولی اصلا خوب نبود. پولم را دور ریختم و گول مارکش را خوردم. بدترین خرید عمرم بود.,1
1037,به شدت موها را خشک میکند. من موهایم همینطوری خشک هست و این خشکی مو بدتر و بیشتر خشکش میکند. دست میکشم را موهایم قیژ قیژ صدا میدهد انقدر که خشک میشود. قبلا کرم موی گلیس را میزدم ، خیلی خوب بود. تصمیم گرفتم یک مدت ایوروشه را امتحان کنم! هرچقدر محصولات پوستش خوبه است ، محصولات مو افتضاحه است! من هم شامپو را خریدم ، هم ماسک موی داخل حمام ، هم نرمکننده و هم کرم مو! ولی اصلا خوب نبود. پولم را دور ریختم و گول مارکش را خوردم. بدترین خرید عمرم بود.,1
1038,خریدم ولی حتی یکبار هم کار نکردم!,1
1039,، ولی حتی یکبار هم کار نداد!,1
1040,خریدم ولی حتی یکبار هم جواب نداد!,1
1041,رنگش در واقعیت شبیه به عکساش است همین مرسی,1
1042,رنگش در واقعیت بیشباهت به عکساش نبود همین مرسی,1
1043,رنگش توی واقعیت شبیه به عکساش نبود همین مرسی,1
1044,فقط در حدی بود که بشود موهایم را باز کرد وگرنه اصلا نرم و لطیف نکرد موهایم را,1
1045,فقط در حدی بود تا کرک موهایم را باز کرد وگرنه اصلا نرم و لطیف نکرد موهایم را,1
1046,فقط در صورتی بود که کرک موهایم را باز کرد وگرنه اصلا نرم و لطیف نکرد موهایم را,1
1047,فقط در حدی بود که کرک موهایم جا باز کرد وگرنه اصلا نرم و لطیف نکرد موهایم را,1
1048,فقط در حدی بود که میشد موهایم را باز کرد وگرنه اصلا نرم و لطیف نکرد موهایم را,1
1049,بدرد!,1
1050,تکان نمیخورد,1
1051,به نظره من اگر کرمهای بهتری استفاده کنید ارزش خرید ندارد,1
1052,به نظره من از کرمهای بهتری استفاده میکنم ارزش خرید ندارد,1
1053,به نظره من از کرمهای ضدافتاب استفاده کنید ارزش خرید ندارد,1
1054,به نظره اگر از کرمهای بهتری استفاده کنید ارزش خرید ندارد,1
1055,اصلا ان چیزی نبود من فکر میکردم جنسش اصلا خوب نیست,1
1056,این ان چیزی نبود که فکر میکردم جنسش اصلا خوب نیست,1
1057,اصلا این چیزی نبود که فکر میکردم جنسش اصلا خوب نیست,1
1058,اصلا ان چیزی بود که فکر میکردم جنسش اصلا خوب نیست,1
1059,برای فست شارژ همراه با شارژر عدد وات گرفتم. متاسفانه جواب نداد. مجبور شودم کابل دیگری تهیه کنم تا از ان قابلیت استفاده کنم. البته شارژر این مارک خیلی خوبه است. ولی کابلش با اینکه با کیفیت هستش ولی این قابلیت را نداشت,1
1060,برای فست شارژ همراه با شارژر عدد ۱ گرفتم. متاسفانه جواب نداد. مجبور شودم کابل دیگری تهیه کنم تا از این قابلیت استفاده کنم. البته شارژر این مارک خیلی خوبه است. ولی کابلش با اینکه با کیفیت هستش ولی این قابلیت را نداشت,1
1061,برای فست شارژ همراه با شارژر عدد وات گرفتم. متاسفانه جواب نداد. مجبور شودم کابل دیگری تهیه کنم تا از این قابلیت استفاده کنم. البته شارژر این مارک خیلی خوبه است. البته کابلش با اینکه با کیفیت هستش ولی این قابلیت را نداشت,1
1062,برای فست شارژ همراه با شارژر عدد وات گرفتم. متاسفانه جواب نداد. مجبور شودم کابل دیگری تهیه کند تا از این قابلیت استفاده کنم. البته شارژر این مارک خیلی خوبه است. ولی کابلش با اینکه با کیفیت هستش ولی این قابلیت را نداشت,1
1063,برای فست شارژ همراه با شارژر عدد وات گرفتم. متاسفانه جواب نداد. مجبور شودم کابل دیگری تهیه کنم تا از این قابلیت استفاده کنم. البته شارژر این مارک خیلی خوب است. ولی کابلش با اینکه با کیفیت هستش ولی این قابلیت را نداشت,1
1064,برای فست شارژ همراه با شارژر عدد وات گرفتم. متاسفانه جواب نداد. مجبور شودم کابل دیگری تهیه کنم تا از این قابلیت استفاده کنم. البته شارژر این مارک خیلی خوبه است. ولی کابلش با اینکه با کیفیت هستش ولی این قابلیت را.,1
1065,برای فست شارژ همراه با شارژر عدد وات گرفتم. متاسفانه جواب نداد. مجبور شودم کابل دیگری تهیه کنم تا از این قابلیت استفاده کنم. البته شارژر این مارک خیلی خوبه است. ولی کابلش با اینکه با کیفیت هستش ولی این قابلیت را نداره,1
1066,برای فست شارژ همراه این شارژر عدد وات گرفتم. متاسفانه جواب نداد. مجبور شودم کابل دیگری تهیه کنم تا از این قابلیت استفاده کنم. البته شارژر این مارک خیلی خوبه است. ولی کابلش با اینکه با کیفیت هستش ولی این قابلیت را نداشت,1
1067,برای فست شارژ همراه با شارژر عدد وات گرفتم. متاسفانه جواب نداد. مجبور شدم کابل دیگری تهیه کنم تا از این قابلیت استفاده کنم. البته شارژر این مارک خیلی خوبه است. ولی کابلش با اینکه با کیفیت هستش ولی این قابلیت را نداشت,1
1068,برای فست شارژ همراه با یک عدد وات گرفتم. متاسفانه جواب نداد. مجبور شودم کابل دیگری تهیه کنم تا از این قابلیت استفاده کنم. البته شارژر این مارک خیلی خوبه است. ولی کابلش با اینکه با کیفیت هستش ولی این قابلیت را نداشت,1
1069,برای فست شارژ همراه با شارژر ۲۰ وات گرفتم. متاسفانه جواب نداد. مجبور شودم کابل دیگری تهیه کنم تا از این قابلیت استفاده کنم. البته شارژر این مارک خیلی خوبه است. ولی کابلش با اینکه با کیفیت هستش ولی این قابلیت را نداشت,1
1070,مقدارش نسبت به قیمتش خیلی بالاست اصلا پیشنهاد نمیکنم.,1
1071,مقدارش نسبت به قیمتش خیلی زیاد اصلا پیشنهاد نمیکنم.,1
1072,مقدارش بسته به قیمتش خیلی کمه اصلا پیشنهاد نمیکنم.,1
1073,مقدارش نسبت به من خیلی کمه اصلا پیشنهاد نمیکنم.,1
1074,متفرقس و دیتا انتقال نمیشود داد کلا نه خریدش,1
1075,متفرقس و دیتا انتقال نمیشود داد که اشتباه خریدش,1
1076,متفرقس و دیتا انتقال نمیشود و کلا اشتباه خریدش,1
1077,محصول بعده عدد روز استفاده خراب شد و دستگاه من ارور داد که کابل غیر مجازه است,1
1078,محصول بعده عدد روز استفاده خراب شد و به من ارور میداد که کابل غیر مجازه است,1
1079,محصول بعده عدد روز استفاده خراب شد و دستگاه من ارور میداد که کابل غیر فعال است,1
1080,محصول بعده عدد روز استفاده خراب شد و دستگاه من ارور میداد که کابل تو مجازه است,1
1081,و بعده عدد روز استفاده خراب شد و دستگاه من ارور میداد که کابل غیر مجازه است,1
1082,مهمترین نقطهضعف این کاور باز بودن لبه پایینی ان است که در صورت افتادن گوشی قطعا بخش اسپیکرهای پایینی گوشی اسیب میبیند البته صداقت نداشتن فروشنده نقطهضعف بزگتری هست چون در عکسهایی که گذاشتن مثلا قراره است پایید گوشی هم محافظت بشود که اصلا مهم نیست و قسمت پایینی قاب کاملا باز هست,1
1083,مهمترین نقطهضعف این کاور باز بودن لبه پایینی ان است که در صورت افتادن ، قطعا بخش اسپیکرهای پایینی گوشی اسیب میبیند البته صداقت نداشتن فروشنده نقطهضعف بزگتری هست چون در عکسهایی که گذاشتن مثلا قراره است پایید گوشی هم محافظت بشود که اصلا اینطور نیست و قسمت پایینی قاب کاملا باز هست,1
1084,مهمترین نقطهضعف این گوشی باز بودن لبه پایینی ان است که در صورت افتادن گوشی قطعا بخش اسپیکرهای پایینی گوشی اسیب میبیند البته صداقت نداشتن فروشنده نقطهضعف بزگتری هست چون در عکسهایی که گذاشتن مثلا قراره است پایید گوشی هم محافظت بشود که اصلا اینطور نیست و قسمت پایینی قاب کاملا باز هست,1
1085,مهمترین نقطهضعف این کاور باز بودن لبه پایینی ان است که در صورت افتادن ان قطعا بخش اسپیکرهای پایینی گوشی اسیب میبیند البته صداقت نداشتن فروشنده نقطهضعف بزگتری هست چون در عکسهایی که گذاشتن مثلا قراره است پایید گوشی هم محافظت بشود که اصلا اینطور نیست و قسمت پایینی قاب کاملا باز هست,1
1086,مهمترین نقطهضعف این کاور باز بودن لبه پایینی ان است که به صورت افتادن گوشی قطعا بخش اسپیکرهای پایینی گوشی اسیب میبیند البته صداقت نداشتن فروشنده نقطهضعف بزگتری هست چون در عکسهایی که گذاشتن مثلا قراره است پایید گوشی هم محافظت بشود که اصلا اینطور نیست و قسمت پایینی قاب کاملا باز هست,1
1087,تنها نقطهضعف این کاور باز بودن لبه پایینی ان است که در صورت افتادن گوشی قطعا بخش اسپیکرهای پایینی گوشی اسیب میبیند البته صداقت نداشتن فروشنده نقطهضعف بزگتری هست چون در عکسهایی که گذاشتن مثلا قراره است پایید گوشی هم محافظت بشود که اصلا اینطور نیست و قسمت پایینی قاب کاملا باز هست,1
1088,مهمترین نقطهضعف این کاور باز بودن لبه پایینی ان است که در صورت افتادن گوشی قطعا بخش اسپیکرهای پایینی گوشی اسیب میبیند البته صداقت نداشتن فروشنده نقطهضعف بزگتری هست چون در عکسهایی که گذاشتن مثلا قراره است پایید گوشی هم محافظت بشود که اصلا اینطور نیست و قسمت پایینی گوشی کاملا باز هست,1
1089,مهمترین نقطهضعف این کاور باز بودن لبه پایینی ان است که در صورت افتادن گوشی قطعا بخش اسپیکرهای پایینی گوشی اسیب میبیند البته صداقت نداشتن فروشنده نقطهضعف بزگتری هست چون در عکسهایی که میگیرید مثلا قراره است پایید گوشی هم محافظت بشود که اصلا اینطور نیست و قسمت پایینی قاب کاملا باز هست,1
1090,مهمترین نقطهضعف این کاور باز بودن قسمت پایینی ان است که در صورت افتادن گوشی قطعا بخش اسپیکرهای پایینی گوشی اسیب میبیند البته صداقت نداشتن فروشنده نقطهضعف بزگتری هست چون در عکسهایی که گذاشتن مثلا قراره است پایید گوشی هم محافظت بشود که اصلا اینطور نیست و قسمت پایینی قاب کاملا باز هست,1
1091,مهمترین نقطهضعف این کاور باز بودن بخش پایینی ان است که در صورت افتادن گوشی قطعا بخش اسپیکرهای پایینی گوشی اسیب میبیند البته صداقت نداشتن فروشنده نقطهضعف بزگتری هست چون در عکسهایی که گذاشتن مثلا قراره است پایید گوشی هم محافظت بشود که اصلا اینطور نیست و قسمت پایینی قاب کاملا باز هست,1
1092,مهمترین نقطهضعف این کاور باز بودن لبه پایینی ان است که در صورت افتادن گوشی قطعا بخش اسپیکرهای پایینی گوشی اسیب میبیند البته صداقت نداشتن فروشنده نقطهضعف بزگتری هست چون در عکسهایی که گذاشتن مثلا ممکن است پایید گوشی هم محافظت بشود که اصلا اینطور نیست و قسمت پایینی قاب کاملا باز هست,1
1093,مهمترین نقطهضعف این کاور باز بودن لبه پایینی ان است که در اثر افتادن گوشی قطعا بخش اسپیکرهای پایینی گوشی اسیب میبیند البته صداقت نداشتن فروشنده نقطهضعف بزگتری هست چون در عکسهایی که گذاشتن مثلا قراره است پایید گوشی هم محافظت بشود که اصلا اینطور نیست و قسمت پایینی قاب کاملا باز هست,1
1094,اصلا خوب نیست. دو تا گوشه هایش شکست. کنار دکمه هاشم ترک کرد.,1
1095,اصلا خوب نیست. دو تا گوشه هایش شکست. کنار دکمه را ترک ورداشت.,1
1096,اصلا خوب نیست. دو تا گوشه هایش بود. کنار دکمه هاشم ترک ورداشت.,1
1097,اصلا خوب نیست. دو تا گوشه هایش شکست. کنار دکمه دکمه ترک ورداشت.,1
1098,اصلا خوب نبود. دو تا گوشه هایش شکست. کنار دکمه هاشم ترک ورداشت.,1
1099,گوشی داخلش چفت است و کیفیت خود کاور بسیار پایید,1
1100,گوشی داخلش چفت نمیشود و از خود کاور بسیار پایید,1
1101,گوشی داخلش چفت شده و کیفیت خود کاور بسیار پایید,1
1102,گوشی داخلش چفت نمیشود و با خود کاور بسیار پایید,1
1103,بعد یکماه است صبر نمیکند,1
1104,بعد یکماه است کار.,1
1105,بعد یکماه هم کار نمیکند,1
1106,اصلا توصیه!,1
1107,اصلا توصیه.,1
1108,درکل امنیت خوب. گوشی خیلی زود کثیف شد از دیجی خواهش میکنم این محصول را بردارد,1
1109,درکل امنیت خوب. اما خیلی زود کثیف میشود از دیجی خواهش میکنم این محصول را بردارد,1
1110,درکل امنیت خوب. اما خیلی زود تمام شد از دیجی خواهش میکنم این محصول را بردارد,1
1111,درکل امنیت خوب. اما خیلی زود تموم شد از دیجی خواهش میکنم این محصول را بردارد,1
1112,درکل امنیت خوب. اما خیلی زود کثیف شد. دیجی خواهش میکنم این محصول را بردارد,1
1113,اهنربا با اینکه قوی هست ولی نسبت به نمونه معمولی چون فرو نمیرود در هم با کوچکترین تغییر جهت قطع میشود. کابل بسیار بیکیفیت و عدم پشتیبانی از فست شارژ و کیفیت انتقال دیتا فوقالعاده ضعیف.,1
1114,اهنربا با اینکه قوی هست ولی نسبت به نمونه ریمکس چون فرو نمیرود در هم با کوچکترین تغییر ، قطع میشود. کابل بسیار بیکیفیت و عدم پشتیبانی از فست شارژ و کیفیت انتقال دیتا فوقالعاده ضعیف.,1
1115,اهنربا با اینکه قوی است ولی نسبت به نمونه ریمکس چون فرو نمیرود در هم با کوچکترین تغییر جهت قطع میشود. کابل بسیار بیکیفیت و عدم پشتیبانی از فست شارژ و کیفیت انتقال دیتا فوقالعاده ضعیف.,1
1116,اهنربا با اینکه قوی هست ولی نسبت به نمونه ریمکس چون فرو نمیرود در هم با کوچکترین تغییر جهت قطع میشود. کابل بسیار بیکیفیت و عدم پشتیبانی از فست شارژ و کیفیت انتقال دیتا فوقالعاده ضعیف.,1
1117,اهنربا با اینکه قوی هست ولی نسبت به نمونه ریمکس چون فرو نمیرود در هم با کوچکترین تغییر جهت قطع میشود. کابل بسیار بیکیفیت و بدون پشتیبانی از فست شارژ و کیفیت انتقال دیتا فوقالعاده ضعیف.,1
1118,اهنربا با اینکه قوی هست ولی نسبت به کابل ریمکس چون فرو نمیرود در هم با کوچکترین تغییر جهت قطع میشود. کابل بسیار بیکیفیت و عدم پشتیبانی از فست شارژ و کیفیت انتقال دیتا فوقالعاده ضعیف.,1
1119,اهنربا با اینکه قوی هست ولی نسبت به نمونه ریمکس چون فرو نمیرود در هم با کوچکترین تغییر جهت قطع میشود. کابل بسیار ضعیف و عدم پشتیبانی از فست شارژ و کیفیت انتقال دیتا فوقالعاده ضعیف.,1
1120,اهنربا با سیم قوی هست ولی نسبت به نمونه ریمکس چون فرو نمیرود در هم با کوچکترین تغییر جهت قطع میشود. کابل بسیار بیکیفیت و عدم پشتیبانی از فست شارژ و کیفیت انتقال دیتا فوقالعاده ضعیف.,1
1121,اهنربا با اینکه قوی هست ولی نسبت به نمونه ریمکس چون فرو نمیرود در هم با کوچکترین تغییر جهت قطع میشود. کابل شارژ بیکیفیت و عدم پشتیبانی از فست شارژ و کیفیت انتقال دیتا فوقالعاده ضعیف.,1
1122,اصلا کیفیت ندارد.,1
1123,اصلا کیفیت ، اصلاها,1
1124,بعد ازاستفاده به طرز وحشتناکی موهایم شکل گرفت …,1
1125,بعد ازاستفاده به طرز عجیبی موهایم خارش گرفت …,1
1126,بعد ازاستفاده یه طرز وحشتناکی موهایم خارش گرفت …,1
1127,اصلا فکر نمیکنم,1
1128,من پیشنهاد نمیکنم,1
1129,برای یک بار استفاده کار میکند,1
1130,با یک هفته استفاده کار میکند,1
1131,برای دو هفته استفاده کار میکند,1
1132,پس از استفاده موهایم خارش گرفت و کمکم شوره زد. انگار مو را تمیز نمیکند. قیمتش هم بالاست,1
1133,بعد از استفاده موهایم خارش گرفت و کمکم شوره زد. انگار مو را تمیز نمیکند. قیمتش هم.,1
1134,بعد از استفاده موهایم خارش گرفت. کمکم شوره زد. انگار مو را تمیز نمیکند. قیمتش هم بالاست,1
1135,بعد از استفاده موهایم خارش گرفت و کمکم بیرون زد. انگار مو را تمیز نمیکند. قیمتش هم بالاست,1
1136,بعد از استفاده موهایم را گرفت و کمکم شوره زد. انگار مو را تمیز نمیکند. قیمتش هم بالاست,1
1137,بعد موقع استفاده موهایم خارش گرفت و کمکم شوره زد. انگار مو را تمیز نمیکند. قیمتش هم بالاست,1
1138,برای من فقط یک ماه کار کرد و بعد مدام قطع و وصل میشد و بعدشم هیچی!,1
1139,برای من فقط یک ساعت کار کرد و بعد مدام قطع و وصل میشد و بعدشم تمام!,1
1140,برای من فقط یک ماه فرق کرد و بعد مدام قطع و وصل میشد و بعدشم تمام!,1
1141,برای من هم یک ماه کار کرد و بعد مدام قطع و وصل میشد و بعدشم تمام!,1
1142,برای من فقط یک ماه کار کرد و بعد مدام قطع و وصل میشد و بعدشم نه!,1
1143,هم گران بود. هم اصلا پولی نداشت برای سینه.,1
1144,خیلی گران بود. هم اصلا تاثیری نداشت برای سینه.,1
1145,هم گران بود. هم اصلا تاثیری نداشت روی سینه.,1
1146,هم گران بود. هم اصلا هزینهای نداشت برای سینه.,1
1147,کاملا الکی است اصلا زد ریزش نیست فقط حالت نرم کنندگی خوبی به موها میدهد,1
1148,کاملا الکی و اصلا زد ریزش نیست فقط حالت محافظت کنندگی خوبی به موها میدهد,1
1149,کاملا الکی و اصلا زد ریزش نیست و حالت نرم کنندگی خوبی به موها میدهد,1
1150,کاملا زیباست و اصلا زد ریزش نیست فقط حالت نرم کنندگی خوبی به موها میدهد,1
1151,کاملا الکی و اصلا زد ریزش نیست فقط خاصیت نرم کنندگی خوبی به موها میدهد,1
1152,از خریدم راضی نیستم. کبف بسیار کم جاست فقط به اندازه لپتاپ و سیم شارژر وزن داره و به سختی وسایل شخصی و کم,1
1153,از خریدم مطمين نیستم. کبف بسیار کم جاست فقط به اندازه لپتاپ و سیم شارژر جا داره و به سختی وسایل شخصی و کم,1
1154,از خریدم راضی نیستم. کبف بسیار کم جاست فقط به اندازه لپتاپ با سیم شارژر جا داره و به سختی وسایل شخصی و کم,1
1155,از خریدم راضی نیستم. کبف بسیار کم جاست و به اندازه لپتاپ و سیم شارژر جا داره و به سختی وسایل شخصی و کم,1
1156,از خریدم راضی نیستم. کبف خیلی کم جاست فقط به اندازه لپتاپ و سیم شارژر جا داره و به سختی وسایل شخصی و کم,1
1157,از خریدم راضی نیستم. کبف بسیار کم جاست فقط به اندازه لپتاپ و یک شارژر جا داره و به سختی وسایل شخصی و کم,1
1158,از خودم راضی نیستم. کبف بسیار کم جاست فقط به اندازه لپتاپ و سیم شارژر جا داره و به سختی وسایل شخصی و کم,1
1159,من دوتا ازید کابل را گرفتم ، روی دوش بعد از مدتی از مدتی از کار افتادن!,1
1160,من دوتا ازیدم را گرفتم ، هر دوش بعد از مدتی از مدتی از کار افتادن!,1
1161,من دوتا ازید کابل را گرفتم ، هر دوش پس از مدتی از مدتی از کار افتادن!,1
1162,من دوتا ازید کابل را گرفتم ، هر دوش بعد و مدتی از مدتی از کار افتادن!,1
1163,من دوتا ازید کابل را گرفتم ، هر دو بعد از مدتی از مدتی از کار افتادن!,1
1164,در حد پول دور ریختن واقعا غیر قابلاستفاده بعد از چند دقیقه استفاده قسمت usbداغ میشود و ارتباط با شارژر یا کامپیوتر قطع میشود,1
1165,در حد پول دور ریختن واقعا غیر قابلاستفاده بعد از چند دقیقه استفاده قسمت usbداغ شده و ارتباط با شارژر یا کامپیوتر قطع میشود,1
1166,در حد پول دور ریختن واقعا غیر قابلاستفاده بعد هر چند دقیقه استفاده قسمت usbداغ میشود و ارتباط با شارژر یا کامپیوتر قطع میشود,1
1167,در حد پول دور ریختن واقعا غیر قابلاستفاده بعد از چند دقیقه استفاده قسمت usbداغ میشود و ارتباط بین شارژر یا کامپیوتر قطع میشود,1
1168,در حد امکان دور ریختن واقعا غیر قابلاستفاده بعد از چند دقیقه استفاده قسمت usbداغ میشود و ارتباط با شارژر یا کامپیوتر قطع میشود,1
1169,در حد پول دور ریختن واقعا غیر ضروری بعد از چند دقیقه استفاده قسمت usbداغ میشود و ارتباط با شارژر یا کامپیوتر قطع میشود,1
1170,این کرم بیش از اینکه ابرسانی انجام بده فوقالعاده چربه و منبعد از دوبار استفاده تمام پوست صورتم پر از ذرات ریز ریز شد و به شدت هم سنگینه را پوست.,1
1171,این کرم بیش از اینکه ابرسانی انجام بده فوقالعاده چربه و منبعد از دوبار استفاده تمام پوست صورتم پر از جوشای ریز ریز شد و به شدت هم سنگینه روی پوست.,1
1172,این کرم بیش از اینکه ابرسانی بهم بده فوقالعاده چربه و منبعد از دوبار استفاده تمام پوست صورتم پر از جوشای ریز ریز شد و به شدت هم سنگینه را پوست.,1
1173,این کرم بیش از اینکه ابرسانی انجام بده فوقالعاده چربه و منبعد از دوبار استفاده ، پوست صورتم پر از جوشای ریز ریز شد و به شدت هم سنگینه را پوست.,1
1174,این کرم بیش از اینکه ابرسانی انجام بده فوقالعاده چربه و منبعد از مدتی استفاده تمام پوست صورتم پر از جوشای ریز ریز شد و به شدت هم سنگینه را پوست.,1
1175,این کرم بیش از اینکه ابرسانی انجام بده فوقالعاده چربه و منبعد از دوبار استفاده تمام پوست صورتم پر از دانههای ریز ریز شد و به شدت هم سنگینه را پوست.,1
1176,این کرم بیش از اینکه ابرسانی انجام بده ، چربه و منبعد از دوبار استفاده تمام پوست صورتم پر از جوشای ریز ریز شد و به شدت هم سنگینه را پوست.,1
1177,این کرم بیش از اینکه ابرسانی انجام بده فوقالعاده چربه و منبعد از دوبار استفاده تمام پوست صورتم پر از جوشای ریز ریز شد و به شدت این سنگینه را پوست.,1
1178,من با اتکا به نظرات که هیچ مورد منفی نبود توشان ، ریسک کردم این کالا را خریدم با اینکه مشکلی نداشت ، اما متاسفانه عدد روزه از کار افتاد. و عدد تومان فقط ده روز کار کرد. اصلا پیشنهاد نمیکنم خریدش را. حتما کالای با گارانتی بخرید,1
1179,من با اتکا به نظرات که هیچ مورد منفی نبود توشان ، ریسک کردم این کالا را خریدم با اینکه گارانتی داشت ، اما متاسفانه عدد روزه از کار افتاد. و عدد تومان فقط ده روز کار کرد. اصلا پیشنهاد نمیکنم خریدش را. حتما کالای با گارانتی بخرید,1
1180,من با اتکا به نظرات که هیچ مورد منفی نبود توشان ، ریسک کردم و کالا را خریدم با اینکه گارانتی نداشت ، اما متاسفانه عدد روزه از کار افتاد. و عدد تومان فقط ده روز کار کرد. اصلا پیشنهاد نمیکنم خریدش را. حتما کالای با گارانتی بخرید,1
1181,من با اتکا به نظرات که هیچ مورد دیگری نبود توشان ، ریسک کردم این کالا را خریدم با اینکه گارانتی نداشت ، اما متاسفانه عدد روزه از کار افتاد. و عدد تومان فقط ده روز کار کرد. اصلا پیشنهاد نمیکنم خریدش را. حتما کالای با گارانتی بخرید,1
1182,من با اتکا به نظرات که هیچ مورد منفی نبود گفتم ، ریسک کردم این کالا را خریدم با اینکه گارانتی نداشت ، اما متاسفانه عدد روزه از کار افتاد. و عدد تومان فقط ده روز کار کرد. اصلا پیشنهاد نمیکنم خریدش را. حتما کالای با گارانتی بخرید,1
1183,من با اتکا به نظرات که هیچ مورد منفی نبود توشان ، فکر کردم این کالا را خریدم با اینکه گارانتی نداشت ، اما متاسفانه عدد روزه از کار افتاد. و عدد تومان فقط ده روز کار کرد. اصلا پیشنهاد نمیکنم خریدش را. حتما کالای با گارانتی بخرید,1
1184,من با اتکا به نظرات که هیچ مورد منفی نبود توشان ، ریسک کردم این کالا را خریدم با اینکه گارانتی نداشت ، اما متاسفانه ده روزه از کار افتاد. و عدد تومان فقط ده روز کار کرد. اصلا پیشنهاد نمیکنم خریدش را. حتما کالای با گارانتی بخرید,1
1185,من با اتکا به نظرات که هیچ مورد منفی نبود توشان ، ریسک کردم این کالا را خریدم با اینکه گارانتی نداشت ، اما متاسفانه عدد روزه از کار افتاد. و عدد تومان هم ده روز کار کرد. اصلا پیشنهاد نمیکنم خریدش را. حتما کالای با گارانتی بخرید,1
1186,من با اتکا به نظرات که هیچ مورد منفی نبود توشان ، ریسک کردم این کالا را خریدم با اینکه گارانتی نداشت ، اما متاسفانه چند روزه از کار افتاد. و عدد تومان فقط ده روز کار کرد. اصلا پیشنهاد نمیکنم خریدش را. حتما کالای با گارانتی بخرید,1
1187,من با اتکا به نظرات که هیچ مورد منفی نبود توشان ، ریسک کردم این کالا را خریدم با اینکه گارانتی نداشت ، اما متاسفانه عدد روزه از کار کرد. و عدد تومان فقط ده روز کار کرد. اصلا پیشنهاد نمیکنم خریدش را. حتما کالای با گارانتی بخرید,1
1188,من با اتکا به نظرات که هیچ مورد منفی نبود توشان ، ریسک کردم این کالا را خریدم با اینکه گارانتی نداشت ، اما متاسفانه عدد روزه از کار افتاد. و عدد تومان فقط یک روز کار کرد. اصلا پیشنهاد نمیکنم خریدش را. حتما کالای با گارانتی بخرید,1
1189,من با اتکا به نظرات که هیچ مورد منفی نبود توشان ، ریسک کردم این کالا را خریدم با اینکه گارانتی نداشت ، اما متاسفانه عدد روزه از کار افتاد. و عدد روزه فقط ده روز کار کرد. اصلا پیشنهاد نمیکنم خریدش را. حتما کالای با گارانتی بخرید,1
1190,در عکس انگار خیلی فرق داره و سفت و شیک وا میسته اما در واقعیت یک تکه برزنت شل و ول هست,1
1191,در عکس انگار خیلی فرم داره و سفت و شیک وا میسته اما در واقعیت یک تکه برزنت شل و سفت هست,1
1192,در عکس انگار خیلی فرم داره و شیک و شیک وا میسته اما در واقعیت یک تکه برزنت شل و ول هست,1
1193,در عکس انگار خیلی فرم داره و زیبا و شیک وا میسته اما در واقعیت یک تکه برزنت شل و ول هست,1
1194,در عکس هم خیلی فرم داره و سفت و شیک وا میسته اما در واقعیت یک تکه برزنت شل و ول هست,1
1195,در عکس انگار خیلی فرم داره و سفت و شیک وا میسته ولی در واقعیت یک تکه برزنت شل و ول هست,1
1196,برای اتصال به گوشی قسمت aux وجود داره و قطع و وصلی داره,1
1197,برای اتصال به این قسمت aux بدی داره و قطع و وصلی داره,1
1198,برای اتصال به گوشی قسمت aux بدی داره و کم و وصلی داره,1
1199,برای اتصال به گوشی قسمت خیلی بدی داره و قطع و وصلی داره,1
1200,وای نگیرید ا. اولش ادم میگوید تحمل میکنم این را. بعد خود به خود مصموم میشی از بوش حالت به هم میخورد سر گیجه میگیری. بیشتر از دو بار نمیشود استفاده کرد..,1
1201,وای نگیرید ا. اولش ادم میگوید تحمل میکنم بوش را. بعد خود به خود مصموم میشی از بوش حالت به هم میخورد سر گیجه میگیری. بیشتر از دو بار نمیشود تحمل کرد..,1
1202,وای نگیرید ا. اولش ادم میگوید تحمل میکنم بوش را. بعد خود به خود متوجه میشی از بوش حالت به هم میخورد سر گیجه میگیری. بیشتر از دو بار نمیشود استفاده کرد..,1
1203,وای نگیرید بوش. اولش ادم میگوید تحمل میکنم بوش را. بعد خود به خود مصموم میشی از بوش حالت به هم میخورد سر گیجه میگیری. بیشتر از دو بار نمیشود استفاده کرد..,1
1204,وای نگیرید ا. اولش ادم میگوید تحمل میکنم بوش را. بعد خود تو خود مصموم میشی از بوش حالت به هم میخورد سر گیجه میگیری. بیشتر از دو بار نمیشود استفاده کرد..,1
1205,وای نگیرید ا. اولش ادم میگوید تحمل میکنم بوش را. بعد خود به خود مصموم میشی از بوش حالت به هم میخورد سر گیجه میگیری. بیشتر از دو بار نمیشود استفاده کرد.,1
1206,وای نگیرید ا. این ادم میگوید تحمل میکنم بوش را. بعد خود به خود مصموم میشی از بوش حالت به هم میخورد سر گیجه میگیری. بیشتر از دو بار نمیشود استفاده کرد..,1
1207,وای نگیرید ا. اولش ادم میگوید تحمل میکنم بوش را. بعد خود به خود مصموم میشی از بوش حالت به هم میخورد سر گیجه میگیری. بیشتر از دو بار نمیشود استفاده کرد :,1
1208,وای نگیرید ا. اولش ادم میگوید تحمل میکنم بوش را. بعد خود به خود خسته میشی از بوش حالت به هم میخورد سر گیجه میگیری. بیشتر از دو بار نمیشود استفاده کرد..,1
1209,از نظر کیفی اصلا اونی نیست که در عکسها گذاشته ، مهمتر اینکه چیپست نمایش پیغامها اصلا ندارد بلکه یک صفحه ساده هست که برای پاسخ به تلفن و دیدن پیامها مجبور به باز کردن قاب روی صفحه هستید ، اصلا هم ساعت و پیام و اب و هوا را نمایش نمیدهد فکر نمیکنم بیشتر از عدد تا عدد ماه هم محل اتصال قاب بالیی با قاب پشتی دوام بیاورد. البته هر چه بیشتر پول بدهی خوب جنس بهتر میخری.,1
1210,از نظر کیفی اصلا اونی نیست که در عکسها گذاشته ، مهمتر اینکه چیپست نمایش پیغامها اصلا ندارد بلکه یک صفحه ساده هست که برای پاسخ به تلفن و دیدن پیامها مجبور به باز کردن قاب روی صفحه هستید ، اصلا هم ساعت و پیام و اب و هوا را نمایش نمیدهد فکر نمیکنم بیشتر از عدد تا عدد ماه هم محل اتصال قاب بالیی با قاب پشتی دوام بیاره. البته هر چه بیشتر هزینه بدهی خوب جنس بهتر میخری.,1
1211,از نظر کیفی اصلا اونی نیست که در عکسها گذاشته ، مهمتر اینکه چیپست نمایش پیغامها اصلا ندارد بلکه یک صفحه ساده هست که برای پاسخ به تلفن و دیدن پیامها مجبور به باز کردن ان روی صفحه هستید ، اصلا هم ساعت و پیام و اب و هوا را نمایش نمیدهد فکر نمیکنم بیشتر از عدد تا عدد ماه هم محل اتصال قاب بالیی با قاب پشتی دوام بیاره. البته هر چه بیشتر پول بدهی خوب جنس بهتر میخری.,1
1212,از نظر کیفی این اونی نیست که در عکسها گذاشته ، مهمتر اینکه چیپست نمایش پیغامها اصلا ندارد بلکه یک صفحه ساده هست که برای پاسخ به تلفن و دیدن پیامها مجبور به باز کردن قاب روی صفحه هستید ، اصلا هم ساعت و پیام و اب و هوا را نمایش نمیدهد فکر نمیکنم بیشتر از عدد تا عدد ماه هم محل اتصال قاب بالیی با قاب پشتی دوام بیاره. البته هر چه بیشتر پول بدهی خوب جنس بهتر میخری.,1
1213,از نظر کیفی اصلا اونی نیست که در عکسها گذاشته ، مهمتر اینکه چیپست نمایش پیغامها اصلا ندارد بلکه یک صفحه ساده هست که برای پاسخ به تلفن و دیدن پیامها مجبور به باز کردن قاب روی صفحه هستید ، اصلا هم ساعت و پیام و اب و هوا را نمایش نمیدهد فکر نمیکنم بیشتر از عدد تا عدد ماه هم محل اتصال قاب بالیی با قاب پشتی دوام بیاره. البته هر چه بیشتر پول بدهی خوب جنس بهتر میخری.,1
1214,از نظر کیفی اصلا اونی نیست که در عکسها گذاشته ، مهمتر اینکه چیپست نمایش پیغامها اصلا ندارد بلکه یک صفحه ساده هست که برای پاسخ به تلفن و دیدن پیامها مجبور به باز کردن قاب روی صفحه هستید ، اصلا هم ساعت و پیام و اب و هوا را نمایش نمیدهد گمان نمیکنم بیشتر از عدد تا عدد ماه هم محل اتصال قاب بالیی با قاب پشتی دوام بیاره. البته هر چه بیشتر پول بدهی خوب جنس بهتر میخری.,1
1215,از نظر کیفی اصلا اونی نیست که در عکسها گذاشته ، مهمتر اینکه چیپست نمایش پیغامها اصلا ندارد بلکه یک صفحه ساده هست که برای پاسخ به تلفن و دیدن پیامها مجبور به باز کردن قاب روی صفحه هستید ، اصلا هم ساعت و پیام و اب و هوا را نمایش نمیدهد فکر نمیکنم بیشتر از عدد یک عدد ماه هم محل اتصال قاب بالیی با قاب پشتی دوام بیاره. البته هر چه بیشتر پول بدهی خوب جنس بهتر میخری.,1
1216,از نظر کیفی ان اونی نیست که در عکسها گذاشته ، مهمتر اینکه چیپست نمایش پیغامها اصلا ندارد بلکه یک صفحه ساده هست که برای پاسخ به تلفن و دیدن پیامها مجبور به باز کردن قاب روی صفحه هستید ، اصلا هم ساعت و پیام و اب و هوا را نمایش نمیدهد فکر نمیکنم بیشتر از عدد تا عدد ماه هم محل اتصال قاب بالیی با قاب پشتی دوام بیاره. البته هر چه بیشتر پول بدهی خوب جنس بهتر میخری.,1
1217,از نظر کیفی اصلا اونی نیست که در عکسها گذاشته ، مهمتر اینکه چیپست نمایش پیغامها اصلا ندارد بلکه یک صفحه ساده هست که برای پاسخ به تلفن و دیدن پیامها مجبور به باز کردن قاب روی صفحه هستید ، اصلا هم ساعت و پیام و اب و هوا را نمایش نمیدهد فکر نمیکنم بیشتر از عدد تا عدد ماه هم محل اتصال قاب بالیی با قاب پشتی دوام بیاره. البته هر چه بیشتر پول بیشتر خوب جنس بهتر میخری.,1
1218,از نظر کیفی اصلا اونی نیست که در عکسها گذاشته ، مهمتر اینکه چیپست نمایش پیغامها اصلا ندارد بلکه یک صفحه ساده هست که برای پاسخ به تلفن و دیدن پیامها مجبور به باز کردن قاب روی صفحه هستید ، اصلا هم ساعت و پیام و اب و هوا را نمایش نمیدهد فکر نمیکنم بیشتر از عدد تا عدد ماه هم محل اتصال قاب بالیی با قاب پشتی دوام بیاره. البته هرچقدر چه بیشتر پول بدهی خوب جنس بهتر میخری.,1
1219,از نظر کیفی اصلا اونی نیست که در عکسها ببینید ، مهمتر اینکه چیپست نمایش پیغامها اصلا ندارد بلکه یک صفحه ساده هست که برای پاسخ به تلفن و دیدن پیامها مجبور به باز کردن قاب روی صفحه هستید ، اصلا هم ساعت و پیام و اب و هوا را نمایش نمیدهد فکر نمیکنم بیشتر از عدد تا عدد ماه هم محل اتصال قاب بالیی با قاب پشتی دوام بیاره. البته هر چه بیشتر پول بدهی خوب جنس بهتر میخری.,1
1220,از نظر کیفی اصلا اونی نیست که در عکسها گذاشته ، مهمتر اینکه چیپست نمایش پیغامها اصلا ندارد بلکه یک صفحه ساده هست که برای پاسخ به پیامها و دیدن پیامها مجبور به باز کردن قاب روی صفحه هستید ، اصلا هم ساعت و پیام و اب و هوا را نمایش نمیدهد فکر نمیکنم بیشتر از عدد تا عدد ماه هم محل اتصال قاب بالیی با قاب پشتی دوام بیاره. البته هر چه بیشتر پول بدهی خوب جنس بهتر میخری.,1
1221,به نظر کیفی اصلا اونی نیست که در عکسها گذاشته ، مهمتر اینکه چیپست نمایش پیغامها اصلا ندارد بلکه یک صفحه ساده هست که برای پاسخ به تلفن و دیدن پیامها مجبور به باز کردن قاب روی صفحه هستید ، اصلا هم ساعت و پیام و اب و هوا را نمایش نمیدهد فکر نمیکنم بیشتر از عدد تا عدد ماه هم محل اتصال قاب بالیی با قاب پشتی دوام بیاره. البته هر چه بیشتر پول بدهی خوب جنس بهتر میخری.,1
1222,از نظر کیفی اصلا اونی نیست که در عکسها گذاشته ، مهمتر اینکه چیپست نمایش پیغامها اصلا ندارد بلکه یک صفحه ساده هست که برای پاسخ به تلفن و دیدن پیامها مجبور به باز کردن قاب روی صفحه هستید ، اصلا هم ساعت و شب و اب و هوا را نمایش نمیدهد فکر نمیکنم بیشتر از عدد تا عدد ماه هم محل اتصال قاب بالیی با قاب پشتی دوام بیاره. البته هر چه بیشتر پول بدهی خوب جنس بهتر میخری.,1
1223,از نظر کیفی اصلا اونی نیست که در عکسها گذاشته ، مهمتر اینکه چیپست نمایش پیغامها اصلا ندارد بلکه یک قاب ساده هست که برای پاسخ به تلفن و دیدن پیامها مجبور به باز کردن قاب روی صفحه هستید ، اصلا هم ساعت و پیام و اب و هوا را نمایش نمیدهد فکر نمیکنم بیشتر از عدد تا عدد ماه هم محل اتصال قاب بالیی با قاب پشتی دوام بیاره. البته هر چه بیشتر پول بدهی خوب جنس بهتر میخری.,1
1224,از نظر کیفی اصلا اونی نیست که در عکسها گذاشته ، مهمتر اینکه چیپست نمایش پیغامها اصلا ندارد بلکه یک صفحه ساده هست که برای پاسخ به تلفن و دیدن پیامها مجبور به باز کردن قاب روی صفحه هستید ، اصلا هم ساعت و پیام و حال و هوا را نمایش نمیدهد فکر نمیکنم بیشتر از عدد تا عدد ماه هم محل اتصال قاب بالیی با قاب پشتی دوام بیاره. البته هر چه بیشتر پول بدهی خوب جنس بهتر میخری.,1
1225,از نظر کیفی اصلا اونی نیست که در عکسها گذاشته ، مهمتر اینکه چیپست نمایش پیغامها اصلا ندارد بلکه یک صفحه ساده هست که برای پاسخ به تلفن و دیدن پیامها مجبور به باز کردن قاب روی صفحه هستید ، اصلا هم ساعت و پیام و اب و هوا را نمایش نمیدهد فکر نمیکنم بیشتر از عدد تا عدد ماه هم محل اتصال قاب بالیی با قاب پشتی دوام اورد. البته هر چه بیشتر پول بدهی خوب جنس بهتر میخری.,1
1226,از نظر کیفی اصلا اونی نیست که در عکسها گذاشته ، مهمتر اینکه چیپست نمایش پیغامها اصلا ندارد بلکه یک صفحه ساده هست که برای پاسخ به تلفن و دیدن پیامها مجبور به باز کردن قاب روی صفحه هستید ، اصلا هم ساعت و پیام و اب و هوا را نمایش نمیدهد فکر نمیکنم بیشتر از عدد تا عدد ماه هم محل اتصال قاب بالیی با قاب خیلی دوام بیاره. البته هر چه بیشتر پول بدهی خوب جنس بهتر میخری.,1
1227,روی قاب به بزرگی مارک huawei است و با تصویر متفاوته اما خیلی محکم هست,1
1228,روی قاب به بزرگی مارک huawei نوشتهشده که با تصویر متفاوته اما خیلی محکم هست,1
1229,روی قاب به بزرگی مارک huawei نوشتهشده و شکل تصویر متفاوته اما خیلی محکم هست,1
1230,روی قاب ، بزرگی مارک huawei نوشتهشده و با تصویر متفاوته اما خیلی محکم هست,1
1231,روی قاب به بزرگی مارک huawei نوشتهشده و با تصویر متفاوته اما قاب محکم هست,1
1232,چند ماه استفاده کردن هیچ تاثیری نداشت,1
1233,چند بار استفاده کردم هیچ تاثیری نداشت,1
1234,چند ماه استفاده کردم هیچ تاثیری.,1
1235,بعد از سه شب مصرفش بشدت دچار حساسیت و ورم کردگی و قرمزی و سوزش کنار چشمم شودم و بعد از تماس با شرکت هم فقط گفتن که شما حساسیت داشتید و من حتی برای درمانش هم هیچ راه حلی پیشنهاد نکردن و ده روز طول کشید تا با مصرف بتامتازون چشمی خوب شودم.,1
1236,بعد از سه شب مصرفش بشدت دچار حساسیت و ورم کردگی و قرمزی و سوزش کنار چشمم شودم و بعد از تماس با شرکت هم فقط گفتن که شما حساسیت داشتید و همین حتی برای درمانش هم هیچ راه حلی پیشنهاد نکردن و ده روز طول کشید تا با مصرف بتامتازون حالم خوب شودم.,1
1237,بعد از سه شب مصرفش بشدت دچار حساسیت و ورم کردگی و قرمزی و سوزش کنار چشمم شدم و بعد از تماس با شرکت هم فقط گفتن که شما حساسیت داشتید و همین حتی برای درمانش هم هیچ راه حلی پیشنهاد نکردن و ده روز طول کشید تا با مصرف بتامتازون چشمی خوب شودم.,1
1238,بعد از سه شب مصرفش بشدت دچار حساسیت و ورم کردگی و قرمزی و سوزش کنار چشمم شودم و بعد از تماس با شرکت هم فقط گفتن که شما حساسیت داشتید و همین حتی برای درمانش هم هیچ راهکار حلی پیشنهاد نکردن و ده روز طول کشید تا با مصرف بتامتازون چشمی خوب شودم.,1
1239,بعد از سه شب مصرفش بشدت دچار حساسیت و ورم کردگی و قرمزی و سوزش کنار چشمم شودم و بعد از تماس با شرکت هم فقط گفتن که شما حساسیت داشتید و همین حتی برای درمانش هم هیچ راه حلی پیدا نکردن و ده روز طول کشید تا با مصرف بتامتازون چشمی خوب شودم.,1
1240,بعد از سه شب مصرفش بشدت دچار حساسیت و ورم کردگی و قرمزی و سوزش کنار چشمم شودم و بعد از تماس با شرکت هم فقط گفتم که شما حساسیت داشتید و همین حتی برای درمانش هم هیچ راه حلی پیشنهاد نکردن و ده روز طول کشید تا با مصرف بتامتازون چشمی خوب شودم.,1
1241,بعد از سه شب مصرفش بشدت دچار حساسیت و ورم کردگی و قرمزی و سوزش کنار چشمم شودم و بعد از تماس به شرکت هم فقط گفتن که شما حساسیت داشتید و همین حتی برای درمانش هم هیچ راه حلی پیشنهاد نکردن و ده روز طول کشید تا با مصرف بتامتازون چشمی خوب شودم.,1
1242,بعد از سه شب مصرفش بشدت دچار حساسیت و ورم کردگی و قرمزی و سوزش کنار چشمم شد و بعد از تماس با شرکت هم فقط گفتن که شما حساسیت داشتید و همین حتی برای درمانش هم هیچ راه حلی پیشنهاد نکردن و ده روز طول کشید تا با مصرف بتامتازون چشمی خوب شودم.,1
1243,بعد از سه شب مصرفش بشدت دچار حساسیت و ورم کردگی و قرمزی و سوزش کنار چشمم شودم و بعد از تماس با شرکت هم فقط گفتن که چقدر حساسیت داشتید و همین حتی برای درمانش هم هیچ راه حلی پیشنهاد نکردن و ده روز طول کشید تا با مصرف بتامتازون چشمی خوب شودم.,1
1244,بعد از سه شب مصرفش بشدت باعث حساسیت و ورم کردگی و قرمزی و سوزش کنار چشمم شودم و بعد از تماس با شرکت هم فقط گفتن که شما حساسیت داشتید و همین حتی برای درمانش هم هیچ راه حلی پیشنهاد نکردن و ده روز طول کشید تا با مصرف بتامتازون چشمی خوب شودم.,1
1245,بعد از یک شب مصرفش بشدت دچار حساسیت و ورم کردگی و قرمزی و سوزش کنار چشمم شودم و بعد از تماس با شرکت هم فقط گفتن که شما حساسیت داشتید و همین حتی برای درمانش هم هیچ راه حلی پیشنهاد نکردن و ده روز طول کشید تا با مصرف بتامتازون چشمی خوب شودم.,1
1246,بعد از سه شب مصرفش بشدت دچار حساسیت و ورم کردگی و قرمزی و سوزش کنار چشمم شودم و بعد از تماس با شرکت هم فقط گفتن که شما حساسیت داشتید و همین حتی برای شما هم هیچ راه حلی پیشنهاد نکردن و ده روز طول کشید تا با مصرف بتامتازون چشمی خوب شودم.,1
1247,بعد از سه شب مصرفش بشدت دچار حساسیت و ورم کردگی و قرمزی و سوزش کنار چشمم شودم و بعد از تماس با شرکت هم فقط گفتن که شما حساسیت داشتید و همین حتی برای درمانش هم هیچ راه حلی پیشنهاد نکردن و ده روز زمان کشید تا با مصرف بتامتازون چشمی خوب شودم.,1
1248,رنگش خوب است ولی اصلا کیفیت و ماندگاری ندارد,1
1249,رنگش قشنگه است ولی اصلا کیفیت و زیبایی ندارد,1
1250,رنگش قشنگه است و اصلا کیفیت و ماندگاری ندارد,1
1251,اصلا خوب شارژ نمیکند عدد ساعت عدد.,1
1252,اصلا خوب شارژ نمیکند ، ساعت عدد درصد,1
1253,اصلا خوب شارژ نمیکند. ساعت عدد درصد,1
1254,بعد از خدود عدد ماه روکش سیم پاره شد.,1
1255,بعد از خدود عدد ، روکش سیم پاره شد!!,1
1256,بعد از یک عدد ماه روکش سیم پاره شد!!,1
1257,بعد از خدود عدد ماه روکش سیم پاره شد!,1
1258,کیفیت خیلی پایینه است داره به طوری که کنارههای بیرونی گوشی زايده دارد که با دست کاملا قابل لمسه است میباشد و چهار گوشه ان از گوشی بزرگتر میباشد,1
1259,کیفیت خیلی پایینه است داره به طوری که کنارههای بیرونی ان زايده دارد که با دست کاملا قابل لمسه است میباشد و دو گوشه ان از گوشی بزرگتر میباشد,1
1260,کیفیت خیلی پایینه خوبی داره به طوری که کنارههای بیرونی ان زايده دارد که با دست کاملا قابل لمسه است میباشد و چهار گوشه ان از گوشی بزرگتر میباشد,1
1261,کیفیت خیلی پایینه است داره به طوری که کنارههای بیرونی ان زايده دارد که با دست کاملا قابل لمسه است ، و چهار گوشه ان از گوشی بزرگتر میباشد,1
1262,کیفیت خیلی پایینه است داره به طوری که قسمت بیرونی ان زايده دارد که با دست کاملا قابل لمسه است میباشد و چهار گوشه ان از گوشی بزرگتر میباشد,1
1263,کیفیت خیلی پایینه است داره به طوری که کنارههای بیرونی ان زايده دارد که با دست کاملا قابل لمسه است میباشد و یک گوشه ان از گوشی بزرگتر میباشد,1
1264,کیفیت خیلی پایینه بالایی داره به طوری که کنارههای بیرونی ان زايده دارد که با دست کاملا قابل لمسه است میباشد و چهار گوشه ان از گوشی بزرگتر میباشد,1
1265,راجع به توضیحاتی که گذاشتید عدد ٪ هم راضی نیستم کراتینه است یعنی لخت کند,1
1266,نسبت به توضیحاتی که گذاشتید عدد خیلی راضی نیستم کراتینه است یعنی لخت کند,1
1267,نسبت به توضیحاتی که گذاشتید عدد من راضی نیستم کراتینه است یعنی لخت کند,1
1268,نسبت به توضیحاتی که دادم عدد ٪ هم راضی نیستم کراتینه است یعنی لخت کند,1
1269,بعد از مدتی از کار باز میشود,1
1270,بعد هم مدتی از هم باز میشود,1
1271,پس از مدتی از هم باز میشود,1
1272,او هیچکاری نمیکند,1
1273,هیچکس هیچکاری نمیکند,1
1274,خیلی سفته تا حدی که به سختی از جاش درمیاد هرگز پیشنهاد نمیکنم فقط به خاطر ظاهرش سفارش دادم ولی بیکیفیت بودنش موجب شد که من از این کالا منصرف بشم.,1
1275,خیلی سفته تا حدی که کار سختی از جاش درمیاد هرگز پیشنهاد نمیکنم من به خاطر ظاهرش سفارش دادم ولی بیکیفیت بودنش موجب شد که من از این کالا منصرف بشم.,1
1276,خیلی سفته تا حدی هم به سختی از جاش درمیاد هرگز پیشنهاد نمیکنم من به خاطر ظاهرش سفارش دادم ولی بیکیفیت بودنش موجب شد که من از این کالا منصرف بشم.,1
1277,خیلی سفته تا حدی که به سختی سر جاش درمیاد هرگز پیشنهاد نمیکنم من به خاطر ظاهرش سفارش دادم ولی بیکیفیت بودنش موجب شد که من از این کالا منصرف بشم.,1
1278,من سفته تا حدی که به سختی از جاش درمیاد هرگز پیشنهاد نمیکنم من به خاطر ظاهرش سفارش دادم ولی بیکیفیت بودنش موجب شد که من از این کالا منصرف بشم.,1
1279,خیلی سفته تا حدی که به سختی از جاش درمیاد هرگز پیشنهاد نمیکنم. به خاطر ظاهرش سفارش دادم ولی بیکیفیت بودنش موجب شد که من از این کالا منصرف بشم.,1
1280,خیلی سفته تا حدی که به سختی از جاش درمیاد هرگز پیشنهاد نمیکنم من به خاطر ظاهرش سفارش بدم ولی بیکیفیت بودنش موجب شد که من از این کالا منصرف بشم.,1
1281,خیلی سفته تا حدی که به سختی از جاش درمیاد هرگز پیشنهاد نمیکنم من به خاطر ظاهرش سفارش دادم ولی بیکیفیت بودنش موجب شد که من از این کالا منصرف شوم.,1
1282,حیف پولی که عوض کردم کیف دادم.,1
1283,حیف پولی در عوض این کیف دادم.,1
1284,اولین پولی که عوض این کیف دادم.,1
1285,متاسفانه اصلا کیفیت ندارد و همچنین کالای ارسالی با عکس سایت متفاوت.,1
1286,متاسفانه اصلا کیفیت ندارد و همچنین کالای ارسالی با عکس قبلی متفاوت بود,1
1287,متاسفانه اصلا کیفیت ندارد و همچنین کالای ارسالی با عکس سایت متفاوت!,1
1288,متاسفانه اصلا کیفیت ندارد. همچنین کالای ارسالی با عکس سایت متفاوت بود,1
1289,نه خیلی بد,1
1290,- خیلی بد,1
1291,رنگ موهای من که کاملا فر هست مناسب نیست. و اثرش کم بود. فکر میکنم برای موهای صاف بهتر باشد. اورال زرد با ور قهوهای بمراتب از این برای من بهتر بود.,1
1292,برای موهای من که کاملا فر هست مناسب نیست. و اثرش کم بود. فکر میکنم برای موهای صاف بهتر باشد. اورال زرد با ور قهوهای بمراتب از این برای من بهتر بود.,1
1293,برای موهای من که در فر هست مناسب نیست. و اثرش کم بود. فکر میکنم برای موهای صاف بهتر باشد. اورال زرد با ور قهوهای بمراتب از این برای من بهتر بود.,1
1294,برای موهای من که کاملا صاف هست مناسب نیست. و اثرش کم بود. فکر میکنم برای موهای صاف بهتر باشد. اورال زرد با ور قهوهای بمراتب از این برای من بهتر بود.,1
1295,برای موی من که کاملا فر هست مناسب نیست. و اثرش کم بود. فکر میکنم برای موهای صاف بهتر باشد. اورال زرد با ور قهوهای بمراتب از این برای من بهتر بود.,1
1296,برای موهای من چون کاملا فر هست مناسب نیست. و اثرش کم بود. فکر میکنم برای موهای صاف بهتر باشد. اورال زرد با ور قهوهای بمراتب از این برای من بهتر بود.,1
1297,برای موهای من که کاملا فر هست خوب نیست. و اثرش کم بود. فکر میکنم برای موهای صاف بهتر باشد. اورال زرد با ور قهوهای بمراتب از این برای من بهتر بود.,1
1298,برای موهای من که کاملا فر هست مناسب نیست. و اثرش کم بود. فکر میکنم برای موهای صاف مناسب باشد. اورال زرد با ور قهوهای بمراتب از این برای من بهتر بود.,1
1299,برای موهای من که خیلی فر هست مناسب نیست. و اثرش کم بود. فکر میکنم برای موهای صاف بهتر باشد. اورال زرد با ور قهوهای بمراتب از این برای من بهتر بود.,1
1300,خیلی ارام شارژ میکند,1
1301,بسیار سریع شارژ میکند,1
1302,کابل به هیچ نحو قابلاستفاده نمیباشد و نشت نمیکند.,1
1303,کابل به هیچ عنوان قابلاستفاده نمیباشد و کار نمیکند.,1
1304,کابل به هیچ وجه قابلاستفاده نمیباشد و کار نمیکند.,1
1305,کابل در هیچ نحو قابلاستفاده نمیباشد و کار نمیکند.,1
1306,اصلا بدرد نمیخورد و مفتش گرونه و با عکس هم خیلی متفاوته و انقدر نازکه که اگر قاب روی گوشی نندازید بهتره است,1
1307,اصلا بدرد نمیخورد و مفتش گرونه است با عکس هم خیلی متفاوته و انقدر نازکه که اگه قاب روی گوشی نندازید بهتره است,1
1308,اصلا بدرد نمیخورد و مفتش بهتر است با عکس هم خیلی متفاوته و انقدر نازکه که اگر قاب روی گوشی نندازید بهتره است,1
1309,اصلا بدرد نمیخورد و مفتش گرونه است با عکس هم خیلی متفاوته و انقدر نازکه که اگر قاب روی گوشی نندازید گرون است,1
1310,اصلا بدرد نمیخورد و مفتش گرونه است با عکس هم خیلی متفاوته و انقدر نازکه که اگر قاب روی گوشی نباشد بهتره است,1
1311,اصلا بدرد نمیخورد ، مفتش گرونه است با عکس هم خیلی متفاوته و انقدر نازکه که اگر قاب روی گوشی نندازید بهتره است,1
1312,اصلا حجم.,1
1313,اصلا جواب نمیده,1
1314,قاب سه تیکس و اصلا مثل ان تصویر قاب قرمز که شبیه بهj عدد عدد هست نیست,1
1315,قاب سه تیکس و اصلا مثل ان تصویر قاب قرمز که نزدیک بهj عدد عدد هست نیست,1
1316,این سه تیکس و اصلا مثل ان تصویر قاب قرمز که مربوط بهj عدد عدد هست نیست,1
1317,قاب سه تیکس و اصلا مثل ان تصویر قاب قرمز که مربوط بهj عدد عدد است نیست,1
1318,قاب سه تیکس و اصلا مثل ان تصویر قاب قرمز که مربوط بهj سه عدد هست نیست,1
1319,بسیار رقیق است بیکیفیت,1
1320,بسیار بیکیفیت و بیکیفیت,1
1321,- سلام,1
1322,با :,1
1323,من امروز به دستم رسید ولی اصلا نه پلمپ داشت نه پلمپی ، داخل یک نایلون با چسب بسته بودن ، ازکجا معلومه است شامپوش عوض نکرده باشید چرامحصولاتتون پلمپ ندارد ؟,1
1324,من امروز به دستم رسید ولی اصلا یک جعبهای داشت نه پلمپی ، داخل یک نایلون با چسب بسته بودن ، ازکجا معلومه است شامپوش عوض نکرده باشید چرامحصولاتتون پلمپ ندارد ؟,1
1325,من امروز به دستم رسید ولی اصلا نه جعبهای داشت نه پلمپی ، داخل یک نایلون با چسب بسته بودن ، ازکجا معلومه است ؟ عوض نکرده باشید چرامحصولاتتون پلمپ ندارد ؟,1
1326,من امروز به دستم رسید ولی اصلا نه جعبهای داشت نه پلمپی ، داخل یک نایلون با چسب بسته بودن ، ازکجا معلومه که شامپوش عوض نکرده باشید چرامحصولاتتون پلمپ ندارد ؟,1
1327,من امروز به دستم رسید ولی اصلا نه جعبهای داشت نه پلمپی ، داخل یک جعبه با چسب بسته بودن ، ازکجا معلومه است شامپوش عوض نکرده باشید چرامحصولاتتون پلمپ ندارد ؟,1
1328,من هم به دستم رسید ولی اصلا نه جعبهای داشت نه پلمپی ، داخل یک نایلون با چسب بسته بودن ، ازکجا معلومه است شامپوش عوض نکرده باشید چرامحصولاتتون پلمپ ندارد ؟,1
1329,من امروز به دستم رسید ولی اصلا نه جعبهای داشت نه پلمپی ، داخل یک نایلون با چسب بسته بودن ، ازکجا معلومه است شامپوش عوض شده چرامحصولاتتون پلمپ ندارد ؟,1
1330,من امروز به دستم رسید ولی اصلا نه جعبهای و نه پلمپی ، داخل یک نایلون با چسب بسته بودن ، ازکجا معلومه است شامپوش عوض نکرده باشید چرامحصولاتتون پلمپ ندارد ؟,1
1331,پیشنهاد نمیشود. دور محافظ بر سر داره و دست را اذیت میکند,1
1332,پیشنهاد نمیشود. دور و بر امدگی داره و دست را اذیت میکند,1
1333,پیشنهاد نمیشود. دور محافظ بر امدگی داره و شما را اذیت میکند,1
1334,پیشنهاد نمیشود. یه محافظ بر امدگی داره و دست را اذیت میکند,1
1335,فقط دو روز کار کرد …. متاسفانه ارزش عودت.,1
1336,فقط یک روز کار کرد …. متاسفانه ارزش عودت ندارد,1
1337,فقط چند روز کار کرد …. متاسفانه ارزش عودت ندارد,1
1338,فقط دو روز صبر کرد …. متاسفانه ارزش عودت ندارد,1
1339,من این گوشی را خریدم به توصیه نظرات شوره میارد و به صرفه نیست برای بزرگسالان,1
1340,من این شامپو را خریدم به توصیه نظرات شوره است و به صرفه نیست برای بزرگسالان,1
1341,من این شامپو را خریدم به توصیه نظرات شوره میارد و به صرفه نیست! بزرگسالان,1
1342,من این شامپو را خریدم به خاطر نظرات شوره میارد و به صرفه نیست برای بزرگسالان,1
1343,من این محصول را خریدم به توصیه نظرات شوره میارد و به صرفه نیست برای بزرگسالان,1
1344,من این را استفاده کردم این سری جای سیگنال ارزش نداشت جالب نبود.,1
1345,وقتی این را استفاده کردم یک سری جای سیگنال ارزش نداشت جالب نبود.,1
1346,من این روش استفاده کردم یک سری جای سیگنال ارزش نداشت جالب نبود.,1
1347,من این را استفاده کردم یک سری جای سیگنال ارزش نداشت و نبود.,1
1348,فکر نمیکردم انقدر جدی باشد,1
1349,فکر نمیکردم انقدر بیکیفیت.,1
1350,فکر نمیکردم انقدر بیکیفیت!,1
1351,قسمت اتصال گوشی موبایل کج است.,1
1352,قسمت اتصال به دیوار کج است.,1
1353,مسیر اتصال به موبایل کج است.,1
1354,این محصول اصلا ان چیزی که ازش انتظار داشتم را برای من میسر نکرد,1
1355,این محصول اصلا ان کیفیتی که من انتظار داشتم را برای من میسر نکرد,1
1356,این محصول اصلا ان کیفیتی که ازش انتظار داشتم را برای من میسر نکرد,1
1357,این محصول اصلا ان کیفیتی که ازش انتظار داشتم را به من میسر نکرد,1
1358,من خریدم جنسش خوب نیست بعدی مدتم فست شارژش از دستم میفته اصلا ارزش خرید ندارد نخرید.,1
1359,من خریدم جنسش خوب است بعدی مدتم فست شارژش از کار میفته اصلا ارزش خرید ندارد نخرید.,1
1360,من خریدم جنسش خوب نیست بعدی مدتم فست شارژش از کار میفته اصلا ارزش خرید دارم نخرید.,1
1361,من میگویم جنسش خوب نیست بعدی مدتم فست شارژش از کار میفته اصلا ارزش خرید ندارد نخرید.,1
1362,من خریدم جنسش گران نیست بعدی مدتم فست شارژش از کار میفته اصلا ارزش خرید ندارد نخرید.,1
1363,انگار اب زدی به موهات … اصلا هیچ اثری روی موهای خشک و فر و وز ندارد,1
1364,انگار اب زدی روی موهات … اصلا هیچ تاثیری روی موهای خشک و فر و وز ندارد,1
1365,انگار اب زدی به موهات … اصلا هیچ تاثیری روی موهای خشک و فر و براق ندارد,1
1366,وقتی اب زدی به موهات … اصلا هیچ تاثیری روی موهای خشک و فر و وز ندارد,1
1367,انگار اب زدی به موهات … اصلا اب تاثیری روی موهای خشک و فر و وز ندارد,1
1368,همه دکمههاش سفته و اصلا به درد نمیخورد پولم حرام شد,1
1369,جای من سفته و اصلا به درد نمیخورد پولم حرام شد,1
1370,توی دکمههاش سفته و اصلا به درد نمیخورد پولم حرام شد,1
1371,جای دکمههاش سفته و اصلا از درد نمیخورد پولم حرام شد,1
1372,کیفیت خیلی پایینی داره,1
1373,کیفیت بسیار پایینی.,1
1374,به درد.,1
1375,اب درد نمیخورد,1
1376,من یک کولهپشتی از تارگوس داشتم که عدد سال بدون هیچ مشکلی برایم کار کرد. این کوله دقیقا برعکس من است!,1
1377,من یک کولهپشتی از تارگوس داشتم که عدد ان بدون هیچ مشکلی برایم کار کرد. این کوله دقیقا برعکس اونه است!,1
1378,من یه کولهپشتی از تارگوس داشتم که عدد سال بدون هیچ مشکلی برایم کار کرد. این کوله دقیقا برعکس اونه است!,1
1379,من یک کولهپشتی از تارگوس داشتم که عدد سال بدون هیچگونه مشکلی برایم کار کرد. این کوله دقیقا برعکس اونه است!,1
1380,من یک کولهپشتی از تارگوس داشتم که عدد سال بدون هیچ مشکلی برایم کار کرد. این موضوع دقیقا برعکس اونه است!,1
1381,همچنین یک کولهپشتی از تارگوس داشتم که عدد سال بدون هیچ مشکلی برایم کار کرد. این کوله دقیقا برعکس اونه است!,1
1382,خییلی پوست را خشک میکند. طوری که پس از هربار استفاده ، با اینکه پوست چربی دارم پوستم قرمز میشود و شدیدا میسوزد,1
1383,خییلی پوست را خشک میکند. طوری که بعد ، هربار استفاده ، با اینکه پوست چربی دارم پوستم قرمز میشود و شدیدا میسوزد,1
1384,خییلی پوستم را خشک میکند. طوری که بعد از هربار استفاده ، با اینکه پوست چربی دارم پوستم قرمز میشود و شدیدا میسوزد,1
1385,خییلی پوست را خشک میکند. طوری که بعد از مدتی استفاده ، با اینکه پوست چربی دارم پوستم قرمز میشود و شدیدا میسوزد,1
1386,خییلی پوست را خشک میکند. طوری که بعد از هربار استفاده ، با اینکه پوست چربی دارم پوستم قرمز میشود و شدیدا.,1
1387,خییلی پوست را خشک میکند. طوری که بعد از هربار استفاده ، با اینکه پوست قرمز دارم پوستم قرمز میشود و شدیدا میسوزد,1
1388,موضوع خاصی نیست,1
1389,چیز خاصی ؟,1
1390,سلام و با تشکر. دیجی کالا به جهت وقت شناسیش,1
1391,سلام. با تشکر از دیجی کالا به جهت وقت شناسیش,1
1392,سلام و با تشکر از دیجی کالا به جهت وقت.,1
1393,سلام و با تشکر از دیجی کالا به جهت مشتری شناسیش,1
1394,اصلا اشکالی ندارد …. نخرید. خیلی بیفایده و به درد نخورد,1
1395,اصلا فایده ندارد …. نخرید. خیلی خوب و به درد نخورد,1
1396,اصلا فایده ندارد …. …. خیلی بیفایده و به درد نخورد,1
1397,اصلا فایده ندارد …. نخرید. خیلی بیفایده و به هم نخورد,1
1398,اصلا مناسب نبود. اینقدر ضخیمه است نمیشود شارژ بهش زد,1
1399,اصلا مناسب نیست. اینقدر ضخیمه است که شارژ بهش زد,1
1400,اصلا مناسب نیست. اینقدر ضخیمه است نمیشود حرفی بهش زد,1
1401,اصلا مناسب نیست. اینقدر ضخیمه است نمیشود شارژ را زد,1
1402,اصلا ان چیزی نبود الان نشان داده میشود,1
1403,اصلا ان چیزی نبود که وعده داده میشود,1
1404,این ان چیزی نبود که نشان داده میشود,1
1405,من این محصول را خریدم و را در هوواوی میت عدد پرو امتحان کردم با نمایشگر سامسونگ ولی اصلا کار نکرد,1
1406,بعد این محصول را خریدم و را گوشی هوواوی میت عدد پرو امتحان کردم با نمایشگر سامسونگ ولی اصلا کار نکرد,1
1407,من این محصول را خریدم و را گوشی هوواوی میت عدد را امتحان کردم با نمایشگر سامسونگ ولی اصلا کار نکرد,1
1408,من این محصول را خریدم و را گوشی هوواوی میت ۱۰ پرو امتحان کردم با نمایشگر سامسونگ ولی اصلا کار نکرد,1
1409,من این محصول را خریدم و را گوشی هواوی میت عدد پرو امتحان کردم با نمایشگر سامسونگ ولی اصلا کار نکرد,1
1410,من این محصول را خریدم و را گوشی هوواوی میت عدد پرو امتحان کردم با نمایشگر سامسونگ که اصلا کار نکرد,1
1411,اصلا به شیکی عکس نیست.. به عکس من که اصلا کیفیت نداشت,1
1412,اصلا به شیکی عکس نیست.. به نظر من که اصلا کیفیت.,1
1413,اصلا به شیکی عکس نیست. به نظر من که اصلا کیفیت نداشت,1
1414,اصلا به شیکی هم نیست.. به نظر من که اصلا کیفیت نداشت,1
1415,کوله بزرگی است ولی بندش گردن را میپوشاند. انتظار داشتم کوچکتر بود. به ابعاد توجه کنید.,1
1416,کوله بزرگی است ولی بندش گردن مرا میازارد. انتظار داشتم کوچکتر بود. به ابعاد توجه کنید.,1
1417,کوله بزرگی است ولی بیشتر گردن را میازارد. انتظار داشتم کوچکتر بود. به ابعاد توجه کنید.,1
1418,کوله بزرگی است ولی بندش گردن را میازارد. انتظار داشتم کوچکتر بود. به ابعاد نگاه کنید.,1
1419,کوله بزرگی است ولی بندش گردن را میازارد. انتظار داشتم کوچکتر بود. به ان توجه کنید.,1
1420,کرم گیاهی!,1
1421,سیب گیاهی مزخرف,1
1422,استفاده ازاین پدارایشی خیلی بیشتربود زبرهستش وارایش چشم را انچنان پاک نمیکند,1
1423,انتظارم ازاین کار خیلی بیشتربود زبرهستش وارایش چشم را انچنان پاک نمیکند,1
1424,انتظارم ازاین پدارایشی خیلی بیشتربود زبرهستش وارایش ان را انچنان پاک نمیکند,1
1425,انتظارم ازاین پدارایشی خیلی بیشتربود زبرهستش وارایش چیزی را انچنان پاک نمیکند,1
1426,اصلا توصیه نمیکنم نسبت به برند خوبی که داشت تهیه کردم ولی پاککنندگی خیلی ضعیفی.,1
1427,اصلا توصیه نمیکنم نسبت به برند خوبی که داشت تهیه کردم ولی پاککنندگی خیلی ضعیفی!,1
1428,اصلا توصیه نمیکنم نسبت به قیمت خوبی که داشت تهیه کردم ولی پاککنندگی خیلی ضعیفی داره,1
1429,اصلا توصیه نمیکنم نسبت به برند خوبی که داشت تهیه کردم ولی پاککنندگی بسیار ضعیفی داره,1
1430,اصلا توصیه نمیکنم نسبت به برند خوبی که داشت تهیه کنید ولی پاککنندگی خیلی ضعیفی داره,1
1431,ظاهرا باکیفیتی ولی موقع سومین بار استفاده فیش یکطرف که امد. ان طرف هم که لق میزند,1
1432,ظاهرا باکیفیتی ولی برای سومین بار استفاده فیش یکطرف در امد. ان طرف هم که لق میزند,1
1433,ظاهرا باکیفیتی ولی موقع سومین بار استفاده فیش یکطرف در امد. ان طرف هم که داد میزند,1
1434,ظاهرا باکیفیتی ان موقع سومین بار استفاده فیش یکطرف در امد. ان طرف هم که لق میزند,1
1435,ظاهرا باکیفیتی ولی موقع سومین بار استفاده فیش یکطرف در میاید. ان طرف هم که لق میزند,1
1436,او بدرد نمیخورد,1
1437,اصلا بدرد!,1
1438,اصلا قابلاستفاده!,1
1439,اصلا اینطور نبود,1
1440,استفاده از خط وخش بسیار بیکیفیت,1
1441,پر از خط وخشست بیکیفیت,1
1442,پر از خط وخش است بیکیفیت,1
1443,در خوب شدن این محصول که شکی نیست ولی وقتی به دستم رسید به قدری داغ شده بود از گرما که نمیدانم قابلاستفاده هست یا نه,1
1444,در خوب بودن این محصول هیچ شکی نیست ولی وقتی به دستم رسید به قدری داغ شده بود از گرما که نمیدانم قابلاستفاده هست یا نه,1
1445,در خوب بودن این محصول که شکی نیست ولی وقتی از دستم رسید به قدری داغ شده بود از گرما که نمیدانم قابلاستفاده هست یا نه,1
1446,در خوب بودن این محصول که شکی نیست ولی وقتی به دستم رسید به قدری داغ بود از گرما که نمیدانم قابلاستفاده هست یا نه,1
1447,در خوب بودن این محصول که شکی نیست ولی وقتی به دستم رسید به قدری داغ شده بود از گرما که نمیدانم واقعا هست یا نه,1
1448,در خوب بودن این محصول که شکی نیست ولی وقتی به دستم رسید به قدری داغ شده بود از گرما که نمیدانم قابلاستفاده هست ، نه,1
1449,در خوب بودن این محصول که شکی نیست ولی وقتی به دستم رسید به قدری داغ شده بود از این که نمیدانم قابلاستفاده هست یا نه,1
1450,برای پوست من حساسیت ایجاد کرد و بسیار ملتهب و دردناک شد.,1
1451,برای خود من حساسیت ایجاد کرد و بسیار ملتهب و قرمز شد.,1
1452,برای بازی من حساسیت ایجاد کرد و بسیار ملتهب و قرمز شد.,1
1453,برای پوست من حساسیت ایجاد کرد که بسیار ملتهب و قرمز شد.,1
1454,من طبق نظرات دوستان که همه تعریف کرده بودن خریدم ولی این تاثیری روی پوستههای مرده و جوشهای سر سیاه ندارد بیشتر مثل یک صابونه که چربی را میبرد از را صورت در ضمن من عدد دقیقه هربار ماساژ میدادم نسبت به کرمهای قبلی که داشتم اصلا خوب نیست,1
1455,من طبق نظرات دوستان که همه تعریف کرده بودن خریدم ولی هیچ تاثیری روی پوستههای مرده و جوشهای سر سیاه ندارد بیشتر از یک صابونه که چربی را میبرد از را صورت در ضمن من عدد دقیقه هربار ماساژ میدادم نسبت به کرمهای قبلی که داشتم اصلا خوب نیست,1
1456,من طبق نظرات دوستان که همه تعریف کرده بودن خریدم ولی هیچ تاثیری روی پوستههای مرده و جوشهای سر سیاه ندارد بیشتر مثل یک صابونه که چربی را میبرد از را صورت در ضمن من عدد دقیقه هربار ماساژ میدادم نسبت به کرمهای قبلی که داشتم اصلا جالب نیست,1
1457,من طبق نظرات دوستان که همه تعریف کرده بودن خریدم ولی هیچ تاثیری روی پوستههای مرده و جوشهای سر سیاه ندارد بیشتر مثل یک صابونه که چربی بیشتری میبرد از را صورت در ضمن من عدد دقیقه هربار ماساژ میدادم نسبت به کرمهای قبلی که داشتم اصلا خوب نیست,1
1458,من طبق نظر دوستان که همه تعریف کرده بودن خریدم ولی هیچ تاثیری روی پوستههای مرده و جوشهای سر سیاه ندارد بیشتر مثل یک صابونه که چربی را میبرد از را صورت در ضمن من عدد دقیقه هربار ماساژ میدادم نسبت به کرمهای قبلی که داشتم اصلا خوب نیست,1
1459,من طبق نظرات دوستان که همه تعریف کرده بودن خریدم ولی هیچ تاثیری روی پوستههای مرده و جوشهای جوش سیاه ندارد بیشتر مثل یک صابونه که چربی را میبرد از را صورت در ضمن من عدد دقیقه هربار ماساژ میدادم نسبت به کرمهای قبلی که داشتم اصلا خوب نیست,1
1460,من طبق نظرات دوستان که همه تعریف کرده بودن خریدم ولی هیچ تاثیری روی پوستههای مرده و جوشهای سر سیاه ندارد بیشتر مثل یک صابونه که چربی را میبرد از را صورت در ضمن من عدد دقیقه هربار ماساژ میدادم نسبت به کرمهای قرمزی که داشتم اصلا خوب نیست,1
1461,من طبق نظرات دوستان که همه کار کرده بودن خریدم ولی هیچ تاثیری روی پوستههای مرده و جوشهای سر سیاه ندارد بیشتر مثل یک صابونه که چربی را میبرد از را صورت در ضمن من عدد دقیقه هربار ماساژ میدادم نسبت به کرمهای قبلی که داشتم اصلا خوب نیست,1
1462,من طبق نظرات دوستان که همه تعریف کرده بودن خریدم ولی هیچ تاثیری روی پوستههای مرده و جوشهای پوست سیاه ندارد بیشتر مثل یک صابونه که چربی را میبرد از را صورت در ضمن من عدد دقیقه هربار ماساژ میدادم نسبت به کرمهای قبلی که داشتم اصلا خوب نیست,1
1463,من طبق نظرات دوستان که همه تعریف من بودن خریدم ولی هیچ تاثیری روی پوستههای مرده و جوشهای سر سیاه ندارد بیشتر مثل یک صابونه که چربی را میبرد از را صورت در ضمن من عدد دقیقه هربار ماساژ میدادم نسبت به کرمهای قبلی که داشتم اصلا خوب نیست,1
1464,البته طبق نظرات دوستان که همه تعریف کرده بودن خریدم ولی هیچ تاثیری روی پوستههای مرده و جوشهای سر سیاه ندارد بیشتر مثل یک صابونه که چربی را میبرد از را صورت در ضمن من عدد دقیقه هربار ماساژ میدادم نسبت به کرمهای قبلی که داشتم اصلا خوب نیست,1
1465,سری قبل که سفارش دادم جعبه داشت ولی این سری در پلاستیک امد سرعت شاارژ کردنشم زیاد است,1
1466,از قبل که سفارش دادم جعبه داشت ولی این سری در پلاستیک امد سرعت شاارژ کردنشم پایینه است,1
1467,سری قبل که انجام دادم جعبه داشت ولی این سری در پلاستیک امد سرعت شاارژ کردنشم پایینه است,1
1468,دفعه قبل که سفارش دادم جعبه داشت ولی این سری در پلاستیک امد سرعت شاارژ کردنشم پایینه است,1
1469,سری قبل که سفارش دادم جعبه داشت و این سری در پلاستیک امد سرعت شاارژ کردنشم پایینه است,1
1470,با سایز ما تناسب ندارد,1
1471,با سایز من تناسب ندارد,1
1472,با سایز گوشی تناسب ؟,1
1473,ابن محصول کیفیت خیلی پایینی داره. ایجاد حساسبت میکند. پیشنهاد میکنم بیشتر دقت کنید جنس با کیفیتتر بخرید.,1
1474,ابن جنس کیفیت خیلی پایینی داره. ایجاد حساسبت میکند. پیشنهاد میکنم بیشتر هزینه کنید جنس با کیفیتتر بخرید.,1
1475,ابن محصول قیمت خیلی پایینی داره. ایجاد حساسبت میکند. پیشنهاد میکنم بیشتر هزینه کنید جنس با کیفیتتر بخرید.,1
1476,ابن محصول کیفیت خیلی پایینی داره. ایجاد حساسبت میکند. پیشنهاد میکنم بیشتر هزینه کنید تا با کیفیتتر بخرید.,1
1477,ابن محصول کیفیت بسیار پایینی داره. ایجاد حساسبت میکند. پیشنهاد میکنم بیشتر هزینه کنید جنس با کیفیتتر بخرید.,1
1478,ابن محصول کیفیت خیلی پایینی دارد. ایجاد حساسبت میکند. پیشنهاد میکنم بیشتر هزینه کنید جنس با کیفیتتر بخرید.,1
1479,این ای فیس هست,1
1480,درسته ای بابا هست,1
1481,عینههای معمولی برای دسته هیچ اثری برای پا ندارد,1
1482,عینه مرطوبکنندهی معمولی روی دسته هیچ اثری برای پا ندارد,1
1483,عینه مرطوبکنندهی معمولی برای دسته ، اثری برای پا ندارد,1
1484,عینه مرطوبکنندهی معمولی برای دسته هیچ اثری برای پا!,1
1485,من برای مدتی این کابل را خریدم ولی بعد از چند بار استفاده شروع به اذیت کرد.,1
1486,من برای گوشیم یک کابل را خریدم ولی بعد از چند بار استفاده شروع به اذیت کرد.,1
1487,من با گوشیم این کابل را خریدم ولی بعد از چند بار استفاده شروع به اذیت کرد.,1
1488,من برای گوشیم این کابل را خریدم اما بعد از چند بار استفاده شروع به اذیت کرد.,1
1489,من برای گوشیم این کابل را خریدم ولی پس از چند بار استفاده شروع به اذیت کرد.,1
1490,افتضاح بود کاملا مایع داخلش کاملا قابلاستفاده بود,1
1491,افتضاح بود کاملا در داخلش غیر قابلاستفاده بود,1
1492,افتضاح بود کاملا مایع داخلش غیر عادی بود,1
1493,برای حمل این محصولات بهداشتی ازخودرو مخصوص استفاده شود,1
1494,برای حمل وجابجای غیر بهداشتی ازخودرو مخصوص استفاده شود,1
1495,برای حمل وجابجای محصولات بهداشتی ازخودرو مخصوص خودداری شود,1
1496,من با توجه به تعریفهای دوستان خریداری کردم ، ولی اصلا راضی نیستم ، چون وقتی استفاده میکنی ، زود جذب میشود ، ولی روی پوست سنگینه ، و منافذ پوست را میبنده ، و پوست عادت به عرق کردن میکند ، شاید برای فصل زمستان بهتر باشد.,1
1497,من با توجه به تعریفهای دوستان خریداری کردم ، ولی اصلا راضی نیستم ، چون وقتی استفاده میکنی ، زود جذب میشود ، ولی روی پوست سنگینه ، چون منافذ پوست را میبنده ، و پوست شروع به عرق کردن میکند ، شاید برای فصل زمستان بهتر باشد.,1
1498,من با توجه به تعریفهای دوستان خریداری کردم ، ولی اصلا راضی نیستم ، چون زیاد استفاده میکنی ، زود جذب میشود ، ولی روی پوست سنگینه ، و منافذ پوست را میبنده ، و پوست شروع به عرق کردن میکند ، شاید برای فصل زمستان بهتر باشد.,1
1499,من با توجه به تعریفهای دوستان خریداری کردم ، ولی اصلا راضی نیستم ، چون وقتی استفاده میشود ، زود جذب میشود ، ولی روی پوست سنگینه ، و منافذ پوست را میبنده ، و پوست شروع به عرق کردن میکند ، شاید برای فصل زمستان بهتر باشد.,1
1500,من با توجه به تعریفهای دوستان خریداری کردم ، ولی اصلا راضی نیستم ، چون وقتی استفاده میکنی ، زود جذب میشود ، ولی روی پوست سنگینه ، و منافذ پوست را میبندد ، و پوست شروع به عرق کردن میکند ، شاید برای فصل زمستان بهتر باشد.,1
1501,من با توجه به تعریفهای دوستان خریداری کردم ، ولی اصلا راضی نیستم ، چون وقتی استفاده میکنی ، زود جذب میشود ، ولی روی پوست سنگینه ، و منافذ پوست را میبنده ، و پوست شروع به عرق کردن میکند ، میتواند برای فصل زمستان بهتر باشد.,1
1502,من بدون توجه به تعریفهای دوستان خریداری کردم ، ولی اصلا راضی نیستم ، چون وقتی استفاده میکنی ، زود جذب میشود ، ولی روی پوست سنگینه ، و منافذ پوست را میبنده ، و پوست شروع به عرق کردن میکند ، شاید برای فصل زمستان بهتر باشد.,1
1503,من با توجه به تعریفهای دوستان خریداری کردم ، ولی اصلا راضی نیستم ، چون وقتی استفاده میکنی ، زود جذب میشوی ، ولی روی پوست سنگینه ، و منافذ پوست را میبنده ، و پوست شروع به عرق کردن میکند ، شاید برای فصل زمستان بهتر باشد.,1
1504,من با توجه بهش تعریفهای دوستان خریداری کردم ، ولی اصلا راضی نیستم ، چون وقتی استفاده میکنی ، زود جذب میشود ، ولی روی پوست سنگینه ، و منافذ پوست را میبنده ، و پوست شروع به عرق کردن میکند ، شاید برای فصل زمستان بهتر باشد.,1
1505,من با توجه به تعریفهای دوستان خریداری کردم ، ولی اصلا راضی نیستم ، چون وقتی استفاده میکنی ، زود جذب میشود ، ولی روی پوستتان سنگینه ، و منافذ پوست را میبنده ، و پوست شروع به عرق کردن میکند ، شاید برای فصل زمستان بهتر باشد.,1
1506,من با توجه به تعریفهای دوستان خریداری کردم ، ولی اصلا راضی نیستم ، ولی وقتی استفاده میکنی ، زود جذب میشود ، ولی روی پوست سنگینه ، و منافذ پوست را میبنده ، و پوست شروع به عرق کردن میکند ، شاید برای فصل زمستان بهتر باشد.,1
1507,مایع داخلش خیلی رقیقه انگار اب اضافه کردن. با این شرایط زود تمام میشود. و از نظر پولی به صرفه نیست,1
1508,مایع داخلش خیلی رقیقه انگار اب توش کردن. و این شرایط زود تمام میشود. و از نظر پولی به صرفه نیست,1
1509,مایع داخلش خیلی رقیقه انگار از توش کردن. با این شرایط زود تمام میشود. و از نظر پولی به صرفه نیست,1
1510,مایع داخلش خیلی رقیقه انگار اب توش کردن. با این شرایط قیمتش تمام میشود. و از نظر پولی به صرفه نیست,1
1511,مایع داخلش خیلی خوبه انگار اب توش کردن. با این شرایط زود تمام میشود. و از نظر پولی به صرفه نیست,1
1512,مایع داخلش خیلی رقیقه انگار اب توش نیست. با این شرایط زود تمام میشود. و از نظر پولی به صرفه نیست,1
1513,من خریده بودم برای کوتاه کردن ناخن که اصلا بدرد نخورد حتی را ناخن خودمم هیچ کارایی نداشت سرش میپرد بیرون در حین کار و خیلی ضعیفه,1
1514,من خریده بودم برای کوتاه کردن ناخن پرنده اصلا بدرد نخورد حتی را ناخن خودمم هیچ کارایی نداشت سرش میرفت بیرون در حین کار و خیلی ضعیفه,1
1515,من خریده بودم برای کوتاه کردن ناخن پرنده اصلا بدرد نخورد حتی را ناخن خودمم هیچ کارایی نداشت سرش میپرد بیرون در حین کار و بازی ضعیفه,1
1516,من خریده بودم برای کوتاه کردن ناخن پرنده اصلا بدرد نخورد حتی را ناخن خودمم هیچ کارایی نداشت سرش میپرد بیرون در حین کار و … ضعیفه,1
1517,وقتی خریده بودم برای کوتاه کردن ناخن پرنده اصلا بدرد نخورد حتی را ناخن خودمم هیچ کارایی نداشت سرش میپرد بیرون در حین کار و خیلی ضعیفه,1
1518,من خریده بودم برای کوتاه کردن ناخن پرنده اصلا بدرد نخورد حتی را ناخن خودمم هیچ کارایی نداشت سرش میپرد بیرون در حین کار ، خیلی ضعیفه,1
1519,من خریده بودم که کوتاه کردن ناخن پرنده اصلا بدرد نخورد حتی را ناخن خودمم هیچ کارایی نداشت سرش میپرد بیرون در حین کار و خیلی ضعیفه,1
1520,خوب بود زود خشک میشود نرم کنندگیشم متوسط و به علت گیاهی بودنش بوی خیلی خوبی ندارد شاید بعضیها نپسندن ولی درکل خوب بود,1
1521,خوب بود زود جذب میشود نرم کنندگیشم متوسط و به دلیل گیاهی بودنش بوی خیلی خوبی ندارد شاید بعضیها نپسندن ولی درکل خوب بود,1
1522,خوب بود زود جذب میشود نرم کنندگیشم متوسط و به علت گیاهی بودنش بوی خیلی خوبی ندارد شاید بعضیها نپسندن ولی خیلی خوب بود,1
1523,خوب بود زود نرم میشود نرم کنندگیشم متوسط و به علت گیاهی بودنش بوی خیلی خوبی ندارد شاید بعضیها نپسندن ولی درکل خوب بود,1
1524,خوب بود زود جذب میشود نرم کنندگیشم متوسط و به علت گیاهی بودنش بوی خیلی خوبی دارد شاید بعضیها نپسندن ولی درکل خوب بود,1
1525,خوب بود زود جذب میشود نرم کنندگیشم متوسط و به علت تند بودنش بوی خیلی خوبی ندارد شاید بعضیها نپسندن ولی درکل خوب بود,1
1526,من امروز به دستم رسید. خورد در ذوقم. رنگش مثل گچ سفیده. روی پوست نمیخوابد. با اینکه چندین بار از این کرم استفاده میکنم این بار اصلا راضی نبودم,1
1527,من امروز به دستم رسید. خورد در ذوقم. رنگش مثل گچ سفیده. روی پوست نمیخوابد. با اینکه چندین ساله از این کرم نگهداری میکنم این بار اصلا راضی نبودم,1
1528,من امروز به دستم رسید. خورد در ذوقم. رنگش مثل گچ سفیده. روی پوست نمیخوابد. با اینکه هر ساله از این کرم استفاده میکنم این بار اصلا راضی نبودم,1
1529,من امروز به دستم رسید. خورد در ذوقم. رنگش روی گچ سفیده. روی پوست نمیخوابد. با اینکه چندین ساله از این کرم استفاده میکنم این بار اصلا راضی نبودم,1
1530,من امروز به دستم رسید. خورد در ذوقم. رنگش مثل گچ سفیده. روی پوست نمیخوابد. با اینکه چندین ساله از این کرم استفاده کردم این بار اصلا راضی نبودم,1
1531,من امروز به دستم رسید. خورد در ذوقم. رنگش مثل گچ سفیده. رنگ پوست نمیخوابد. با اینکه چندین ساله از این کرم استفاده میکنم این بار اصلا راضی نبودم,1
1532,من امروز به دستم رسید. خورد در ذوقم. رنگش مثل گچ سفیده. روی پوست نمیخوابد. با اینکه چندین ساله از این ابزار استفاده میکنم این بار اصلا راضی نبودم,1
1533,من امروز به دستم رسید. خورد در ذوقم. رنگش مثل کرم سفیده. روی پوست نمیخوابد. با اینکه چندین ساله از این کرم استفاده میکنم این بار اصلا راضی نبودم,1
1534,من بااینکه پوستم روشنه است وقتی از این کرم میزنم پوستم به شدت تیره میشود و خیلی زود تیره میشود را پوست اجری خیلی تیره کاش سفیدش را میخریدم,1
1535,من بااینکه پوستم روشنه است وقتی از این کرم میزنم پوستم به شدت تیره میشود و خیلی زود خشک میشود را پوست من خیلی تیره کاش سفیدش را میخریدم,1
1536,من بااینکه پوستم روشنه است وقتی از این کرم میزنم پوستم به شدت تیره میشود و صبح زود خشک میشود را پوست اجری خیلی تیره کاش سفیدش را میخریدم,1
1537,من بااینکه پوستم روشنه است وقتی از این کرم میزنم پوستم به شدت تیره میشود و خیلی زود قهوهای میشود را پوست اجری خیلی تیره کاش سفیدش را میخریدم,1
1538,من بااینکه پوستم روشنه است وقتی از این کرم میزنم پوستم به شدت تیره میشود و خیلی زود خشک میشود را پوست اجری خیلی تیره کاش سفیدش را میخریدم,1
1539,من بااینکه پوستم روشنه ولی وقتی از این کرم میزنم پوستم به شدت تیره میشود و خیلی زود خشک میشود را پوست اجری خیلی تیره کاش سفیدش را میخریدم,1
1540,من بااینکه پوستم روشنه است وقتی از این کرم میزنم پوستم به شدت تیره میشود ، خیلی زود خشک میشود را پوست اجری خیلی تیره کاش سفیدش را میخریدم,1
1541,باعث خونریزی لثه میشود. حتی مدیوم هم نیست و میشود گفت هارد هست. به هیچ وجه پیشنهاد نمیکنم.,1
1542,موجب خونریزی لثه میشود. حتی مدیوم خوب نیست و میشود گفت هارد هست. به هیچ وجه پیشنهاد نمیکنم.,1
1543,موجب خونریزی لثه میشود. حتی مدیوم هم نیست و میشود گفت هارد هست. به هیچ عنوان پیشنهاد نمیکنم.,1
1544,موجب خونریزی لثه میشود. حتی مدیوم هم نیست و میشود. هارد هست. به هیچ وجه پیشنهاد نمیکنم.,1
1545,موجب خونریزی مغزی میشود. حتی مدیوم هم نیست و میشود گفت هارد هست. به هیچ وجه پیشنهاد نمیکنم.,1
1546,موجب خونریزی لثه میشود. حتی مدیوم هم نیست و میشود گفت هارد هست. به هیچ وجه پیشنهاد نمیکنم.,1
1547,سلام دوستان من حدودا سه هفته استفاده کردم اما اب از اب تکان نخورد و خریدرانه دیگر است که بعد از دو هفته اثر میگذارد اما بنظر من دروغه است وقتیکه استفاده میکنید متوجه میشوید و پولم را ریختم دور و روغن فندق تازه بهتره است,1
1548,سلام دوستان من حدودا سه هفته استفاده کردم اما اب از اب تکان نخورد و خریدرانه دیگر گفتن که بعد از دو هفته اثر میگذارد اما بنظر من دروغه چون وقتیکه استفاده میکنید متوجه میشوید و پولم را ریختم دور و روغن فندق تازه بهتره است,1
1549,سلام دوستان من حدودا سه هفته استفاده کردم اما اب از اب تکان نخورد و خریدرانه دیگر گفتن که بعد از دو هفته اثر میگذارد اما بنظر من دروغه است وقتیکه استفاده میکنید متوجه میشوید و اب را ریختم دور و روغن فندق تازه بهتره است,1
1550,سلام دوستان من حدودا سه هفته استفاده کردم اما اب از اب تکان نخورد و خریدرانه دیگر گفتن این بعد از دو هفته اثر میگذارد اما بنظر من دروغه است وقتیکه استفاده میکنید متوجه میشوید و پولم را ریختم دور و روغن فندق تازه بهتره است,1
1551,سلام دوستان من حدودا سه هفته استفاده کردم اما اب از اب تکان نمیخورد و خریدرانه دیگر گفتن که بعد از دو هفته اثر میگذارد اما بنظر من دروغه است وقتیکه استفاده میکنید متوجه میشوید و پولم را ریختم دور و روغن فندق تازه بهتره است,1
1552,سلام دوستان من حدودا سه هفته استفاده کردم اما اب از اب تکان نخورد و خریدرانه دیگر گفتن که بعد از دو هفته اثر میگذارد اما بنظر من دروغه است وقتیکه استفاده میکنید متوجه میشوید و پولم را ریختم دور و روغن زیتون تازه بهتره است,1
1553,سلام دوستان من حدودا سه هفته استفاده کردم اما اب و اب تکان نخورد و خریدرانه دیگر گفتن که بعد از دو هفته اثر میگذارد اما بنظر من دروغه است وقتیکه استفاده میکنید متوجه میشوید و پولم را ریختم دور و روغن فندق تازه بهتره است,1
1554,سلام دوستان من حدودا سه هفته استفاده کردم اما اب از اب تکان نخورد و چیزهای دیگر گفتن که بعد از دو هفته اثر میگذارد اما بنظر من دروغه است وقتیکه استفاده میکنید متوجه میشوید و پولم را ریختم دور و روغن فندق تازه بهتره است,1
1555,سلام دوستان من حدودا سه هفته مصرف کردم اما اب از اب تکان نخورد و خریدرانه دیگر گفتن که بعد از دو هفته اثر میگذارد اما بنظر من دروغه است وقتیکه استفاده میکنید متوجه میشوید و پولم را ریختم دور و روغن فندق تازه بهتره است,1
1556,سلام دوستان من حدودا سه هفته استفاده کردم اما اب از اب تکان نخورد و خریدرانه دیگر گفتن که بعد از دو هفته اثر میگذارد اما بنظر من دروغه است وقتیکه استفاده میکنید وسوسه میشوید و پولم را ریختم دور و روغن فندق تازه بهتره است,1
1557,سلام دوستان من حدودا سه هفته استفاده کردم اما اب از اب تکان نخورد و خریدرانه دیگر این که بعد از دو هفته اثر میگذارد اما بنظر من دروغه است وقتیکه استفاده میکنید متوجه میشوید و پولم را ریختم دور و روغن فندق تازه بهتره است,1
1558,بعد از کلی شوق ، ذوق و زمان گذاشتن میبینی هیچ تاثیری ندارد و فقط وقت و پول و تلف کردی,1
1559,بعد از کلی شوق و ذوق و وقت گذاشتن میبینی هیچ تاثیری ندارد و فقط وقت و پول و تلف کردی,1
1560,بعد از کلی شوق و شور و زمان گذاشتن میبینی هیچ تاثیری ندارد و فقط وقت و پول و تلف کردی,1
1561,بعد از کلی شوق و ذوق و زمان گذاشتن میبینی هیچ تاثیری ندارد و کلی وقت و پول و تلف کردی,1
1562,بعد از کلی شوق و ذوق و زمان که میبینی هیچ تاثیری ندارد و فقط وقت و پول و تلف کردی,1
1563,بعد از کلی شوق و ذوق و زمان گذاشتن دیگر هیچ تاثیری ندارد و فقط وقت و پول و تلف کردی,1
1564,خیلی دیدم تعریف یک کرم را میکنن و منم گول این تبلیغات را خوردم و خریدمش!,1
1565,خیلی دیدم تعریف این کرم را میکنن و منم گول این کرم را خوردم و خریدمش!,1
1566,خیلی دیدم تعریف این کرم را میکنن و من گول این تبلیغات را خوردم و خریدمش!,1
1567,خیلی دیدم تعریف این تبلیغات را میکنن و منم گول این تبلیغات را خوردم و خریدمش!,1
1568,خیلی دیدم تعریف این کرم را میکنن و منم گول این تبلیغات را زدم و خریدمش!,1
1569,زود پاره شد و کنده شد …. حتی ضربه هم نخورده بود,1
1570,زود پاره شد ، کنده شد …. حتی ضربه هم نخورده بود,1
1571,زود پاره شد … کنده شد …. حتی یکبار هم نخورده بود,1
1572,زود پاره شد … کنده شد …. حتی تکان هم نخورده بود,1
1573,نسبت به پول نمیارزد,1
1574,نسبت : قیمتش نمیارزد,1
1575,من ان اسپری را دو بار خریداری کردم,1
1576,من این اسپری را دو بار استفاده کردم,1
1577,من این خودرو را دو بار خریداری کردم,1
1578,من خوشم امد به نظرم نسبت بهبقیه نرمکنندهها ضعیف بود,1
1579,من خوشم نیومد به نظرم نسبت بهبقیه خیلی ضعیف بود,1
1580,ازش خوشم نیومد به نظرم نسبت بهبقیه نرمکنندهها ضعیف بود,1
1581,من یادم نیومد به نظرم نسبت بهبقیه نرمکنندهها ضعیف بود,1
1582,استحکام ندارد ، کیفیت دلخواه ندارد!,1
1583,کیفیت ندارد ، کیفیت دلخواه نیست!,1
1584,استحکام بدنه ، کیفیت دلخواه نیست!,1
1585,فقط دو روز کار کرد و دیگر کار نکرد,1
1586,فقط دو روز کار کرد و دیگر کاری نکرد,1
1587,فقط دو روز کار میکرد و دیگر شارژ نکرد,1
1588,بسیار بیکیفیت است و اصلا ارزش نگهداری ندارد بعد از عدد بار استفاده چسبها کنده شد.,1
1589,بسیار بیکیفیت است و اصلا ارزش خرید ندارد بعد از عدد بار استفاده دوباره کنده شد.,1
1590,بسیار بیکیفیت است و اصلا ارزش خرید ندارد بعد با عدد بار استفاده چسبها کنده شد.,1
1591,بسیار بیکیفیت است و اصلا ارزش خرید ندارد بعد یک عدد بار استفاده چسبها کنده شد.,1
1592,بسیار بیکیفیت است ، اصلا ارزش خرید ندارد بعد از عدد بار استفاده چسبها کنده شد.,1
1593,ناخن را له میکند و محکم نمیگیرد. فقط قیچیش خوب بود,1
1594,ناخن را له میکند و ناخن نمیگیرد. فقط قیچیش خوب بود,1
1595,ناخن را له میکند و خوب نمیگیرد. اگر قیچیش خوب بود,1
1596,ناخن را له میکند و خوب نمیگیرد. اما قیچیش خوب بود,1
1597,من این هفته اس استفاده کردم دور چشمم هم میزدم الان دور چشمم چروکتر از قبل شده به نظرم اصلا جالب نیست,1
1598,من یک هفته اس استفاده کردم دور چشمم هم میزدم الان دور چشمم چروکتر از قبل شده به نظر اصلا جالب نیست,1
1599,من یک هفته که استفاده کردم دور چشمم هم میزدم الان دور چشمم چروکتر از قبل شده به نظرم اصلا جالب نیست,1
1600,من یک هفته اس استفاده کردم دور چشمم هم میزدم الان دور چشمم چروکتر از قبل شده به نظرم اصلا اینطور نیست,1
1601,من یک هفته یکبار استفاده کردم دور چشمم هم میزدم الان دور چشمم چروکتر از قبل شده به نظرم اصلا جالب نیست,1
1602,من یک هفته اس استفاده کردم دور چشمم هم اما الان دور چشمم چروکتر از قبل شده به نظرم اصلا جالب نیست,1
1603,من ازش سبزش خیلی خوشم امد ولی این یکی اصلا بوی خوبی نداشت.,1
1604,من از سبزش خیلی خوشم امد ولی ان یکی اصلا بوی خوبی نداشت.,1
1605,من از سبزش خیلی خوشم امد ولی این یکی اصلا بوی خوبی ندارد.,1
1606,من از سبزش خیلی خوشم امد ولی این یکی اصلا بوی خوبی نداشت.,1
1607,اصلا به درد نمیخورد. من خریدم ولی به شدت خریدم.,1
1608,اصلا این درد نمیخورد. من خریدم ولی به شدت پشیمانم.,1
1609,اصلا به درد نمیخورد. من خریدم ولی به شدت فروختم.,1
1610,اصلا به دردم نمیخورد. من خریدم ولی به شدت پشیمانم.,1
1611,خیلی زود خراب شد به چند ماه نکشید سیم داخلش قطع و وصل میشود ولی بافت روش پارچه معلوم است مشخص نیست سیم داخلش خیلی ضعیفه,1
1612,خیلی زود خراب شد به چند ماه نکشید سیم داخلش قطع و وصل شد ولی بافت روش پارچه اییه است مشخص نیست سیم داخلش خیلی ضعیفه,1
1613,خیلی زود خراب شد به چند ماه نکشید سیم هم قطع و وصل میشود ولی بافت روش پارچه اییه است مشخص نیست سیم داخلش خیلی ضعیفه,1
1614,خیلی زود خراب شد به چند ماه نکشید سیم داخلش قطع و وصل میشود ولی بافت روش پارچه اییه است مشخص نیست سیم داخلش خیلی.,1
1615,خیلی زود خراب شد به چند ماه نکشید سیم داخلش کشیده و وصل میشود ولی بافت روش پارچه اییه است مشخص نیست سیم داخلش خیلی ضعیفه,1
1616,خیلی زود خراب شد به چند ماه نکشید سیم داره قطع و وصل میشود ولی بافت روش پارچه اییه است مشخص نیست سیم داخلش خیلی ضعیفه,1
1617,خیلی زود خراب شد به چند ماه نکشید سیم داخلش قطع و وصل میشود ولی بافت روش پارچه اییه است معلوم نیست سیم داخلش خیلی ضعیفه,1
1618,من در شگفتانگیز نیستم ولی بعد از تحویل واقعا پشیمان شودم و میخواهم مرجوع کنم. داخل جیبها هیچ جایی برای خودکار و کارت و غیره ندارد ، همه وسایل را باید درهم بریزی ، و جنس داخلش خیلی ضعیفه راحت میشود با دست پارش کرد ، نهایتا یک ماه عمر کند. قیمتش هم برای این جنس خیلی زیاده.,1
1619,من در شگفتانگیز خریدم ولی بعد از تحویل واقعا پشیمان شودم و میخواهم مرجوع بخرم. داخل جیبها هیچ جایی برای خودکار و کارت و غیره ندارد ، همه وسایل را باید درهم بریزی ، و جنس داخلش خیلی ضعیفه راحت میشود با دست پارش کرد ، نهایتا یک ماه عمر کند. قیمتش هم برای این جنس خیلی زیاده.,1
1620,من در شگفتانگیز خریدم ولی بعد از تحویل واقعا پشیمان شدم و میخواهم مرجوع کنم. داخل جیبها هیچ جایی برای خودکار و کارت و غیره ندارد ، همه وسایل را باید درهم بریزی ، و جنس داخلش خیلی ضعیفه راحت میشود با دست پارش کرد ، نهایتا یک ماه عمر کند. قیمتش هم برای این جنس خیلی زیاده.,1
1621,من در شگفتانگیز خریدم ولی بعد از تحویل واقعا پشیمان شودم و میخواهم مرجوع کنم. داخل جیبها هیچ جایی برای خودکار و کارت و غیره ندارد ، همه وسایل را باید درهم بریزی ، و جنس داخلش خیلی ضعیفه راحت میشود با دست پارش کرد ، نهایتا یک ماه عمر کند. قیمتش هم برای یک جنس خیلی زیاده.,1
1622,من در شگفتانگیز خریدم ولی بعد از تحویل واقعا خسته شودم و میخواهم مرجوع کنم. داخل جیبها هیچ جایی برای خودکار و کارت و غیره ندارد ، همه وسایل را باید درهم بریزی ، و جنس داخلش خیلی ضعیفه راحت میشود با دست پارش کرد ، نهایتا یک ماه عمر کند. قیمتش هم برای این جنس خیلی زیاده.,1
1623,من در شگفتانگیز خریدم ولی بعد از تحویل واقعا پشیمان شودم و میخواهم مرجوع کنم. داخل جیبها هیچ جایی برای خودکار و کارت و غیره ندارد ، همه وسایل را باید درهم بریزی ، و جنس داخلش خیلی ضعیفه راحت میشود با دست پارش کرد ، نهایتا یک ماه عمر میکند. قیمتش هم برای این جنس خیلی زیاده.,1
1624,من در شگفتانگیز خریدم ولی بعد از تحویل واقعا پشیمان شودم و میخواهم مرجوع کنم. داخل جیبها هیچ جایی برای خودکار و کارت و غیره ندارد ، همه وسایل را باید درهم بریزی ، و جنس داخلش خیلی ضعیفه راحت میشود با دست پارش کرد ، نهایتا چند ماه عمر کند. قیمتش هم برای این جنس خیلی زیاده.,1
1625,من در شگفتانگیز خریدم ولی بعد از تحویل واقعا پشیمان شودم و میخواهم مرجوع کنم. داخل جیبها هیچ جایی برای خودکار و کارت و غیره ندارد ، همه وسایل را باید درهم بریزی ، و جنس داخلش خیلی خیلی راحت میشود با دست پارش کرد ، نهایتا یک ماه عمر کند. قیمتش هم برای این جنس خیلی زیاده.,1
1626,من در شگفتانگیز خریدم ولی بعد از تحویل واقعا پشیمان شودم و میخواهم مرجوع کنم. داخل جیبها هیچ جایی برای خودکار و خودکار و غیره ندارد ، همه وسایل را باید درهم بریزی ، و جنس داخلش خیلی ضعیفه راحت میشود با دست پارش کرد ، نهایتا یک ماه عمر کند. قیمتش هم برای این جنس خیلی زیاده.,1
1627,من در شگفتانگیز خریدم ولی بعد از تحویل واقعا پشیمان شودم و میخواهم مرجوع کنم. داخل جیبها هیچ جایی برای خودکار و کارت و غیره ندارد ، همه وسایل را باید درهم بریزی ، و جنس داخلش خیلی ضعیفه. میشود با دست پارش کرد ، نهایتا یک ماه عمر کند. قیمتش هم برای این جنس خیلی زیاده.,1
1628,من در شگفتانگیز خریدم ولی بعد موقع تحویل واقعا پشیمان شودم و میخواهم مرجوع کنم. داخل جیبها هیچ جایی برای خودکار و کارت و غیره ندارد ، همه وسایل را باید درهم بریزی ، و جنس داخلش خیلی ضعیفه راحت میشود با دست پارش کرد ، نهایتا یک ماه عمر کند. قیمتش هم برای این جنس خیلی زیاده.,1
1629,من در شگفتانگیز خریدم ولی بعد از تحویل واقعا پشیمان شودم و میخواهم مرجوع کنم. داخل جیبها هیچ جایی برای خودکار و کارت و غیره ندارد ، همه وسایل را باید درهم بریزی ، و جنس را خیلی ضعیفه راحت میشود با دست پارش کرد ، نهایتا یک ماه عمر کند. قیمتش هم برای این جنس خیلی زیاده.,1
1630,من در شگفتانگیز خریدم ولی بعد از تحویل واقعا پشیمان شودم و میخواهم مرجوع کنم. داخل جیبها هیچ جایی برای خودکار و کارت و غیره ندارد ، همه وسایل را باید درهم بریزی ، و جنس داخلش را ضعیفه راحت میشود با دست پارش کرد ، نهایتا یک ماه عمر کند. قیمتش هم برای این جنس خیلی زیاده.,1
1631,من در شگفتانگیز خریدم ولی بعد از تحویل واقعا پشیمان شودم و میخواهم مرجوع کنم. داخل جیبها هیچ جایی برای خودکار و کارت و غیره ندارد ، همه وسایل را باید درهم بریزی ، و جنس داخلش خیلی ضعیفه راحت میشود با دست پارش کرد ، نهایتا یک ماه عمر کند. قیمتش هم برای این جنس خیلی زیاده.,1
1632,به هیچ عنوان شبیه عکسهای داخل سایت نیست. یک چاپ با کیفیت پایید. چاپش تنظیم نبوده و مقداری از چاپ امده است داخل حاشیه گوشی. خیلی طرحش نسبت به عکس داخل سایت بزرگشده و همین کلا زشتش کرده …,1
1633,به هیچ عنوان شبیه عکس داخل سایت نیست. یک چاپ با کیفیت پایید. چاپش تنظیم نبوده. مقداری از چاپ امده است داخل حاشیه گوشی. خیلی طرحش نسبت به عکس داخل سایت بزرگشده و همین کلا زشتش کرده …,1
1634,به هیچ عنوان شبیه عکس داخل سایت نیست. یک عکس با کیفیت پایید. چاپش تنظیم نبوده و مقداری از چاپ امده است داخل حاشیه گوشی. خیلی طرحش نسبت به عکس داخل سایت بزرگشده و همین کلا زشتش کرده …,1
1635,به هیچ عنوان شبیه عکس در سایت نیست. یک چاپ با کیفیت پایید. چاپش تنظیم نبوده و مقداری از چاپ امده است داخل حاشیه گوشی. خیلی طرحش نسبت به عکس داخل سایت بزرگشده و همین کلا زشتش کرده …,1
1636,به هیچ عنوان شبیه عکس داخل سایت نیست. یک چاپ با کیفیت پایید. قابل تنظیم نبوده و مقداری از چاپ امده است داخل حاشیه گوشی. خیلی طرحش نسبت به عکس داخل سایت بزرگشده و همین کلا زشتش کرده …,1
1637,به هیچ عنوان شبیه عکس داخل سایت نیست. یک چاپ با کیفیت پایید. چاپش خوب نبوده و مقداری از چاپ امده است داخل حاشیه گوشی. خیلی طرحش نسبت به عکس داخل سایت بزرگشده و همین کلا زشتش کرده …,1
1638,به هیچ عنوان شبیه عکس داخل سایت نیست. یک چاپ با کیفیت پایید. چاپش تنظیم نبوده و مقداری از چاپ امده است داخل حاشیه گوشی. خیلی طرحش نسبت به عکس داخل سایت نیست و همین کلا زشتش کرده …,1
1639,به هیچ عنوان شبیه عکس داخل سایت نیست. یک چاپ با کیفیت پایید. چاپش تنظیم نبوده و مقداری از چاپ شده داخل حاشیه گوشی. خیلی طرحش نسبت به عکس داخل سایت بزرگشده و همین کلا زشتش کرده …,1
1640,به هیچ عنوان این عکس داخل سایت نیست. یک چاپ با کیفیت پایید. چاپش تنظیم نبوده و مقداری از چاپ امده است داخل حاشیه گوشی. خیلی طرحش نسبت به عکس داخل سایت بزرگشده و همین کلا زشتش کرده …,1
1641,به هیچ عنوان شبیه عکس داخل سایت نیست. یک چاپ با کیفیت پایید. چاپش تنظیم نبوده و مقداری از چاپ امده است داخل حاشیه گوشی. خیلی طرحش نسبت به عکس داخل سایت بزرگشده و این کلا زشتش کرده …,1
1642,کاور مربوط : s عدد + بود,1
1643,کاور مربوط به s ۱۰ + بود,1
1644,کاور مربوط به من عدد + بود,1
1645,بوش خوبه است ولی بعد نیم ساعت هیچ تاثیری ازش باقی نمیموند انگار ن انگار ک از لوسیون استفاده کرده باشی,1
1646,خیلی خوبه است ولی بعد نیم ساعت هیچ تاثیری ازش باقی نمیموند انگار ن انگار که از لوسیون استفاده کرده باشی,1
1647,بوش خوبه است ولی بعد نیم ساعت هیچ تاثیری ازش باقی نمیموند. ن انگار که از لوسیون استفاده کرده باشی,1
1648,بوش خوبه است ولی بعد نیم ساعت هیچ تاثیری ازش باقی نمیموند انگار ن انگار که ازش لوسیون استفاده کرده باشی,1
1649,بوش خوب است ولی بعد نیم ساعت هیچ تاثیری ازش باقی نمیموند انگار ن انگار که از لوسیون استفاده کرده باشی,1
1650,بوش خوبه است ولی بعد نیم ساعت هیچ تاثیری ازش باقی نمیموند انگار نه انگار که از لوسیون استفاده کرده باشی,1
1651,من در فروش ویژه یلدا خریدم که از عدد هفته استفاده فست شارژش از کار افتاده,1
1652,یک در فروش ویژه یلدا خریدم بعد از عدد هفته استفاده فست شارژش از کار افتاده,1
1653,من در شارژ ویژه یلدا خریدم بعد از عدد هفته استفاده فست شارژش از کار افتاده,1
1654,من یک فروش ویژه یلدا خریدم بعد از عدد هفته استفاده فست شارژش از کار افتاده,1
1655,من در فروش ویژه یلدا خریدم بعد یک عدد هفته استفاده فست شارژش از کار افتاده,1
1656,من دوباره نظرم را مینویسم که مردم گول نخورن ولی نظرم نمایش نیست. با کلی ذوق و شوق این کیف را خریدم و گوشی را جا زد یکی از دوستام که این کاره است بود. بعد سه چهار ساعت از سه لبه خود به خود شکست. بخدا قسم هیچ ضربهای یا حتی فشاری نیومد بهش. برای دی جی کالا متاسفم که اینجور کالای بی کیفیتی داره به ملت میدهد. من خیلی خرید کردم از دی جی کالا و از همشانم راضی بودم ولی این کیف که اینجوری شد جا خوردم که چرا این محصول را اورده.,1
1657,من دوباره نظرم را مینویسم که مردم گول نخورن. نظرم نمایش داده نمیشود. با کلی ذوق و شوق این کیف را خریدم و گوشی را جا زد یکی از دوستام که این کاره است بود. بعد سه چهار ساعت از سه لبه خود به خود شکست. بخدا قسم هیچ ضربهای یا حتی فشاری نیومد بهش. برای دی جی کالا متاسفم که اینجور کالای بی کیفیتی داره به ملت میدهد. من خیلی خرید کردم از دی جی کالا و از همشانم راضی بودم ولی این کیف که اینجوری شد جا خوردم که چرا این محصول را اورده.,1
1658,من دوباره نظرم را مینویسم که مردم گول نخورن ولی نظرم نمایش داده نمیشود. با کلی ذوق و شوق این کیف را خریدم و گوشی را جا زد یکی مثل دوستام که این کاره است بود. بعد سه چهار ساعت از سه لبه خود به خود شکست. بخدا قسم هیچ ضربهای یا حتی فشاری نیومد بهش. برای دی جی کالا متاسفم که اینجور کالای بی کیفیتی داره به ملت میدهد. من خیلی خرید کردم از دی جی کالا و از همشانم راضی بودم ولی این کیف که اینجوری شد جا خوردم که چرا این محصول را اورده.,1
1659,من دوباره نظرم را مینویسم که مردم گول نخورن ولی نظرم نمایش داده نمیشود. با کلی ذوق و شوق این کیف را خریدم و گوشی را جا زد یکی از دوستام که این کاره است بود. بعد سه چهار لبه از سه لبه خود به خود شکست. بخدا قسم هیچ ضربهای یا حتی فشاری نیومد بهش. برای دی جی کالا متاسفم که اینجور کالای بی کیفیتی داره به ملت میدهد. من خیلی خرید کردم از دی جی کالا و از همشانم راضی بودم ولی این کیف که اینجوری شد جا خوردم که چرا این محصول را اورده.,1
1660,من دوباره نظرم را مینویسم که مردم گول نخورن ولی نظرم نمایش داده نمیشود. با کلی ذوق و شوق این کیف را خریدم و گوشی را جا زد یکی از دوستام که این کاره است بود. بعد سه چهار ساعت از سه لبه جان به خود شکست. بخدا قسم هیچ ضربهای یا حتی فشاری نیومد بهش. برای دی جی کالا متاسفم که اینجور کالای بی کیفیتی داره به ملت میدهد. من خیلی خرید کردم از دی جی کالا و از همشانم راضی بودم ولی این کیف که اینجوری شد جا خوردم که چرا این محصول را اورده.,1
1661,من دوباره نظرم را مینویسم که مردم گول نخورن ولی نظرم نمایش داده نمیشود. با کلی ذوق و شوق این کیف را خریدم و گوشی را جا زد یکی از دوستام که این کاره است بود. بعد سه چهار ساعت از سه لبه خود به خود شکست. بخدا قسم هیچ ضربهای یا حتی فشاری نیومد بهش. برای دی ان کالا متاسفم که اینجور کالای بی کیفیتی داره به ملت میدهد. من خیلی خرید کردم از دی جی کالا و از همشانم راضی بودم ولی این کیف که اینجوری شد جا خوردم که چرا این محصول را اورده.,1
1662,من دوباره نظرم را مینویسم که مردم گول نخورن ولی نظرم نمایش داده نمیشود. با کلی ذوق و شوق این کیف را خریدم و گوشی را جا زد یکی از دوستام که این کاره است بود. بعد سه چهار ساعت از سه لبه خود به خود شکست. بخدا قسم هیچ ضربهای یا حتی فشاری نیومد بهش. برای دی جی کالا متاسفم که اینجور کالای بی کیفیتی داره به من میدهد. من خیلی خرید کردم از دی جی کالا و از همشانم راضی بودم ولی این کیف که اینجوری شد جا خوردم که چرا این محصول را اورده.,1
1663,من دوباره نظرم را مینویسم. مردم گول نخورن ولی نظرم نمایش داده نمیشود. با کلی ذوق و شوق این کیف را خریدم و گوشی را جا زد یکی از دوستام که این کاره است بود. بعد سه چهار ساعت از سه لبه خود به خود شکست. بخدا قسم هیچ ضربهای یا حتی فشاری نیومد بهش. برای دی جی کالا متاسفم که اینجور کالای بی کیفیتی داره به ملت میدهد. من خیلی خرید کردم از دی جی کالا و از همشانم راضی بودم ولی این کیف که اینجوری شد جا خوردم که چرا این محصول را اورده.,1
1664,من دوباره نظرم را مینویسم که مردم گول نخورن ولی نظرم نمایش داده نمیشود. با کلی ذوق و شوق این کیف را خریدم و گوشی را جا زد یکی از دوستام که این کاره است.. بعد سه چهار ساعت از سه لبه خود به خود شکست. بخدا قسم هیچ ضربهای یا حتی فشاری نیومد بهش. برای دی جی کالا متاسفم که اینجور کالای بی کیفیتی داره به ملت میدهد. من خیلی خرید کردم از دی جی کالا و از همشانم راضی بودم ولی این کیف که اینجوری شد جا خوردم که چرا این محصول را اورده.,1
1665,من دوباره نظرم را مینویسم که مردم گول نخورن ولی نظرم نمایش داده نمیشود. با کلی ذوق و شوق این کیف را اورد و گوشی را جا زد یکی از دوستام که این کاره است بود. بعد سه چهار ساعت از سه لبه خود به خود شکست. بخدا قسم هیچ ضربهای یا حتی فشاری نیومد بهش. برای دی جی کالا متاسفم که اینجور کالای بی کیفیتی داره به ملت میدهد. من خیلی خرید کردم از دی جی کالا و از همشانم راضی بودم ولی این کیف که اینجوری شد جا خوردم که چرا این محصول را اورده.,1
1666,من دوباره نظرم را مینویسم که مردم گول نخورن ولی نظرم نمایش داده نمیشود. با کلی ذوق و شوق این کیف را خریدم و گوشی را جا زد. از دوستام که این کاره است بود. بعد سه چهار ساعت از سه لبه خود به خود شکست. بخدا قسم هیچ ضربهای یا حتی فشاری نیومد بهش. برای دی جی کالا متاسفم که اینجور کالای بی کیفیتی داره به ملت میدهد. من خیلی خرید کردم از دی جی کالا و از همشانم راضی بودم ولی این کیف که اینجوری شد جا خوردم که چرا این محصول را اورده.,1
1667,من دوباره نظرم را مینویسم که مردم گول نخورن ولی نظرم نمایش داده نمیشود. با کلی ذوق و شوق این کیف را خریدم و گوشی را جا زد یکی از دوستام که این کاره است بود. بعد سه چهار ساعت از سه لبه خود به خود شکست. بخدا قسم هیچ ضربهای یا حتی فشاری نیومد بهش. برای دی جی کالا متاسفم که اینجور کالای بی کیفیتی داره به ملت میدهد. من هم خرید کردم از دی جی کالا و از همشانم راضی بودم ولی این کیف که اینجوری شد جا خوردم که چرا این محصول را اورده.,1
1668,من دوباره نظرم را مینویسم که مردم گول نخورن ولی نظرم نمایش داده نمیشود. با کلی ذوق و شوق این کیف را خریدم و گوشی را جا خوردم یکی از دوستام که این کاره است بود. بعد سه چهار ساعت از سه لبه خود به خود شکست. بخدا قسم هیچ ضربهای یا حتی فشاری نیومد بهش. برای دی جی کالا متاسفم که اینجور کالای بی کیفیتی داره به ملت میدهد. من خیلی خرید کردم از دی جی کالا و از همشانم راضی بودم ولی این کیف که اینجوری شد جا خوردم که چرا این محصول را اورده.,1
1669,من دوباره نظرم رو مینویسم که مردم گول نخورن ولی نظرم نمایش داده نمیشود. با کلی ذوق و شوق این کیف را خریدم و گوشی را جا زد یکی از دوستام که این کاره است بود. بعد سه چهار ساعت از سه لبه خود به خود شکست. بخدا قسم هیچ ضربهای یا حتی فشاری نیومد بهش. برای دی جی کالا متاسفم که اینجور کالای بی کیفیتی داره به ملت میدهد. من خیلی خرید کردم از دی جی کالا و از همشانم راضی بودم ولی این کیف که اینجوری شد جا خوردم که چرا این محصول را اورده.,1
1670,من دوباره نظرم را مینویسم که مردم گول نخورن ولی نظرم نمایش داده نمیشود. با کلی ذوق و شوق این کیف را خریدم و گوشی را جا زد یکی از دوستام که این کاره است بود. بعد سه چهار ساعت از سه لبه خود به خود شکست. بخدا قسم هیچ ضربهای نزدم حتی فشاری نیومد بهش. برای دی جی کالا متاسفم که اینجور کالای بی کیفیتی داره به ملت میدهد. من خیلی خرید کردم از دی جی کالا و از همشانم راضی بودم ولی این کیف که اینجوری شد جا خوردم که چرا این محصول را اورده.,1
1671,من دوباره نظرم را مینویسم که شاید گول نخورن ولی نظرم نمایش داده نمیشود. با کلی ذوق و شوق این کیف را خریدم و گوشی را جا زد یکی از دوستام که این کاره است بود. بعد سه چهار ساعت از سه لبه خود به خود شکست. بخدا قسم هیچ ضربهای یا حتی فشاری نیومد بهش. برای دی جی کالا متاسفم که اینجور کالای بی کیفیتی داره به ملت میدهد. من خیلی خرید کردم از دی جی کالا و از همشانم راضی بودم ولی این کیف که اینجوری شد جا خوردم که چرا این محصول را اورده.,1
1672,من دوباره نظرم را مینویسم که مردم گول نخورن ولی نظرم نمایش داده نمیشود. با کلی ذوق و شوق این کیف را خریدم و گوشی را جا زد یکی از دوستام که این کاره است رفت. بعد سه چهار ساعت از سه لبه خود به خود شکست. بخدا قسم هیچ ضربهای یا حتی فشاری نیومد بهش. برای دی جی کالا متاسفم که اینجور کالای بی کیفیتی داره به ملت میدهد. من خیلی خرید کردم از دی جی کالا و از همشانم راضی بودم ولی این کیف که اینجوری شد جا خوردم که چرا این محصول را اورده.,1
1673,من دوباره نظرم را مینویسم که مردم گول نخورن ولی نظرم نمایش داده نمیشود. با کلی ذوق و شوق این کیف را خریدم و گوشی را جا زد یکی از دوستام که این کاره است بود. بعد سه چهار ساعت از سه لبه خود به خود شکست. بخدا قسم هیچ ضربهای یا حتی فشاری نیومد بهش. برای دی جی کالا متاسفم که اینجور کالای بی کیفیتی داره به ملت میدهد. من خودم خرید کردم از دی جی کالا و از همشانم راضی بودم ولی این کیف که اینجوری شد جا خوردم که چرا این محصول را اورده.,1
1674,من دوباره نظرم را مینویسم که مردم گول نخورن ولی نظرم نمایش داده نمیشود. با این ذوق و شوق این کیف را خریدم و گوشی را جا زد یکی از دوستام که این کاره است بود. بعد سه چهار ساعت از سه لبه خود به خود شکست. بخدا قسم هیچ ضربهای یا حتی فشاری نیومد بهش. برای دی جی کالا متاسفم که اینجور کالای بی کیفیتی داره به ملت میدهد. من خیلی خرید کردم از دی جی کالا و از همشانم راضی بودم ولی این کیف که اینجوری شد جا خوردم که چرا این محصول را اورده.,1
1675,من دوباره نظرم را گفتم که مردم گول نخورن ولی نظرم نمایش داده نمیشود. با کلی ذوق و شوق این کیف را خریدم و گوشی را جا زد یکی از دوستام که این کاره است بود. بعد سه چهار ساعت از سه لبه خود به خود شکست. بخدا قسم هیچ ضربهای یا حتی فشاری نیومد بهش. برای دی جی کالا متاسفم که اینجور کالای بی کیفیتی داره به ملت میدهد. من خیلی خرید کردم از دی جی کالا و از همشانم راضی بودم ولی این کیف که اینجوری شد جا خوردم که چرا این محصول را اورده.,1
1676,من دوباره نظرم را مینویسم که مردم گول نخورن ولی نظرم نمایش داده نمیشود. با کلی ذوق و شوق این کیف را خریدم و گوشی را جا زد یکی از دوستام که این کاره است بود. بعد سه چهار ساعت از سه لبه خود به خود شکست. بخدا قسم هیچ ضربهای یا حتی فشاری نیومد بهش. برای دی جی خیلی متاسفم که اینجور کالای بی کیفیتی داره به ملت میدهد. من خیلی خرید کردم از دی جی کالا و از همشانم راضی بودم ولی این کیف که اینجوری شد جا خوردم که چرا این محصول را اورده.,1
1677,من دوباره نظرم را مینویسم که مردم گول نخورن ولی نظرم نمایش داده نمیشود. با کلی ذوق وبا شوق این کیف را خریدم و گوشی را جا زد یکی از دوستام که این کاره است بود. بعد سه چهار ساعت از سه لبه خود به خود شکست. بخدا قسم هیچ ضربهای یا حتی فشاری نیومد بهش. برای دی جی کالا متاسفم که اینجور کالای بی کیفیتی داره به ملت میدهد. من خیلی خرید کردم از دی جی کالا و از همشانم راضی بودم ولی این کیف که اینجوری شد جا خوردم که چرا این محصول را اورده.,1
1678,به هیچ وجه کابل خوبی نیست. برای منبعد از عدد روز استفاده که سرعت شارژ هم خیلی پایید بود نسبت به کابلی که قبلا داشتم ، سر کابل حالت اب شدگی گرفت و کلا از بین رفت.,1
1679,به هیچ وجه کابل خوبی نیست و برای منبعد از یک روز استفاده که سرعت شارژ هم خیلی پایید بود نسبت به کابلی که قبلا داشتم ، سر کابل حالت اب شدگی گرفت و کلا از بین رفت.,1
1680,به هیچ وجه کابل قطع نیست و برای منبعد از عدد روز استفاده که سرعت شارژ هم خیلی پایید بود نسبت به کابلی که قبلا داشتم ، سر کابل حالت اب شدگی گرفت و کلا از بین رفت.,1
1681,به هیچ وجه کابل خوبی نیست و با منبعد از عدد روز استفاده که سرعت شارژ هم خیلی پایید بود نسبت به کابلی که قبلا داشتم ، سر کابل حالت اب شدگی گرفت و کلا از بین رفت.,1
1682,به هیچ وجه کابل خوبی نیست و برای منبعد از عدد روز استفاده که سرعت شارژ هم خیلی پایید بود نسبت به کابلی که قبلا داشتم ، سر کابل حالت اب شدگی گرفت و کاملا از بین رفت.,1
1683,به هیچ وجه کابل خوبی نیست و برای منبعد از عدد روز استفاده که سرعت شارژ هم بسیار پایید بود نسبت به کابلی که قبلا داشتم ، سر کابل حالت اب شدگی گرفت و کلا از بین رفت.,1
1684,به هیچ وجه کابل خوبی نیست و برای منبعد از عدد روز استفاده که سرعت شارژ هم خیلی پایید بود بسته به کابلی که قبلا داشتم ، سر کابل حالت اب شدگی گرفت و کلا از بین رفت.,1
1685,به هیچ وجه کابل خوبی نیست و برای منبعد از عدد روز استفاده که سرعت شارژ هم خیلی پایید بود نسبت به کابلی که قبلا داشتم ، سر کابل هم اب شدگی گرفت و کلا از بین رفت.,1
1686,به هیچ وجه کابل خوبی نیست و به منبعد از عدد روز استفاده که سرعت شارژ هم خیلی پایید بود نسبت به کابلی که قبلا داشتم ، سر کابل حالت اب شدگی گرفت و کلا از بین رفت.,1
1687,درسته برای پوست خشک و حساسه است ولی وقتی صورت را پاک میکنی حس پاکیزگی نداری انگار چربه و پولم را انداختم دور …,1
1688,درسته برای پوست خشک و چرب است ولی وقتی صورت را پاک میکنی حس پاکیزگی نداری انگار چربه … پولم را انداختم دور …,1
1689,درسته برای پوست خشک و حساسه است ولی وقتی صورت را پاک میکنی حس پاکیزگی نداری انگار چربه … پولم را انداختم دور …,1
1690,درسته برای پوست خشک و حساسه است ولی وقتی صورت را پاک میکنی انگار پاکیزگی نداری انگار چربه … پولم را انداختم دور …,1
1691,درسته برای پوست خشک و حساسه است ولی وقتی ان را پاک میکنی حس پاکیزگی نداری انگار چربه … پولم را انداختم دور …,1
1692,درسته برای پوست خشک و حساسه است اما وقتی صورت را پاک میکنی حس پاکیزگی نداری انگار چربه … پولم را انداختم دور …,1
1693,شرکت محترم سینره لطفا ایراد مصرف این نوع ژل را برطرف کنید.,1
1694,شرکت پارس سینره لطفا ایراد پمپهای این نوع ژل را برطرف کنید.,1
1695,شرکت محترم سینره لطفا ایراد پمپهای هر نوع ژل را برطرف کنید.,1
1696,شرکت محترم سینره لطفا ایراد تزریق این نوع ژل را برطرف کنید.,1
1697,من اینه بعنوان اشانتیون گرفتم ولی با یک ضربه خیلیی کم سریش جا و جا شد و دیگ کار نکرد دوهفتهام نشد استفاده کردم,1
1698,من اینه بعنوان اشانتیون گرفتم و با یک ضربه خیلیی کم سریش جا به جا شد و دیگ کار نکرد دوهفتهام نشد استفاده کردم,1
1699,من اینه بعنوان اشانتیون گرفتم ولی با یک ضربه خیلیی کم سریش جا به جا شد و دیگ کار نکرد دوهفتهام نشد استفاده.,1
1700,من اینه بعنوان اشانتیون گرفتم ولی با یک ضربه خیلیی کم سریش جا به جا کردم و دیگ کار نکرد دوهفتهام نشد استفاده کردم,1
1701,من اینه بعنوان اشانتیون گرفتم ولی با یه ضربه خیلیی کم سریش جا به جا شد و دیگ کار نکرد دوهفتهام نشد استفاده کردم,1
1702,یک اینه بعنوان اشانتیون گرفتم ولی با یک ضربه خیلیی کم سریش جا به جا شد و دیگ کار نکرد دوهفتهام نشد استفاده کردم,1
1703,گفتم رفت,1
1704,* رفت,1
1705,کاریکاتور بیکیفیت,1
1706,فیدیو بیکیفیت,1
1707,سلام. کیفیت بسیار پایید. سایز کوچک که فقط به درد اطفال میخورد. نخش زود پاره میشود. مدل خارجیش هم دیجی داره که کمی گران تره ولی ارزش خرید داره.,1
1708,سلام. کیفیت بسیار پایید. سایز کوچک که فقط به درد اطفال میخورد. نخش زود پاره میشه. مدل خارجیش را دیجی داره که کمی گران تره ولی ارزش خرید داره.,1
1709,سلام. کیفیت بسیار پایید. سایز کوچکش فقط به درد اطفال میخورد. نخش زود پاره میشود. مدل خارجیش را دیجی داره که کمی گران تره ولی ارزش خرید داره.,1
1710,سلام. کیفیت بسیار پایید. سایز کوچک که فقط به درد اطفال میخورد. نخش زود کشیده میشود. مدل خارجیش را دیجی داره که کمی گران تره ولی ارزش خرید داره.,1
1711,سلام. کیفیت بسیار پایید. سایز کوچک که فقط با درد اطفال میخورد. نخش زود پاره میشود. مدل خارجیش را دیجی داره که کمی گران تره ولی ارزش خرید داره.,1
1712,سلام. کیفیت بسیار پایید. سایز کوچک که فقط به درد اطفال میخورد. نخش زود پاره میشود. مدل خارجیش را دیجی داره که کمی گران تره و ارزش خرید داره.,1
1713,سلام. کیفیت بسیار پایید. سایز کوچک که فقط به درد اطفال میخورد. نخش زود پاره میشود. مدل خارجیش را دیجی داره که کمی گرانتر تره ولی ارزش خرید داره.,1
1714,سلام. کیفیت بسیار پایید. سایز کوچک که فقط به درد اطفال میخورد. نخش زود پاره میشود. نوع خارجیش را دیجی داره که کمی گران تره ولی ارزش خرید داره.,1
1715,اصلا ضد شوره ؟,1
1716,اصلا اسمش شوره نیست,1
1717,.,1
1718,:,1
1719,"اینطور نیست, مرطوبکننده است",1
1720,"مرطوبکننده نیست, مرطوبکننده است",1
1721,بنظر میاد شبیه استفاده از روشور میمونه موقع استفاده همچین حسی داشتم ولی بعد از استفاده پوستم خشک شد و بعد از چند ساعت متوجه لایهبرداری شودم,1
1722,بنظر من شبیه استفاده کردن روشور میمونه موقع استفاده همچین حسی داشتم ولی بعد از استفاده پوستم خشک شد و بعد از چند ساعت متوجه لایهبرداری شودم,1
1723,بنظر من شبیه خیلی از روشور میمونه موقع استفاده همچین حسی داشتم ولی بعد از استفاده پوستم خشک شد و بعد از چند ساعت متوجه لایهبرداری شودم,1
1724,بنظر من شبیه استفاده از روشور میمونه موقع استفاده همچین حسی داشتم ولی بعد از استفاده پوستم خشک شد و بعد از چند ساعت متوجه مشکل شودم,1
1725,بنظر من شبیه استفاده از روشور میمونه هنگام استفاده همچین حسی داشتم ولی بعد از استفاده پوستم خشک شد و بعد از چند ساعت متوجه لایهبرداری شودم,1
1726,بنظر من شبیه استفاده از پلاستیک میمونه موقع استفاده همچین حسی داشتم ولی بعد از استفاده پوستم خشک شد و بعد از چند ساعت متوجه لایهبرداری شودم,1
1727,بنظر من شبیه استفاده از روشور میمونه موقع استفاده همچین حسی داشتم ولی قبل از استفاده پوستم خشک شد و بعد از چند ساعت متوجه لایهبرداری شودم,1
1728,افتضا خشک میشود خیلی هم.,1
1729,افتضا خشک میشود خیلی نه کمرنگ,1
1730,افتضا خشک میشود خیلی هم!,1
1731,بنظر من ان محصول اصل نیست,1
1732,بنظر من این محصول خوبی نیست,1
1733,بنظر من این محصول اصل.,1
1734,هیچ تاثیری ندارد چون من این را میزدم دورچشم. نزدم چروکام بیشترم شد. تازه من باهاش میلیها هم زدم. فقط مرطوب میکند. با این پول یک دورچشم بگیرید که حداقل تاثیری داشته باشد,1
1735,هیچ تاثیری ندارد. من این را میزدم دورچشم دیگهای نزدم چروکام بیشترم شد. تازه من باهاش میلیها هم زدم. فقط مرطوب میکند. با این پول یک دورچشم بگیرید که حداقل تاثیری داشته باشد,1
1736,هیچ تاثیری ندارد چون من این را میزدم دورچشم دیگهای نزدم چروکام بیشترم شد. تازه من باهاش میلیها هم زدم. فقط فرق میکند. با این پول یک دورچشم بگیرید که حداقل تاثیری داشته باشد,1
1737,هیچ تاثیری ندارد چون من این را میزدم دورچشم دیگهای نزدم چروکام بیشترم شد. تازه من باهاش میلیها هم ندارم. فقط مرطوب میکند. با این پول یک دورچشم بگیرید که حداقل تاثیری داشته باشد,1
1738,هیچ تاثیری ندارد چون من این را میزدم دورچشم دیگهای نزدم چروکام بیشترم شد. تازه من باهاش رو هم زدم. فقط مرطوب میکند. با این پول یک دورچشم بگیرید که حداقل تاثیری داشته باشد,1
1739,هیچ تاثیری ندارد چون من این را میزدم دورچشم دیگهای نزدم چروکام بیشترم شد. تازه من باهاش میلیها هم زدم. فقط مرطوب میکند. با این پول میتوانید دورچشم بگیرید که حداقل تاثیری داشته باشد,1
1740,اصلا تاثیری ندارد چون من این را میزدم دورچشم دیگهای نزدم چروکام بیشترم شد. تازه من باهاش میلیها هم زدم. فقط مرطوب میکند. با این پول یک دورچشم بگیرید که حداقل تاثیری داشته باشد,1
1741,هیچ تاثیری ندارد چون من این را میزدم دورچشم دیگهای نزدم چروکام بیشترم شد. تازه من باهاش میلیها هم زدم. فقط مرطوب میکند. با این کار یک دورچشم بگیرید که حداقل تاثیری داشته باشد,1
1742,هیچ تاثیری ندارد اگر من این را میزدم دورچشم دیگهای نزدم چروکام بیشترم شد. تازه من باهاش میلیها هم زدم. فقط مرطوب میکند. با این پول یک دورچشم بگیرید که حداقل تاثیری داشته باشد,1
1743,اصلا حس نمیکنم ابرسان استفاده کردم,1
1744,اصلا حس کردم ابرسان استفاده کردم,1
1745,من حس نمیکنم ابرسان استفاده کردم,1
1746,اصلا نقش کرم پودر را ندارد و هیچ پوشانندگی ندارد و عملکرد ضد افتاب معمولی رادارد و ضمنا رنگ بسیار روشن نسبت به پوستهای گندمی را دارد و هنگام استفاده برروی پوست گلوله گلوله میشود که باید با دستمال کرمهای گلوله شده را پاک کرد ولی ضدافتاب خوبی جهت استفاده برای سالنهای ارایش میباشد و درکل ضد افتاب اردن خیلی بهتراست,1
1747,اصلا نقش کرم پودر را ندارد چون هیچ پوشانندگی ندارد و عملکرد ضد افتاب معمولی رادارد و ضمنا رنگ بسیار روشن نسبت به پوستهای گندمی را دارد و هنگام استفاده برروی پوست گلوله گلوله میشود که باید با دستمال کرمهای گلوله شده را پاک کرد ولی ضدافتاب خوبی جهت استفاده برای پایه ارایش میباشد و درکل ضد افتاب اردن خیلی بهتراست,1
1748,اصلا نقش کرم ضدافتاب را ندارد و هیچ پوشانندگی ندارد و عملکرد ضد افتاب معمولی رادارد و ضمنا رنگ بسیار روشن نسبت به پوستهای گندمی را دارد و هنگام استفاده برروی پوست گلوله گلوله میشود که باید با دستمال کرمهای گلوله شده را پاک کرد ولی ضدافتاب خوبی جهت استفاده برای پایه ارایش میباشد و درکل ضد افتاب اردن خیلی بهتراست,1
1749,اصلا نقش کرم پودر را ندارد و هیچ پوشانندگی ندارد و عملکرد ضد افتاب معمولی رادارد و ضمنا رنگ بسیار روشن نسبت به پوستهای گندمی را دارد و هنگام استفاده برروی پوست گلوله گلوله میشود که باید با دستمال کرمهای گلوله شده را پاک کرد ولی ضدافتاب خوبی جهت استفاده برای پایه ارایش میباشد و درکل ضد افتاب اردن است بهتراست,1
1750,اصلا نقش کرم پودر را ندارد و هیچ پوشانندگی ندارد و عملکرد ضد افتاب معمولی رادارد و یک رنگ بسیار روشن نسبت به پوستهای گندمی را دارد و هنگام استفاده برروی پوست گلوله گلوله میشود که باید با دستمال کرمهای گلوله شده را پاک کرد ولی ضدافتاب خوبی جهت استفاده برای پایه ارایش میباشد و درکل ضد افتاب اردن خیلی بهتراست,1
1751,اصلا خاصیت کرم پودر را ندارد و هیچ پوشانندگی ندارد و عملکرد ضد افتاب معمولی رادارد و ضمنا رنگ بسیار روشن نسبت به پوستهای گندمی را دارد و هنگام استفاده برروی پوست گلوله گلوله میشود که باید با دستمال کرمهای گلوله شده را پاک کرد ولی ضدافتاب خوبی جهت استفاده برای پایه ارایش میباشد و درکل ضد افتاب اردن خیلی بهتراست,1
1752,اصلا نقش کرم پودر را ندارد و هیچ پوشانندگی ندارد و عملکرد ضد افتاب معمولی رادارد و ضمنا رنگ بسیار روشن شبیه به پوستهای گندمی را دارد و هنگام استفاده برروی پوست گلوله گلوله میشود که باید با دستمال کرمهای گلوله شده را پاک کرد ولی ضدافتاب خوبی جهت استفاده برای پایه ارایش میباشد و درکل ضد افتاب اردن خیلی بهتراست,1
1753,اصلا نقش کرم پودر را ندارد و هیچ پوشانندگی ندارد و عملکرد ضد افتاب معمولی رادارد و ضمنا رنگ بسیار روشن نسبت به پوستهای گندمی را دارد و هنگام استفاده برروی پوست گلوله گلوله میشود که میتوان با دستمال کرمهای گلوله شده را پاک کرد ولی ضدافتاب خوبی جهت استفاده برای پایه ارایش میباشد و درکل ضد افتاب اردن خیلی بهتراست,1
1754,اصلا نقش کرم افتاب را ندارد و هیچ پوشانندگی ندارد و عملکرد ضد افتاب معمولی رادارد و ضمنا رنگ بسیار روشن نسبت به پوستهای گندمی را دارد و هنگام استفاده برروی پوست گلوله گلوله میشود که باید با دستمال کرمهای گلوله شده را پاک کرد ولی ضدافتاب خوبی جهت استفاده برای پایه ارایش میباشد و درکل ضد افتاب اردن خیلی بهتراست,1
1755,اصلا نقش کرم پودر را ندارد و هیچ پوشانندگی ندارد و عملکرد ضد افتاب معمولی رادارد و ضمنا رنگ بسیار روشن نسبت به پوستهای گندمی را دارد و هنگام ارایش برروی پوست گلوله گلوله میشود که باید با دستمال کرمهای گلوله شده را پاک کرد ولی ضدافتاب خوبی جهت استفاده برای پایه ارایش میباشد و درکل ضد افتاب اردن خیلی بهتراست,1
1756,اصلا نقش کرم پودر را ندارد و هیچ پوشانندگی ندارد و عملکرد ضد افتاب معمولی رادارد و ضمنا رنگ بسیار روشن نسبت به پوستهای گندمی را دارد و هنگام استفاده برروی پوست گلوله گلوله میشود که باید با دستمال کرمهای گلوله شده را پاک کرد ولی ضدافتاب خوبی جهت استفاده برای پایه ارایش میباشد و درکل ضد افتاب اردن خیلی بهتراست,1
1757,اصلا نقش کرم پودر را ندارد و هیچ پوشانندگی ندارد و عملکرد ضد افتاب معمولی رادارد و ضمنا رنگ بسیار روشن نسبت به پوستهای گندمی را دارد و هنگام استفاده برروی پوست گلوله گلوله میشود که باید با دستمال کرمهای گلوله شده را پاک کرد ولی ضدافتاب خوبی جهت استفاده برای لوازم ارایش میباشد و درکل ضد افتاب اردن خیلی بهتراست,1
1758,اصلا نقش کرم پودر را ندارد و هیچ پوشانندگی ندارد و عملکرد ضد افتاب معمولی رادارد و ضمنا رنگ بسیار روشن نسبت به پوستهای گندمی را دارد و هنگام استفاده برروی پوست گلوله گلوله میشود که باید با دستمال کرمهای گلوله شده را پاک کرد ولی ضدافتاب خوبی جهت استفاده برای پایه ارایش میباشد و خاصیت ضد افتاب اردن خیلی بهتراست,1
1759,اصلا نقش کرم پودر را ندارد و هیچ پوشانندگی ندارد و عملکرد ضد افتاب معمولی رادارد و ضمنا رنگ بسیار روشن نسبت به پوستهای گندمی را دارد و هنگام استفاده ، پوست گلوله گلوله میشود که باید با دستمال کرمهای گلوله شده را پاک کرد ولی ضدافتاب خوبی جهت استفاده برای پایه ارایش میباشد و درکل ضد افتاب اردن خیلی بهتراست,1
1760,متاسفانه بعد هنگام استفاده در حمام و شستشوی مو ، حجم زیادی از موهایم ریزش پیدا کرد. یکی از بدترین خریدهای من از دیجی کالا بود.,1
1761,متاسفانه بعد از استفاده در حمام و شستشوی مو ، حجم زیادی از موهایم ریزش پیدا کرد. این از بدترین خریدهای من از دیجی کالا بود.,1
1762,متاسفانه بعد از استفاده در حمام و شستشوی مو ، حجم زیادی از موهایم ریزش پیدا کرد. یکی از اولین خریدهای من از دیجی کالا بود.,1
1763,متاسفانه بعد از استفاده در حمام و شستشوی مو ، حجم زیادی از موهایم ریزش پیدا کرد. یکی از بدترین خریدهای من از این کالا بود.,1
1764,اما بعد از استفاده در حمام و شستشوی مو ، حجم زیادی از موهایم ریزش پیدا کرد. یکی از بدترین خریدهای من از دیجی کالا بود.,1
1765,متاسفانه بعد از استفاده در حمام و شستشوی مو ، بخش زیادی از موهایم ریزش پیدا کرد. یکی از بدترین خریدهای من از دیجی کالا بود.,1
1766,متاسفانه بعد از استفاده در حمام و شستشوی مو ، حجم زیادی از موهایم ریزش پیدا میکند. یکی از بدترین خریدهای من از دیجی کالا بود.,1
1767,حالم خوب نیست,1
1768,اصلا خوب!,1
1769,استفاده کردم خوب و موهایم باز هم فره,1
1770,استفاده کردم خوب نبود موهایم را هم فره,1
1771,استفاده کردم خوب نبود موهایم باز بود فره,1
1772,این خیلی پایید داره,1
1773,کیفیت خیلی پایید.,1
1774,جنسش خیلی بده. بدرد نخور.,1
1775,پول خیلی بده. بدرد نمیخورد.,1
1776,جنسش خیلی بده. بدرد بخور.,1
1777,برعکس تصویر از جنس پارچه و چرم مصنوعی هم خبری نیست. تمام عکس بصورت چاپی و بیکیفیت روی جلد حکشده!!,1
1778,برعکس تصویر از جنس پارچه و چرم مصنوعی هیچ خبری نبود. تمام عکس بصورت چاپی و بیکیفیت روی جلد حکشده!!,1
1779,برعکس تصویر از جنس پارچه و چرم مصنوعی هیچ اثری نیست. تمام عکس بصورت چاپی و بیکیفیت روی جلد حکشده!!,1
1780,در تصویر از جنس پارچه و چرم مصنوعی هیچ خبری نیست. تمام عکس بصورت چاپی و بیکیفیت روی جلد حکشده!!,1
1781,برعکس تصویر از جنس پارچه و چرم مصنوعی هیچ خبری نیست. تمام عکس بصورت چاپی و بیکیفیت روی جلد است!!,1
1782,برعکس تصویر از جنس پارچه و چرم مصنوعی هیچ خبری نیست. تمام عکس بصورت چاپی و بیکیفیت روی جلد میباشد!!,1
1783,متاسفانه برای موهای ما اصلا مناسب نیست.,1
1784,این برای موهای چرب اصلا مناسب نیست.,1
1785,متاسفانه برای موهای بلند اصلا مناسب نیست.,1
1786,من قبلا مدل f عدد y عدد bt عدد m بلکین گرفته بودم حرف نداشت به هوای ان این مدل را گرفت را دیدم سایزش کمتره است ولی جنسش فرق داره حتی سری هایش,1
1787,من قبلا مدل f عدد y عدد bt عدد m بلکین گرفته بودم حرف نداشت ولی هوای ان این مدل را گرفت را که سایزش کمتره است ولی جنسش فرق داره حتی سری هایش,1
1788,من قبلا مدل f عدد y عدد bt عدد m بلکین که حرف نداشت به هوای ان این مدل را گرفت را که سایزش کمتره است ولی جنسش فرق داره حتی سری هایش,1
1789,من قبلا مدل f عدد y عدد bt عدد m بلکین گرفته بودم حرف نداشت به هوای ان این مدل را گرفت را که سایزش کمتره است ولی جنسش فرق داره حتی سری.,1
1790,من قبلا عدد f عدد y عدد bt عدد m بلکین گرفته بودم حرف نداشت به هوای ان این مدل را گرفت را که سایزش کمتره است ولی جنسش فرق داره حتی سری هایش,1
1791,من قبلا مدل f عدد y عدد bt عدد m بلکین گرفته بودم حرف نداشت به هوای ان این مدل را گرفت را که سایزش کمتره است ولی جنسش فرق میکنه حتی سری هایش,1
1792,من قبلا مدل f عدد y عدد bt عدد m بلکین گرفته بودم حرف نداشت به هوای ان این مدل را گرفت را که سایزش کمتره است با جنسش فرق داره حتی سری هایش,1
1793,من قبلا مدل f عدد f عدد bt عدد m بلکین گرفته بودم حرف نداشت به هوای ان این مدل را گرفت را که سایزش کمتره است ولی جنسش فرق داره حتی سری هایش,1
1794,من این سیم کارت با مارک با هدف اینکه یک مارک خوبی هست خریدم,1
1795,من این سیم را با خودم با هدف اینکه یک مارک خوبی هست خریدم,1
1796,من اولین سیم را با مارک با هدف اینکه یک مارک خوبی هست خریدم,1
1797,من این سیم را با ان با هدف اینکه یک مارک خوبی هست خریدم,1
1798,تاثیری نداشت برخلاف انچه که در نظرات نوشته بودن,1
1799,تاثیری نداشت برخلاف چیزهایی ک در نظرات نوشته بودن,1
1800,تاثیری نداشت برخلاف نظراتی که در نظرات نوشته بودن,1
1801,بنظرم اصلا اینطور نیست,1
1802,بنظرم اصلا مهم نیست,1
1803,بعد یک مدت رنگ توی قاب میره. سفید میشود.,1
1804,بعد یک مدت رنگ روی قاب میره. سفید میشود.,1
1805,بعد یک مدت رنگ گوشههای قاب میره. سفید میشه.,1
1806,بعد یک مدت به گوشههای قاب میره. سفید میشود.,1
1807,بنده بعد از عدد الی عدد ماه استفاده نظرم را دارم که ، درسته.. ویتامین و عصاره,1
1808,بنده بعد از عدد و عدد ماه استفاده نظرم را دارم مینویسم ، درسته.. ویتامین و عصاره,1
1809,بنده بعد از عدد الی عدد ماه استفاده نظرم را دارم مینویسم ،... ویتامین و عصاره,1
1810,بنده بعد از عدد الی عدد ماه استفاده نظرم رو دارم مینویسم ، درسته.. ویتامین و عصاره,1
1811,بنده بعد از دو الی عدد ماه استفاده نظرم را دارم مینویسم ، درسته.. ویتامین و عصاره,1
1812,پس از استفاده صدای دستگاهی که بهش وصل کردم افت کرد,1
1813,بعد از استفاده صدای دستگاهی که بهش نگاه کردم افت کرد,1
1814,بعد از مدتی صدای دستگاهی که بهش وصل کردم افت کرد,1
1815,بعد حین استفاده صدای دستگاهی که بهش وصل کردم افت کرد,1
1816,اصلا راضی ندارم,1
1817,اصلا راضی!,1
1818,به نظرم هیچ کارایی ندارد. تنها حسنش بوی خوبشه است وگرنه هیچ اثربخشی برای ما ندارد,1
1819,به نظرم هیچ کارایی ندارد. تنها حسنش بوی خوبشه است وگرنه هیچ اثربخشی روی مو ندارد,1
1820,به نظرم هیچ کارایی ندارد. تنها حسنش موهای خوبشه است وگرنه هیچ اثربخشی برای مو ندارد,1
1821,به عبارتی هیچ کارایی ندارد. تنها حسنش بوی خوبشه است وگرنه هیچ اثربخشی برای مو ندارد,1
1822,به نظرم هیچ کارایی نداره. تنها حسنش بوی خوبشه است وگرنه هیچ اثربخشی برای مو ندارد,1
1823,با یکبار استفاده فهمیدم که با موهای من سازگار نیست و سازنده فکری به کیفت محصولی که میکند. باشد بخصوص در ظرف شامپو.,1
1824,با یکبار استفاده فهمیدم که با موهای من سازگار نیست وکارخانه سازنده فکری به حال محصولی که میکند. باشد بخصوص در ظرف شامپو.,1
1825,با یکبار استفاده فهمیدم که با موهای شما سازگار نیست وکارخانه سازنده فکری به کیفت محصولی که میکند. باشد بخصوص در ظرف شامپو.,1
1826,با یکبار استفاده فهمیدم که با موهای من سازگار نیست وکارخانه سازنده فکری به کیفت محصولی که میکند. باشد نه در ظرف شامپو.,1
1827,با یکبار استفاده فهمیدم که با موهای من سازگار نیست وکارخانه سازنده فکری به کیفت محصولی که میکند. باشد بخصوص در ظرف غذا.,1
1828,با یکبار استفاده فهمیدم که با موهای من سازگار نیست وکارخانه سازنده فکری به کیفت محصولی که میکند. باشد ، در ظرف شامپو.,1
1829,با یکبار استفاده فهمیدم که با موهای من سازگار است وکارخانه سازنده فکری به کیفت محصولی که میکند. باشد بخصوص در ظرف شامپو.,1
1830,من یک حرف صبح و شب زدم ولی ذرهای تغییر نکردم,1
1831,حدود یک ماه صبح و شب زدم ولی ذرهای تغییر نکردم,1
1832,من یک ماه صبح و شب زدم ولی هیچوقت تغییر نکردم,1
1833,من یک ماه صبح و عصر زدم ولی ذرهای تغییر نکردم,1
1834,بنظرم تاثیری ندارد ، حتی شاید یکم مو را خشکتر هم کند,1
1835,بنظرم تاثیری ندارد و حتی شاید رنگ مو را خشکتر هم کند,1
1836,هیچ تاثیری ندارد و حتی شاید یکم مو را خشکتر هم کند,1
1837,بنظرم مشکلی ندارد و حتی شاید یکم مو را خشکتر هم کند,1
1838,دیر شارژ میکند دیر داغ میکند,1
1839,دیر شارژ میکند و فرار میکند,1
1840,دیر شارژ میکند و خراب میکند,1
1841,همه عدد عدد داخل یک محفطه یا قوطی کرم هست,1
1842,یک عدد عدد داخل یک محفطه شبیه قوطی کرم هست,1
1843,همه عدد عدد داخل قوطی محفطه شبیه قوطی کرم هست,1
1844,همه عدد عدد داخل یک محفطه و قوطی کرم هست,1
1845,از دیجی کالا بعید بود ، کیسه برنج محسن از اینکه محصول بهتر و با کیفیت تره ، بینهایت ناراضیم,1
1846,اگر دیجی کالا بعید بود ، کیسه برنج محسن از این محصول بهتر و با کیفیت تره ، بینهایت ناراضیم,1
1847,از دیجی کالا بعید بود ، کیسه برنج محسن از این محصول بهتر اما با کیفیت تره ، بینهایت ناراضیم,1
1848,از دیجی کالا گفته بود ، کیسه برنج محسن از این محصول بهتر و با کیفیت تره ، بینهایت ناراضیم,1
1849,از این کالا بعید بود ، کیسه برنج محسن از این محصول بهتر و با کیفیت تره ، بینهایت ناراضیم,1
1850,از دیجی کالا بعید بود ، کیسه داشت محسن از این محصول بهتر و با کیفیت تره ، بینهایت ناراضیم,1
1851,در ابتدا به نظر کابل خوبی میرسید ولی بعد از حدود عدد روز استفاده شل شده و از گوشی جدا میشود و قطع میشود,1
1852,در ابتدا به نظر کابل خوبی میومد ولی بعد در حدود عدد روز استفاده شل شده و از گوشی جدا میشود و قطع میشود,1
1853,در ابتدا به نظر کابل خوبی میومد ولی بعد از حدود عدد روز استفاده شل میشود و از گوشی جدا میشود و قطع میشود,1
1854,در ابتدا به نظر کابل خوبی میومد ولی بعد از حدود عدد روز استفاده شل شده ، از گوشی جدا میشود و قطع میشود,1
1855,در واقع به نظر کابل خوبی میومد ولی بعد از حدود عدد روز استفاده شل شده و از گوشی جدا میشود و قطع میشود,1
1856,در ابتدا به نظر کابل خوبی میومد ولی بعد از حدود عدد روز استفاده شل شده و از گوشی جدا شده و قطع میشود,1
1857,خیلی بد. فقط شانس است. موقع جا انداختن شکست,1
1858,خیلی بد. فقط قشنگه دیگه. موقع جا انداختن شکست,1
1859,خیلی قشنگه. فقط قشنگه است. موقع جا انداختن شکست,1
1860,خیلی بد. فقط کافی است. موقع جا انداختن شکست,1
1861,این محصول فقط و فقط یک خمیر دندونهمعمولی این المانه است,1
1862,این محصول فقط و فقط یه خمیر دندونهمعمولی ساخت المانه است,1
1863,این محصول فقط و فقط یک تکه دندونهمعمولی ساخت المانه است,1
1864,این محصول فقط و فقط یک تا دندونهمعمولی ساخت المانه است,1
1865,همین الان به دستم رسید اما متاسفانه نتوانستم ازش استفاده کنم چون میکرو یو اس بی مشکل داره و باید با دستم نگهاش دارم که شارژ کند.,1
1866,همین الان به دستم رسید و متاسفانه نتوانستم ازش استفاده کنم چون میکرو اس اس بی مشکل داره و باید با دستم نگهاش دارم که شارژ کند.,1
1867,همین الان به دستم رسید و متاسفانه نتوانستم ازش استفاده کنم چون میکرو یو اس بی مشکل دارد و باید با دستم نگهاش دارم که شارژ کند.,1
1868,همین الان به دستم رسید و متاسفانه نتوانستم ازش استفاده کنم چون میکرو یو اس بی مشکل داره و باید با دستم نگهاش دارم که کار کند.,1
1869,همین الان به دستم رسید و متاسفانه نتوانستم ازش استفاده کنم چون میکرو یو اس بی مشکل داره و باید توی دستم نگهاش دارم که شارژ کند.,1
1870,همین الان به ذهنم رسید و متاسفانه نتوانستم ازش استفاده کنم چون میکرو یو اس بی مشکل داره و باید با دستم نگهاش دارم که شارژ کند.,1
1871,همین الان به دستم رسید و متاسفانه نتوانستم ازش استفاده کنم چون میکرو یو اس بی مشکل داره و باید با دستم نگهاش کنم که شارژ کند.,1
1872,جنسش جالب نیست ارزش خریدن ندارد,1
1873,جنسش جالب نیست ارزش خرید ؟,1
1874,جنسش جالب نیست و خرید ندارد,1
1875,"من نخ دندان زیاد مصرف میکنم. اکثر برندهای ایرانی مشابه خارجی را امتحان کردم. به نظر من با این هزینه برندهای مشابه خارجی که داخل همین دیجی کالا هم موجود هست بخرید مانند اورال بی. برندهای ایرانی خیلی خوبی هست که ارزانتر هم هستند. دوستانی که میگوین از این نخ ایراد نگیرید و برید روش درست نخ کشیدن را یاد بگیریم, در جواب باید بگم من خودم همیشه با یک روش نخ میزنم حتی اگر هم اشتباه باشد نخهای مشابهی هستند که پاره نمیشون و من دارم استفاده میکنم اما این خیلی زود پاره میشود",1
1876,"من نخ دندان زیاد مصرف میکنم. اکثر برندهای ایرانی و خارجی را امتحان کردم. به نظر من با این هزینه برندهای مشابه خارجی که داخل همین دیجی کالا هم موجود هست ، مانند اورال بی. برندهای ایرانی خیلی خوبی هست که ارزانتر هم هستند. دوستانی که میگوین از این نخ ایراد نگیرید و برید روش درست نخ کشیدن را یاد بگیریم, در جواب باید بگم من خودم همیشه با یک روش نخ میزنم حتی اگر هم اشتباه باشد نخهای مشابهی هستند که پاره نمیشون و من دارم استفاده میکنم اما این خیلی زود پاره میشود",1
1877,"الان نخ دندان زیاد مصرف میکنم. اکثر برندهای ایرانی و خارجی را امتحان کردم. به نظر من با این هزینه برندهای مشابه خارجی که داخل همین دیجی کالا هم موجود هست بخرید مانند اورال بی. برندهای ایرانی خیلی خوبی هست که ارزانتر هم هستند. دوستانی که میگوین از این نخ ایراد نگیرید و برید روش درست نخ کشیدن را یاد بگیریم, در جواب باید بگم من خودم همیشه با یک روش نخ میزنم حتی اگر هم اشتباه باشد نخهای مشابهی هستند که پاره نمیشون و من دارم استفاده میکنم اما این خیلی زود پاره میشود",1
1878,"من نخ دندان زیاد مصرف میکنم. اکثر برندهای ایرانی و خارجی را امتحان کردم. به نظر من با این هزینه برندهای مشابه خارجی در داخل همین دیجی کالا هم موجود هست بخرید مانند اورال بی. برندهای ایرانی خیلی خوبی هست که ارزانتر هم هستند. دوستانی که میگوین از این نخ ایراد نگیرید و برید روش درست نخ کشیدن را یاد بگیریم, در جواب باید بگم من خودم همیشه با یک روش نخ میزنم حتی اگر هم اشتباه باشد نخهای مشابهی هستند که پاره نمیشون و من دارم استفاده میکنم اما این خیلی زود پاره میشود",1
1879,"من نخ دندان زیاد مصرف میکنم. اکثر برندهای ایرانی و خارجی را امتحان کردم. به نظر من با این هزینه برندهای مشابه خارجی که داخل همین دیجی کالا هم موجود هست بخرید مانند اورال بی. برندهای ایرانی خیلی خوبی هست که ارزانتر هم هستند. دوستانی که میگوین از این نخ ایراد نگیرید و برید روش درست نخ دندان را یاد بگیریم, در جواب باید بگم من خودم همیشه با یک روش نخ میزنم حتی اگر هم اشتباه باشد نخهای مشابهی هستند که پاره نمیشون و من دارم استفاده میکنم اما این خیلی زود پاره میشود",1
1880,"من نخ دندان زیاد مصرف میکنم. اکثر برندهای ایرانی و خارجی را امتحان کردم. به نظر من با این هزینه برندهای مشابه خارجی که داخل همین دیجی کالا هم موجود هست بخرید مانند اورال بی. برندهای ایرانی خیلی خوبی هست که ارزانتر هم هستند. دوستانی که میگوین از این نخ ایراد نگیرید و برید روش درست نخ کشیدن را یاد بگیریم, در جواب باید بگم من خودم همیشه با یک روش نخ میزنم حتی اگر هم اشتباه باشد نخهای مشابهی هستند که پاره نمیشون و من هم استفاده میکنم اما این خیلی زود پاره میشود",1
1881,"من نخ دندان زیاد مصرف میکنم. اکثر برندهای ایرانی و خارجی را امتحان کردم. به نظر من با این هزینه برندهای مشابه خارجی که داخل همین دیجی کالا هم موجود هست. مانند اورال بی. برندهای ایرانی خیلی خوبی هست که ارزانتر هم هستند. دوستانی که میگوین از این نخ ایراد نگیرید و برید روش درست نخ کشیدن را یاد بگیریم, در جواب باید بگم من خودم همیشه با یک روش نخ میزنم حتی اگر هم اشتباه باشد نخهای مشابهی هستند که پاره نمیشون و من دارم استفاده میکنم اما این خیلی زود پاره میشود",1
1882,"من نخ دندان را مصرف میکنم. اکثر برندهای ایرانی و خارجی را امتحان کردم. به نظر من با این هزینه برندهای مشابه خارجی که داخل همین دیجی کالا هم موجود هست بخرید مانند اورال بی. برندهای ایرانی خیلی خوبی هست که ارزانتر هم هستند. دوستانی که میگوین از این نخ ایراد نگیرید و برید روش درست نخ کشیدن را یاد بگیریم, در جواب باید بگم من خودم همیشه با یک روش نخ میزنم حتی اگر هم اشتباه باشد نخهای مشابهی هستند که پاره نمیشون و من دارم استفاده میکنم اما این خیلی زود پاره میشود",1
1883,"من نخ را زیاد مصرف میکنم. اکثر برندهای ایرانی و خارجی را امتحان کردم. به نظر من با این هزینه برندهای مشابه خارجی که داخل همین دیجی کالا هم موجود هست بخرید مانند اورال بی. برندهای ایرانی خیلی خوبی هست که ارزانتر هم هستند. دوستانی که میگوین از این نخ ایراد نگیرید و برید روش درست نخ کشیدن را یاد بگیریم, در جواب باید بگم من خودم همیشه با یک روش نخ میزنم حتی اگر هم اشتباه باشد نخهای مشابهی هستند که پاره نمیشون و من دارم استفاده میکنم اما این خیلی زود پاره میشود",1
1884,"من نخ دندان زیاد مصرف میکنم. اکثر برندهای ایرانی و چینی را امتحان کردم. به نظر من با این هزینه برندهای مشابه خارجی که داخل همین دیجی کالا هم موجود هست بخرید مانند اورال بی. برندهای ایرانی خیلی خوبی هست که ارزانتر هم هستند. دوستانی که میگوین از این نخ ایراد نگیرید و برید روش درست نخ کشیدن را یاد بگیریم, در جواب باید بگم من خودم همیشه با یک روش نخ میزنم حتی اگر هم اشتباه باشد نخهای مشابهی هستند که پاره نمیشون و من دارم استفاده میکنم اما این خیلی زود پاره میشود",1
1885,"من نخ دندان زیاد مصرف میکنم. اکثر برندهای ایرانی و خارجی را امتحان کردم. به نظر من با این هزینه برندهای مشابه خارجی که داخل همین دیجی کالا هم موجود هست بخرید مانند اورال بی. برندهای ایرانی خیلی خوبی هست که ارزانتر هم هستند. دوستانی که میگوین از این نخ ایراد نگیرید و باید روش درست نخ کشیدن را یاد بگیریم, در جواب باید بگم من خودم همیشه با یک روش نخ میزنم حتی اگر هم اشتباه باشد نخهای مشابهی هستند که پاره نمیشون و من دارم استفاده میکنم اما این خیلی زود پاره میشود",1
1886,"من نخ دندان زیاد مصرف میکنم. اکثر برندهای ایرانی و خارجی را امتحان میکنم. به نظر من با این هزینه برندهای مشابه خارجی که داخل همین دیجی کالا هم موجود هست بخرید مانند اورال بی. برندهای ایرانی خیلی خوبی هست که ارزانتر هم هستند. دوستانی که میگوین از این نخ ایراد نگیرید و برید روش درست نخ کشیدن را یاد بگیریم, در جواب باید بگم من خودم همیشه با یک روش نخ میزنم حتی اگر هم اشتباه باشد نخهای مشابهی هستند که پاره نمیشون و من دارم استفاده میکنم اما این خیلی زود پاره میشود",1
1887,"من نخ دندان زیاد مصرف میکنم. اکثر برندهای ایرانی و خارجی را امتحان کردم. به نظر من با این هزینه برندهای مشابه خارجی که داخل همین دیجی کالا هم موجود هست بخرید مانند اورال بی. برندهای ایرانی خیلی خوبی هست که ارزانتر هم هستند. دوستانی که میگوین از این نخ ایراد نگیرید و برید روش درست نخ کشیدن را یاد بگیریم, در جواب باید بگم من خودم همیشه با یک روش نخ میزنم حتی اگه هم اشتباه باشد نخهای مشابهی هستند که پاره نمیشون و من دارم استفاده میکنم اما این خیلی زود پاره میشود",1
1888,"من نخ دندان زیاد مصرف میکنم. اکثر برندهای ایرانی و خارجی را امتحان کردم. به نظر من با این هزینه برندهای مشابه خارجی که داخل همین دیجی کالا هم موجود هست بخرید مانند اورال بی. برندهای ایرانی خیلی خوبی هست که ارزانتر هم هستند. دوستانی که میگوین از این نخ ایراد نگیرید و برید روش درست نخ کشیدن را یاد بگیریم, در جواب باید بگم من خودم همیشه با یک روش نخ میزنم حتی اگر هم اشتباه باشد نخهای مشابهی هستند که پاره نمیشون و من دارم استفاده میکنم و این خیلی زود پاره میشود",1
1889,"من نخ دندان زیاد مصرف میکنم. اکثر برندهای ایرانی و خارجی را امتحان کردم. به نظر من با این هزینه برندهای مشابه خارجی که داخل همین دیجی کالا هم موجود هست بخرید مانند اورال بی. برندهای ایرانی خیلی خوبی هست که ارزانتر هم هستند. دوستانی که میگوین از این نخ ایراد نگیرید و یک روش درست نخ کشیدن را یاد بگیریم, در جواب باید بگم من خودم همیشه با یک روش نخ میزنم حتی اگر هم اشتباه باشد نخهای مشابهی هستند که پاره نمیشون و من دارم استفاده میکنم اما این خیلی زود پاره میشود",1
1890,"من نخ دندان زیاد مصرف میکنم. اکثر برندهای ایرانی و خارجی را امتحان کردم. از نظر من با این هزینه برندهای مشابه خارجی که داخل همین دیجی کالا هم موجود هست بخرید مانند اورال بی. برندهای ایرانی خیلی خوبی هست که ارزانتر هم هستند. دوستانی که میگوین از این نخ ایراد نگیرید و برید روش درست نخ کشیدن را یاد بگیریم, در جواب باید بگم من خودم همیشه با یک روش نخ میزنم حتی اگر هم اشتباه باشد نخهای مشابهی هستند که پاره نمیشون و من دارم استفاده میکنم اما این خیلی زود پاره میشود",1
1891,"من نخ دندان زیاد مصرف میکنم. اکثر برندهای ایرانی و خارجی را امتحان کردم. به نظر من با این روش برندهای مشابه خارجی که داخل همین دیجی کالا هم موجود هست بخرید مانند اورال بی. برندهای ایرانی خیلی خوبی هست که ارزانتر هم هستند. دوستانی که میگوین از این نخ ایراد نگیرید و برید روش درست نخ کشیدن را یاد بگیریم, در جواب باید بگم من خودم همیشه با یک روش نخ میزنم حتی اگر هم اشتباه باشد نخهای مشابهی هستند که پاره نمیشون و من دارم استفاده میکنم اما این خیلی زود پاره میشود",1
1892,من نخ دندان زیاد مصرف میکنم. اکثر برندهای ایرانی و خارجی را امتحان کردم. به نظر من با این هزینه برندهای مشابه خارجی که داخل همین دیجی کالا هم موجود هست بخرید مانند اورال بی. برندهای ایرانی خیلی خوبی هست که ارزانتر هم هستند. دوستانی که میگوین از این نخ ایراد نگیرید و برید روش درست نخ کشیدن را یاد بگیرید در جواب باید بگم من خودم همیشه با یک روش نخ میزنم حتی اگر هم اشتباه باشد نخهای مشابهی هستند که پاره نمیشون و من دارم استفاده میکنم اما این خیلی زود پاره میشود,1
1893,"من خمیر دندان زیاد مصرف میکنم. اکثر برندهای ایرانی و خارجی را امتحان کردم. به نظر من با این هزینه برندهای مشابه خارجی که داخل همین دیجی کالا هم موجود هست بخرید مانند اورال بی. برندهای ایرانی خیلی خوبی هست که ارزانتر هم هستند. دوستانی که میگوین از این نخ ایراد نگیرید و برید روش درست نخ کشیدن را یاد بگیریم, در جواب باید بگم من خودم همیشه با یک روش نخ میزنم حتی اگر هم اشتباه باشد نخهای مشابهی هستند که پاره نمیشون و من دارم استفاده میکنم اما این خیلی زود پاره میشود",1
1894,"من نخ دندان زیاد مصرف میکنم. اکثر برندهای ایرانی و خارجی را امتحان کردم. به نظر من با این هزینه برندهای مشابه خارجی که داخل همین دیجی ما هم موجود هست بخرید مانند اورال بی. برندهای ایرانی خیلی خوبی هست که ارزانتر هم هستند. دوستانی که میگوین از این نخ ایراد نگیرید و برید روش درست نخ کشیدن را یاد بگیریم, در جواب باید بگم من خودم همیشه با یک روش نخ میزنم حتی اگر هم اشتباه باشد نخهای مشابهی هستند که پاره نمیشون و من دارم استفاده میکنم اما این خیلی زود پاره میشود",1
1895,"من نخ دندان زیاد مصرف میکنم. اکثر برندهای ایرانی و خارجی را امتحان کردم. به نظر من با این هزینه برندهای مشابه خارجی که داخل همین دیجی کالا هم موجود هست بخرید مانند اورال بی. برندهای ایرانی خیلی خوبی هست که ارزانتر هم هستند. دوستانی که میگویند از این نخ ایراد نگیرید و برید روش درست نخ کشیدن را یاد بگیریم, در جواب باید بگم من خودم همیشه با یک روش نخ میزنم حتی اگر هم اشتباه باشد نخهای مشابهی هستند که پاره نمیشون و من دارم استفاده میکنم اما این خیلی زود پاره میشود",1
1896,کیفیت سریها اصلا خوب ؟,1
1897,کیفیت سریها اصلا خوب!,1
1898,کیفیت سریها اصلا خوب نیست,1
1899,کاملا به درد نخور اصلا متاسفم که پشیمان میشوید,1
1900,کاملا به هم نخور اصلا نخرید که پشیمان میشوید,1
1901,کاملا به درد نخور اصلا وقتی که پشیمان میشوید,1
1902,جنس برس و مسواک پلاستیک فوقالعاده بی کیفیته است که البته انتطار بیشترم نمیشود داشت در این قیمت,1
1903,جنس برس سر این پلاستیک فوقالعاده بی کیفیته است که البته انتطار بیشترم نمیشود داشت در این قیمت,1
1904,جنس برس سر مسواک پلاستیک فوقالعاده بی کیفیته است که البته انتطار بیشترم نمیشود داشت در این.,1
1905,جنس برس سر مسواک هم فوقالعاده بی کیفیته است که البته انتطار بیشترم نمیشود داشت در این قیمت,1
1906,جنس برس سر مسواک پلاستیک فوقالعاده بی کیفیته ، که البته انتطار بیشترم نمیشود داشت در این قیمت,1
1907,بعد یک ماه استفاده خارهای سمت micro usb فرو رفت داخل من با هر بار شارژ باید این خارها را با چاقو بالا بیاورم تا در نیاد بیرون,1
1908,بعد یک ماه استفاده خارهای سمت micro usb فرو رفت داخل من برای هر بار شارژ باید این خارها را با چاقو بالا بیاورم تا در بیاید بیرون,1
1909,بعد یک ماه استفاده خارهای سمت micro usb فرو رفته داخل من برای هر بار شارژ باید این خارها را با چاقو بالا بیاورم تا در نیاد بیرون,1
1910,بعد یک ماه استفاده خارهای سمت micro usb فرو رفت داخل من برای هر بار شارژ باید این خارها را با چاقو بالا بیاورم تا اب نیاد بیرون,1
1911,بعد یک ماه استفاده خارهای سمت micro usb فرو رفت داخل من برای هر بار شارژ میتوانم این خارها را با چاقو بالا بیاورم تا در نیاد بیرون,1
1912,بعد یک ماه استفاده خارهای سمت micro usb فرو رفت داخل من برای یک بار شارژ باید این خارها را با چاقو بالا بیاورم تا در نیاد بیرون,1
1913,بعد یک ماه استفاده خارهای usb micro usb فرو رفت داخل من برای هر بار شارژ باید این خارها را با چاقو بالا بیاورم تا در نیاد بیرون,1
1914,اصلا راضی!,1
1915,من راضی نیستم,1
1916,تصویر ارسالی فروشنده ارايه داده با جنس ارسالی فرق میکند,1
1917,تصویر که فروشنده نشان داده با جنس ارسالی فرق میکند,1
1918,تصویر فروشنده فروشنده ارايه داده با جنس ارسالی فرق میکند,1
1919,تصویر که فروشنده ارايه میدهد با جنس ارسالی فرق میکند,1
1920,بسیار بیکیفیت و بدون استاندارد,1
1921,بسیار بیکیفیت ، غیر استاندارد,1
1922,بسیار بیکیفیت و غیر!,1
1923,با درود بر همگی بزرگترین مشکل این کابل اینه که سوکت نری یه سطح مقطع دایرهای هستش که با اکثر کاورهای موبایل تداخل داره,1
1924,با درود بر همگی بزرگترین مشکل این کابل اینه که سوکت ان دارای سطح مقطع دایرهای هستش که با اکثر کاورهای موبایل تداخل داره,1
1925,با سلام بر همگی بزرگترین مشکل این کابل اینه که سوکت نری دارای سطح مقطع دایرهای هستش که با اکثر کاورهای موبایل تداخل داره,1
1926,با درود بر شما بزرگترین مشکل این کابل اینه که سوکت نری دارای سطح مقطع دایرهای هستش که با اکثر کاورهای موبایل تداخل داره,1
1927,با درود بر همگی بزرگترین مزیت این کابل اینه که سوکت نری دارای سطح مقطع دایرهای هستش که با اکثر کاورهای موبایل تداخل داره,1
1928,با درود بر همگی بزرگترین مشکل این کابل اینه که سوکت نری دارای سطح مقطع دایرهای هستش که با اکثر کاورهای کابل تداخل داره,1
1929,در کل هر چه قیمت پایید باشد بدانید که یجای کار.,1
1930,در کل به چه قیمت پایید باشد بدانید که یجای کار میلنگد,1
1931,در کل هر چه قیمت پایید باشد ، که یجای کار میلنگد,1
1932,در نهایت هر چه قیمت پایید باشد بدانید که یجای کار میلنگد,1
1933,اصلا کار نمیکند ، با شارژر نه پا پاوربانک,1
1934,اصلا کار نمیکند نه پا شارژر نه پا پاوربانک,1
1935,اصلا کار نمیکند! با شارژر نه پا پاوربانک,1
1936,جالبه است این سیم صدا که به صورت نازک پخش میکند خلاصش که کیفیت صدا را ضعیفتر از سیمای دیگر منتقل میکند,1
1937,جالبه است این سیم صدا را به صورت نازک پخش میکند چرا که کیفیت صدا را ضعیفتر از سیمای دیگر منتقل میکند,1
1938,جالبه است این سیم صدا را به صورت نازک پخش میکند خلاصش که کیفیت صدا را ضعیفتر از سیمای دیگر منتقل میکند,1
1939,جالبه است وقتی سیم صدا را به صورت نازک پخش میکند خلاصش که کیفیت صدا را ضعیفتر از سیمای دیگر منتقل میکند,1
1940,جالبه است این سیم صدا را به صورت نازک پخش میکند خلاصش که کیفیت صدا را ضعیفتر از سیمای دیگر پخش میکند,1
1941,جالبه است این سیم صدا را به صورت نازک پخش میکند خلاصش که کیفیت صدا را ضعیفتر از سیمای دیگر صدا میکند,1
1942,پراید تقریبا با برندهای خارجی یکی بود اما کیفیتش از انها خیلی پایینتره است,1
1943,ایران تقریبا با برندهای خارجی یکی بود اما کیفیتش از انها خیلی پایینتره است,1
1944,قیمتش تقریبا با برندهای خارجی یکی بود اما کیفیتش از انها خیلی بیشتر است,1
1945,قیمتش تقریبا با برندهای خارجی یکی بود اما قیمتش از انها خیلی پایینتره است,1
1946,من خریدم از همان روز اول مشکل داشت و بگیر نگیر داشت دو سه روز که گذشت دیگر شارژ نداشت.,1
1947,من خریدم از همان روز اول مشکل داشت و بگیر نگیر داشت دو چهار روز که گذشت دیگر شارژ نکرد.,1
1948,من خریدم از همان روز اول مشکل داشت و بگیر نگیر داشت دو سه روز که گذشت مرا شارژ نکرد.,1
1949,من خریدم از همان روز اول مشکل شارژ و بگیر نگیر داشت دو سه روز که گذشت دیگر شارژ نکرد.,1
1950,من خریدم از همان روزهای اول مشکل داشت و بگیر نگیر داشت دو سه روز که گذشت دیگر شارژ نکرد.,1
1951,من خریدم از همان روز اول مشکل داشت و بگیر نگیر داشت دو سه روز که بود دیگر شارژ نکرد.,1
1952,بعد از عدد ماه کارکرد دیگر گوشی اوايل گوشی با سرعت شارژ نمیشود و انتقال دیتا نیز دیگر انجام نمیشود,1
1953,بعد از عدد ماه کارکرد ، مثل اوايل گوشی با سرعت شارژ نمیشود و انتقال دیتا نیز دیگر انجام نمیشود,1
1954,بعد از عدد ماه کارکرد دیگر مثل اوايل گوشی با سرعت شارژ نمیشود و مصرف دیتا نیز دیگر انجام نمیشود,1
1955,بعد از عدد ماه کارکرد دیگر مثل اوايل گوشی با سرعت شارژ نمیشود و انتقال دیتا هم دیگر انجام نمیشود,1
1956,بعد از عدد ماه کارکرد دیگر مثل اوايل گوشی با سرعت شارژ نمیشود و انتقال اطلاعات نیز دیگر انجام نمیشود,1
1957,بعد از عدد ماه کارکرد دیگر مثل اوايل گوشی با باتری شارژ نمیشود و انتقال دیتا نیز دیگر انجام نمیشود,1
1958,این اصلا ارزش خرید ندارد,1
1959,او اصلا ارزش خرید ندارد,1
1960,افتضاح که ارزش خرید ندارد,1
1961,این لاک امروز به دستم رسید. اصلا رنگش بژ نیست. کاملا به رنگ مسی براق هستش و رنگش را دوست دارم,1
1962,این لاک امروز به دستم رسید. اصلا رنگش بژ نیست. کاملا به رنگ مسی براق هستش و رنگش را دوست نداشتم,1
1963,این لاک امروز به دستم رسید. اصلا رنگش بژ نبود. کاملا به رنگ مسی براق هستش و رنگش را دوست نداشتم,1
1964,این لاک امروز از دستم رسید. اصلا رنگش بژ نیست. کاملا به رنگ مسی براق هستش و رنگش را دوست نداشتم,1
1965,این لاک امروز به دستم رسیده. اصلا رنگش بژ نیست. کاملا به رنگ مسی براق هستش و رنگش را دوست نداشتم,1
1966,این لاک امروز به دستم رسید. اصلا رنگ بژ نیست. کاملا به رنگ مسی براق هستش و رنگش را دوست نداشتم,1
1967,بعد انداختمش سطل اشغال,1
1968,من انداختمش سطل.,1
1969,رنگ و مدل محصول با عکسهای این محصول متفاوت است,1
1970,رنگ و ظاهر محصول با عکسهای معرفی محصول متفاوت است,1
1971,رنگ و مدل محصول با عکسهای معرفی محصول متفاوت!,1
1972,رنگ و مدل محصول با عکسهای معرفی محصول یکسان است,1
1973,یک پوسته میشود ، خوب نیست,1
1974,پوسته پوسته میشود ، خوب ؟,1
1975,پوسته پوسته میشود ، خوب!,1
1976,سلام. دوستان دستم به درد نمیخورد. من گرفتم هنوز عدد روز نشده سرش خراب شد ….,1
1977,سلام. دوستان اصلا به درد نمیخورد. من گرفتم هنوز عدد روز نشده سرش خراب است ….,1
1978,سلام. دوستان اصلا به درد نمیخورد. من گرفتم هنوز عدد روز نشده سرش خراب شده ….,1
1979,سلام. دوستان اصلا به درد نمیخورد. من گرفتم هنوز عدد ضرب نشده سرش خراب شد ….,1
1980,سلام. دوستان اصلا به درد نمیخورد. من گرفتم هنوز عدد حل نشده سرش خراب شد ….,1
1981,این ایده به دستم رسید و با اولین امتحان پلاستیک دورش شکست ولی کار میکند,1
1982,این کار به دستم رسید و با اولین امتحان پلاستیک دورش شکست ولی کار میکند,1
1983,این محصول به موفقیت رسید و با اولین امتحان پلاستیک دورش شکست ولی کار میکند,1
1984,این محصول به دستم رسید و با اولین امتحان پلاستیک دورش شکست ولی فرق میکند,1
1985,این محصول به دستم رسید و با یک امتحان پلاستیک دورش شکست ولی کار میکند,1
1986,لاک اصلا رنگ نشان دادهشده نیست و خیلی کمرنگ هست و از رنگهای شیشهای هست و باید چند بار زده شود و خیلی دیر خشک میشکه,1
1987,لاک اصلا رنگ نشان دادهشده نیست ، خیلی کمرنگ هست و از رنگهای شیشهای هست و باید چند لایه زده شود و خیلی دیر خشک میشکه,1
1988,لاک پشت رنگ نشان دادهشده نیست و خیلی کمرنگ هست و از رنگهای شیشهای هست و باید چند لایه زده شود و خیلی دیر خشک میشکه,1
1989,لاک اصلا رنگ نشان دادهشده نیست و خیلی نازک هست و از رنگهای شیشهای هست و باید چند لایه زده شود و خیلی دیر خشک میشکه,1
1990,لاک اصلا رنگ نشان دادهشده نیست و خیلی کمرنگ است و از رنگهای شیشهای هست و باید چند لایه زده شود و خیلی دیر خشک میشکه,1
1991,لاک اصلا رنگ نشان دادهشده نیست و خیلی کمرنگ هست و از رنگهای شیشهای هست و باید چند لایه باشد و خیلی دیر خشک میشکه,1
1992,و اصلا رنگ نشان دادهشده نیست و خیلی کمرنگ هست و از رنگهای شیشهای هست و باید چند لایه زده شود و خیلی دیر خشک میشکه,1
1993,باز هم مثل همیشه اشتباه بزرگی کردید.,1
1994,شما هم مثل همیشه اشتباه ارسال کردید.,1
1995,باز هم مثل همیشه پیام ارسال کردید.,1
1996,بدترین خریدی بود من داشتم ، دو هفته هم کار نکرد,1
1997,بدترین خریدی هم که داشتم ، دو هفته هم کار نکرد,1
1998,بدترین خریدی بود که داشتم ، دو هفته هم کار.,1
1999,اولین خریدی بود که داشتم ، دو هفته هم کار نکرد,1
2000,متاسفانه من نسبت بهش حساسیت داشتم و پوستم را خشک و قرمز میکردم ولی این دلیل بر کیفیت بدش نیست ، چون همه خیلی ازش تعریف میکردن,1
2001,متاسفانه من نسبت بهش حساسیت داشتم و پوستم را خشک و قرمز کرد ولی این دلیل بر کیفیت بدش نیست ، بلکه همه خیلی ازش تعریف میکردن,1
2002,متاسفانه من نسبت بهش حساسیت داشتم و پوستم را خشک و قرمز کرد ولی این دلیل بر روی بدش نیست ، چون همه خیلی ازش تعریف میکردن,1
2003,متاسفانه من نسبت بهش حساسیت داشتم که پوستم را خشک و قرمز کرد ولی این دلیل بر کیفیت بدش نیست ، چون همه خیلی ازش تعریف میکردن,1
2004,متاسفانه من نسبت بهش حساسیت دارم و پوستم را خشک و قرمز کرد ولی این دلیل بر کیفیت بدش نیست ، چون همه خیلی ازش تعریف میکردن,1
2005,متاسفانه من نسبت بهش حساسیت داشتم و پوستم رو خشک و قرمز کرد ولی این دلیل بر کیفیت بدش نیست ، چون همه خیلی ازش تعریف میکردن,1
2006,متاسفانه من خیلی بهش حساسیت داشتم و پوستم را خشک و قرمز کرد ولی این دلیل بر کیفیت بدش نیست ، چون همه خیلی ازش تعریف میکردن,1
2007,متاسفانه بعد از عدد ماه استفاده از کار ، انتظار داشتم بیش از اینها کار بده ، محل اتصال به usb دچار مشکل شده.,1
2008,متاسفانه بعد از عدد ماه که از کار افتاد انتظار داشتم بیش از اینها کار بده ، محل اتصال به usb دچار مشکل شده.,1
2009,متاسفانه بعد از عدد ماه استفاده از این افتاد انتظار داشتم بیش از اینها کار بده ، محل اتصال به usb دچار مشکل شده.,1
2010,متاسفانه بعد از عدد ماه استفاده از کار افتاد انتظار داشتم بیش از اینها کار بده ، چون اتصال به usb دچار مشکل شده.,1
2011,متاسفانه بعد از عدد ماه استفاده از کار افتاد انتظار داشتم بیش از اینها کار بده ، محل اتصال به usb هم مشکل شده.,1
2012,متاسفانه بعد از عدد ماه استفاده از کار افتاد انتظار داشتم بیشتر از اینها کار بده ، محل اتصال به usb دچار مشکل شده.,1
2013,متاسفانه بعد از عدد ماه استفاده از کار افتاد انتظار داشتم بیش از اینها کار بده ، محل اتصال کابل usb دچار مشکل شده.,1
2014,رنگش همان است که میخواهم,1
2015,رنگش همان نبود. میخواهم,1
2016,رنگش طوری نبود که میخواهم,1
2017,کیفیتش اصلا خوب نیست ، خیلی هم شارژ میکند,1
2018,کیفیتش اصلا مناسب نیست ، دیر هم شارژ میکند,1
2019,کیفیتش اصلا خوب نیست ، دیر هم بازی میکند,1
2020,کیفیت :,1
2021,کیفیت ؟,1
2022,تاثیر زیادی ندیدم ازش. با هزینهای که صرف کردم توقع بیشتری داشتم.,1
2023,تاثیر خاصی ندیدم ازش. با هزینهای هم صرف کردم توقع بیشتری داشتم.,1
2024,تاثیر خاصی ندیدم ازش. با هزینهای که صرف کردم درامد بیشتری داشتم.,1
2025,تاثیر خاصی ندیدم ازش. از هزینهای که صرف کردم توقع بیشتری داشتم.,1
2026,خیلی کوچک هست ، نسبت به پولی که دارد ارزش خرید ندارد.,1
2027,خیلی کوچک هست ، نسبت به پولی که میدید ارزش خرید داشت.,1
2028,خیلی کوچک هست ، نسبت با پولی که میدید ارزش خرید ندارد.,1
2029,خیلی کوچک هست ، نسبت به پولی که میدید ارزش خرید دارد.,1
2030,او کار نکرد,1
2031,اصلا تعجب نکرد,1
2032,اولین ضربه ترک!,1
2033,این ضربه ترک برداشت,1
2034,اصلا تصویر جوکر واضح است.,1
2035,اصلا داستان جوکر واضح نیست.,1
2036,البته تصویر جوکر واضح نیست.,1
2037,اینطور نیست,1
2038,درست نیست,1
2039,جنسش خیلی خوبه.,1
2040,جواب خیلی بده.,1
2041,من پوستم خشک و حساسه است ، بعد از استفاده تمام پوستم خشکی زد در حدی که بعد از یک هفته با هر روغن و پماد و مرطوبکنندهای که استفاده کردم خوب نشد کامل ، پوستم را حسابی خراب کرد,1
2042,من پوستم خشک و حساسه است ، بعد از استفاده تمام پوستم خشکی داشت در حدی که بیشتر از یک هفته با هر روغن و پماد و مرطوبکنندهای که استفاده کردم خوب نشد کامل ، پوستم را حسابی خراب کرد,1
2043,من پوستم خشک و حساسه است ، بعد از استفاده تمام پوستم جوش زد در حدی که بیشتر از یک هفته با هر روغن و پماد و مرطوبکنندهای که استفاده کردم خوب نشد کامل ، پوستم را حسابی خراب کرد,1
2044,من پوستم خشک و حساسه است ، بعد از استفاده تمام پوستم خشکی زد به حدی که بیشتر از یک هفته با هر روغن و پماد و مرطوبکنندهای که استفاده کردم خوب نشد کامل ، پوستم را حسابی خراب کرد,1
2045,من پوستم خشک و حساسه است ، بعد از استفاده تمام پوستم خشکی زد تا حدی که بیشتر از یک هفته با هر روغن و پماد و مرطوبکنندهای که استفاده کردم خوب نشد کامل ، پوستم را حسابی خراب کرد,1
2046,من پوستم خشک و حساسه است ، بعد از استفاده تمام پوستم خشکی زد در حدی که بیشتر از یک هفته با هر روغن و مرطوبکننده و مرطوبکنندهای که استفاده کردم خوب نشد کامل ، پوستم را حسابی خراب کرد,1
2047,من پوستم خشک و حساسه است ، بعد از استفاده تمام پوستم خشکی زد در حدی که بیشتر از یک هفته با هر روغن و پماد و مرطوبکنندهای که استفاده کردم خوب نشد کامل ، پوستم را حسابی خشک کرد,1
2048,من پوستم خشک و حساسه است ، بعد از مدتی تمام پوستم خشکی زد در حدی که بیشتر از یک هفته با هر روغن و پماد و مرطوبکنندهای که استفاده کردم خوب نشد کامل ، پوستم را حسابی خراب کرد,1
2049,من پوستم خشک و حساسه است ، بعد از استفاده تمام پوستم خشکی زد در حدی که بیشتر از یک هفته با هر روغن و پماد و مرطوبکنندهای که استفاده کردم و نشد کامل ، پوستم را حسابی خراب کرد,1
2050,من پوستم خشک و حساسه است ، بعد از استفاده تمام پوستم خشکی زد در حدی که بیشتر از یک هفته با هر روغن و پماد و مرطوبکنندهای که استفاده کردم خوب نشد کامل ، پوستم مرا حسابی خراب کرد,1
2051,رنگش زرد و بیشتر به خردلی میخورد,1
2052,رنگش زرد است بیشتر به خردلی میخورد,1
2053,رنگش زرد نیست بیشتر گاز خردلی میخورد,1
2054,لطفا خریداری نکنید زیرا ممکن است ماشین شما به اتش کشیده شود,1
2055,لطفا خریداری نکنید زیرا قرار است خانه شما به اتش کشیده شود,1
2056,لطفا خریداری کنید زیرا ممکن است خانه شما به اتش کشیده شود,1
2057,لطفا خریداری نکنید زیرا ممکن است خانه شما به اتش بیفتد,1
2058,قطع شد یکهو نفهمیدم چرا,1
2059,قطع شد یکهو گفت چرا,1
2060,قطع شد و نمیدانم چرا,1
2061,بعد اینکه موها خشک میشود حالت چسبنده پیدا میکند موها را پشم میشون.. اصلا هم مناسب موخوره نیست.. چون بدترش کرد موهایم را,1
2062,بعد اینکه موها خشک میشود حالت چسبنده پیدا میکند موها مثل پشم میشون.. اصلا هم مناسب موخوره نیست.. چون نمیشود کرد موهایم را,1
2063,بعد اینکه موها خشک میشود حالت چسبنده پیدا میکند موها مثل پشم میشون.. اصلا هم مناسب موخوره نیست... بدترش کرد موهایم را,1
2064,بعد اینکه موها خشک میشود حالت چسبنده پیدا میکند موها مثل پشم میشون.. اصلا هم مناسب موخوره نیستند.. چون بدترش کرد موهایم را,1
2065,بعد اینکه موها خشک میشود حالت ارتجاعی پیدا میکند موها مثل پشم میشون.. اصلا هم مناسب موخوره نیست.. چون بدترش کرد موهایم را,1
2066,بعد اینکه مو خشک میشود حالت چسبنده پیدا میکند موها مثل پشم میشون.. اصلا هم مناسب موخوره نیست.. چون بدترش کرد موهایم را,1
2067,بعد اینکه موها خشک میشود و چسبنده پیدا میکند موها مثل پشم میشون.. اصلا هم مناسب موخوره نیست.. چون بدترش کرد موهایم را,1
2068,اصلا بدرد نمیخورد امروزدستم امد من تا الان نزدیک ۱۰۰ عدد سفارش داشتم هرچی گرفتم اشتباه کردن نخرید نخرید پشیمان میشوید,1
2069,اصلا بدرد نمیخورد امروزدستم امد من تا الان نیاز به عدد سفارش داشتم هرچی گرفتم اشتباه کردن نخرید نخرید پشیمان میشوید,1
2070,اصلا بدرد نمیخورد امروزدستم امد من تا الان نزدیک به عدد سفارش داشتم هرچی گرفتم اشتباه کردن نخرید نخرید نخرید میشوید,1
2071,اصلا بدرد نمیخورد امروزدستم امد من همین الان نزدیک به عدد سفارش داشتم هرچی گرفتم اشتباه کردن نخرید نخرید پشیمان میشوید,1
2072,اصلا بدرد نمیخورد خوشم امد من تا الان نزدیک به عدد سفارش داشتم هرچی گرفتم اشتباه کردن نخرید نخرید پشیمان میشوید,1
2073,اصلا بدرد نمیخورد امروزدستم امد من تا الان نزدیک به عدد سفارش داشتم هرچی گرفتم ول کردن نخرید نخرید پشیمان میشوید,1
2074,اصلا خمیر خوبی نیست و بسیار هم اصلا نخرید,1
2075,اصلا خمیر خوبی نیست و بسیار بیکیفیت اصلا.,1
2076,اصلا خمیر خوبی نیست و بسیار بیکیفیت اصلا!,1
2077,دور لنزش در عکس گیپ کاوره است ولی در خودش یک متر فاصله داره,1
2078,دور هم در عکس گیپ کاوره است ولی در خودش یک میلیمتری فاصله داره,1
2079,دور لنزش این عکس گیپ کاوره است ولی در خودش یک میلیمتری فاصله داره,1
2080,دور لنزش در عکس گیپ کاوره است ولی در خودش یک میلیمتری هم داره,1
2081,در اثر تغییر دما سریع ترک میخورد و با کوچکترین ضربهای را پیشنهاد نمیکنم,1
2082,در اثر تغییر دما سریع ترک میخورد و با کوچکترین ضربهای چیزی پیشنهاد نمیکنم,1
2083,در اثر تغییر دما سریع ترک میخورد و با کوچکترین ضربهای میشکند پیشنهاد.,1
2084,در اثر افزایش دما سریع ترک میخورد و با کوچکترین ضربهای میشکند پیشنهاد نمیکنم,1
2085,عکسی که از محصول در دیجی کالا بود مربوط به کابل مشکی رنگ بود ولی پس از ارسال دیدیم که رنگ کابل usb ابی است.,1
2086,تصویری که از محصول در دیجی کالا بود مربوط به کابل ابی رنگ بود ولی پس از ارسال دیدیم که رنگ کابل usb ابی است.,1
2087,تصویری که از محصول در دیجی کالا بود مربوط به کابل مشکی رنگ بود ولی پس از ارسال فهمیدیم که رنگ کابل usb ابی است.,1
2088,تصویری که از محصول در دیجی کالا بود مربوط به کابل مشکی رنگ بود ولی پس از مدتی دیدیم که رنگ کابل usb ابی است.,1
2089,تصویری که از محصول در دیجی کالا بود مربوط یه کابل مشکی رنگ بود ولی پس از ارسال دیدیم که رنگ کابل usb ابی است.,1
2090,تصویری که از محصول در دیجی کالا بود شبیه به کابل مشکی رنگ بود ولی پس از ارسال دیدیم که رنگ کابل usb ابی است.,1
2091,تصویری که از محصول در دیجی کالا بود مربوط به کابل مشکی ان بود ولی پس از ارسال دیدیم که رنگ کابل usb ابی است.,1
2092,واقعا مسخره س! من کلا عدد هفته استفاده کردم و الان شارژ که دیگر هیچ ، شارژ گوشیم را خالی هم میکند!,1
2093,واقعا مسخره س! من کلا عدد هفته استفاده کردم و الان شارژ که نمیکند هیچ ، شارژ گوشیم و خالی هم میکند!,1
2094,واقعا مسخره س! من کلا عدد هفته استفاده کردم و الان شارژ که تقریبا هیچ ، شارژ گوشیم را خالی هم میکند!,1
2095,واقعا مسخره س! من کلا عدد را استفاده کردم و الان شارژ که نمیکند هیچ ، شارژ گوشیم را خالی هم میکند!,1
2096,واقعا مسخره است! من کلا عدد هفته استفاده کردم و الان شارژ که نمیکند هیچ ، شارژ گوشیم را خالی هم میکند!,1
2097,واقعا ؟ س! من کلا عدد هفته استفاده کردم و الان شارژ که نمیکند هیچ ، شارژ گوشیم را خالی هم میکند!,1
2098,اندازه بد رنگ متغایر با :,1
2099,اندازه بد رنگ شما با عکس,1
2100,اندازه بد رنگ متغایر + عکس,1
2101,شارژ ضعیف ، ساختار ضعیف ، سوکت غیر استاندارد,1
2102,شارژ کند ، ساختار ضعیف ، سوکت غیر.,1
2103,شارژ کند ، ساختار ضعیف ، باتری غیر استاندارد,1
2104,به هیچ دردی نمیخورد وقتی جعبه گوشی را باز کردم و دیدم و انداختم را گوشی دیدم به هیچ دردی نمیخورد و انداختمش در سطل زباله,1
2105,به هیچ دردی نمیخورد وقتی جعبه اش را باز کردم و دیدم و انداختم را گوشی دیدم به هیچ دردی نمیخورد و انداختمش توی سطل زباله,1
2106,به هیچ دردی نمیخورد وقتی گوشی اش را باز کردم و دیدم و انداختم را گوشی دیدم به هیچ دردی نمیخورد و انداختمش در سطل زباله,1
2107,به هیچ دردی نمیخورد وقتی جعبه اش را باز کردم و دیدم و ان را گوشی دیدم به هیچ دردی نمیخورد و انداختمش در سطل زباله,1
2108,به هیچ دردی نمیخورد وقتی جعبه اش را باز کردم و دیدم و انداختم را که دیدم به هیچ دردی نمیخورد و انداختمش در سطل زباله,1
2109,به هیچ دردی نمیخورد وقتی جعبه اش را باز کردم و دیدم و انداختم را گوشی دیدم به هیچ دردی نمیخورد و رفت در سطل زباله,1
2110,به هیچ دردی نمیخورد وقتی جعبه اش را باز کرد و دیدم و انداختم را گوشی دیدم به هیچ دردی نمیخورد و انداختمش در سطل زباله,1
2111,.,1
2112,:,1
2113,یک شامپوی ضد شوره بود,1
2114,این شامپوی ضد شوره بود,1
2115,بدترین شامپو ضد شوره بود,1
2116,ده دقیقه باید روی مو خیس بموند فکر نکنم کسی حوصله ده دقیقه انتظار برای شستن مو داشته باشد و اینکه کسی ساعت نمیبرد در حمام,1
2117,ده دقیقه باید روی مو خیس بموند فکر نکنم کسی حوصله ده دقیقه انتظار برای ماسک مو داشته باشد یا اینکه کسی ساعت نمیبرد در حمام,1
2118,ده دقیقه باید روی مو خیس بموند فکر نکنم کسی حوصله ده دقیقه انتظار برای ماسک مو داشته باشد و اینکه کسی ساعت را در حمام,1
2119,ده دقیقه باید روی مو خیس بموند فکر نکنم فردی حوصله ده دقیقه انتظار برای ماسک مو داشته باشد و اینکه کسی ساعت نمیبرد در حمام,1
2120,ده دقیقه باید روی مو خیس بموند فکر نکنم کسی حوصله ده دقیقه انتظار برای ماسک مو داشته باشد و اینکه کسی ساعت شب در حمام,1
2121,ده ساعت باید روی مو خیس بموند فکر نکنم کسی حوصله ده دقیقه انتظار برای ماسک مو داشته باشد و اینکه کسی ساعت نمیبرد در حمام,1
2122,ده دقیقه اب روی مو خیس بموند فکر نکنم کسی حوصله ده دقیقه انتظار برای ماسک مو داشته باشد و اینکه کسی ساعت نمیبرد در حمام,1
2123,کلیدهاش به شدت سفته که باید دست پهلوونی داشته باشی ولی به گفته دوستمان شاید بعد از چند روز عمل کند که من امتحان کردم وهمان کاور فابریک گذاشتم,1
2124,کلیدهاش به شدت سفته که باید دست پهلوونی داشته باشی ولی به گفته دوستمان شاید بعد از چند ساعت عمل کند که من امتحان نکردم وهمان کاور فابریک گذاشتم,1
2125,کلیدهاش به شدت سفته که باید دست پهلوونی داشته باشی ولی به گفته دوستمان شاید بعد از چند روز عمل کنم که من امتحان نکردم وهمان کاور فابریک گذاشتم,1
2126,کلیدهاش به شدت سفته که باید دست پهلوونی داشته باشی ولی به قول دوستمان شاید بعد از چند روز عمل کند که من امتحان نکردم وهمان کاور فابریک گذاشتم,1
2127,کلیدهاش به شدت سفته که باید یک پهلوونی داشته باشی ولی به گفته دوستمان شاید بعد از چند روز عمل کند که من امتحان نکردم وهمان کاور فابریک گذاشتم,1
2128,کلیدهاش به شدت سفته که باید دست پهلوونی داشته باشی ولی به هر دوستمان شاید بعد از چند روز عمل کند که من امتحان نکردم وهمان کاور فابریک گذاشتم,1
2129,کلیدهاش به شدت سفته که باید دست پهلوونی داشته باشی و به گفته دوستمان شاید بعد از چند روز عمل کند که من امتحان نکردم وهمان کاور فابریک گذاشتم,1
2130,اصلا توصیه نمیکنم چون حتی از برندهای ایرانی هم خیلی کیفیت پایینتری داره با این قیمت برندهای ایرانی از پونه نسیم تاژ خیلی بهتر هستند,1
2131,اصلا توصیه نمیکنم چون حتی از برندهای ایرانی هم خیلی کیفیت پایینتری داره با این قیمت برندهای ایرانی مثل پونه و تاژ خیلی بهتر هستند,1
2132,اصلا توصیه نمیکنم چون حتی از برندهای ایرانی هم که کیفیت پایینتری داره با این قیمت برندهای ایرانی مثل پونه نسیم تاژ خیلی بهتر هستند,1
2133,اصلا توصیه نمیکنم چون حتی از محصولات ایرانی هم خیلی کیفیت پایینتری داره با این قیمت برندهای ایرانی مثل پونه نسیم تاژ خیلی بهتر هستند,1
2134,اصلا توصیه نمیکنم که حتی از برندهای ایرانی هم خیلی کیفیت پایینتری داره با این قیمت برندهای ایرانی مثل پونه نسیم تاژ خیلی بهتر هستند,1
2135,اصلا توصیه نمیکنم چون حتی از برندهای ایرانی هم خیلی کیفیت پایینتری دارند با این قیمت برندهای ایرانی مثل پونه نسیم تاژ خیلی بهتر هستند,1
2136,اصلا توصیه نمیکنم چون حتی از برندهای ایرانی هم خیلی کیفیت پایینتری داره با اینکه قیمت برندهای ایرانی مثل پونه نسیم تاژ خیلی بهتر هستند,1
2137,نخ دندان بسیار زخیم مشابه نخ دندانهای ایرانی کیفیت پایید بطوری که هر بار استفاده میکنید نیاز به یک نخ دندان دارید نه اینکه خود این را دربیارید.,1
2138,نخ دندانهای بسیار زخیم مشابه نخ دندانهای ایرانی کیفیت پایید بطوری که هر بار استفاده میکنید نیاز به یک نخ دندان دارید برای اینکه خود این را دربیارید.,1
2139,نخهای دندان بسیار زخیم مشابه نخ دندانهای ایرانی کیفیت پایید بطوری که هر بار استفاده میکنید نیاز به یک نخ دندان دارید برای اینکه خود این را دربیارید.,1
2140,نخ دندان بسیار زخیم مشابه نخ دندانهای ایرانی کیفیت پایید بطوری که هر بار استفاده میکنید نیاز به یک نخ دندان دارید برای اینکه بتوانید این را دربیارید.,1
2141,نخ دندان بسیار زخیم مشابه نخ دندانهای ایرانی کیفیت پایید بطوری که یک بار استفاده میکنید نیاز به یک نخ دندان دارید برای اینکه خود این را دربیارید.,1
2142,نخ دندان بسیار زخیم مشابه نخ دندانهای ایرانی کیفیت پایید بطوری که هر بار استفاده میکنید نیاز به یک نخ دندان ندارید برای اینکه خود این را دربیارید.,1
2143,نخ دندان بسیار زخیم مشابه نخ دندان ایرانی کیفیت پایید بطوری که هر بار استفاده میکنید نیاز به یک نخ دندان دارید برای اینکه خود این را دربیارید.,1
2144,بد بو و بیکیفیت اصلا.,1
2145,بد بو و بیکیفیت هم نخرید,1
2146,بد بو و بیکیفیت اصلا!,1
2147,من با توجه به نظرات دوستان خرید کردم ولی تاثیر خاصی ندیدم چون خمیردندان معمولی بود,1
2148,من با توجه به نظرات دوستان بازی کردم ولی تاثیر خاصی ندیدم یک خمیردندان معمولی بود,1
2149,من با توجه به سلیقه دوستان خرید کردم ولی تاثیر خاصی ندیدم یک خمیردندان معمولی بود,1
2150,من با توجه با نظرات دوستان خرید کردم ولی تاثیر خاصی ندیدم یک خمیردندان معمولی بود,1
2151,من با توجه به نظرات دوستان خرید کردم و تاثیر خاصی ندیدم یک خمیردندان معمولی بود,1
2152,اصلا ارزش ندارد ، بسیار بیخاصیت,1
2153,اصلا ارزش ندارد و بسیار.,1
2154,اصلا ارزش دارد و بسیار بیخاصیت,1
2155,من این کابل رو برای گوشی نوکیای خودم خریدم. ظاهرش اینقدر خوب بود که گفتم بعد از خرید چند کابل قلابی بالاخره یک کابل درست و حسابی بدهستم رسیده ولی متاسفانه اینم اتصالی داره و مدام قطع و وصل میشود و مرجوعش میکنم.,1
2156,من این کابل را برای گوشی نوکیای خودم خریدم. ظاهرش اینقدر خوب بود که گفتم بعد از خرید چند کابل قلابی بالاخره یک کابل درست و حسابی بدهستم رسیده ولی متاسفانه اینم اتصالی داره و مدام قطع و وصل میشود و مرجوعش میکنم.,1
2157,من این کابل را برای گوشی ایفون خودم خریدم. ظاهرش اینقدر خوب بود که گفتم بعد از خرید چند کابل قلابی بالاخره یک کابل درست و حسابی بدهستم رسیده ولی متاسفانه اینم اتصالی داره و مدام قطع و وصل میشود و مرجوعش میکنم.,1
2158,من این کابل را برای گوشی نوکیای خودم خریدم. ظاهرش اینقدر خوب بود که گفتم پس از خرید چند کابل قلابی بالاخره یک کابل درست و حسابی بدهستم رسیده ولی متاسفانه اینم اتصالی داره و مدام قطع و وصل میشود و مرجوعش میکنم.,1
2159,من این کابل را برای گوشی نوکیای خودم خریدم. ظاهرش اینقدر خوب بود که گفتم بعد از خرید چند کابل قلابی بالاخره یک کابل درست شده حسابی بدهستم رسیده ولی متاسفانه اینم اتصالی داره و مدام قطع و وصل میشود و مرجوعش میکنم.,1
2160,من این کابل را برای گوشی نوکیای خودم خریدم. ظاهرش اینقدر خوب بود که گفتم بعد از خرید چند کابل قلابی بالاخره این کابل درست و حسابی بدهستم رسیده ولی متاسفانه اینم اتصالی داره و مدام قطع و وصل میشود و مرجوعش میکنم.,1
2161,من این کابل را برای گوشی نوکیای خودم خریدم. ظاهرش اینقدر خوب بود که گفتم بعد از خرید چند کابل قلابی بالاخره یک کابل درست و حسابی بدهستم رسیده ولی متاسفانه اینم اتصالی داره و مدام قطع و زیاد میشود و مرجوعش میکنم.,1
2162,من این کابل را برای گوشی نوکیای خودم خریدم. ظاهرش اینقدر خوب بود که گفتم بعد از خرید چند کابل قلابی بالاخره یک کابل درست و حسابی بدهستم رسیده ولی متاسفانه اینم مشکل داره و مدام قطع و وصل میشود و مرجوعش میکنم.,1
2163,من این کابل را از گوشی نوکیای خودم خریدم. ظاهرش اینقدر خوب بود که گفتم بعد از خرید چند کابل قلابی بالاخره یک کابل درست و حسابی بدهستم رسیده ولی متاسفانه اینم اتصالی داره و مدام قطع و وصل میشود و مرجوعش میکنم.,1
2164,من این گوشی را برای گوشی نوکیای خودم خریدم. ظاهرش اینقدر خوب بود که گفتم بعد از خرید چند کابل قلابی بالاخره یک کابل درست و حسابی بدهستم رسیده ولی متاسفانه اینم اتصالی داره و مدام قطع و وصل میشود و مرجوعش میکنم.,1
2165,من این کابل را برای گوشی نوکیای خودم خریدم. ظاهرش اینقدر خوب بود که گفتم بعد از خرید چند کابل قلابی بالاخره یک کابل درست و حسابی بدهستم رسیده ولی متاسفانه اینم اتصالی داره و مدام قطع و وصل میشه و مرجوعش میکنم.,1
2166,چند دوربین دیجیتال کانن خریداری کردم اما کار نکرد چند تا دوربین کانن دیگر هم امتحان کردم اما کار نکرد,1
2167,برای دوربین دیجیتال کانن خریداری کردم اما کاری نکرد چند تا دوربین کانن دیگر هم امتحان کردم اما کار نکرد,1
2168,برای دوربین دیجیتال کانن خریداری کردم اما کار نکرد چند تا دوربین کانن دیگر را امتحان کردم اما کار نکرد,1
2169,برای دوربین دیجیتال کانن خریداری کردم اما کار نکرد چند تا دوربین کانن دیگر هم خریداری کردم اما کار نکرد,1
2170,یک دوربین دیجیتال کانن خریداری کردم اما کار نکرد چند تا دوربین کانن دیگر هم امتحان کردم اما کار نکرد,1
2171,برای دوربین دیجیتال کانن خریداری کردم اما کار نکرد دو تا دوربین کانن دیگر هم امتحان کردم اما کار نکرد,1
2172,این کاور سیلیکونی اصلی نبود و کیفیت بسیار پایینی داشت,1
2173,سلام جنس سیلیکونی اصلی نبود و کیفیت بسیار پایینی داشت,1
2174,سلام کاور سیلیکونی اصلی نبود و قیمت بسیار پایینی داشت,1
2175,سلام کاور سیلیکونی اصلی نبود و کیفیت بسیار خوبی داشت,1
2176,من اصلا راضی نیستم پس از استفاده دو هفتهای هیچ تاثیری در ان ندیدم.,1
2177,من اصلا راضی نبودم پس از استفاده دو هفتهای هیچ تاثیری در کارم ندیدم.,1
2178,من اصلا راضی نبودم پس از استفاده دو بازیکن هیچ تاثیری در ان ندیدم.,1
2179,من اصلا راضی نبودم و از استفاده دو هفتهای هیچ تاثیری در ان ندیدم.,1
2180,من اصلا راضی نبودم پس از استفاده دو هفتهای ، تاثیری در ان ندیدم.,1
2181,چیزی که به دست من میرسه کاملا متفاوته.,1
2182,چیزی که به دست من رسیده کاملا متفاوته.,1
2183,چیزی ک به دست من رسید کاملا متفاوته.,1
2184,متاسفانه به پوست من نیفتاد … با این پوسته من چربه باز … خشک میشد و پوسته پوسته میشد,1
2185,متاسفانه به پوست من نیفتاد … با این که من چربه باز … خشک میکرد و پوسته پوسته میشد,1
2186,متاسفانه به دست من نیفتاد … با این پوسته من چربه باز … خشک میکرد و پوسته پوسته میشد,1
2187,متاسفانه به پوست من نیفتاد … با این پوسته من چربه باز … رشد میکرد و پوسته پوسته میشد,1
2188,اتفاقی به پوست من نیفتاد … با این پوسته من چربه باز … خشک میکرد و پوسته پوسته میشد,1
2189,من نمیدانم بقیه نظرات را کی نوشته از دستندرکاران خودشونن احتمالا ولی حضار محترم یقینا این را بدانن که این محصول هیچ کیفیتی ندارد فقط کلفت و سفت ساختهشده مثل دمپایی نیکتا اصلا به نکات حساس کاور توجه نشد و خیلی زود یعنی یک هفته نشده رنگ کاور از بین میره این را بهتان قول میدهم دومم در مورد اثر اثر انگشتم واقعا دچار مشکل میشوید سومم که سوکت شارژ فقط میتوانم بگم نخرید,1
2190,من نمیدانم بقیه نظرات را کی نوشته از دستندرکاران خودشونن احتمالا ولی حضار محترم یقینا این را بدانن که این محصول هیچ کیفیتی ندارد فقط کلفت و سفت ساختهشده مثل دمپایی نیکتا اصلا به نکات حساس کاور توجه نشد و خیلی زود یعنی یک دفعه نشده رنگ کاور از بین میره این را بهتان قول میدهم دوم اینکه در مورد اثر اثر انگشتم واقعا دچار مشکل میشوید سومم که سوکت شارژ فقط میتوانم بگم نخرید,1
2191,من نمیدانم بقیه نظرات را کی نوشته و دستندرکاران خودشونن احتمالا ولی حضار محترم یقینا این را بدانن که این محصول هیچ کیفیتی ندارد فقط کلفت و سفت ساختهشده مثل دمپایی نیکتا اصلا به نکات حساس کاور توجه نشد و خیلی زود یعنی یک هفته نشده رنگ کاور از بین میره این را بهتان قول میدهم دوم اینکه در مورد اثر اثر انگشتم واقعا دچار مشکل میشوید سومم که سوکت شارژ فقط میتوانم بگم نخرید,1
2192,من نمیدانم بقیه نظرات را کی نوشته از دستندرکاران خودشونن احتمالا ولی حضار محترم یقینا این را بدانن که این محصول هیچ کیفیتی ندارد فقط کلفت و سفت ساختهشده مثل دمپایی نیکتا اصلا به نکات حساس کاور توجه نشد و خیلی زود یعنی یک هفته نشده رنگ کاور از بین میره این را بهتان قول میدهم دوم اینکه در مورد حسگر اثر انگشتم واقعا دچار مشکل میشوید سومم که سوکت شارژ فقط میتوانم بگم نخرید,1
2193,من نمیدانم بقیه نظرات را کی نوشته از دستندرکاران خودشونن احتمالا ولی حضار محترم یقینا این را بدانن که این محصول هیچ کیفیتی ندارد فقط کلفتهای سفت ساختهشده مثل دمپایی نیکتا اصلا به نکات حساس کاور توجه نشد و خیلی زود یعنی یک هفته نشده رنگ کاور از بین میره این را بهتان قول میدهم دوم اینکه در مورد اثر اثر انگشتم واقعا دچار مشکل میشوید سومم که سوکت شارژ فقط میتوانم بگم نخرید,1
2194,من نمیدانم بقیه نظرات را کی نوشته از دستندرکاران خودشونن احتمالا ولی حضار محترم یقینا این را بدانن که این محصول هیچ کیفیتی ندارد فقط کلفت و سفت ساختهشده مثل دمپایی نیکتا اصلا به نکات حساس کاور توجه نشد و خیلی زود یعنی یک هفته نشده رنگ کاور از بین میره این را بهتان قول میدهم دوم اینکه در مورد سنسور اثر انگشتم واقعا دچار مشکل میشوید سومم که سوکت شارژ فقط میتوانم بگم نخرید,1
2195,من نمیدانم بقیه این را کی نوشته از دستندرکاران خودشونن احتمالا ولی حضار محترم یقینا این را بدانن که این محصول هیچ کیفیتی ندارد فقط کلفت و سفت ساختهشده مثل دمپایی نیکتا اصلا به نکات حساس کاور توجه نشد و خیلی زود یعنی یک هفته نشده رنگ کاور از بین میره این را بهتان قول میدهم دوم اینکه در مورد اثر اثر انگشتم واقعا دچار مشکل میشوید سومم که سوکت شارژ فقط میتوانم بگم نخرید,1
2196,من نمیدانم بقیه نظرات را کی نوشته از دستندرکاران خودشونن احتمالا ولی حضار محترم یقینا این را بدانن که این محصول هیچ کیفیتی ندارد فقط کلفت و سفت ساختهشده مثل دمپایی نیکتا اصلا به نکات حساس کاور توجه نشد و خیلی زود یعنی دو هفته نشده رنگ کاور از بین میره این را بهتان قول میدهم دوم اینکه در مورد اثر اثر انگشتم واقعا دچار مشکل میشوید سومم که سوکت شارژ فقط میتوانم بگم نخرید,1
2197,من نمیدانم بقیه نظرات را کی نوشته از دستندرکاران خودشونن احتمالا ولی حضار محترم یقینا حقیقت را بدانن که این محصول هیچ کیفیتی ندارد فقط کلفت و سفت ساختهشده مثل دمپایی نیکتا اصلا به نکات حساس کاور توجه نشد و خیلی زود یعنی یک هفته نشده رنگ کاور از بین میره این را بهتان قول میدهم دوم اینکه در مورد اثر اثر انگشتم واقعا دچار مشکل میشوید سومم که سوکت شارژ فقط میتوانم بگم نخرید,1
2198,من نمیدانم بقیه نظرات را کی نوشته از دستندرکاران خودشونن احتمالا ولی حضار محترم یقینا این را بدانن که این محصول هیچ کیفیتی ندارد فقط کلفت و سفت ساختهشده مثل دمپایی نیکتا اصلا به نکات حساس کاور توجه نشد و خیلی زود یعنی یک هفته نشده رنگ کاور از بین میره این را بهتان قول میدهم دوم اینکه در مورد اثر اثر انگشتم واقعا دچار مشکل میشوید سومم که سوکت شارژ فقط میتوانم بخرم نخرید,1
2199,من نمیدانم بقیه نظرات را کی نوشته از دستندرکاران خودشونن احتمالا ولی حضار محترم یقینا این را بدانن که این محصول هیچ کیفیتی ندارد فقط کلفت و سفت ساختهشده مثل دمپایی نیکتا اصلا به نکات حساس ان توجه نشد و خیلی زود یعنی یک هفته نشده رنگ کاور از بین میره این را بهتان قول میدهم دوم اینکه در مورد اثر اثر انگشتم واقعا دچار مشکل میشوید سومم که سوکت شارژ فقط میتوانم بگم نخرید,1
2200,من نمیدانم بقیه نظرات رو کی نوشته از دستندرکاران خودشونن احتمالا ولی حضار محترم یقینا این را بدانن که این محصول هیچ کیفیتی ندارد فقط کلفت و سفت ساختهشده مثل دمپایی نیکتا اصلا به نکات حساس کاور توجه نشد و خیلی زود یعنی یک هفته نشده رنگ کاور از بین میره این را بهتان قول میدهم دوم اینکه در مورد اثر اثر انگشتم واقعا دچار مشکل میشوید سومم که سوکت شارژ فقط میتوانم بگم نخرید,1
2201,من نمیدانم بقیه نظرات را کی نوشته از دستندرکاران خودشونن احتمالا ولی حضار محترم یقینا این را بدانن که این محصول هیچ کیفیتی ندارد فقط کلفت و سفت ساختهشده مثل دمپایی نیکتا اصلا به نکات حساس کاور توجه نشد و خیلی زود یعنی یک هفته نشده که کاور از بین میره این را بهتان قول میدهم دوم اینکه در مورد اثر اثر انگشتم واقعا دچار مشکل میشوید سومم که سوکت شارژ فقط میتوانم بگم نخرید,1
2202,من نمیدانم بقیه نظرات را کی نوشته از دستندرکاران خودشونن احتمالا ولی حضار محترم یقینا این را بدانن که این محصول هیچ کیفیتی ندارد فقط کلفت و سفت ساختهشده مثل دمپایی نیکتا اصلا به نکات حساس کاور توجه نشد و خیلی زود یعنی یک هفته نشده رنگ کاور از بین میره این را بهتان قول میدهم دوم اینکه در مورد اثر اثر انگشتم واقعا دچار مشکل میشوید سومم که سوکت شارژ فقط میتوانم بگیرم نخرید,1
2203,من نمیدانم بقیه نظرات را کی نوشته از دستندرکاران خودشونن احتمالا ولی حضار محترم یقینا این را بدانن که این محصول هیچ کیفیتی ندارد فقط کلفت و سفت ساختهشده مثل دمپایی نیکتا اصلا به نکات حساس کاور توجه نشد و خیلی زود یعنی یک تا نشده رنگ کاور از بین میره این را بهتان قول میدهم دوم اینکه در مورد اثر اثر انگشتم واقعا دچار مشکل میشوید سومم که سوکت شارژ فقط میتوانم بگم نخرید,1
2204,من نمیدانم بقیه نظرات را کی نوشته از دستندرکاران خودشونن احتمالا ولی حضار محترم یقینا این را بدانن که این محصول هیچ کیفیتی ندارد فقط کلفت و سفت ساختهشده مثل دمپایی نیکتا اصلا به نکات حساس کاور توجه نشد و خیلی زود یعنی یک هفته نشده رنگ کاور از بین رفت این را بهتان قول میدهم دوم اینکه در مورد اثر اثر انگشتم واقعا دچار مشکل میشوید سومم که سوکت شارژ فقط میتوانم بگم نخرید,1
2205,من نمیدانم بقیه نظرات را کی نوشته از دستندرکاران خودشونن احتمالا ولی حضار محترم یقینا این را بدانن که این محصول هیچ کیفیتی ندارد فقط کلفت و سفت ساختهشده مثل دمپایی نیکتا اصلا به نکات حساس کاور توجه نشد و خیلی زود یعنی یک هفته نشده رنگ کاور از بین میره این را بهتان قول میدهم دوم اینکه در مورد اثر اثر انگشتم حتما دچار مشکل میشوید سومم که سوکت شارژ فقط میتوانم بگم نخرید,1
2206,جنسش اصلا خوب نمیشود بعد دو هفته خراب میشود,1
2207,جنسش اصلا خوب نیست بعد دو هفته خراب.,1
2208,جنسش اصلا خوب نیست بعد دو تا خراب میشود,1
2209,خیلی شیک و قشنگه است ولی یک ماه هم کار نکرد و از چند جا شکسته شد چون جنسش خشکه و به سختی از گوشی جدا میشود,1
2210,ظاهر شیک و قشنگه است ولی یک ماه کامل کار نکرد و از چند جا شکسته شد چون جنسش خشکه و به سختی از گوشی جدا میشود,1
2211,ظاهر خوب و قشنگه است ولی یک ماه هم کار نکرد و از چند جا شکسته شد چون جنسش خشکه و به سختی از گوشی جدا میشود,1
2212,ظاهر شیک و قشنگه است ولی یک ماه هم کار نکرد و از چند طرف شکسته شد چون جنسش خشکه و به سختی از گوشی جدا میشود,1
2213,ظاهر شیک و قشنگه است ولی یک ماه هم کار نمیکند و از چند جا شکسته شد چون جنسش خشکه و به سختی از گوشی جدا میشود,1
2214,ظاهر شیک و قشنگه است ولی یک ماه هم کار نکرد و در چند جا شکسته شد چون جنسش خشکه و به سختی از گوشی جدا میشود,1
2215,ظاهر شیک و قشنگه داشت ولی یک ماه هم کار نکرد و از چند جا شکسته شد چون جنسش خشکه و به سختی از گوشی جدا میشود,1
2216,خوبه است که به این راحتی میشود ازش استفاده کرد ولی نخش اصلا خوب نیست و زود شل میشود و یا از جا درمیره. اگر کیفیت نخش بهتر باشد میتواند وسیله خوبی باشد,1
2217,خوبه است که به این راحتی میشود ازش استفاده کرد ولی نخش اصلا خوب نیست و زود شل میشود و یا از جا درمیره. اگر هم نخش بهتر بشود میتواند وسیله خوبی باشد,1
2218,خوبه است که به این راحتی میشود ازش استفاده کرد ولی نخش اصلا خوب نیست یا زود شل میشود و یا از جا درمیره. اگر کیفیت نخش بهتر بشود میتواند وسیله خوبی باشد,1
2219,خوبه است که به این راحتی میشود ازش استفاده کرد ولی یا اصلا خوب نیست و زود شل میشود و یا از جا درمیره. اگر کیفیت نخش بهتر بشود میتواند وسیله خوبی باشد,1
2220,خوبه است که به این راحتی میشود ازش خرید کرد ولی نخش اصلا خوب نیست و زود شل میشود و یا از جا درمیره. اگر کیفیت نخش بهتر بشود میتواند وسیله خوبی باشد,1
2221,خوبه است که به این راحتی میشود ازش استفاده کرد ولی نخش اصلا خوب نیست و زود شل میشود و یا از کار درمیره. اگر کیفیت نخش بهتر بشود میتواند وسیله خوبی باشد,1
2222,خوبه است که به این راحتی میشود ازش استفاده کرد ولی نخ اصلا خوب نیست و زود شل میشود و یا از جا درمیره. اگر کیفیت نخش بهتر بشود میتواند وسیله خوبی باشد,1
2223,خوبه است که به این راحتی میشود نخ استفاده کرد ولی نخش اصلا خوب نیست و زود شل میشود و یا از جا درمیره. اگر کیفیت نخش بهتر بشود میتواند وسیله خوبی باشد,1
2224,کمتر از عدد روز کارکرد. الان بعد از وصل کردن چند ساعت شارژ میکند و قطع میشود. شارژر را با کابل دیگهای امتحان کردم و سالم بود. کابلهای یوگرین به مراتب بهتر و با کیفیتتر هستند,1
2225,کمتر از عدد روز کارکرد. الان بعد از وصل کردن چند لحظه شارژ میکند و قطع میشود. شارژر را روی کابل دیگهای امتحان کردم و سالم بود. کابلهای یوگرین به مراتب بهتر و با کیفیتتر هستند,1
2226,کمتر از عدد روز کارکرد. الان پس از وصل کردن چند لحظه شارژ میکند و قطع میشود. شارژر را با کابل دیگهای امتحان کردم و سالم بود. کابلهای یوگرین به مراتب بهتر و با کیفیتتر هستند,1
2227,کمتر از عدد روز کارکرد. الان بعد از وصل کردن چند لحظه شارژ میکند که قطع میشود. شارژر را با کابل دیگهای امتحان کردم و سالم بود. کابلهای یوگرین به مراتب بهتر و با کیفیتتر هستند,1
2228,کمتر از عدد روز کارکرد. الان بعد از وصل کردن چند لحظه شارژ میکند و قطع میشود. این را با کابل دیگهای امتحان کردم و سالم بود. کابلهای یوگرین به مراتب بهتر و با کیفیتتر هستند,1
2229,کمتر از عدد روز کارکرد. الان بعد از وصل کردن چند لحظه شارژ میکند و قطع میشود. شارژر رو با کابل دیگهای امتحان کردم و سالم بود. کابلهای یوگرین به مراتب بهتر و با کیفیتتر هستند,1
2230,کمتر از عدد روز کارکرد. الان بعد از شارژ کردن چند لحظه شارژ میکند و قطع میشود. شارژر را با کابل دیگهای امتحان کردم و سالم بود. کابلهای یوگرین به مراتب بهتر و با کیفیتتر هستند,1
2231,کمتر دو عدد روز کارکرد. الان بعد از وصل کردن چند لحظه شارژ میکند و قطع میشود. شارژر را با کابل دیگهای امتحان کردم و سالم بود. کابلهای یوگرین به مراتب بهتر و با کیفیتتر هستند,1
2232,کمتر از عدد روز کارکرد. الان بعد از خاموش کردن چند لحظه شارژ میکند و قطع میشود. شارژر را با کابل دیگهای امتحان کردم و سالم بود. کابلهای یوگرین به مراتب بهتر و با کیفیتتر هستند,1
2233,.,1
2234,:,1
2235,روغن روغن ضعیفی است. مثل عسل سفته و به راحتی پمپ نمیشود.,1
2236,بسیار روغن ضعیفی است. مثل عسل سفته و به راحتی پمپ میشود.,1
2237,بسیار اقتصاد ضعیفی است. مثل عسل سفته و به راحتی پمپ نمیشود.,1
2238,بسیار روغن دار است. مثل عسل سفته و به راحتی پمپ نمیشود.,1
2239,لپ تاب : / عدد داخل قسمت مخصوص جا نشد در صورتی که در توضیحات تا عدد اینچی را مناسب اعلام کرده است,1
2240,لپ تاب عدد / عدد داخل قسمت مخصوص جا نشد به صورتی که در توضیحات تا عدد اینچی را مناسب اعلام کرده است,1
2241,لپ تاب عدد / عدد داخل قسمت مخصوص جا نشد در صورتی که در توضیحات تا عدد اینچی را مناسب اعلام.,1
2242,لپ تاب عدد / عدد داخل قسمت مخصوص جا نشد در صورتی که در اینجا تا عدد اینچی را مناسب اعلام کرده است,1
2243,لپ تاب عدد / عدد داخل قسمت مخصوص جا نشد در صورتی که در توضیحات تا عدد ان را مناسب اعلام کرده است,1
2244,لپ تاب سایز / عدد داخل قسمت مخصوص جا نشد در صورتی که در توضیحات تا عدد اینچی را مناسب اعلام کرده است,1
2245,اصلا شارژ نمیکند من هم مرجوع کردم,1
2246,گوشی شارژ نمیکند من که مرجوع کردم,1
2247,اصلا فرقی نمیکند من که مرجوع کردم,1
2248,انقدر بد طعم است که بعد از بار دوم دیگر نتوانستم استفاده شود ، تاثیر سفید کنندگی هم حتی یک درصد ندارد ، همانطوری ریختمش در فاضلاب,1
2249,انقدر بد طعم است که بعد از بار دوم دیگر نتوانستم استفاده کنم ، تاثیر سفید کنندگی هم زیر یک درصد ندارد ، همانطوری ریختمش در فاضلاب,1
2250,انقدر بد طعم است که بعد از بار دوم دیگر نتوانستم تحمل کنم ، تاثیر سفید کنندگی هم حتی یک درصد ندارد ، همانطوری ریختمش در فاضلاب,1
2251,انقدر بد طعم است که بعد از بار دوم دیگر نتوانستم استفاده کنم ، تاثیر سفید کنندگی هم حتی یک درصد ندارد ، همانطوری ریختمش در.,1
2252,انقدر خوش طعم است که بعد از بار دوم دیگر نتوانستم استفاده کنم ، تاثیر سفید کنندگی هم حتی یک درصد ندارد ، همانطوری ریختمش در فاضلاب,1
2253,انقدر بد طعم است که بعد از بار دوم دیگر نتوانستم استفاده کنم ، تاثیر سفید کنندگی ان حتی یک درصد ندارد ، همانطوری ریختمش در فاضلاب,1
2254,انقدر بد طعم است که بعد از بار دوم دیگر نتوانستم استفاده کنم ، تاثیر سفید کنندگی هم حتی یک درصد ندارد ، همانطوری ریختمش در فاضلاب,1
2255,ماست نامرغوب,1
2256,- نامرغوب,1
2257,فقط تبلغاته ، من عدد روزه طبق راهنماش دارم استفاده میکنم ، تاثیری ندیدم ، پول دور ریختنه است,1
2258,فقط تبلغاته ، من عدد روزه طبق راهنماش را استفاده میکنم هیچ تاثیری ندیدم ، پول دور ریختنه است,1
2259,فقط تبلغاته ، من عدد روزه طبق راهنماش دارم استفاده میکنم هیچ تاثیری ندیدم ، پول دور ریختنه.,1
2260,فقط تبلغاته ، من هر روزه طبق راهنماش دارم استفاده میکنم هیچ تاثیری ندیدم ، پول دور ریختنه است,1
2261,پول تبلغاته ، من عدد روزه طبق راهنماش دارم استفاده میکنم هیچ تاثیری ندیدم ، پول دور ریختنه است,1
2262,داخل کیف بسیار عالی سایز لپتاپ من ux عدد هستش با اینکه لپتاپ کوچکی هست این کیف فیکس سایزش هست.,1
2263,داخل کیف بسیار عالی هستش لپتاپ من ux عدد هستش با هر لپتاپ کوچکی هست این کیف فیکس سایزش هست.,1
2264,داخل کیف بسیار عالی هستش لپتاپ من یک عدد هستش با اینکه لپتاپ کوچکی هست این کیف فیکس سایزش هست.,1
2265,داخل کیف بسیار عالی است لپتاپ من ux عدد هستش با اینکه لپتاپ کوچکی هست این کیف فیکس سایزش هست.,1
2266,داخل کیف بسیار عالی هستش لپتاپ من ux عدد هستش با اینکه کیف کوچکی هست این کیف فیکس سایزش هست.,1
2267,داخل کیف بسیار عالی هستش لپتاپ من ux عدد هستش با اینکه لپتاپ کوچکی هست این کیف هم سایزش هست.,1
2268,بعد یک ماه کلا این کار افتاد,1
2269,بعد یک ماه هم از کار افتاد,1
2270,بعد چند ماه کلا از کار افتاد,1
2271,سامانتا پاور برای من شکست,1
2272,دکمه پاور برای اپل شکست,1
2273,دکمه پاور گوشی من شکست,1
2274,وقتی باز کردم زمین تا اسمان با عکس فرق میکرد ، مواد به کار رفته و پلتستیکش خیلی بدرد نخورد ، من از تامین کننده شبکه طلایی خریدم ،,1
2275,وقتی باز کردم زمین تا اسمان و عکس فرق میکرد و مواد به کار رفته و پلتستیکش خیلی بدرد نخورد ، من از تامین کننده شبکه طلایی خریدم ،,1
2276,وقتی باز کردم زمین تا اسمان با عکس فرق میکرد و مواد به کار رفته و پلتستیکش خیلی بدرد نخورد ، من از تولید کننده شبکه طلایی خریدم ،,1
2277,وقتی باز کردم زمین تا اسمان با عکس فرق میکرد و مواد به کار رفته و پلتستیکش خیلی بدرد نخورد ، من از تامین کننده شبکه طلایی خریدم ،,1
2278,وقتی باز کردم زمین تا اسمان با عکس فرق میکرد و مواد به کار رفته و پلتستیکش خیلی تکان نخورد ، من از تامین کننده شبکه طلایی خریدم ،,1
2279,وقتی نگاه کردم زمین تا اسمان با عکس فرق میکرد و مواد به کار رفته و پلتستیکش خیلی بدرد نخورد ، من از تامین کننده شبکه طلایی خریدم ،,1
2280,وقتی باز میشد زمین تا اسمان با عکس فرق میکرد و مواد به کار رفته و پلتستیکش خیلی بدرد نخورد ، من از تامین کننده شبکه طلایی خریدم ،,1
2281,خیلی کوچکه.,1
2282,بسیار کوچکه است,1
2283,حتیهای کپی هم نیست و سنسور ندارد و فقط یک کیف معمولی هست که دربش نیمه شفافه است و البته از روی درب هم صفحه کار نمیکند,1
2284,حتیهای کپی هم نیست ، سنسور ندارد و مثل یک کیف معمولی هست که دربش نیمه شفافه است و البته از روی درب هم صفحه کار نمیکند,1
2285,حتیهای کپی شده نیست و سنسور ندارد و مثل یک کیف معمولی هست که دربش نیمه شفافه است و البته از روی درب هم صفحه کار نمیکند,1
2286,حتیهای کپی هم نیست و سنسور ندارد و مثل یک کیف معمولی هست و دربش نیمه شفافه است و البته از روی درب هم صفحه کار نمیکند,1
2287,حتیهای کپی هم نیست و سنسور ندارد و مثل یک کیف معمولی هست که دربش نیمه شفافه است و البته بر روی درب هم صفحه کار نمیکند,1
2288,حتیهای کپی هم نیست و سنسور ندارد و مثل یک کیف معمولی هست که دربش نیمه شفافه ، و البته از روی درب هم صفحه کار نمیکند,1
2289,حتیهای کپی هم نیست و سنسور ندارد و مثل یک کیف معمولی هست که دربش نیمه شفافه است و البته از روی ان هم صفحه کار نمیکند,1
2290,اصلا قرار نیست از خریدم پشیمان شودم,1
2291,اصلا خوب نیست از چیزی پشیمان شودم,1
2292,اصلا معلوم نیست از خریدم پشیمان شودم,1
2293,با عدد یک کابل تست کردم فقط شارژ میکند به کامپیوتر وصل نمیشود,1
2294,با عدد تا کابل تست کردم فقط کار میکند به کامپیوتر وصل نمیشود,1
2295,با عدد تا کابل تست که فقط شارژ میکند به کامپیوتر وصل نمیشود,1
2296,با عدد تا کابل تست کردم فقط شارژ گوشی به کامپیوتر وصل نمیشود,1
2297,برای موهای من هم خوب نبود. کامل خشک کرد,1
2298,برای موهای من که خوب نبود. مرا خشک کرد,1
2299,برای خود من که خوب نبود. کامل خشک کرد,1
2300,برای موهای بلند که خوب نبود. کامل خشک کرد,1
2301,با دکمههای صدا یا پاور نمیشود کار کرد,1
2302,با دکمههای صدا و کیبورد نمیشود کار کرد,1
2303,بدون دکمههای صدا و پاور نمیشود کار کرد,1
2304,یعنی نمیشود ادعا کرد حیف پول خیلی بد بوود,1
2305,یعنی باید شانه کرد حیف پول خیلی بد بوود,1
2306,یعنی نمیشود شانه کرد که پول خیلی بد بوود,1
2307,.,1
2308,:,1
2309,اصلا کارایی خوبی ندارد مخصوصا موقعی که باتریش ضعیف است و اینکه یک کمی فشار میاری سوهان نمیکند.,1
2310,اصلا کارایی خوبی ندارد مخصوصا موقعی که باتریش ضعیف میشود و اینکه یک کمی فشار میاری سوهان نمیکند.,1
2311,اصلا کارایی خوبی ندارد مخصوصا موقعی که باتریش ضعیف میشود و اینکه یک مقدار فشار میاری سوهان نمیکند.,1
2312,اصلا کارایی خوبی ندارد ، موقعی که باتریش ضعیف میشود و اینکه یک کمی فشار میاری سوهان نمیکند.,1
2313,اصلا کارایی خوبی ندارد مخصوصا موقعی که خیلی ضعیف میشود و اینکه یک کمی فشار میاری سوهان نمیکند.,1
2314,من عدد تا از این usb خریدم برای خودم و برادرم. اولش خیلی خوشم امد از ظاهرش و اینکه به نظر میومد یک چیز عمری باشد. اما با نهایت تعجب یکی از usbها بعد از عدد ماه کار کردن سیمش از قسمت فیشش قطعشده. به طوری که ان قسمت را تکان میدهم ، قطع و وصل میشود. در حالیکه حتی در این مدت هم دايما استفاده نمیکردم ، برای پاور بانکم گرفته بودم. در واقع یعنی بعد از حدود عدد و عدد بار استفاده خراب شد. اصلا پیشنهاد به خریدش نمیکنم. در این سطح قیمتی برای یک کابل usb واقعا انتظار نمیرود که اصلا خراب شه ، چه برسه به اینکه بعد مدت به این کوتاهی خراب شه ….,1
2315,من عدد تا از این usb خریدم برای خودم و برادرم. اولش خیلی خوشش امد از ظاهرش و اینکه به نظر میومد یک چیز عمری باشد. اما در نهایت تعجب یکی از usbها بعد از عدد ماه کار کردن سیمش از قسمت فیشش قطعشده. به طوری که ان قسمت را تکان میدهم ، قطع و وصل میشود. در حالیکه حتی در این مدت هم دايما استفاده نمیکردم ، برای پاور بانکم گرفته بودم. در واقع یعنی بعد از حدود عدد و عدد بار استفاده خراب شد. اصلا پیشنهاد به خریدش نمیکنم. در این سطح قیمتی برای یک کابل usb واقعا انتظار نمیرود که اصلا خراب شه ، چه برسه به اینکه بعد مدت به این کوتاهی خراب شه ….,1
2316,من عدد تا از این usb خریدم برای خودم و برادرم. اولش خیلی خوشم امد از ظاهرش و اینکه به نظر میومد یک چیز عمری باشد. اما در نهایت تعجب یکی از usbها بعد از عدد ماه وصل کردن سیمش از قسمت فیشش قطعشده. به طوری که ان قسمت را تکان میدهم ، قطع و وصل میشود. در حالیکه حتی در این مدت هم دايما استفاده نمیکردم ، برای پاور بانکم گرفته بودم. در واقع یعنی بعد از حدود عدد و عدد بار استفاده خراب شد. اصلا پیشنهاد به خریدش نمیکنم. در این سطح قیمتی برای یک کابل usb واقعا انتظار نمیرود که اصلا خراب شه ، چه برسه به اینکه بعد مدت به این کوتاهی خراب شه ….,1
2317,من عدد تا از این usb خریدم برای خودم و برادرم. اولش خیلی خوشم امد از ظاهرش و اینکه به نظر میومد یک چیز عمریه. اما در نهایت تعجب یکی از usbها بعد از عدد ماه کار کردن سیمش از قسمت فیشش قطعشده. به طوری که ان قسمت را تکان میدهم ، قطع و وصل میشود. در حالیکه حتی در این مدت هم دايما استفاده نمیکردم ، برای پاور بانکم گرفته بودم. در واقع یعنی بعد از حدود عدد و عدد بار استفاده خراب شد. اصلا پیشنهاد به خریدش نمیکنم. در این سطح قیمتی برای یک کابل usb واقعا انتظار نمیرود که اصلا خراب شه ، چه برسه به اینکه بعد مدت به این کوتاهی خراب شه ….,1
2318,من عدد تا از این usb خریدم برای خودم و برادرم. اولش خیلی خوشم امد از ظاهرش و اینکه به نظر میومد یک چیز عمری باشد. اما در نهایت تعجب یکی از usbها بعد از عدد ماه کار کردن سیمش از قسمت فیشش قطعشده. به طوری که ان قسمت را تکان میدهم ، قطع و وصل میشود. در حالیکه حتی در این مدت هم دايما استفاده نمیکردم ، برای پاور بانکم گرفته بودم. در واقع یعنی بعد از حدود عدد و عدد ماه استفاده خراب شد. اصلا پیشنهاد به خریدش نمیکنم. در این سطح قیمتی برای یک کابل usb واقعا انتظار نمیرود که اصلا خراب شه ، چه برسه به اینکه بعد مدت به این کوتاهی خراب شه ….,1
2319,من عدد تا از این usb خریدم برای خودم و برادرم. اولش خیلی خوشم امد از ظاهرش و اینکه به نظر میومد یک چیز عمری باشد. اما در نهایت تعجب یکی از usbها بعد از عدد ماه کار کردن سیمش از قسمت فیشش قطعشده. به طوری که ان قسمت را تکان میدهم ، قطع و وصل میشود. در حالیکه حتی در این مدت هم که استفاده نمیکردم ، برای پاور بانکم گرفته بودم. در واقع یعنی بعد از حدود عدد و عدد بار استفاده خراب شد. اصلا پیشنهاد به خریدش نمیکنم. در این سطح قیمتی برای یک کابل usb واقعا انتظار نمیرود که اصلا خراب شه ، چه برسه به اینکه بعد مدت به این کوتاهی خراب شه ….,1
2320,من عدد تا از این usb خریدم برای خودم و برادرم. اولش خیلی خوشم امد از ظاهرش و اینکه به نظر میومد یک چیز عمری باشد. اما در نهایت تعجب یکی از usbها بعد از عدد بار کار کردن سیمش از قسمت فیشش قطعشده. به طوری که ان قسمت را تکان میدهم ، قطع و وصل میشود. در حالیکه حتی در این مدت هم دايما استفاده نمیکردم ، برای پاور بانکم گرفته بودم. در واقع یعنی بعد از حدود عدد و عدد بار استفاده خراب شد. اصلا پیشنهاد به خریدش نمیکنم. در این سطح قیمتی برای یک کابل usb واقعا انتظار نمیرود که اصلا خراب شه ، چه برسه به اینکه بعد مدت به این کوتاهی خراب شه ….,1
2321,من عدد تا از این usb خریدم برای خودم و برادرم. اولش خیلی خوشم امد از ظاهرش و اینکه به نظر میومد یک چیز عمری باشد. اما در نهایت تعجب یکی از usbها پس از عدد ماه کار کردن سیمش از قسمت فیشش قطعشده. به طوری که ان قسمت را تکان میدهم ، قطع و وصل میشود. در حالیکه حتی در این مدت هم دايما استفاده نمیکردم ، برای پاور بانکم گرفته بودم. در واقع یعنی بعد از حدود عدد و عدد بار استفاده خراب شد. اصلا پیشنهاد به خریدش نمیکنم. در این سطح قیمتی برای یک کابل usb واقعا انتظار نمیرود که اصلا خراب شه ، چه برسه به اینکه بعد مدت به این کوتاهی خراب شه ….,1
2322,من عدد تا از این usb خریدم برای خودم و برادرم. اولش خیلی خوشم امد از ظاهرش و اینکه به نظر میومد یک چیز عمری باشد. اما در نهایت تعجب یکی از usbها بعد از عدد ماه کار کردن سیمش از قسمت فیشش قطعشده. به طوری که ان قسمت را تکان میدهم ، قطع و وصل میشود. در حالیکه حتی در این مدت هم دايما استفاده نمیکردم ، برای پاور بانکم گرفته بودم. در واقع یعنی بعد از حدود عدد و عدد بار استفاده خراب شد. اصلا پیشنهاد به خریدش نمیکنم. در این سطح قیمتی برای یک عدد usb واقعا انتظار نمیرود که اصلا خراب شه ، چه برسه به اینکه بعد مدت به این کوتاهی خراب شه ….,1
2323,من عدد تا از این usb خریدم برای خودم و برادرم. اولش خیلی خوشم امد از ظاهرش و اینکه به نظر میومد یک چیز عمری باشد. اما در نهایت تعجب یکی از usbها بعد از عدد ماه کار کردن سیمش از قسمت فیشش قطعشده. به طوری که ان قسمت را فشار میدهم ، قطع و وصل میشود. در حالیکه حتی در این مدت هم دايما استفاده نمیکردم ، برای پاور بانکم گرفته بودم. در واقع یعنی بعد از حدود عدد و عدد بار استفاده خراب شد. اصلا پیشنهاد به خریدش نمیکنم. در این سطح قیمتی برای یک کابل usb واقعا انتظار نمیرود که اصلا خراب شه ، چه برسه به اینکه بعد مدت به این کوتاهی خراب شه ….,1
2324,من عدد تا از این usb خریدم برای خودم و برادرم. اولش خیلی خوشم امد از ظاهرش و اینکه به نظر میومد یک چیز عمری باشد. اما در نهایت تعجب یکی از usbها بعد از عدد ماه کار کردن سیمش از قسمت فیشش قطعشده. به طوری که ان قسمت را تکان میدهم ، قطع و وصل میشود. در حالیکه حتی در این مدت هم دايما استفاده نمیکردم ، برای پاور بانکم …. در واقع یعنی بعد از حدود عدد و عدد بار استفاده خراب شد. اصلا پیشنهاد به خریدش نمیکنم. در این سطح قیمتی برای یک کابل usb واقعا انتظار نمیرود که اصلا خراب شه ، چه برسه به اینکه بعد مدت به این کوتاهی خراب شه ….,1
2325,من عدد تا از این usb خریدم برای خودم و برادرم. اولش خیلی خوشم امد از ظاهرش و اینکه به نظر میومد یک چیز عمری باشد. اما در نهایت تعجب یکی از usbها بعد از عدد ماه کار کردن سیمش از قسمت فیشش قطعشده. به طوری که ان قسمت را تکان میدهم ، قطع و وصل میشود. در حالیکه حتی در این مدت هم دايما استفاده نمیکردم ، برای پاور بانکم خریدم. در واقع یعنی بعد از حدود عدد و عدد بار استفاده خراب شد. اصلا پیشنهاد به خریدش نمیکنم. در این سطح قیمتی برای یک کابل usb واقعا انتظار نمیرود که اصلا خراب شه ، چه برسه به اینکه بعد مدت به این کوتاهی خراب شه ….,1
2326,من عدد تا از این usb خریدم برای خودم و برادرم. اولش خیلی خوشم امد از ظاهرش و اینکه به نظر میومد یک چیز عمری باشد. اما در نهایت تعجب یکی از usbها بعد از عدد ماه کار کردن سیمش از قسمت فیشش قطعشده. به طوری که ان قسمت را تکان میدهم ، قطع و وصل میشود. در حالیکه حتی در این مدت هم دايما استفاده نمیکردم ، برای پاور بانکم گرفته بودم. در واقع یعنی بعد از حدود عدد و عدد بار استفاده خراب شد. اصلا اقدام به خریدش نمیکنم. در این سطح قیمتی برای یک کابل usb واقعا انتظار نمیرود که اصلا خراب شه ، چه برسه به اینکه بعد مدت به این کوتاهی خراب شه ….,1
2327,من عدد تا از این usb خریدم برای خودم و برادرم. اولش خیلی خوشم امد از ظاهرش و اینکه به نظر میومد یک چیز عمری باشد. اما در نهایت تعجب یکی از usbها بعد از عدد ماه کار کردن سیمش از قسمت فیشش قطعشده. به طوری که ان قسمت را تکان میدهم ، قطع و وصل میشود. در حالیکه حتی در این مدت هم دايما کار نمیکردم ، برای پاور بانکم گرفته بودم. در واقع یعنی بعد از حدود عدد و عدد بار استفاده خراب شد. اصلا پیشنهاد به خریدش نمیکنم. در این سطح قیمتی برای یک کابل usb واقعا انتظار نمیرود که اصلا خراب شه ، چه برسه به اینکه بعد مدت به این کوتاهی خراب شه ….,1
2328,من عدد تا از این usb خریدم برای خودم و برادرم. اولش خیلی خوشم امد از ظاهرش و اینکه به نظر میومد یک چیز عمری باشد. اما در نهایت تعجب یکی از usbها بعد از عدد ماه کار کردن سیمش از روی فیشش قطعشده. به طوری که ان قسمت را تکان میدهم ، قطع و وصل میشود. در حالیکه حتی در این مدت هم دايما استفاده نمیکردم ، برای پاور بانکم گرفته بودم. در واقع یعنی بعد از حدود عدد و عدد بار استفاده خراب شد. اصلا پیشنهاد به خریدش نمیکنم. در این سطح قیمتی برای یک کابل usb واقعا انتظار نمیرود که اصلا خراب شه ، چه برسه به اینکه بعد مدت به این کوتاهی خراب شه ….,1
2329,من عدد تا از این usb خریدم برای خودم و برادرم. اولش خیلی خوشم امد از ظاهرش و اینکه به نظر میومد یک چیز عمری باشد. اما در نهایت تعجب یکی از usbها بعد از عدد ماه کار کردن سیمش از قسمت فیشش قطعشده. به طوری که ان قسمت را تکان میدهم ، قطع و وصل میشود. در حالیکه حتی در این مدت هم دايما استفاده نمیکردم ، برای پاور بانکم گرفته بودم. در واقع یعنی بعد از حدود عدد و عدد بار استفاده قطع شد. اصلا پیشنهاد به خریدش نمیکنم. در این سطح قیمتی برای یک کابل usb واقعا انتظار نمیرود که اصلا خراب شه ، چه برسه به اینکه بعد مدت به این کوتاهی خراب شه ….,1
2330,من عدد تا عدد این usb خریدم برای خودم و برادرم. اولش خیلی خوشم امد از ظاهرش و اینکه به نظر میومد یک چیز عمری باشد. اما در نهایت تعجب یکی از usbها بعد از عدد ماه کار کردن سیمش از قسمت فیشش قطعشده. به طوری که ان قسمت را تکان میدهم ، قطع و وصل میشود. در حالیکه حتی در این مدت هم دايما استفاده نمیکردم ، برای پاور بانکم گرفته بودم. در واقع یعنی بعد از حدود عدد و عدد بار استفاده خراب شد. اصلا پیشنهاد به خریدش نمیکنم. در این سطح قیمتی برای یک کابل usb واقعا انتظار نمیرود که اصلا خراب شه ، چه برسه به اینکه بعد مدت به این کوتاهی خراب شه ….,1
2331,من عدد تا از این usb خریدم برای خودم و برادرم. اولش خیلی خوشم امد از ظاهرش و اینکه به نظر میومد یک چیز عمری باشد. اما در نهایت تعجب یکی از usbها بعد از عدد ماه کار ، سیمش از قسمت فیشش قطعشده. به طوری که ان قسمت را تکان میدهم ، قطع و وصل میشود. در حالیکه حتی در این مدت هم دايما استفاده نمیکردم ، برای پاور بانکم گرفته بودم. در واقع یعنی بعد از حدود عدد و عدد بار استفاده خراب شد. اصلا پیشنهاد به خریدش نمیکنم. در این سطح قیمتی برای یک کابل usb واقعا انتظار نمیرود که اصلا خراب شه ، چه برسه به اینکه بعد مدت به این کوتاهی خراب شه ….,1
2332,من عدد تا از این usb خریدم برای خودم و برادرم. اولش خیلی خوشم امد از ظاهرش و اینکه به نظر میومد یک چیز عمری باشد. اما در نهایت تعجب یکی از usbها بعد از عدد ماه کار کردن سیمش از قسمت فیشش قطعشده. به طوری که ان قسمت را تکان میدهم ، قطع و وصل میشود. در حالیکه حتی در این مدت هم دايما استفاده نمیکردم ، برای پاور بانکم گرفته بودم. در واقع یعنی بعد از حدود عدد و عدد بار استفاده خراب شد. اصلا پیشنهاد به خریدش نمیکنم. در این سطح قیمتی برای یک کابل usb واقعا انتظار نمیرود که اصلا خراب شه ، چه برسد به اینکه بعد مدت به این کوتاهی خراب شه ….,1
2333,من عدد تا از این usb خریدم برای خودم و برادرم. اولش خیلی خوشم امد از ظاهرش و اینکه در نظر میومد یک چیز عمری باشد. اما در نهایت تعجب یکی از usbها بعد از عدد ماه کار کردن سیمش از قسمت فیشش قطعشده. به طوری که ان قسمت را تکان میدهم ، قطع و وصل میشود. در حالیکه حتی در این مدت هم دايما استفاده نمیکردم ، برای پاور بانکم گرفته بودم. در واقع یعنی بعد از حدود عدد و عدد بار استفاده خراب شد. اصلا پیشنهاد به خریدش نمیکنم. در این سطح قیمتی برای یک کابل usb واقعا انتظار نمیرود که اصلا خراب شه ، چه برسه به اینکه بعد مدت به این کوتاهی خراب شه ….,1
2334,من عدد تا از این usb خریدم برای خودم ، برادرم. اولش خیلی خوشم امد از ظاهرش و اینکه به نظر میومد یک چیز عمری باشد. اما در نهایت تعجب یکی از usbها بعد از عدد ماه کار کردن سیمش از قسمت فیشش قطعشده. به طوری که ان قسمت را تکان میدهم ، قطع و وصل میشود. در حالیکه حتی در این مدت هم دايما استفاده نمیکردم ، برای پاور بانکم گرفته بودم. در واقع یعنی بعد از حدود عدد و عدد بار استفاده خراب شد. اصلا پیشنهاد به خریدش نمیکنم. در این سطح قیمتی برای یک کابل usb واقعا انتظار نمیرود که اصلا خراب شه ، چه برسه به اینکه بعد مدت به این کوتاهی خراب شه ….,1
2335,من عدد تا از این usb خریدم برای خودم و برادرم. اولش خیلی خوشم امد از ظاهرش و اینکه به نظر میومد یک چیز عمری باشد. اما در نهایت تعجب یکی از usbها بعد از عدد و کار کردن سیمش از قسمت فیشش قطعشده. به طوری که ان قسمت را تکان میدهم ، قطع و وصل میشود. در حالیکه حتی در این مدت هم دايما استفاده نمیکردم ، برای پاور بانکم گرفته بودم. در واقع یعنی بعد از حدود عدد و عدد بار استفاده خراب شد. اصلا پیشنهاد به خریدش نمیکنم. در این سطح قیمتی برای یک کابل usb واقعا انتظار نمیرود که اصلا خراب شه ، چه برسه به اینکه بعد مدت به این کوتاهی خراب شه ….,1
2336,من عدد تا از این usb خریدم برای من و برادرم. اولش خیلی خوشم امد از ظاهرش و اینکه به نظر میومد یک چیز عمری باشد. اما در نهایت تعجب یکی از usbها بعد از عدد ماه کار کردن سیمش از قسمت فیشش قطعشده. به طوری که ان قسمت را تکان میدهم ، قطع و وصل میشود. در حالیکه حتی در این مدت هم دايما استفاده نمیکردم ، برای پاور بانکم گرفته بودم. در واقع یعنی بعد از حدود عدد و عدد بار استفاده خراب شد. اصلا پیشنهاد به خریدش نمیکنم. در این سطح قیمتی برای یک کابل usb واقعا انتظار نمیرود که اصلا خراب شه ، چه برسه به اینکه بعد مدت به این کوتاهی خراب شه ….,1
2337,من عدد تا از این usb خریدم برای خودم و برادرم. اولش خیلی خوشم امد از ظاهرش و اینکه به نظر میومد یک چیز عمری باشد. اما در نهایت تعجب یکی از usbها بعد از عدد ماه کار کردن سیمش از قسمت فیشش قطعشده. به طوری که ان قسمت را تکان میدهد ، قطع و وصل میشود. در حالیکه حتی در این مدت هم دايما استفاده نمیکردم ، برای پاور بانکم گرفته بودم. در واقع یعنی بعد از حدود عدد و عدد بار استفاده خراب شد. اصلا پیشنهاد به خریدش نمیکنم. در این سطح قیمتی برای یک کابل usb واقعا انتظار نمیرود که اصلا خراب شه ، چه برسه به اینکه بعد مدت به این کوتاهی خراب شه ….,1
2338,من عدد تا از این usb خریدم برای خودم و برادرم. اولش خیلی خوشم امد از ظاهرش و اینکه به نظر میومد یک چیز عمری باشد. اما در نهایت تعجب یکی از usbها بعد از عدد ماه جدا کردن سیمش از قسمت فیشش قطعشده. به طوری که ان قسمت را تکان میدهم ، قطع و وصل میشود. در حالیکه حتی در این مدت هم دايما استفاده نمیکردم ، برای پاور بانکم گرفته بودم. در واقع یعنی بعد از حدود عدد و عدد بار استفاده خراب شد. اصلا پیشنهاد به خریدش نمیکنم. در این سطح قیمتی برای یک کابل usb واقعا انتظار نمیرود که اصلا خراب شه ، چه برسه به اینکه بعد مدت به این کوتاهی خراب شه ….,1
2339,من عدد تا از این usb خریدم برای خودم و برادرم. اولش خیلی خوشم امد از ظاهرش و این به نظر میومد یک چیز عمری باشد. اما در نهایت تعجب یکی از usbها بعد از عدد ماه کار کردن سیمش از قسمت فیشش قطعشده. به طوری که ان قسمت را تکان میدهم ، قطع و وصل میشود. در حالیکه حتی در این مدت هم دايما استفاده نمیکردم ، برای پاور بانکم گرفته بودم. در واقع یعنی بعد از حدود عدد و عدد بار استفاده خراب شد. اصلا پیشنهاد به خریدش نمیکنم. در این سطح قیمتی برای یک کابل usb واقعا انتظار نمیرود که اصلا خراب شه ، چه برسه به اینکه بعد مدت به این کوتاهی خراب شه ….,1
2340,من عدد تا از این usb خریدم برای خودم و برادرم. اولش خیلی خوشم امد از ظاهرش و اینکه به نظر میومد یک چیز عمری باشد. اما در نهایت تعجب یکی از usbها بعد از عدد ماه کار کردن سیمش از قسمت فیشش قطعشده. به طوری که ان قسمت را تکان میدهم ، قطع و وصل میشود. در حالیکه حتی در این مدت هم دايما استفاده نمیکردم ، برای پاور بانکم گرفته بودم. در واقع یعنی بعد از حدود عدد و عدد بار استفاده خراب میشه. اصلا پیشنهاد به خریدش نمیکنم. در این سطح قیمتی برای یک کابل usb واقعا انتظار نمیرود که اصلا خراب شه ، چه برسه به اینکه بعد مدت به این کوتاهی خراب شه ….,1
2341,پیشنهاد :,1
2342,پیشنهاد.,1
2343,سیگار توصیه نمیشود,1
2344,اصلا باورم نمیشود,1
2345,دو بار به گوشی زدمش ان را با فشار,1
2346,دو بار با گوشی زدمش ان هم با فشار,1
2347,دو ضربه به گوشی زدمش ان هم با فشار,1
2348,تاثیری ؟,1
2349,فایدهای نداشت,1
2350,خیلی بیشتر از این بود,1
2351,انتظارات بیشتر از این بود,1
2352,انتظارم بیش از این بود,1
2353,والله من این محصول را حدود عدد هفته ست دارم استفاده میکنم ، ولی هیچ تغییری حس نمیکنم ، هیچ سفیدکنندگی ای در کار نیست ، نمیارزید به خریدش ، ابدا توصیه نمیکنم,1
2354,والله من این محصول را حدود عدد هفته ست دارم استفاده میکنم ، ولی هیچ تغییری حس نکردم ، هیچ سفیدکنندگی ای در کار نیست ، نمیارزید به خریدش ، ابدا فکر نمیکنم,1
2355,والله من این محصول را حدود عدد هفته دیگر دارم استفاده میکنم ، ولی هیچ تغییری حس نکردم ، هیچ سفیدکنندگی ای در کار نیست ، نمیارزید به خریدش ، ابدا توصیه نمیکنم,1
2356,والله من این محصول را حدود عدد هفته ست دارم استفاده میکنم ، ولی چون تغییری حس نکردم ، هیچ سفیدکنندگی ای در کار نیست ، نمیارزید به خریدش ، ابدا توصیه نمیکنم,1
2357,خب من این محصول را حدود عدد هفته ست دارم استفاده میکنم ، ولی هیچ تغییری حس نکردم ، هیچ سفیدکنندگی ای در کار نیست ، نمیارزید به خریدش ، ابدا توصیه نمیکنم,1
2358,والله من این محصول را حدود عدد هفته ست دارم استفاده میکنم ، ولی هیچ تغییری ایجاد نکردم ، هیچ سفیدکنندگی ای در کار نیست ، نمیارزید به خریدش ، ابدا توصیه نمیکنم,1
2359,والله من این محصول را حدود عدد هفته ست دارم استفاده میکنم ، ولی هیچ تغییری حس نکردم ، هیچ نواوری ای در کار نیست ، نمیارزید به خریدش ، ابدا توصیه نمیکنم,1
2360,والله من این محصول را حدود عدد هفته است دارم استفاده میکنم ، ولی هیچ تغییری حس نکردم ، هیچ سفیدکنندگی ای در کار نیست ، نمیارزید به خریدش ، ابدا توصیه نمیکنم,1
2361,باسلام. بر خلاف این همه نظر مثبت باید بگم جنس این کابل مثل کابل ارزانقیمت است,1
2362,باسلام. بر خلاف نظر همه نظر مثبت باید بگم جنس این کابل مثل کابلهای ارزانقیمت است,1
2363,باسلام. بر خلاف این اظهار نظر مثبت باید بگم جنس این کابل مثل کابلهای ارزانقیمت است,1
2364,باسلام. بر خلاف این همه نظر مثبت باید بگم جنس این کابلها مثل کابلهای ارزانقیمت است,1
2365,باسلام. على خلاف این همه نظر مثبت باید بگم جنس این کابل مثل کابلهای ارزانقیمت است,1
2366,اصلا شارژ نمیکند به عبارت دیگر سرعت شارژ گردنش از سرعت مصرف موبایل در حالت عدم کارکرد کمتره است با چند تا شارژر امتحان و خریدنش پول دور ریختنه است,1
2367,اصلا کار نمیکند به عبارت دیگر سرعت شارژ گردنش از سرعت مصرف موبایل در حالت عدم کارکرد کمتره است با چند تا شارژر امتحان کردم خریدنش پول دور ریختنه است,1
2368,اصلا شارژ نمیکند به عبارت بهتر سرعت شارژ گردنش از سرعت مصرف موبایل در حالت عدم کارکرد کمتره است با چند تا شارژر امتحان کردم خریدنش پول دور ریختنه است,1
2369,اصلا شارژ نمیکند به عبارت دیگر سرعت شارژ گردنش از سرعت مصرف موبایل در صورت عدم کارکرد کمتره است با چند تا شارژر امتحان کردم خریدنش پول دور ریختنه است,1
2370,اصلا شارژ نمیکند به عبارت دیگر سرعت شارژ موبایل از سرعت مصرف موبایل در حالت عدم کارکرد کمتره است با چند تا شارژر امتحان کردم خریدنش پول دور ریختنه است,1
2371,اصلا شارژ نمیکند به عبارت دیگر سرعت شارژ گردنش از سرعت مصرف موبایل در زمان عدم کارکرد کمتره است با چند تا شارژر امتحان کردم خریدنش پول دور ریختنه است,1
2372,اصلا شارژ نمیکند به عبارت دیگر سرعت شارژ گردنش با سرعت مصرف موبایل در حالت عدم کارکرد کمتره است با چند تا شارژر امتحان کردم خریدنش پول دور ریختنه است,1
2373,اصلا شارژ نمیکند به عبارت دیگر سرعت شارژ گردنش از سرعت مصرف موبایل در حالت عدم کارکرد کمتره است با چند تا شارژر شارژ کردم خریدنش پول دور ریختنه است,1
2374,کاور بسیار بی کیفیتی هستش و قسمت کلیدها جوری طراحی شودی که با کوچکترین فشاری صفحه قفل یا باز میشود و کلیدهای تنظیم صدا مدام فشرده میشوند.,1
2375,کاور بسیار بی کیفیتی هستش و باید کلیدها جوری طراحی شودی که با کوچکترین فشاری صفحه قفل یا باز میشود و دکمههای تنظیم صدا مدام فشرده میشوند.,1
2376,کاور بسیار بی کیفیتی هستش که قسمت کلیدها جوری طراحی شودی که با کوچکترین فشاری صفحه قفل یا باز میشود و دکمههای تنظیم صدا مدام فشرده میشوند.,1
2377,کاور بسیار بی کیفیتی هستش و قسمت کلیدها جوری طراحی شودی که با کوچکترین فشاری صفحه قفل و باز میشود و دکمههای تنظیم صدا مدام فشرده میشوند.,1
2378,کاور بسیار بی کیفیتی هستش و قسمت کلیدها جوری طراحی شودی که بدون کوچکترین فشاری صفحه قفل یا باز میشود و دکمههای تنظیم صدا مدام فشرده میشوند.,1
2379,کاور بسیار بی کیفیتی هستش و قسمت باید جوری طراحی شودی که با کوچکترین فشاری صفحه قفل یا باز میشود و دکمههای تنظیم صدا مدام فشرده میشوند.,1
2380,کاور بسیار بی کیفیتی هستش و قسمت کلیدها طوری طراحی شودی که با کوچکترین فشاری صفحه قفل یا باز میشود و دکمههای تنظیم صدا مدام فشرده میشوند.,1
2381,واقعا بدرد نمیخورد و کلا انداختمش کردم بدون حتی یکبار استفاده,1
2382,واقعا بدرد نمیخورد و کلا انداختمش دور بدون حتی یکبار!,1
2383,واقعا بدرد نمیخورد. کلا انداختمش دور بدون حتی یکبار استفاده,1
2384,واقعا بدرد نمیخورد و کلا انداختمش دور بدون اینکه یکبار استفاده,1
2385,استفاده نشده.,1
2386,استفاده نشده :,1
2387,متاسفانه دقت نکردم و اشتباه سفارش دادم فکر کردم این سر usbcداره ولی ان سرهای مثل اژدهاش به هیچ دردی نمیخورد,1
2388,متاسفانه قبول نکردم و اشتباه سفارش دادم فکر کردم ی سر usbcداره ولی ان سرهای مثل اژدهاش به هیچ دردی نمیخورد,1
2389,متاسفانه دقت نکردم و اشتباه سفارش و فکر کردم ی سر usbcداره ولی ان سرهای مثل اژدهاش به هیچ دردی نمیخورد,1
2390,من دقت نکردم و اشتباه سفارش دادم فکر کردم ی سر usbcداره ولی ان سرهای مثل اژدهاش به هیچ دردی نمیخورد,1
2391,متاسفانه دقت نکردم و اشتباه سفارش دادم فکر کردم ی سر usbcداره ولی ان سرهای مثل اژدهاش به هیچ دردی!,1
2392,خیلی دقت نکردم و اشتباه سفارش دادم فکر کردم ی سر usbcداره ولی ان سرهای مثل اژدهاش به هیچ دردی نمیخورد,1
2393,اینکه گفتم پیشنهاد شماست ، به خاطر گزینههای محدود دیجی بود.,1
2394,اینکه گفتم پیشنهاد نمیکنم ، بهخاطر خاطر گزینههای محدود دیجی بود.,1
2395,اینکه گفتم ریسک نمیکنم ، به خاطر گزینههای محدود دیجی بود.,1
2396,من گفتم پیشنهاد نمیکنم ، به خاطر گزینههای محدود دیجی بود.,1
2397,خیلی شیک و زیباست و البته سبک! و بخاطر داشتن بندهای مختلف میتوانید هم به عنوان کیف اداری استفاده نمایید و هم کولهپشتی! اما محفظه لپتاپ بسیار کوچکه است و اصلا لپتاپ عدد اینچی داخلش جا نمیشود و حتی خیلی کوچکتر! به نظرم دوخت مستحکمی ندارد. برنزتش جاذب گرد و خاک و کرک لباسه است!,1
2398,خیلی شیک و زیباست و البته سبک! و بخاطر داشتن بندهای مختلف میتوانید هم به عنوان کیف اداری استفاده کنید و هم کولهپشتی! اما محفظه لپتاپ بسیار کوچکه! و اصلا لپتاپ عدد اینچی داخلش جا نمیشود و حتی خیلی کوچکتر! به نظرم دوخت مستحکمی ندارد. برنزتش جاذب گرد و خاک و کرک لباسه است!,1
2399,خیلی شیک و زیباست و البته سبک! و بخاطر داشتن بندهای مختلف میتوانید هم به عنوان کیف اداری استفاده کنید و هم کولهپشتی! اما محفظه لپتاپ بسیار کوچکه است و اصلا لپتاپ عدد اینچی داخلش جا نمیشود و حتی خیلی کوچکتر! به نظرم دوخت مستحکمی ندارد. برنزتش جاذب گرد و خاک و رنگ لباسه است!,1
2400,خیلی شیک و زیباست و البته سبک! و بخاطر داشتن وسایل مختلف میتوانید هم به عنوان کیف اداری استفاده کنید و هم کولهپشتی! اما محفظه لپتاپ بسیار کوچکه است و اصلا لپتاپ عدد اینچی داخلش جا نمیشود و حتی خیلی کوچکتر! به نظرم دوخت مستحکمی ندارد. برنزتش جاذب گرد و خاک و کرک لباسه است!,1
2401,خیلی شیک و زیباست و البته سبک! و بخاطر داشتن بندهای مختلف میتوانید هم به عنوان کیف اداری استفاده کنید و هم کولهپشتی! اما محفظه لپتاپ بسیار کوچکه است و اصلا لپتاپ عدد اینچی داخلش جا نمیشود و حتی خیلی کوچکتر! به نظرم دوخت مستحکمی ندارد. برنزتش جاذب گرد و خاک و کرک لباسه است!,1
2402,خیلی شیک و زیباست و البته سبک! و بخاطر داشتن بندهای مختلف باید هم به عنوان کیف اداری استفاده کنید و هم کولهپشتی! اما محفظه لپتاپ بسیار کوچکه است و اصلا لپتاپ عدد اینچی داخلش جا نمیشود و حتی خیلی کوچکتر! به نظرم دوخت مستحکمی ندارد. برنزتش جاذب گرد و خاک و کرک لباسه است!,1
2403,خیلی شیک و زیباست و البته سبک! و بخاطر داشتن بندهای مختلف میتوانید هم به عنوان کیف شخصی استفاده کنید و هم کولهپشتی! اما محفظه لپتاپ بسیار کوچکه است و اصلا لپتاپ عدد اینچی داخلش جا نمیشود و حتی خیلی کوچکتر! به نظرم دوخت مستحکمی ندارد. برنزتش جاذب گرد و خاک و کرک لباسه است!,1
2404,خیلی شیک و زیباست و البته سبک! و بخاطر داشتن بندهای مختلف میتوانید هم به عنوان کیف اداری استفاده کنید و هم کولهپشتی! اما محفظه ان بسیار کوچکه است و اصلا لپتاپ عدد اینچی داخلش جا نمیشود و حتی خیلی کوچکتر! به نظرم دوخت مستحکمی ندارد. برنزتش جاذب گرد و خاک و کرک لباسه است!,1
2405,خیلی شیک و زیباست و البته سبک! و بخاطر داشتن بندهای چرمی میتوانید هم به عنوان کیف اداری استفاده کنید و هم کولهپشتی! اما محفظه لپتاپ بسیار کوچکه است و اصلا لپتاپ عدد اینچی داخلش جا نمیشود و حتی خیلی کوچکتر! به نظرم دوخت مستحکمی ندارد. برنزتش جاذب گرد و خاک و کرک لباسه است!,1
2406,خیلی شیک و زیباست و البته سبک! و بخاطر داشتن بندهای مختلف میتوانید هم به عنوان کیف اداری استفاده کنید و هم کولهپشتی! اما محفظه لپتاپ بسیار کوچک است و اصلا لپتاپ عدد اینچی داخلش جا نمیشود و حتی خیلی کوچکتر! به نظرم دوخت مستحکمی ندارد. برنزتش جاذب گرد و خاک و کرک لباسه است!,1
2407,خیلی شیک و راحت و البته سبک! و بخاطر داشتن بندهای مختلف میتوانید هم به عنوان کیف اداری استفاده کنید و هم کولهپشتی! اما محفظه لپتاپ بسیار کوچکه است و اصلا لپتاپ عدد اینچی داخلش جا نمیشود و حتی خیلی کوچکتر! به نظرم دوخت مستحکمی ندارد. برنزتش جاذب گرد و خاک و کرک لباسه است!,1
2408,خیلی شیک و زیباست و البته سبک! و بخاطر داشتن بندهای مختلف میتوانید هم به عنوان کیف اداری استفاده کنید و هم کولهپشتی! اما این لپتاپ بسیار کوچکه است و اصلا لپتاپ عدد اینچی داخلش جا نمیشود و حتی خیلی کوچکتر! به نظرم دوخت مستحکمی ندارد. برنزتش جاذب گرد و خاک و کرک لباسه است!,1
2409,خیلی شیک و زیباست و البته سبک! و بخاطر داشتن بندهای مختلف میتوانید هم به عنوان کیف اداری استفاده کنید و هم کولهپشتی! اما کیف لپتاپ بسیار کوچکه است و اصلا لپتاپ عدد اینچی داخلش جا نمیشود و حتی خیلی کوچکتر! به نظرم دوخت مستحکمی ندارد. برنزتش جاذب گرد و خاک و کرک لباسه است!,1
2410,خیلی شیک و زیباست و البته سبک! و بخاطر داشتن بندهای مختلف میتوانید هم به عنوان کیف اداری استفاده کنید و هم کولهپشتی! اما محفظه لپتاپ خیلی کوچکه است و اصلا لپتاپ عدد اینچی داخلش جا نمیشود و حتی خیلی کوچکتر! به نظرم دوخت مستحکمی ندارد. برنزتش جاذب گرد و خاک و کرک لباسه است!,1
2411,با :,1
2412,با.,1
2413,من از اینکه چراغ داشت خوشم میومد.. منتها وقتی تحویل گرفتم وصل کردم سری که قطع و وصل میشد و مشکل داشت خیلی افتضاحح,1
2414,من از اینکه چراغ داشت خوشم میومد.. منتها وقتی تحویل گرفتم فکر کردم سری ایفون قطع و وصل میشد و مشکل داشت خیلی افتضاحح,1
2415,من از اینکه چراغ داشت خوشم میومد.. منتها وقتی تحویل گرفتم وصل کردم و ایفون قطع و وصل میشد و مشکل داشت خیلی افتضاحح,1
2416,من از اینکه چراغ داشت خوشم میومد.. منتها وقتی تحویل گرفتم احساس کردم سری ایفون قطع و وصل میشد و مشکل داشت خیلی افتضاحح,1
2417,من از اینکه چراغ داشت بدم میومد.. منتها وقتی تحویل گرفتم وصل کردم سری ایفون قطع و وصل میشد و مشکل داشت خیلی افتضاحح,1
2418,من از اینکه چراغ داشت خوشم میومد.. منتها وقتی تحویل گرفتم وصل کردم سری ایفون داشت و وصل میشد و مشکل داشت خیلی افتضاحح,1
2419,من از اینکه چراغ داشت خوشم میومد.. منتها وقتی تحویل گرفتم وصل یه سری ایفون قطع و وصل میشد و مشکل داشت خیلی افتضاحح,1
2420,حجم محصول خیلی کمه که نسبت به کرمهای قبلی سی گل این قیمتگذاری غیر منطقیه میشود با یک ریال این مبلغ همان کرم سی گلرو با حم عدد گرفت,1
2421,حجم محصول خیلی کمه که نسبت به کرمهای قبلی سی گل این قیمتگذاری غیر منطقیه میشود با سه چهارم این مبلغ همان کرم سی گلرو با حم عدد گرفت,1
2422,حجم محصول خیلی کمه که نسبت به کرمهای قبلی سی گل این قیمتگذاری غیر منطقیه میشود با یک چهارم این عدد همان کرم سی گلرو با حم عدد گرفت,1
2423,حجم محصول خیلی کمه که نسبت به کرمهای قبلی بیشتر گل این قیمتگذاری غیر منطقیه میشود با یک چهارم این مبلغ همان کرم سی گلرو با حم عدد گرفت,1
2424,حجم محصول انقدر کمه که نسبت به کرمهای قبلی سی گل این قیمتگذاری غیر منطقیه میشود با یک چهارم این مبلغ همان کرم سی گلرو با حم عدد گرفت,1
2425,حجم محصول خیلی کمه که نسبت به کرمهای کرم سی گل این قیمتگذاری غیر منطقیه میشود با یک چهارم این مبلغ همان کرم سی گلرو با حم عدد گرفت,1
2426,حجم محصول خیلی کمه که نسبت به کرمهای قبلی سی گلو قیمتگذاری غیر منطقیه میشود با یک چهارم این مبلغ همان کرم سی گلرو با حم عدد گرفت,1
2427,خیلی ضخیمه است نخش دندان پر کرده داشته باشید اسیب میزند به ترمیمتان,1
2428,خیلی ضخیمه اگر نخش دندان پر کرده داشته باشید اسیب میزند به ترمیمتان,1
2429,اگر ضخیمه است نخش دندان پر کرده داشته باشید اسیب میزند به ترمیمتان,1
2430,خیلی ضخیمه است نخش دندان پر کرده و اسیب میزند به ترمیمتان,1
2431,ان عدد هفته کار نکرد و سر میکرو usb از سیمش جدا شد. در ان عدد هفته هم مدام قطع و وصل میشد,1
2432,مفید عدد هفته کار نکرد و سر کابل usb از سیمش جدا شد. در ان عدد هفته هم مدام قطع و وصل میشد,1
2433,مفید عدد هفته کار نکرد و سر میکرو usb از سیمش جدا شد. در ان عدد هفته هم مدام قطع و قطع میشد,1
2434,مفید عدد هفته کار نکرد و سر پورت usb از سیمش جدا شد. در ان عدد هفته هم مدام قطع و وصل میشد,1
2435,مفید عدد هفته کار نکرد و سر میکرو usb از سیمش جدا شد. در ان عدد هفته هم سیم قطع و وصل میشد,1
2436,مفید عدد هفته کار نکرد و سر میکرو usb هم سیمش جدا شد. در ان عدد هفته هم مدام قطع و وصل میشد,1
2437,من تقریبا یک ماهه که این روغن را از دیجیکالا خریدم ، طبق دستورش روزی دو بار استفاده کردم ، پوست خشکی دارم و پوست را نرم میکند چون خوب بلخره روغنه است دیگر ، اما صورتم پر از جوشهای ریز ریز و حتی درشت شده! برای اینکه مطمين بشم علت جوشهای صورتم این روغنه است یا چیز دیگر ، چند روز استفاده از روغن را قطع کردم ودیدم پوستم بهتر شده و مجددا که شروع به استفاده کردم دوباره جوش زدم! اصلا به درد صورت نمیخورد! ممکنه کاراییای مثل از بین بربردن لک داشته باشد اما اصلا نمیارزد چون درطول درمانش باعث کلی جوش میشود حتی برای کسی مثل من که پوست خشکی دارم,1
2438,من تقریبا یک ماهه که این روغن را از دیجیکالا خریدم ، طبق دستورش روزی دو بار استفاده کردم ، پوست خشکی دارم و پوست را نرم میکند چون خوب این روغنه است دیگر ، اما صورتم پر از جوشهای ریز ریز و حتی درشت شده! برای اینکه مطمين بشم علت جوشهای صورتم این روغنه است یا چیز دیگر ، چند روز استفاده از روغن را قطع کردم ودیدم پوستم بهتر شد و مجددا که شروع به استفاده کردم دوباره جوش زدم! اصلا به درد صورت نمیخورد! ممکنه کاراییای مثل از بین بربردن لک داشته باشد اما اصلا نمیارزد چون درطول درمانش باعث کلی جوش میشود حتی برای کسی مثل من که پوست خشکی دارم,1
2439,من تقریبا یک ماهه یکبار این روغن را از دیجیکالا خریدم ، طبق دستورش روزی دو بار استفاده کردم ، پوست خشکی دارم و پوست را نرم میکند چون خوب بلخره روغنه است دیگر ، اما صورتم پر از جوشهای ریز ریز و حتی درشت شده! برای اینکه مطمين بشم علت جوشهای صورتم این روغنه است یا چیز دیگر ، چند روز استفاده از روغن را قطع کردم ودیدم پوستم بهتر شد و مجددا که شروع به استفاده کردم دوباره جوش زدم! اصلا به درد صورت نمیخورد! ممکنه کاراییای مثل از بین بربردن لک داشته باشد اما اصلا نمیارزد چون درطول درمانش باعث کلی جوش میشود حتی برای کسی مثل من که پوست خشکی دارم,1
2440,من تقریبا یک ماهه که این روغن را از دیجیکالا خریدم ، طبق دستورش روزی دو بار استفاده کردم ، پوست خشکی دارم که پوست را نرم میکند چون خوب بلخره روغنه است دیگر ، اما صورتم پر از جوشهای ریز ریز و حتی درشت شده! برای اینکه مطمين بشم علت جوشهای صورتم این روغنه است یا چیز دیگر ، چند روز استفاده از روغن را قطع کردم ودیدم پوستم بهتر شد و مجددا که شروع به استفاده کردم دوباره جوش زدم! اصلا به درد صورت نمیخورد! ممکنه کاراییای مثل از بین بربردن لک داشته باشد اما اصلا نمیارزد چون درطول درمانش باعث کلی جوش میشود حتی برای کسی مثل من که پوست خشکی دارم,1
2441,من تقریبا یک ماهه که این روغن را برای دیجیکالا خریدم ، طبق دستورش روزی دو بار استفاده کردم ، پوست خشکی دارم و پوست را نرم میکند چون خوب بلخره روغنه است دیگر ، اما صورتم پر از جوشهای ریز ریز و حتی درشت شده! برای اینکه مطمين بشم علت جوشهای صورتم این روغنه است یا چیز دیگر ، چند روز استفاده از روغن را قطع کردم ودیدم پوستم بهتر شد و مجددا که شروع به استفاده کردم دوباره جوش زدم! اصلا به درد صورت نمیخورد! ممکنه کاراییای مثل از بین بربردن لک داشته باشد اما اصلا نمیارزد چون درطول درمانش باعث کلی جوش میشود حتی برای کسی مثل من که پوست خشکی دارم,1
2442,من تقریبا یک ماهه که این روغن را از دیجیکالا خریدم ، طبق عادت روزی دو بار استفاده کردم ، پوست خشکی دارم و پوست را نرم میکند چون خوب بلخره روغنه است دیگر ، اما صورتم پر از جوشهای ریز ریز و حتی درشت شده! برای اینکه مطمين بشم علت جوشهای صورتم این روغنه است یا چیز دیگر ، چند روز استفاده از روغن را قطع کردم ودیدم پوستم بهتر شد و مجددا که شروع به استفاده کردم دوباره جوش زدم! اصلا به درد صورت نمیخورد! ممکنه کاراییای مثل از بین بربردن لک داشته باشد اما اصلا نمیارزد چون درطول درمانش باعث کلی جوش میشود حتی برای کسی مثل من که پوست خشکی دارم,1
2443,من تقریبا یک ماهه که این روغن رو از دیجیکالا خریدم ، طبق دستورش روزی دو بار استفاده کردم ، پوست خشکی دارم و پوست را نرم میکند چون خوب بلخره روغنه است دیگر ، اما صورتم پر از جوشهای ریز ریز و حتی درشت شده! برای اینکه مطمين بشم علت جوشهای صورتم این روغنه است یا چیز دیگر ، چند روز استفاده از روغن را قطع کردم ودیدم پوستم بهتر شد و مجددا که شروع به استفاده کردم دوباره جوش زدم! اصلا به درد صورت نمیخورد! ممکنه کاراییای مثل از بین بربردن لک داشته باشد اما اصلا نمیارزد چون درطول درمانش باعث کلی جوش میشود حتی برای کسی مثل من که پوست خشکی دارم,1
2444,من تقریبا یک ماهه که این روغن را از دیجیکالا گرفتم ، طبق دستورش روزی دو بار استفاده کردم ، پوست خشکی دارم و پوست را نرم میکند چون خوب بلخره روغنه است دیگر ، اما صورتم پر از جوشهای ریز ریز و حتی درشت شده! برای اینکه مطمين بشم علت جوشهای صورتم این روغنه است یا چیز دیگر ، چند روز استفاده از روغن را قطع کردم ودیدم پوستم بهتر شد و مجددا که شروع به استفاده کردم دوباره جوش زدم! اصلا به درد صورت نمیخورد! ممکنه کاراییای مثل از بین بربردن لک داشته باشد اما اصلا نمیارزد چون درطول درمانش باعث کلی جوش میشود حتی برای کسی مثل من که پوست خشکی دارم,1
2445,من تقریبا یک ماهه که این روغن را از دیجیکالا خریدم ، طبق دستورش روزی دو بار استفاده میکنم ، پوست خشکی دارم و پوست را نرم میکند چون خوب بلخره روغنه است دیگر ، اما صورتم پر از جوشهای ریز ریز و حتی درشت شده! برای اینکه مطمين بشم علت جوشهای صورتم این روغنه است یا چیز دیگر ، چند روز استفاده از روغن را قطع کردم ودیدم پوستم بهتر شد و مجددا که شروع به استفاده کردم دوباره جوش زدم! اصلا به درد صورت نمیخورد! ممکنه کاراییای مثل از بین بربردن لک داشته باشد اما اصلا نمیارزد چون درطول درمانش باعث کلی جوش میشود حتی برای کسی مثل من که پوست خشکی دارم,1
2446,من تقریبا یک ماهه که این روغن را از دیجیکالا خریدم ، طبق دستورش روزی دو بار استفاده کردم ، پوست خشکی دارم و پوست را نرم میکند چون خوب بلخره روغنه است دیگر ، اما صورتم سرشار از جوشهای ریز ریز و حتی درشت شده! برای اینکه مطمين بشم علت جوشهای صورتم این روغنه است یا چیز دیگر ، چند روز استفاده از روغن را قطع کردم ودیدم پوستم بهتر شد و مجددا که شروع به استفاده کردم دوباره جوش زدم! اصلا به درد صورت نمیخورد! ممکنه کاراییای مثل از بین بربردن لک داشته باشد اما اصلا نمیارزد چون درطول درمانش باعث کلی جوش میشود حتی برای کسی مثل من که پوست خشکی دارم,1
2447,من تقریبا یک ماهه که این روغن را از دیجیکالا خریدم ، طبق دستورش روزی دو بار استفاده کردم ، پوست خشکی دارم و پوست را نرم میکنم چون خوب بلخره روغنه است دیگر ، اما صورتم پر از جوشهای ریز ریز و حتی درشت شده! برای اینکه مطمين بشم علت جوشهای صورتم این روغنه است یا چیز دیگر ، چند روز استفاده از روغن را قطع کردم ودیدم پوستم بهتر شد و مجددا که شروع به استفاده کردم دوباره جوش زدم! اصلا به درد صورت نمیخورد! ممکنه کاراییای مثل از بین بربردن لک داشته باشد اما اصلا نمیارزد چون درطول درمانش باعث کلی جوش میشود حتی برای کسی مثل من که پوست خشکی دارم,1
2448,من تقریبا یک ماهه که این روغن را از دیجیکالا خریدم ، طبق دستورش روزی دو بار استفاده کردم ، پوست خشکی دارم و پوست را نرم میکند چون خوب بلخره روغنه است دیگر ، اما صورتم پر از جوشهای ریز ریز و حتی درشت شده! برای اینکه مطمين بشم علت جوشهای صورتم این روغنه است یا چیز دیگر ، چند روز استفاده از روغن را قطع کردم ودیدم حالم بهتر شد و مجددا که شروع به استفاده کردم دوباره جوش زدم! اصلا به درد صورت نمیخورد! ممکنه کاراییای مثل از بین بربردن لک داشته باشد اما اصلا نمیارزد چون درطول درمانش باعث کلی جوش میشود حتی برای کسی مثل من که پوست خشکی دارم,1
2449,من تقریبا یک ماهه که این روغن را از دیجیکالا خریدم ، طبق دستورش روزی دو بار استفاده کردم ، پوست خشکی دارم و پوست را نرم میکند چون خوب بلخره روغنه است دیگر ، اما صورتم پر از جوشهای ریز ریز و حتی درشت شده! برای اینکه مطمين بشم علت جوشهای صورتم این روغنه است یا چیز دیگر ، چند روز استفاده از روغن را قطع کردم ودیدم کمی بهتر شد و مجددا که شروع به استفاده کردم دوباره جوش زدم! اصلا به درد صورت نمیخورد! ممکنه کاراییای مثل از بین بربردن لک داشته باشد اما اصلا نمیارزد چون درطول درمانش باعث کلی جوش میشود حتی برای کسی مثل من که پوست خشکی دارم,1
2450,من تقریبا یک بار که این روغن را از دیجیکالا خریدم ، طبق دستورش روزی دو بار استفاده کردم ، پوست خشکی دارم و پوست را نرم میکند چون خوب بلخره روغنه است دیگر ، اما صورتم پر از جوشهای ریز ریز و حتی درشت شده! برای اینکه مطمين بشم علت جوشهای صورتم این روغنه است یا چیز دیگر ، چند روز استفاده از روغن را قطع کردم ودیدم پوستم بهتر شد و مجددا که شروع به استفاده کردم دوباره جوش زدم! اصلا به درد صورت نمیخورد! ممکنه کاراییای مثل از بین بربردن لک داشته باشد اما اصلا نمیارزد چون درطول درمانش باعث کلی جوش میشود حتی برای کسی مثل من که پوست خشکی دارم,1
2451,من تقریبا یک ماهه که این روغن را از دیجیکالا خریدم ، طبق دستورش روزی دو بار استفاده کردم ، پوست خشکی دارم و پوست را نرم میکند چون خوب بلخره روغنه است دیگر ، اما صورتم پر از جوشهای ریز ریز و حتی درشت شده! برای اینکه مطمين بشم علت جوشهای صورتم این روغنه است یا چیز دیگر ، چند روز استفاده از روغن را قطع کردم ودیدم پوستم بهتر شد و بعد که شروع به استفاده کردم دوباره جوش زدم! اصلا به درد صورت نمیخورد! ممکنه کاراییای مثل از بین بربردن لک داشته باشد اما اصلا نمیارزد چون درطول درمانش باعث کلی جوش میشود حتی برای کسی مثل من که پوست خشکی دارم,1
2452,من تقریبا یک ماهه که این روغن را از دیجیکالا خریدم ، طبق دستورش روزی دو بار استفاده کردم ، پوست خشکی دارم و پوست را نرم میکند چون خوب بلخره روغنه است دیگر ، اما صورتم پر از جوشهای ریز ریز و خیلی درشت شده! برای اینکه مطمين بشم علت جوشهای صورتم این روغنه است یا چیز دیگر ، چند روز استفاده از روغن را قطع کردم ودیدم پوستم بهتر شد و مجددا که شروع به استفاده کردم دوباره جوش زدم! اصلا به درد صورت نمیخورد! ممکنه کاراییای مثل از بین بربردن لک داشته باشد اما اصلا نمیارزد چون درطول درمانش باعث کلی جوش میشود حتی برای کسی مثل من که پوست خشکی دارم,1
2453,من تقریبا یک ماهه که این روغن را از دیجیکالا خریدم ، طبق دستورش روزی دو بار امتحان کردم ، پوست خشکی دارم و پوست را نرم میکند چون خوب بلخره روغنه است دیگر ، اما صورتم پر از جوشهای ریز ریز و حتی درشت شده! برای اینکه مطمين بشم علت جوشهای صورتم این روغنه است یا چیز دیگر ، چند روز استفاده از روغن را قطع کردم ودیدم پوستم بهتر شد و مجددا که شروع به استفاده کردم دوباره جوش زدم! اصلا به درد صورت نمیخورد! ممکنه کاراییای مثل از بین بربردن لک داشته باشد اما اصلا نمیارزد چون درطول درمانش باعث کلی جوش میشود حتی برای کسی مثل من که پوست خشکی دارم,1
2454,من تقریبا یک ماهه که این روغن را از دیجیکالا خریدم ، طبق دستورش روزی دو بار استفاده کردم ، پوست خشکی دارم و پوست را نرم میکند چون خوب بلخره روغنه است دیگر ، اما صورتم پر از جوشهای ریز ریز و حتی درشت شده! برای اینکه مطمين بشم علت جوشهای صورتم این روغنه است یا چیز دیگر ، چند روز استفاده از روغن را قطع کردم ودیدم پوستم بهتر شد و مجددا که شروع به استفاده کردم دوباره جوش زدم! اصلا به درد صورت نمیخورد! ممکنه کسی مثل از بین بربردن لک داشته باشد اما اصلا نمیارزد چون درطول درمانش باعث کلی جوش میشود حتی برای کسی مثل من که پوست خشکی دارم,1
2455,من تقریبا یک ماهه که این روغن را از دیجیکالا خریدم ، طبق دستورش روزی دو بار استفاده کردم ، پوست خشکی دارم و پوست را نرم میکند چون علت بلخره روغنه است دیگر ، اما صورتم پر از جوشهای ریز ریز و حتی درشت شده! برای اینکه مطمين بشم علت جوشهای صورتم این روغنه است یا چیز دیگر ، چند روز استفاده از روغن را قطع کردم ودیدم پوستم بهتر شد و مجددا که شروع به استفاده کردم دوباره جوش زدم! اصلا به درد صورت نمیخورد! ممکنه کاراییای مثل از بین بربردن لک داشته باشد اما اصلا نمیارزد چون درطول درمانش باعث کلی جوش میشود حتی برای کسی مثل من که پوست خشکی دارم,1
2456,من تقریبا یک ماهه که این روغن را از دیجیکالا خریدم ، طبق دستورش روزی دو بار استفاده کردم ، پوست خشکی دارم و پوست را نرم میکند چون خوب بلخره روغنه است دیگر ، اما صورتم پر از جوشهای ریز ریز و حتی درشت شده! برای اینکه مطمين بشم علت جوشهای صورتم این روغنه است یا چیز دیگر ، چند روز استفاده از روغن را قطع کردم ودیدم پوستم بهتر شد و مجددا که شروع به استفاده کردم دوباره جوش زدم! این به درد صورت نمیخورد! ممکنه کاراییای مثل از بین بربردن لک داشته باشد اما اصلا نمیارزد چون درطول درمانش باعث کلی جوش میشود حتی برای کسی مثل من که پوست خشکی دارم,1
2457,من تقریبا یک ماهه که این روغن را از دیجیکالا خریدم ، طبق دستورش روزی دو بار استفاده کردم ، پوست خشکی دارد و پوست را نرم میکند چون خوب بلخره روغنه است دیگر ، اما صورتم پر از جوشهای ریز ریز و حتی درشت شده! برای اینکه مطمين بشم علت جوشهای صورتم این روغنه است یا چیز دیگر ، چند روز استفاده از روغن را قطع کردم ودیدم پوستم بهتر شد و مجددا که شروع به استفاده کردم دوباره جوش زدم! اصلا به درد صورت نمیخورد! ممکنه کاراییای مثل از بین بربردن لک داشته باشد اما اصلا نمیارزد چون درطول درمانش باعث کلی جوش میشود حتی برای کسی مثل من که پوست خشکی دارم,1
2458,من تقریبا یک ماهه که این روغن را از دیجیکالا خریدم ، طبق دستورش روزی دو بار استفاده کردم ، پوست خشکی دارم و پوست را نرم میکند چون خوب بلخره روغنه است دیگر ، اما صورتم پر از جوشهای ریز ریز و حتی درشت شده! برای اینکه مطمين شوم علت جوشهای صورتم این روغنه است یا چیز دیگر ، چند روز استفاده از روغن را قطع کردم ودیدم پوستم بهتر شد و مجددا که شروع به استفاده کردم دوباره جوش زدم! اصلا به درد صورت نمیخورد! ممکنه کاراییای مثل از بین بربردن لک داشته باشد اما اصلا نمیارزد چون درطول درمانش باعث کلی جوش میشود حتی برای کسی مثل من که پوست خشکی دارم,1
2459,من تقریبا یک ماهه که این روغن را از دیجیکالا خریدم ، طبق دستورش روزی دو بار استفاده کردم ، پوست خشکی دارم و پوست را نرم میکند چون خوب بلخره روغنه است دیگر ، اما صورتم پر از جوشهای ریز ریز و ریز درشت شده! برای اینکه مطمين بشم علت جوشهای صورتم این روغنه است یا چیز دیگر ، چند روز استفاده از روغن را قطع کردم ودیدم پوستم بهتر شد و مجددا که شروع به استفاده کردم دوباره جوش زدم! اصلا به درد صورت نمیخورد! ممکنه کاراییای مثل از بین بربردن لک داشته باشد اما اصلا نمیارزد چون درطول درمانش باعث کلی جوش میشود حتی برای کسی مثل من که پوست خشکی دارم,1
2460,من تقریبا یک ماهه که این روغن را از دیجیکالا خریدم ، طبق دستورش روزی دو بار استفاده کردم ، پوست خشکی دارم و پوست را نرم میکند چون خوب بلخره روغنه است دیگر ، اما صورتم پر از جوشهای خیلی ریز و حتی درشت شده! برای اینکه مطمين بشم علت جوشهای صورتم این روغنه است یا چیز دیگر ، چند روز استفاده از روغن را قطع کردم ودیدم پوستم بهتر شد و مجددا که شروع به استفاده کردم دوباره جوش زدم! اصلا به درد صورت نمیخورد! ممکنه کاراییای مثل از بین بربردن لک داشته باشد اما اصلا نمیارزد چون درطول درمانش باعث کلی جوش میشود حتی برای کسی مثل من که پوست خشکی دارم,1
2461,من تقریبا یک ماهه که این روغن را از دیجیکالا خریدم ، طبق دستورش روزی دو بار استفاده کردم ، پوست خشکی دارم و پوست را نرم میکند چون خوب بلخره روغنه است دیگر ، اما صورتم پر از جوشهای ریز ریز و حتی درشت شده! برای اینکه مطمين بشم علت جوشهای صورتم این روغنه است یا چیز دیگر ، چند روز استفاده از روغن را قطع کردم ودیدم پوستم بهتر شد و مجددا که شروع به استفاده کردم دوباره جوش خوردم! اصلا به درد صورت نمیخورد! ممکنه کاراییای مثل از بین بربردن لک داشته باشد اما اصلا نمیارزد چون درطول درمانش باعث کلی جوش میشود حتی برای کسی مثل من که پوست خشکی دارم,1
2462,کاملا پشیمان از این شودم,1
2463,شاید پشیمان از خرید شودم,1
2464,کاملا مانع از خرید شودم,1
2465,به ظاهر با کیفیتی اما به شدت بیکیفیت,1
2466,در ظاهر با کیفیت اما به شدت بیکیفیت,1
2467,به ظاهر با کیفیت و به شدت بیکیفیت,1
2468,بعد از دو سه روز استفاده خیلی دیر شارژ میکند. به درد نمیخورد اصلا,1
2469,بعد از دو سه روز استفاده خیلی دیر شارژ میکند. به درد نمیخورد.,1
2470,بعد از دو چهار روز استفاده خیلی دیر شارژ میکند. به درد نمیخورد اصلا,1
2471,بعد از دو سه بار استفاده خیلی دیر شارژ میکند. به درد نمیخورد اصلا,1
2472,بعد از دو سه روز استفاده خیلی دیر شارژ شد. به درد نمیخورد اصلا,1
2473,پیشنهاد :,1
2474,پیشنهاد.,1
2475,قیمتش بالا بود و خیلی معمولی بود,1
2476,خیلی بالا بود و کیفیتش معمولی بود,1
2477,قیمتش بالا بود و کیفیتش پایین بود,1
2478,قیمت کالا با گوشیهای سامسونگ سری s همخوانی ندارد و این موضوع در توضیحات کالا ذگر نشده بود,1
2479,این کالا با گوشیهای سامسونگ سری s همخوانی ندارد و این موضوع از توضیحات کالا ذگر نشده بود,1
2480,این کالا با گوشیهای سامسونگ سری s همخوانی ندارد که این موضوع در توضیحات کالا ذگر نشده بود,1
2481,این کالا با گوشیهای سامسونگ سری s همخوانی دارد و این موضوع در توضیحات کالا ذگر نشده بود,1
2482,این کالا با گوشیهای هوشمند سری s همخوانی ندارد و این موضوع در توضیحات کالا ذگر نشده بود,1
2483,هیچ تاثیر منفی ندیدم,1
2484,من تاثیر خاصی ندیدم,1
2485,دیگران گفتن شما را خشک میکند ، درسته,1
2486,دیگران گفتن مو را خراب میکند ، درسته,1
2487,دیگران گفتن مو را خشک کن ، درسته,1
2488,تعییر خاصی در پوست ایجاد نمیکند ، حتی رنگ کدری به پوست میدهد و بوی بدی هم داره ، ولی قیمتش مناسبه است! مدل blackhead clearingهمین مارک خیلی بهتره است.,1
2489,تعییر خاصی در پوست ایجاد نمیکند و حتی رنگ کدری به پوست میدهد و بوی بدی هم داره ، ولی قیمتش مناسبه است! مدل blackhead clearingهمین مارک خیلی بهتره است.,1
2490,تعییر خاصی در پوست ایجاد نمیکند و حتی رنگ کدری به پوست میدهد و بوی بدی هم داره ، اما قیمتش مناسبه است! مدل blackhead clearingهمین مارک خیلی بهتره است.,1
2491,تعییر خاصی در پوست ایجاد نمیکند و حتی رنگ کدری به پوست میده و بوی بدی هم داره ، ولی قیمتش مناسبه است! مدل blackhead clearingهمین مارک خیلی بهتره است.,1
2492,تعییر خاصی در بدن ایجاد نمیکند و حتی رنگ کدری به پوست میدهد و بوی بدی هم داره ، ولی قیمتش مناسبه است! مدل blackhead clearingهمین مارک خیلی بهتره است.,1
2493,تعییر خاصی در پوست ایجاد نمیکند و حتی رنگ بدی به پوست میدهد و بوی بدی هم داره ، ولی قیمتش مناسبه است! مدل blackhead clearingهمین مارک خیلی بهتره است.,1
2494,تعییر خاصی در پوست ایجاد نمیکند و حتی رنگ کدری به پوست میدهد و بوی بدی نیز داره ، ولی قیمتش مناسبه است! مدل blackhead clearingهمین مارک خیلی بهتره است.,1
2495,تعییر خاصی در پوست ایجاد نمیکند و حتی رنگ کدری به پوست میدهد و بوی بدی هم داره ، ولی قیمتش مناسبه است! مدل blackhead clearingهمین مارک بسیار بهتره است.,1
2496,خلاصه بگم فوقالعاده بیکیفیت طوری که وقتی شارژر رسید سوکت باد کرده و شکسته بود و بعد از یک ساعت که به شارژر متصل بود کمتر عدد درصد شارژ شد. در کل پولتان را دور نریزید,1
2497,خلاصه بگم فوقالعاده بیکیفیت طوری که وقتی بدهستم رسید سوکت باد کرد و شکسته بود و بعد از یک ساعت که به شارژر متصل بود کمتر عدد درصد شارژ شد. در کل پولتان را دور نریزید,1
2498,خلاصه بگم فوقالعاده بیکیفیت طوری که وقتی بدهستم رسید سوکت باد کرده و شکسته بود و بعد از یک ساعت که به شارژر وصل بود کمتر عدد درصد شارژ شد. در کل پولتان را دور نریزید,1
2499,خلاصه بگم فوقالعاده بیکیفیت طوری که وقتی بدهستم رسید سوکت باد کرده و شکسته بود و بعد از یک ساعت که به شارژر متصل بود کمتر عدد درصد شارژ شد. در کل پولتان را بگیرید نریزید,1
2500,خلاصه بگم فوقالعاده بیکیفیت طوری که وقتی بدهستم رسید سوکت باد کرده ان شکسته بود و بعد از یک ساعت که به شارژر متصل بود کمتر عدد درصد شارژ شد. در کل پولتان را دور نریزید,1
2501,خلاصه بگم فوقالعاده بیکیفیت طوری که وقتی بدهستم رسید سوکت باد کرده و شکسته بود و بعد از یک ساعت که به شارژر متصل بود کمتر عدد درصد خراب شد. در کل پولتان را دور نریزید,1
2502,خلاصه بگم فوقالعاده بیکیفیت طوری که وقتی بدهستم رسید سوکت باد کرده و شکسته بود و بعد از یک ساعت که به شارژر متصل بود کمتر عدد درصد شارژ شد. در کل شارژر را دور نریزید,1
2503,خلاصه بگم فوقالعاده بیکیفیت طوری که به بدهستم رسید سوکت باد کرده و شکسته بود و بعد از یک ساعت که به شارژر متصل بود کمتر عدد درصد شارژ شد. در کل پولتان را دور نریزید,1
2504,خلاصه بگم فوقالعاده بیکیفیت طوری که وقتی بدهستم رسید سوکت باد کرده و شکسته بود و بعد تا یک ساعت که به شارژر متصل بود کمتر عدد درصد شارژ شد. در کل پولتان را دور نریزید,1
2505,بعد زدم پشت گوشیم بعد زدم شارژ ، گوشیم خیلی داغ کرد. انقدر که ترسیدم و کندمش,1
2506,وقتی زدم شارژ گوشیم بعد زدم شارژ ، گوشیم خیلی داغ کرد. انقدر که ترسیدم و کندمش,1
2507,وقتی زدم پشت گوشیم بعد زدم شارژ ، گوشیم خیلی داغ شد. انقدر که ترسیدم و کندمش,1
2508,وقتی زدم پشت گوشیم بعد زدم شارژ ، گوشیم خیلی داغ کرد. انقدر ازش ترسیدم و کندمش,1
2509,وقتی زدم پشت گوشیم بعد زدم شارژ ، گوشیم خیلی هنگ کرد. انقدر که ترسیدم و کندمش,1
2510,اصلا اینطور نیست اصلا پیشنهاد نمیکنم پولتان را دور نریزید …,1
2511,حالم خوب نیست اصلا پیشنهاد نمیکنم پولتان را دور نریزید …,1
2512,اصلا مهم نیست اصلا پیشنهاد نمیکنم پولتان را دور نریزید …,1
2513,اصلا خوب من اصلا پیشنهاد نمیکنم پولتان را دور نریزید …,1
2514,روی پایه شارژ گوشی خوب قفل نمیشود یعنی با یک تکان راحت از جای خودش در میاید و نکته بد دیگر این سیم خیلی خشکه و انعطافپذیر نیست و ان حالتی که داخل بستهبندی به خودش گرفته به راحتی باز نمیشود,1
2515,روی پایه شارژ گوشی خوب قفل نمیشود یعنی با یک تکان راحت از جای خود در میاید و نکته بد دیگر اینکه سیم خیلی خشکه و انعطافپذیر نیست و ان حالتی که داخل بستهبندی به خودش گرفته به راحتی باز نمیشود,1
2516,روی پایه شارژ گوشی خوب قفل نمیشود یعنی با یک تکان راحت از جای خودش در میاید و نکته بد دیگر اینکه سیم خیلی خشکه و انعطافپذیر نیست و ان حالتی که داخل بستهبندی به خودش گرفته به راحتی قفل نمیشود,1
2517,روی پایه شارژ گوشی خوب قفل نمیشود یعنی مثل یک تکان راحت از جای خودش در میاید و نکته بد دیگر اینکه سیم خیلی خشکه و انعطافپذیر نیست و ان حالتی که داخل بستهبندی به خودش گرفته به راحتی باز نمیشود,1
2518,روی پایه شارژ سیم خوب قفل نمیشود یعنی با یک تکان راحت از جای خودش در میاید و نکته بد دیگر اینکه سیم خیلی خشکه و انعطافپذیر نیست و ان حالتی که داخل بستهبندی به خودش گرفته به راحتی باز نمیشود,1
2519,روی پایه شارژ گوشی خوب باز نمیشود یعنی با یک تکان راحت از جای خودش در میاید و نکته بد دیگر اینکه سیم خیلی خشکه و انعطافپذیر نیست و ان حالتی که داخل بستهبندی به خودش گرفته به راحتی باز نمیشود,1
2520,روی پایه شارژ گوشی خوب قفل نمیشود یعنی با یک تکان راحت از حالت خودش در میاید و نکته بد دیگر اینکه سیم خیلی خشکه و انعطافپذیر نیست و ان حالتی که داخل بستهبندی به خودش گرفته به راحتی باز نمیشود,1
2521,روی پایه شارژ گوشی خوب قفل نمیشود یعنی با یک تکان راحت از جای خودش در میاید و نکته بد دیگر اینکه سیم شارژر خشکه و انعطافپذیر نیست و ان حالتی که داخل بستهبندی به خودش گرفته به راحتی باز نمیشود,1
2522,روی پایه شارژ گوشی خوب قفل نمیشود یعنی با یک تکان راحت از جای خودش در میاید و نکته بد دیگر اینکه سیم خیلی خشکه و انعطافپذیر نیست و ان چیزی که داخل بستهبندی به خودش گرفته به راحتی باز نمیشود,1
2523,روی سیم شارژ گوشی خوب قفل نمیشود یعنی با یک تکان راحت از جای خودش در میاید و نکته بد دیگر اینکه سیم خیلی خشکه و انعطافپذیر نیست و ان حالتی که داخل بستهبندی به خودش گرفته به راحتی باز نمیشود,1
2524,اصلا شارژ نمیکند. به زور چند درصد شارژ میکند,1
2525,اصلا کار نمیکند. به زور چند درصد شارژ میکند,1
2526,اصلا شارژ ندارد. به زور چند درصد شارژ میکند,1
2527,اصلا شارژ نمیکند. به زور چند بار شارژ میکند,1
2528,طبق بررسیهای دیجیکالا این کابل یو اس بی عدد بودش اما بهد خرید و باز کردن این محصول متوجه شودم یو اس بی عدد هستش …,1
2529,در بررسیهای دیجیکالا این کابل یو اس بی سه بودش اما بهد خرید و باز کردن این محصول متوجه شودم یو اس بی عدد هستش …,1
2530,طبق بررسیهای دیجیکالا این کابل یو اس بی سه بودش اما بهد دانلود و باز کردن این محصول متوجه شودم یو اس بی عدد هستش …,1
2531,طبق بررسیهای دیجیکالا این کابل یو اس اس سه بودش اما بهد خرید و باز کردن این محصول متوجه شودم یو اس بی عدد هستش …,1
2532,طبق بررسیهای دیجیکالا این کابل یو اس بی سه بودش اما بهد خرید با باز کردن این محصول متوجه شودم یو اس بی عدد هستش …,1
2533,طبق بررسیهای دیجیکالا این کابل یو اس بی سه بودش اما بهد خرید و باز کردن این محصول مطمين شودم یو اس بی عدد هستش …,1
2534,طبق بررسیهای دیجیکالا این کابل یو اس بی سه بودش اما بهد خرید و باز کردن این محصول متوجه شدم یو اس بی عدد هستش …,1
2535,مشکل کیفین و اندازه گوشی نبود,1
2536,اصلا کیفین و اندازه گوشی نبود,1
2537,بی کیفین به اندازه گوشی نبود,1
2538,از دو سه ماهه استفاده میکنم با اب هیچ فرقی نمیکند الکی پولتان را دور نریزید,1
2539,من دو سه ماهه استفاده میکنم با اب هیچ فرقی ندارد الکی پولتان را دور نریزید,1
2540,من دو سه ماهه استفاده میکنم از اب هیچ فرقی نمیکند الکی پولتان را دور نریزید,1
2541,من دو سه ماهه استفاده میکنم با اب هیچ فرقی نمیکند الکی پولتان را اب نریزید,1
2542,من دو سه ماهه استفاده میکنم با اب هیچ فرقی نمیکند الکی پولتان را دور نریزید,1
2543,من که بدم نیومد,1
2544,من ازش خوشم نیومد,1
2545,دسته خیلی ضعیف و شکنندهای.,1
2546,جو خیلی ضعیف و شکنندهای داره,1
2547,دسته بندی ضعیف و شکنندهای داره,1
2548,جنس کاور پلاستیک هم هست.,1
2549,جنس کاور پلاستیک مشکی هست.,1
2550,جنس کاور پلاستیک خشک است.,1
2551,من خریدم عدد ماه استفاده در روز دو بار اما اصلا تاثیری ندارد پیشنهاد نمیکنم که پولتان زیادی کرده بخرید,1
2552,من خریدم عدد ماه استفاده در روز دو بار اما اصلا تاثیری نداشت پیشنهاد نمیکنم اگر پولتان زیادی کرده بخرید,1
2553,من خریدم عدد ماه استفاده در روز دو بار ، اصلا تاثیری ندارد پیشنهاد نمیکنم اگر پولتان زیادی کرده بخرید,1
2554,من خریدم عدد ماه را در روز دو بار اما اصلا تاثیری ندارد پیشنهاد نمیکنم اگر پولتان زیادی کرده بخرید,1
2555,من خریدم عدد ماه استفاده در روز دو بار اما اصلا تاثیری ندارد پیشنهاد نمیکنم اگر پولتان زیادی است بخرید,1
2556,من خریدم عدد ماه استفاده در روز دو بار اما اصلا تاثیری ندارد فکر نمیکنم اگر پولتان زیادی کرده بخرید,1
2557,حداقل اگر اسم انرژیبخش روش نگذاریم بهتره است ، قیمتش پایینه است برای یک شست و شوی خیلی خوبه است اما برای یکلایه برداری مناسب نیست,1
2558,حداقل اگر برای انرژیبخش روش نگذاریم بهتره است ، قیمتش پایینه است برای یک شست و شوی روزانه خوبه است اما برای یکلایه برداری مناسب نیست,1
2559,حداقل اگر اسم انرژیبخش روش نگذاریم بهتره است ، قیمتش پایینه است ، یک شست و شوی روزانه خوبه است اما برای یکلایه برداری مناسب نیست,1
2560,حداقل اگر اسم انرژیبخش روش نگذاریم بهتره است ، قیمتش پایینه است برای یک شست و شوی روزانه خوبه است اما برای یکلایه برداری خوب نیست,1
2561,حداقل اگر اسم انرژیبخش روش نگذاریم بهتره است ، قیمتش پایینه است برای یک شست و شوی روزانه خوبه است اما برای یکلایه هم مناسب نیست,1
2562,حداقل اگر اسم انرژیبخش روش نگذاریم بهتره باشد ، قیمتش پایینه است برای یک شست و شوی روزانه خوبه است اما برای یکلایه برداری مناسب نیست,1
2563,حداقل اگر اسم انرژیبخش روش نگذاریم بهتره است ، قیمتش پایینه است برای یک شست و شوی روزانه مناسب است اما برای یکلایه برداری مناسب نیست,1
2564,به هیچ عنوان توصیه!,1
2565,به هیج عنوان توصیه نمیکنم,1
2566,به هیچ عنوان توصیه.,1
2567,برای من کاور ژلهای با این سه گرمیها فرستادن فکر میکردم از ان شیشه ایاس,1
2568,برای من کاور یکی از این سه گرمیها فرستادن فکر میکردم از ان شیشه ایاس,1
2569,برای من کاور ژلهای از این سه گرمیها فرستادن فکر کنم از ان شیشه ایاس,1
2570,برای من کاور ژلهای ، این سه گرمیها فرستادن فکر میکردم از ان شیشه ایاس,1
2571,برای من کاور ژلهای از این سه تا فرستادن فکر میکردم از ان شیشه ایاس,1
2572,فقط برای شارژه است انتقال داده انجام.,1
2573,وقتی برای شارژه است انتقال داده انجام نمیده,1
2574,فقط وقتی شارژه است انتقال داده انجام نمیده,1
2575,سکه به قیمت ارزش خرید ندارد,1
2576,مرغ به قیمت ارزش خرید ندارد,1
2577,نسبت به قیمت قدرت خرید ندارد,1
2578,این شارژر خوبه است ولی سریهای دو طرف خیلی بزرگتر از شارژرهای دیگر است من به جی عدد هواوی و جی عدد سامسونگ و گوشی پرستیج زدم به سختی داخل چیت شارژ میشود ، سری یو اس بیاش هم همینطور به سه تا شارژر زدم به بدبختی میره در,1
2579,کیفیت شارژر خوبه است ولی سریهای دو طرف خیلی بزرگتر از شارژرهای دیگر است من به جی عدد هواوی و جی عدد سامسونگ و گوشی پرستیج زدم به سختی داخل چیت شارژ میشود ، سری یو اس بیاش هم همینطور به سه تا شارژر زدم به سختی میره در,1
2580,کیفیت شارژر خوبه است ولی سریهای دو طرف خیلی بزرگتر از شارژرهای دیگر است من به جی عدد هواوی و جی عدد سامسونگ و گوشی پرستیج زدم به سختی داخل چیت شارژ میشود ، سری یو اس بیاش هم زدم به سه تا شارژر زدم به بدبختی میره در,1
2581,کیفیت شارژر خوبه است ولی سریهای دو طرف خیلی بزرگتر از شارژرهای دیگر است من به جی ۸ هواوی و جی عدد سامسونگ و گوشی پرستیج زدم به سختی داخل چیت شارژ میشود ، سری یو اس بیاش هم همینطور به سه تا شارژر زدم به بدبختی میره در,1
2582,کیفیت شارژر خوبه است ولی سریهای دو طرف خیلی بزرگتر از شارژرهای دیگر است ، به جی عدد هواوی و جی عدد سامسونگ و گوشی پرستیج زدم به سختی داخل چیت شارژ میشود ، سری یو اس بیاش هم همینطور به سه تا شارژر زدم به بدبختی میره در,1
2583,کیفیت شارژر خوبه است ولی سریهای دو طرف خیلی بزرگتر از شارژرهای دیگر است من به جی عدد هواوی و جی عدد سامسونگ و گوشی پرستیج زدم به راحتی داخل چیت شارژ میشود ، سری یو اس بیاش هم همینطور به سه تا شارژر زدم به بدبختی میره در,1
2584,قیمت شارژر خوبه است ولی سریهای دو طرف خیلی بزرگتر از شارژرهای دیگر است من به جی عدد هواوی و جی عدد سامسونگ و گوشی پرستیج زدم به سختی داخل چیت شارژ میشود ، سری یو اس بیاش هم همینطور به سه تا شارژر زدم به بدبختی میره در,1
2585,کیفیت شارژر خوبه است ولی سریهای دو طرف خیلی بزرگتر از شارژرهای دیگر است من به جی عدد هواوی و جی عدد سامسونگ و گوشی پرستیج زدم به سختی داخل چیت شارژ میشود ، سری یو سی بیاش هم همینطور به سه تا شارژر زدم به بدبختی میره در,1
2586,کیفیت شارژر خوبه است ولی سریهای این طرف خیلی بزرگتر از شارژرهای دیگر است من به جی عدد هواوی و جی عدد سامسونگ و گوشی پرستیج زدم به سختی داخل چیت شارژ میشود ، سری یو اس بیاش هم همینطور به سه تا شارژر زدم به بدبختی میره در,1
2587,کیفیت شارژر خوبه است ولی سریهای دو طرف خیلی بزرگتر از شارژرهای دیگر است من به جی عدد سامسونگ و جی عدد سامسونگ و گوشی پرستیج زدم به سختی داخل چیت شارژ میشود ، سری یو اس بیاش هم همینطور به سه تا شارژر زدم به بدبختی میره در,1
2588,کیفیت شارژر خوبه است ولی در دو طرف خیلی بزرگتر از شارژرهای دیگر است من به جی عدد هواوی و جی عدد سامسونگ و گوشی پرستیج زدم به سختی داخل چیت شارژ میشود ، سری یو اس بیاش هم همینطور به سه تا شارژر زدم به بدبختی میره در,1
2589,مثل خمیر دندان چسبیده بود و تا عدد ساعت پاهایم یخزده.,1
2590,مثل خمیر دندان چسبیده بود و دو عدد ساعت پاهایم یخزده بود,1
2591,مثل خمیر دندان چسبیده بود و تا نیم ساعت پاهایم یخزده بود,1
2592,مثل خمیر دندان چسبیده بود و یک عدد ساعت پاهایم یخزده بود,1
2593,سرعت وصل کردن خیلی کم است شاید دو برابر شارژر اصلی. با اتصال اول شارژ نمیکند باید چندبار جدا و وصل شود گوشی تا شروع به شارژ کند.,1
2594,سرعت شارژ کردن خیلی کم است شاید دو برابر شارژر اصلی. با اتصال اول شارژ نمیکند باید چندبار جدا و وصل کردن گوشی تا شروع به شارژ کند.,1
2595,سرعت شارژ گوشی خیلی کم است شاید دو برابر شارژر اصلی. با اتصال اول شارژ نمیکند باید چندبار جدا و وصل شود گوشی تا شروع به شارژ کند.,1
2596,سرعت شارژ کردن خیلی کم است شاید دو برابر شارژر باشد. با اتصال اول شارژ نمیکند باید چندبار جدا و وصل شود گوشی تا شروع به شارژ کند.,1
2597,سرعت شارژ کردن خیلی کم است شاید دو برابر شارژر اصلی. با اتصال اول شارژ گوشی باید چندبار جدا و وصل شود گوشی تا شروع به شارژ کند.,1
2598,سرعت شارژ کردن خیلی سریع است شاید دو برابر شارژر اصلی. با اتصال اول شارژ نمیکند باید چندبار جدا و وصل شود گوشی تا شروع به شارژ کند.,1
2599,سرعت شارژ کردن خیلی کم است شاید دو برابر شارژر اصلی. با اتصال اول شارژ نمیکند باید کابل جدا و وصل شود گوشی تا شروع به شارژ کند.,1
2600,سرعت شارژ کردن خیلی کم است شاید دو برابر شارژر اصلی. با اتصال اول شارژ نمیکند باید باتری جدا و وصل شود گوشی تا شروع به شارژ کند.,1
2601,به چیزهای دیگر فکر کنید,1
2602,به جنسهای دیگر اعتماد کنید,1
2603,درباره جنسهای دیگر فکر کنید,1
2604,واقعا هیچ اتفاق مثبتی بعد چند بار استفاده ندیدم. بدترین خریدم بود,1
2605,واقعا هیچ اتفاق مثبتی در چند هفته استفاده ندیدم. بدترین خریدم بود,1
2606,واقعا هیچ نکته مثبتی بعد چند هفته استفاده ندیدم. بدترین خریدم بود,1
2607,واقعا هیچ اتفاق مثبتی بعد چند هفته استفاده ندیدم. بدترین خریدم.,1
2608,من برای تیلت خریدم بقدری ضعیف بود و اصلا شارژ نمیکند و قابلاستفاده نیست,1
2609,من برای تیلت خریدم بقدری بزرگ بود که اصلا شارژ نمیکند و قابلاستفاده نیست,1
2610,من برای تیلت خریدم بقدری ضعیف بود که اصلا شارژ نمیکند چون قابلاستفاده نیست,1
2611,من برای شارژ خریدم بقدری ضعیف بود که اصلا شارژ نمیکند و قابلاستفاده نیست,1
2612,کابل را خریدم و چند ماهی استفاده کردم کیفیت بالایی ندارد با این قیمت کابلهای باکیفیتتری میدهن. از کابل با بافت استفاده کنید,1
2613,کابل را خریدم و چند ماهی استفاده کردم کیفیت خوبی ندارد با این قیمت کابلهای باکیفیتتری میدهن. از کابل با بافت استفاده میکنم,1
2614,کابل را خریدم و چند ماهی استفاده کردم کیفیت خوبی ندارد با این حال کابلهای باکیفیتتری میدهن. از کابل با بافت استفاده کنید,1
2615,کابل را گرفتم و چند ماهی استفاده کردم کیفیت خوبی ندارد با این قیمت کابلهای باکیفیتتری میدهن. از کابل با بافت استفاده کنید,1
2616,سیم را خریدم و چند ماهی استفاده کردم کیفیت خوبی ندارد با این قیمت کابلهای باکیفیتتری میدهن. از کابل با بافت استفاده کنید,1
2617,کابل را خریدم و چند ماهی استفاده کردم کیفیت خوبی ندارد با این قیمت کابلهای باکیفیتتری میدهن. از کابل با کیفیت استفاده کنید,1
2618,کیفیت پایید هم بسیار نازک,1
2619,کیفیت پایید نیز بسیار نازک,1
2620,کیفیت پایید و صدای نازک,1
2621,کرم داخل صابون هیچ تاثیری روی نرمی پوست ندارد و برعکس پوست را خشک میکند! زود هم تمام میشود!,1
2622,اب داخل صابون هیچ تاثیری روی نرمی پوست ندارد و برعکس پوست را خشک میکند! زود هم تمام میشود!,1
2623,کرم داخل صابون هیچ تاثیری روی نرمی پوست ندارد و برعکس پوست را خشک میکند! صابون هم تمام میشود!,1
2624,کرم داخل صابون هیچ تاثیری روی نرمی پوست ندارد و فقط پوست را خشک میکند! زود هم تمام میشود!,1
2625,رطوبت داخل صابون هیچ تاثیری روی نرمی پوست ندارد و برعکس پوست را خشک میکند! زود هم تمام میشود!,1
2626,کرم داخل صابون هیچ تاثیری روی نرمی پوست ندارد و برعکس پوست مرا خشک میکند! زود هم تمام میشود!,1
2627,خیلی زود گوشی عوض میشود به زردی میره و اگر بخواهید از دکمه پاور و یا کم و زیاد صدای گوشی استفاده کنید خیلی محکم باید فشار بدهید تا عمل کند. در کل نسبت به قیمتش اصلا نمیارزد.,1
2628,خیلی زود رنگش عوض میشود به زردی میره و اگر بخواهید از دکمه پاور و یا بلند و زیاد صدای گوشی استفاده کنید خیلی محکم باید فشار بدهید تا عمل کند. در کل نسبت به قیمتش اصلا نمیارزد.,1
2629,خیلی زود رنگش عوض میشود به زردی میره و اگر بخواهید از دکمه پاور و یا کم و زیاد صدای گوشی استفاده نکنید خیلی محکم باید فشار بدهید تا عمل کند. در کل نسبت به قیمتش اصلا نمیارزد.,1
2630,خیلی زود رنگش عوض میشود به زردی میره. اگر بخواهید از دکمه پاور و یا کم و زیاد صدای گوشی استفاده کنید خیلی محکم باید فشار بدهید تا عمل کند. در کل نسبت به قیمتش اصلا نمیارزد.,1
2631,خیلی زود رنگش عوض میشود به زردی میره و اگر بخواهید از دکمه پاور و یا کم و زیاد صدای ان استفاده کنید خیلی محکم باید فشار بدهید تا عمل کند. در کل نسبت به قیمتش اصلا نمیارزد.,1
2632,خیلی زود رنگش عوض میشود به زردی میره و اگر بخواهید از دکمه پاور و یا کم و زیاد صدای گوشی استفاده کنید خیلی محکم باید فشار بدهید تا عمل کند. در کل نسبت به قیمتش اصلا نیست.,1
2633,خیلی زود رنگش عوض میشود به زردی میره و اگر بخواهید از دکمههای پاور و یا کم و زیاد صدای گوشی استفاده کنید خیلی محکم باید فشار بدهید تا عمل کند. در کل نسبت به قیمتش اصلا نمیارزد.,1
2634,خیلی زود رنگش عوض میشود به زردی میره و اگه بخواهید از دکمه پاور و یا کم و زیاد صدای گوشی استفاده کنید خیلی محکم باید فشار بدهید تا عمل کند. در کل نسبت به قیمتش اصلا نمیارزد.,1
2635,خیلی زود رنگش عوض میشود به زردی میره و اگر بخواهید از دکمه پاور و کنترل کم و زیاد صدای گوشی استفاده کنید خیلی محکم باید فشار بدهید تا عمل کند. در کل نسبت به قیمتش اصلا نمیارزد.,1
2636,خیلی زود رنگش عوض میشود و زردی میره و اگر بخواهید از دکمه پاور و یا کم و زیاد صدای گوشی استفاده کنید خیلی محکم باید فشار بدهید تا عمل کند. در کل نسبت به قیمتش اصلا نمیارزد.,1
2637,اینطور نیست,1
2638,خوب.,1
2639,اصلا خوب نبود و تاثیری نداشت,1
2640,اصلا خوب نبود هیچ اشکالی نداشت,1
2641,اصلا این نبود هیچ تاثیری نداشت,1
2642,تنها چیزی که دیدم ازش کف خوبی داره و خاویار چرته عصاره کجا بوده,1
2643,اون چیزی که دیدم ازش کف خوبی داره عصاره خاویار چرته عصاره کجا بوده,1
2644,تنها چیزی که دیدم ازش کف خوبی داره عصاره خاویار چرته عصاره خاویار بوده,1
2645,تنها چیزی که دیدم ازش کف خوبی داره عصاره خاویار چرته عصاره ماهی بوده,1
2646,به هیچ عنوان کرم خوبی نیست ، کار نمیکند ، خیلی بیکیفیت ، دربش بعد از اولین باز کردن خراب شد,1
2647,به هیچ عنوان کرم خوبی نیست ، مرطوب نمیکند ، خیلی بیکیفیت ، اما بعد از اولین باز کردن خراب شد,1
2648,به هیچ عنوان کرم خوبی نیست ، مرطوب نمیکند ، خیلی بیکیفیت ، دربش پس از اولین باز کردن خراب شد,1
2649,به هیچ عنوان کرم خوبی نیست ، فرقی نمیکند ، خیلی بیکیفیت ، دربش بعد از اولین باز کردن خراب شد,1
2650,به هیچ عنوان کرم خوبی ندارد ، مرطوب نمیکند ، خیلی بیکیفیت ، دربش بعد از اولین باز کردن خراب شد,1
2651,به هیچ عنوان کرم خوبی نیست ، مرطوب نمیکند ، خیلی بیکیفیت ، دربش بعد از اولین تمیز کردن خراب شد,1
2652,خیلی جالب.,1
2653,اصلا جالب نبود,1
2654,این خیلی کوچک هستش,1
2655,خیلی خیلی خوب هستش,1
2656,خیلی بیکیفیت.,1
2657,پراید بیکیفیت بود,1
2658,بعد از مدتی از هم جدا میشود و قابلاستفاده نیست. پولتان را دور تریزید به هیچ عنوان توصیه نمیکنم. از دیجی کالا بعید!,1
2659,بعد از مدتی از هم جدا میشود و قابلاستفاده نیست. پولتان را دور تریزید به هیچ عنوان توصیه نمیکنم. از قاچاق کالا بعید بود,1
2660,بعد از مدتی از هم جدا میشود و قابلاستفاده میشود. پولتان را دور تریزید به هیچ عنوان توصیه نمیکنم. از دیجی کالا بعید بود,1
2661,بعد از مدتی از هم جدا میشوند و قابلاستفاده نیست. پولتان را دور تریزید به هیچ عنوان توصیه نمیکنم. از دیجی کالا بعید بود,1
2662,بعد از مدتی از هم جدا میشود و قابلاستفاده میکند. پولتان را دور تریزید به هیچ عنوان توصیه نمیکنم. از دیجی کالا بعید بود,1
2663,بعد ار مدتی از هم جدا میشود و قابلاستفاده نیست. پولتان را دور تریزید به هیچ عنوان توصیه نمیکنم. از دیجی کالا بعید بود,1
2664,بعد از مدتی از هم جدا میشود و قابلاستفاده نیست. پولتان را دور تریزید به هیچ عنوان توصیه نمیکنم. از این کالا بعید بود,1
2665,کیفیت :,1
2666,کیفیت ؟,1
2667,نخرید لطفا. خوشگلی داره. شارژش سریعه است. ولی زود خراب شد دیگر شارژ نمیشود.,1
2668,نخرید لطفا. خوشگلی داره و شارژش سریعه است. ولی زود شارژ شد دیگر شارژ نمیشود.,1
2669,نخرید لطفا. خوشگلی داره و شارژش سریعه است. ولی زود خراب و دیگر شارژ نمیشود.,1
2670,نخرید لطفا. باتری داره و شارژش سریعه است. ولی زود خراب شد دیگر شارژ نمیشود.,1
2671,نخرید لطفا. خوشگلیه و شارژش سریعه است. ولی زود خراب شد دیگر شارژ نمیشود.,1
2672,من از یک سری دو تا خریدم سرخابی و مشکی. و میخواهستم یکیش را به دوستی هدیه بدم. چون خیلی خوشگل بودند. ولی موچین و ناخنگیر این پک اصلا هیچ کارایی ندارد. درسته خیلی ارزان بودند ولی نخریدنش بهتر از خریدنش هست. کار بی کیفیتی بود.,1
2673,من از این سری دو تا خریدم سرخابی و مشکی. و میخواهستم یکیش را به دوستی هدیه بدم. چون همه خوشگل بودند. ولی موچین و ناخنگیر این پک اصلا هیچ کارایی ندارد. درسته خیلی ارزان بودند ولی نخریدنش بهتر از خریدنش هست. کار بی کیفیتی بود.,1
2674,من از این سری دو تا خریدم سرخابی و مشکی. و میخواهستم یکیش را به دوستی هدیه بدم. چون خیلی خوشگل بودند. ولی موچین و ناخنگیر این پک اصلا هیچ کارایی ندارد. درسته خیلی ارزان بودند ولی نخریدنش بهتر از این هست. کار بی کیفیتی بود.,1
2675,من از این سری دو تا خریدم سرخابی و مشکی. و میخواهستم یکیش را به شما هدیه بدم. چون خیلی خوشگل بودند. ولی موچین و ناخنگیر این پک اصلا هیچ کارایی ندارد. درسته خیلی ارزان بودند ولی نخریدنش بهتر از خریدنش هست. کار بی کیفیتی بود.,1
2676,من از این سری دو تا خریدم سرخابی و مشکی. و میخواهستم یکیش را به دوستی هدیه بدم. چون خیلی خوشگل بود. ولی موچین و ناخنگیر این پک اصلا هیچ کارایی ندارد. درسته خیلی ارزان بودند ولی نخریدنش بهتر از خریدنش هست. کار بی کیفیتی بود.,1
2677,من از این سری دو تا خریدم سرخابی یکی مشکی. و میخواهستم یکیش را به دوستی هدیه بدم. چون خیلی خوشگل بودند. ولی موچین و ناخنگیر این پک اصلا هیچ کارایی ندارد. درسته خیلی ارزان بودند ولی نخریدنش بهتر از خریدنش هست. کار بی کیفیتی بود.,1
2678,من از این سری دو تا پیراهن سرخابی و مشکی. و میخواهستم یکیش را به دوستی هدیه بدم. چون خیلی خوشگل بودند. ولی موچین و ناخنگیر این پک اصلا هیچ کارایی ندارد. درسته خیلی ارزان بودند ولی نخریدنش بهتر از خریدنش هست. کار بی کیفیتی بود.,1
2679,من از این سری دو تا خریدم سرخابی و مشکی. و میخواستم یکیش را به دوستی هدیه بدم. چون خیلی خوشگل بودند. ولی موچین و ناخنگیر این پک اصلا هیچ کارایی ندارد. درسته خیلی ارزان بودند ولی نخریدنش بهتر از خریدنش هست. کار بی کیفیتی بود.,1
2680,من از این سری دو تا خریدم سرخابی و مشکی. و میخواهستم یکیش را به دوستی هدیه بدم. چون خیلی خوشگل بودند. ولی موچین و ناخنگیر این پک اصلا هیچ کارایی ندارد. درسته خیلی ارزان بودند ولی نخریدنش بهتر از خریدنش هست. کار بی کیفیتی است.,1
2681,من از این سری دو تا خریدم سرخابی و مشکی. و میخواهستم یکیش را به دوستی هدیه بدم. چون خیلی خوشگل بودند. ولی موچین و ناخنگیر این پک اصلا خیلی کارایی ندارد. درسته خیلی ارزان بودند ولی نخریدنش بهتر از خریدنش هست. کار بی کیفیتی بود.,1
2682,من از این سری دو تا خریدم سفید و مشکی. و میخواهستم یکیش را به دوستی هدیه بدم. چون خیلی خوشگل بودند. ولی موچین و ناخنگیر این پک اصلا هیچ کارایی ندارد. درسته خیلی ارزان بودند ولی نخریدنش بهتر از خریدنش هست. کار بی کیفیتی بود.,1
2683,من از این سری سه تا خریدم سرخابی و مشکی. و میخواهستم یکیش را به دوستی هدیه بدم. چون خیلی خوشگل بودند. ولی موچین و ناخنگیر این پک اصلا هیچ کارایی ندارد. درسته خیلی ارزان بودند ولی نخریدنش بهتر از خریدنش هست. کار بی کیفیتی بود.,1
2684,خیلی خیلی خوب هستش,1
2685,خیلی خیلی کوچک.,1
2686,دقیقا طراحی مشابه مارک نانسی. طراحی باله ایراد داره. بالهها انقدر بزرگن و با لباس منطبق نمیشود با حرکات ريزمره خیلی زود باز میشود. چسب قدرت چسب خیلی کم خیلی …,1
2687,دقیقا طراحی مشابه مارک نانسی. طراحی باله ایراده. بالهها خیلی بزرگن و با لباس منطبق نمیشود با حرکات ريزمره خیلی زود باز میشود. چسب قدرت چسب خیلی کم خیلی …,1
2688,دقیقا طراحی مشابه مارک نانسی. طراحی باله ایراد داره. بالهها خیلی بزرگن و با لباس منطبق نمیشود با حرکات ريزمره خیلی سریع باز میشود. چسب قدرت چسب خیلی کم خیلی …,1
2689,دقیقا طراحی مشابه مارک نانسی. طراحی باله ایراد داره. بالهها خیلی بزرگن و با لباس منطبق و با حرکات ريزمره خیلی زود باز میشود. چسب قدرت چسب خیلی کم خیلی …,1
2690,دقیقا طراحی مشابه مارک نانسی. طراحی باله ایراد داره. بالهها خیلی بزرگن و با لباس منطبق نمیشود با حرکات ريزمره خیلی زود باز میشود. با قدرت چسب خیلی کم خیلی …,1
2691,دقیقا طراحی مشابه مارک نانسی. طراحی باله ایراد داره. بالهها خیلی بزرگن و با لباس منطبقن با حرکات ريزمره خیلی زود باز میشود. چسب قدرت چسب خیلی کم خیلی …,1
2692,دقیقا طراحی مشابه مارک نانسی. طراحی باله ایراد داره. بالهها خیلی بزرگن و با لباس باز نمیشود با حرکات ريزمره خیلی زود باز میشود. چسب قدرت چسب خیلی کم خیلی …,1
2693,دقیقا طراحی مشابه مارک نانسی. طراحی باله ایراد داره. بالهها خیلی بزرگن و با لباس منطبق نمیشود با حرکات ريزمره خیلی زود باز میشود. و قدرت چسب خیلی کم خیلی …,1
2694,با اعتماد همیشگی که به توضیحات دیجی کالا دارم این کیف را خریداری کردم و اونو هدیه دادم. متاسفانه سایر این کیف برای لپتاپ عدد ٫ عدد ۱ است و اصلا در محل ضربهگیر جا نمیشود فقط مناسب سایز عدد اینچه. البته با تماس پشتیبانی قرار شد بررسی و مرجوع بشود,1
2695,با اعتماد همیشگی که به توضیحات دیجی کالا دارم این کیف را خریداری کردم و اونو هدیه دادم. متاسفانه سایر این کیف برای لپتاپ عدد ٫ عدد کوچکه است و اصلا در محل کار جا نمیشود فقط مناسب سایز عدد اینچه. البته با تماس پشتیبانی قرار شد بررسی و مرجوع بشود,1
2696,با اعتماد کامل که به توضیحات دیجی کالا دارم این کیف را خریداری کردم و اونو هدیه دادم. متاسفانه سایر این کیف برای لپتاپ عدد ٫ عدد کوچکه است و اصلا در محل ضربهگیر جا نمیشود فقط مناسب سایز عدد اینچه. البته با تماس پشتیبانی قرار شد بررسی و مرجوع بشود,1
2697,با اعتماد همیشگی که به توضیحات دیجی کالا دارم این کیف را خریداری کردم و اونو هدیه دادم. متاسفانه سایر این کیف برای لپتاپ عدد ٫ عدد کوچکه است و اصلا در محل ضربهگیر جا نمیشود فقط مناسب سایز عدد اینچه. اما با تماس پشتیبانی قرار شد بررسی و مرجوع بشود,1
2698,با اعتماد همیشگی که به توضیحات دیجی کالا دارم این کیف را خریداری کردم و اونو هدیه دادم. متاسفانه سایر این کیف برای لپتاپ عدد ٫ عدد کوچکه است و اصلا در محل ضربهگیر استفاده نمیشود فقط مناسب سایز عدد اینچه. البته با تماس پشتیبانی قرار شد بررسی و مرجوع بشود,1
2699,با اعتماد همیشگی که به توضیحات دیجی کالا دارم این دستگاه را خریداری کردم و اونو هدیه دادم. متاسفانه سایر این کیف برای لپتاپ عدد ٫ عدد کوچکه است و اصلا در محل ضربهگیر جا نمیشود فقط مناسب سایز عدد اینچه. البته با تماس پشتیبانی قرار شد بررسی و مرجوع بشود,1
2700,با اعتماد همیشگی که به توضیحات دیجی کالا دارم این کیف رو خریداری کردم و اونو هدیه دادم. متاسفانه سایر این کیف برای لپتاپ عدد ٫ عدد کوچکه است و اصلا در محل ضربهگیر جا نمیشود فقط مناسب سایز عدد اینچه. البته با تماس پشتیبانی قرار شد بررسی و مرجوع بشود,1
2701,با اعتماد همیشگی که به توضیحات دیجی کالا دارم این کیف را خریداری کردم و اونو هدیه دادم. متاسفانه سایر این کیف برای لپتاپ عدد ٫ عدد کوچکه است و اصلا در محل ضربهگیر جا نمیشود فقط مناسب سایز عدد اینچه. البته با تماس پشتیبانی قرار شد تعویض و مرجوع بشود,1
2702,با اعتماد همیشگی که به توضیحات دیجی کالا دارم این کیف را خریداری کردم و اونو سفارش دادم. متاسفانه سایر این کیف برای لپتاپ عدد ٫ عدد کوچکه است و اصلا در محل ضربهگیر جا نمیشود فقط مناسب سایز عدد اینچه. البته با تماس پشتیبانی قرار شد بررسی و مرجوع بشود,1
2703,با اعتماد همیشگی که به توضیحات دیجی کالا دارم این کیف را خریداری کردم و اونو هدیه دادم. متاسفانه سایر این کیف برای لپتاپ عدد ٫ عدد کوچکه. و اصلا در محل ضربهگیر جا نمیشود فقط مناسب سایز عدد اینچه. البته با تماس پشتیبانی قرار شد بررسی و مرجوع بشود,1
2704,با اعتماد همیشگی که به توضیحات دیجی کالا دارم این کیف را خریداری کردم و اونو هدیه دادم. متاسفانه سایر این کیف برای لپتاپ عدد ٫ عدد کوچکه است و اصلا در محل ضربهگیر جا نمیشود فقط مناسب سایز عدد اینچه. البته با تماس پشتیبانی قرار است بررسی و مرجوع بشود,1
2705,با اعتماد همیشگی که به توضیحات دیجی کالا دارم این کیف را خریداری کردم که اونو هدیه دادم. متاسفانه سایر این کیف برای لپتاپ عدد ٫ عدد کوچکه است و اصلا در محل ضربهگیر جا نمیشود فقط مناسب سایز عدد اینچه. البته با تماس پشتیبانی قرار شد بررسی و مرجوع بشود,1
2706,نخرید ضرر!,1
2707,شما ضرر میکنید,1
2708,من برای مادرم خریدم و نسبتا کمه و بعد این عدد بار استفاده تاثیر انچنانی ندیده,1
2709,من برای خودم خریدم و نسبتا کمه و بعد از عدد بار استفاده تاثیر انچنانی ندیده,1
2710,من برای مادرم خریدم و نسبتا کمه و بعد از عدد بار استفاده کردم انچنانی ندیده,1
2711,من برای مادرم کمه و نسبتا کمه و بعد از عدد بار استفاده تاثیر انچنانی ندیده,1
2712,من برای مادرم خریدم که نسبتا کمه و بعد از عدد بار استفاده تاثیر انچنانی ندیده,1
2713,"سرعت تاثیر خیلی پایینه, تاثیر خاصی هم روی سفت کردن نداره, فقط کمی پوست را نرم میکند همین! در کل خیلی معمولیه.",1
2714,"سرعت پوست خیلی پایینه, تاثیر خاصی هم روی سفت کردن نداره, فقط کمی پوست را نرم میکند همین! در کل خیلی معمولیه است",1
2715,"سرعت تاثیر خیلی پایینه, تاثیر خاصی هم روی سفت کردن نداره, فقط کمی پوست را سفت میکند همین! در کل خیلی معمولیه است",1
2716,"سرعت تاثیر خیلی زیاد تاثیر خاصی هم روی سفت کردن نداره, فقط کمی پوست را نرم میکند همین! در کل خیلی معمولیه است",1
2717,"سرعت تاثیر خیلی پایینه, تاثیر خاصی هم روی سفت کردن نداره, فقط کمی پوست را نرم میکند همین! در کل خیلی خوب است",1
2718,"سرعت تاثیر بسیار پایینه, تاثیر خاصی هم روی سفت کردن نداره, فقط کمی پوست را نرم میکند همین! در کل خیلی معمولیه است",1
2719,با اینکه کلی در نگهداری کابل وسواس دارم چه شد ی هفتهای,1
2720,با اینکه کلی در نگهداری بچهها وسواس دارم خراب شد ی هفتهای,1
2721,با اینکه کلی در خرید کابل وسواس دارم خراب شد ی هفتهای,1
2722,با اینکه کلی به نگهداری کابل وسواس دارم خراب شد ی هفتهای,1
2723,متاسفانه الان باید دنبال یک شامپو بگردم که اثر استفاده ازید شامپو را خنثی کند! خیلی با خودم کلنجار رفتم که به خودم کنار بیام که ممکنه برندهای ایرانی هم شامپو و کرمهای خوبی داشته باشن. متاسفانه با این وضع قیمت شامپوهای خارجی باز هم با این کیفیت پایید اینجور محصولات ناچار به استفاده ار جایگزینهای خارجی هستیم. چرا من که موهایم همیشه لخت و خوب بود بعد از عدد هفته استفاده موهایم خشک وز و غیر قابل حالت میشود. کاش مسولان فنی این کارخانه نقد را بخوانن ، از دیجی کالا ممنونم که نقد ها را قرار میدهد که دیگران بتوانن بازخورد ها را بخوانن و با اختیار و علم محصولات روانتخاب کنن.,1
2724,متاسفانه الان باید دنبال یک شامپو بگردم که اثر استفاده ازید شامپو را خنثی کند! خیلی با خودم کلنجار رفتم که به خودم کنار بیام که ممکنه برندهای ایرانی هم شامپو و کرمهای خوبی داشته باشن. متاسفانه با همین وضع قیمت شامپوهای خارجی باز هم با این کیفیت پایید اینجور محصولات ناچار به استفاده از جایگزینهای خارجی هستیم. چرا من که موهایم همیشه لخت و خوب بود بعد از عدد هفته استفاده موهایم خشک وز و غیر قابل حالت میشود. کاش مسولان فنی این کارخانه نقد را بخوانن ، از دیجی کالا ممنونم که نقد ها را قرار میدهد که دیگران بتوانن بازخورد ها را بخوانن و با اختیار و علم محصولات روانتخاب کنن.,1
2725,متاسفانه الان باید دنبال یک شامپو بگردم که اثر استفاده ازید شامپو را خنثی کند! خیلی با خودم کلنجار رفتم که به خودم کنار بیام که ممکنه برندهای ایرانی هم شامپو و کرمهای خوبی داشته باشن. متاسفانه با این وضع قیمت شامپوهای خارجی باز هم با این کیفیت پایید اینجور محصولات ناچار به استفاده از جایگزینهای خارجی هستیم. چرا من که موهایم همیشه لخت و خوب بود بعد از عدد هفته استفاده موهایم خشک وز و غیر قابل حالت میشود. کاش مسولان فنی این کارخانه نقد را بخوانن ، از دیجی کالا ممنونم که نقد ها را قرار میدهد که دیگران هم بازخورد ها را بخوانن و با اختیار و علم محصولات روانتخاب کنن.,1
2726,متاسفانه الان باید دنبال یک شامپو بگردم که اثر استفاده ازید شامپو را خنثی کند! خیلی با خودم کلنجار رفتم که به خودم کنار بیام که ممکنه برندهای ایرانی هم شامپو و کرمهای خوبی داشته باشن. متاسفانه با این وضع قیمت شامپوهای خارجی باز هم با این وضع پایید اینجور محصولات ناچار به استفاده از جایگزینهای خارجی هستیم. چرا من که موهایم همیشه لخت و خوب بود بعد از عدد هفته استفاده موهایم خشک وز و غیر قابل حالت میشود. کاش مسولان فنی این کارخانه نقد را بخوانن ، از دیجی کالا ممنونم که نقد ها را قرار میدهد که دیگران بتوانن بازخورد ها را بخوانن و با اختیار و علم محصولات روانتخاب کنن.,1
2727,متاسفانه الان باید دنبال یک شامپو بگردم که اثر استفاده ازید شامپو را خنثی کند! خیلی با خودم کلنجار رفتم که به خودم کنار بیام که ممکنه برندهای ایرانی هم شامپو و کرمهای خارجی داشته باشن. متاسفانه با این وضع قیمت شامپوهای خارجی باز هم با این کیفیت پایید اینجور محصولات ناچار به استفاده از جایگزینهای خارجی هستیم. چرا من که موهایم همیشه لخت و خوب بود بعد از عدد هفته استفاده موهایم خشک وز و غیر قابل حالت میشود. کاش مسولان فنی این کارخانه نقد را بخوانن ، از دیجی کالا ممنونم که نقد ها را قرار میدهد که دیگران بتوانن بازخورد ها را بخوانن و با اختیار و علم محصولات روانتخاب کنن.,1
2728,متاسفانه الان باید دنبال یک شامپو بگردم که اثر استفاده ازید شامپو را خنثی کند! خیلی با خودم کلنجار رفتم که به خودم پی بیام که ممکنه برندهای ایرانی هم شامپو و کرمهای خوبی داشته باشن. متاسفانه با این وضع قیمت شامپوهای خارجی باز هم با این کیفیت پایید اینجور محصولات ناچار به استفاده از جایگزینهای خارجی هستیم. چرا من که موهایم همیشه لخت و خوب بود بعد از عدد هفته استفاده موهایم خشک وز و غیر قابل حالت میشود. کاش مسولان فنی این کارخانه نقد را بخوانن ، از دیجی کالا ممنونم که نقد ها را قرار میدهد که دیگران بتوانن بازخورد ها را بخوانن و با اختیار و علم محصولات روانتخاب کنن.,1
2729,متاسفانه الان باید دنبال یک شامپو بگردم که اثر استفاده ازید شامپو را خنثی کند! خیلی با خودم کلنجار رفتم که به خودم کنار بیام که ممکنه برندهای ایرانی هم شامپو و کرمهای خوبی داشته باشن. متاسفانه با این وضع قیمت شامپوهای خارجی باز هم با این کیفیت پایید اینجور محصولات ناچار به استفاده از جایگزینهای خارجی هستیم. چرا من که موهایم همیشه لخت و خوب بود بعد از عدد هفته استفاده موهایم خشک وز و غیر قابل حالت میشود. کاش مسولان فنی این کارخانه نقد را میپذیرفتند ، از دیجی کالا ممنونم که نقد ها را قرار میدهد که دیگران بتوانن بازخورد ها را بخوانن و با اختیار و علم محصولات روانتخاب کنن.,1
2730,متاسفانه الان باید دنبال یک شامپو بگردم که اثر استفاده ازید شامپو را خنثی کند! خیلی با خودم کلنجار رفتم که به خودم کنار بیام که ممکنه برندهای ایرانی هم شامپو یا کرمهای خوبی داشته باشن. متاسفانه با این وضع قیمت شامپوهای خارجی باز هم با این کیفیت پایید اینجور محصولات ناچار به استفاده از جایگزینهای خارجی هستیم. چرا من که موهایم همیشه لخت و خوب بود بعد از عدد هفته استفاده موهایم خشک وز و غیر قابل حالت میشود. کاش مسولان فنی این کارخانه نقد را بخوانن ، از دیجی کالا ممنونم که نقد ها را قرار میدهد که دیگران بتوانن بازخورد ها را بخوانن و با اختیار و علم محصولات روانتخاب کنن.,1
2731,متاسفانه الان باید دنبال یک شامپو بگردم که اثر استفاده ازید شامپو را خنثی کند! خیلی با خودم کلنجار رفتم که به خودم کنار بیام که حتی برندهای ایرانی هم شامپو و کرمهای خوبی داشته باشن. متاسفانه با این وضع قیمت شامپوهای خارجی باز هم با این کیفیت پایید اینجور محصولات ناچار به استفاده از جایگزینهای خارجی هستیم. چرا من که موهایم همیشه لخت و خوب بود بعد از عدد هفته استفاده موهایم خشک وز و غیر قابل حالت میشود. کاش مسولان فنی این کارخانه نقد را بخوانن ، از دیجی کالا ممنونم که نقد ها را قرار میدهد که دیگران بتوانن بازخورد ها را بخوانن و با اختیار و علم محصولات روانتخاب کنن.,1
2732,متاسفانه الان باید دنبال یک شامپو بگردم که اثر استفاده ازید شامپو را خنثی کند! خیلی با خودم کلنجار رفتم که به خودم کنار بیام که ممکنه برندهای ایرانی هم شامپو و کرمهای خوبی داشته باشن. متاسفانه با این وضع قیمت شامپوهای خارجی باز هم با این کیفیت پایید اینجور محصولات ناچار به استفاده از جایگزینهای خارجی هستیم. چرا من که موهایم همیشه لخت و خوب بود بعد از عدد هفته استفاده موهایم خشک وز و غیر قابل حالت میشود. کاش مسولان فنی این کارخانه نقد را میگرفتند ، از دیجی کالا ممنونم که نقد ها را قرار میدهد که دیگران بتوانن بازخورد ها را بخوانن و با اختیار و علم محصولات روانتخاب کنن.,1
2733,متاسفانه الان باید دنبال یک شامپو بگردم تا اثر استفاده ازید شامپو را خنثی کند! خیلی با خودم کلنجار رفتم که به خودم کنار بیام که ممکنه برندهای ایرانی هم شامپو و کرمهای خوبی داشته باشن. متاسفانه با این وضع قیمت شامپوهای خارجی باز هم با این کیفیت پایید اینجور محصولات ناچار به استفاده از جایگزینهای خارجی هستیم. چرا من که موهایم همیشه لخت و خوب بود بعد از عدد هفته استفاده موهایم خشک وز و غیر قابل حالت میشود. کاش مسولان فنی این کارخانه نقد را بخوانن ، از دیجی کالا ممنونم که نقد ها را قرار میدهد که دیگران بتوانن بازخورد ها را بخوانن و با اختیار و علم محصولات روانتخاب کنن.,1
2734,متاسفانه الان باید دنبال یک شامپو بگردم که اثر استفاده ازید شامپو را خنثی کند! خیلی با خودم کلنجار رفتم که به خودم کنار بیام که ممکنه برندهای ایرانی هم شامپو و کرمهای خوبی داشته باشن. متاسفانه با این وضع قیمت شامپوهای خارجی باز هم با این کیفیت پایید اینجور ما ناچار به استفاده از جایگزینهای خارجی هستیم. چرا من که موهایم همیشه لخت و خوب بود بعد از عدد هفته استفاده موهایم خشک وز و غیر قابل حالت میشود. کاش مسولان فنی این کارخانه نقد را بخوانن ، از دیجی کالا ممنونم که نقد ها را قرار میدهد که دیگران بتوانن بازخورد ها را بخوانن و با اختیار و علم محصولات روانتخاب کنن.,1
2735,متاسفانه الان باید دنبال یک شامپو بگردم که اثر استفاده ازید شامپو را خنثی کند! خیلی با خود کلنجار رفتم که به خودم کنار بیام که ممکنه برندهای ایرانی هم شامپو و کرمهای خوبی داشته باشن. متاسفانه با این وضع قیمت شامپوهای خارجی باز هم با این کیفیت پایید اینجور محصولات ناچار به استفاده از جایگزینهای خارجی هستیم. چرا من که موهایم همیشه لخت و خوب بود بعد از عدد هفته استفاده موهایم خشک وز و غیر قابل حالت میشود. کاش مسولان فنی این کارخانه نقد را بخوانن ، از دیجی کالا ممنونم که نقد ها را قرار میدهد که دیگران بتوانن بازخورد ها را بخوانن و با اختیار و علم محصولات روانتخاب کنن.,1
2736,من الان باید دنبال یک شامپو بگردم که اثر استفاده ازید شامپو را خنثی کند! خیلی با خودم کلنجار رفتم که به خودم کنار بیام که ممکنه برندهای ایرانی هم شامپو و کرمهای خوبی داشته باشن. متاسفانه با این وضع قیمت شامپوهای خارجی باز هم با این کیفیت پایید اینجور محصولات ناچار به استفاده از جایگزینهای خارجی هستیم. چرا من که موهایم همیشه لخت و خوب بود بعد از عدد هفته استفاده موهایم خشک وز و غیر قابل حالت میشود. کاش مسولان فنی این کارخانه نقد را بخوانن ، از دیجی کالا ممنونم که نقد ها را قرار میدهد که دیگران بتوانن بازخورد ها را بخوانن و با اختیار و علم محصولات روانتخاب کنن.,1
2737,متاسفانه الان باید دنبال یک شامپو بگردم که اثر استفاده ازید شامپو را خنثی کند! خیلی با خودم کلنجار رفتم که به خودم کنار بیام که ممکنه برندهای ایرانی هم شامپو و کرمهای خوبی داشته باشن. متاسفانه با این وضع قیمت شامپوهای خارجی باز هم با این کیفیت پایید اینجور که ناچار به استفاده از جایگزینهای خارجی هستیم. چرا من که موهایم همیشه لخت و خوب بود بعد از عدد هفته استفاده موهایم خشک وز و غیر قابل حالت میشود. کاش مسولان فنی این کارخانه نقد را بخوانن ، از دیجی کالا ممنونم که نقد ها را قرار میدهد که دیگران بتوانن بازخورد ها را بخوانن و با اختیار و علم محصولات روانتخاب کنن.,1
2738,متاسفانه الان باید دنبال یک شامپو بگردم که اثر منفی ازید شامپو را خنثی کند! خیلی با خودم کلنجار رفتم که به خودم کنار بیام که ممکنه برندهای ایرانی هم شامپو و کرمهای خوبی داشته باشن. متاسفانه با این وضع قیمت شامپوهای خارجی باز هم با این کیفیت پایید اینجور محصولات ناچار به استفاده از جایگزینهای خارجی هستیم. چرا من که موهایم همیشه لخت و خوب بود بعد از عدد هفته استفاده موهایم خشک وز و غیر قابل حالت میشود. کاش مسولان فنی این کارخانه نقد را بخوانن ، از دیجی کالا ممنونم که نقد ها را قرار میدهد که دیگران بتوانن بازخورد ها را بخوانن و با اختیار و علم محصولات روانتخاب کنن.,1
2739,متاسفانه الان باید دنبال یک شامپو بگردم که اثر استفاده ازید شامپو را خنثی کند! خیلی با خودم کلنجار رفتم که به خودم کنار بیام که همه برندهای ایرانی هم شامپو و کرمهای خوبی داشته باشن. متاسفانه با این وضع قیمت شامپوهای خارجی باز هم با این کیفیت پایید اینجور محصولات ناچار به استفاده از جایگزینهای خارجی هستیم. چرا من که موهایم همیشه لخت و خوب بود بعد از عدد هفته استفاده موهایم خشک وز و غیر قابل حالت میشود. کاش مسولان فنی این کارخانه نقد را بخوانن ، از دیجی کالا ممنونم که نقد ها را قرار میدهد که دیگران بتوانن بازخورد ها را بخوانن و با اختیار و علم محصولات روانتخاب کنن.,1
2740,متاسفانه الان باید دنبال یک شامپو بگردم که اثر استفاده ازید شامپو را خنثی کند! خیلی با خودم کلنجار رفتم که به خودم کنار بیام که ممکنه برندهای ایرانی هم شامپو و کرمهای خوبی داشته باشن. متاسفانه با این وضع قیمت شامپوهای خارجی باز هم با این کیفیت پایید اینجور محصولات ناچار به استفاده از جایگزینهای خارجی هستیم. چرا من که موهایم همیشه لخت و خوب بود بعد از عدد هفته استفاده موهایم خشک وز و غیر قابل حالت میشود. کاش مسولان فنی این کارخانه نقد را بخوانن ، از دیجی کالا ممنونم که نقد ها را انجام میدهد که دیگران بتوانن بازخورد ها را بخوانن و با اختیار و علم محصولات روانتخاب کنن.,1
2741,متاسفانه الان باید دنبال یک شامپو باشیم که اثر استفاده ازید شامپو را خنثی کند! خیلی با خودم کلنجار رفتم که به خودم کنار بیام که ممکنه برندهای ایرانی هم شامپو و کرمهای خوبی داشته باشن. متاسفانه با این وضع قیمت شامپوهای خارجی باز هم با این کیفیت پایید اینجور محصولات ناچار به استفاده از جایگزینهای خارجی هستیم. چرا من که موهایم همیشه لخت و خوب بود بعد از عدد هفته استفاده موهایم خشک وز و غیر قابل حالت میشود. کاش مسولان فنی این کارخانه نقد را بخوانن ، از دیجی کالا ممنونم که نقد ها را قرار میدهد که دیگران بتوانن بازخورد ها را بخوانن و با اختیار و علم محصولات روانتخاب کنن.,1
2742,متاسفانه الان باید دنبال یک شامپو بگردم که اثر استفاده ازید شامپو را خنثی کند! خیلی با خودم کلنجار رفتم که به خودم کنار بیام که ممکنه برندهای ایرانی هم شامپو و کرمهای خوبی داشته باشن. متاسفانه با این وضع تولید شامپوهای خارجی باز هم با این کیفیت پایید اینجور محصولات ناچار به استفاده از جایگزینهای خارجی هستیم. چرا من که موهایم همیشه لخت و خوب بود بعد از عدد هفته استفاده موهایم خشک وز و غیر قابل حالت میشود. کاش مسولان فنی این کارخانه نقد را بخوانن ، از دیجی کالا ممنونم که نقد ها را قرار میدهد که دیگران بتوانن بازخورد ها را بخوانن و با اختیار و علم محصولات روانتخاب کنن.,1
2743,متاسفانه الان باید دنبال یک شامپو بگردم که اثر استفاده ازید شامپو را خنثی کند! خیلی با خودم کلنجار رفتم که به خودم کنار بیام که ممکنه برندهای ایرانی هم شامپو و کرمهای خوبی داشته باشن. متاسفانه با این وضع ما شامپوهای خارجی باز هم با این کیفیت پایید اینجور محصولات ناچار به استفاده از جایگزینهای خارجی هستیم. چرا من که موهایم همیشه لخت و خوب بود بعد از عدد هفته استفاده موهایم خشک وز و غیر قابل حالت میشود. کاش مسولان فنی این کارخانه نقد را بخوانن ، از دیجی کالا ممنونم که نقد ها را قرار میدهد که دیگران بتوانن بازخورد ها را بخوانن و با اختیار و علم محصولات روانتخاب کنن.,1
2744,متاسفانه الان باید دنبال یک شامپو بگردم که اثر استفاده ازید شامپو را خنثی کند! خیلی با خودم کلنجار رفتم که به خودم کنار بیام که ممکنه برندهای ایرانی هم شامپو و کرمهای خوبی داشته باشن. متاسفانه با این وضع قیمت شامپوهای خارجی باز هم با این کیفیت پایید اینجور محصولات ناچار به استفاده از جایگزینهای خارجی هستیم. چرا من که موهایم همیشه لخت و خوب بود بعد از عدد هفته استفاده موهایم خشک وز و غیر قابل حالت میشود. کاش مسولان فنی این کارخانه نقد را بخوانن ، از دیجی کالا بپرسید که نقد ها را قرار میدهد که دیگران بتوانن بازخورد ها را بخوانن و با اختیار و علم محصولات روانتخاب کنن.,1
2745,متاسفانه الان باید دنبال یک شامپو بگردم که اثر استفاده ازید شامپو را خنثی کند! خیلی با خودم کلنجار رفتم که به خودم کنار بیام که ممکنه برندهای ایرانی هم شامپو و کرمهای خوبی داشته باشن. متاسفانه با این وضع قیمت شامپوهای خارجی باز هم با این کیفیت پایید اینجور محصولات ناچار به استفاده از جایگزینهای خارجی هستیم. چرا من که موهایم همیشه لخت و خوب بود بعد از عدد هفته استفاده موهایم خشک وز و غیر قابل حالت میشود. کاش مسولان فنی این کارخانه نقد را بخوانن ، از دیجی کالا ممنونم که نقد ها را قرار میدهد که کاش بتوانن بازخورد ها را بخوانن و با اختیار و علم محصولات روانتخاب کنن.,1
2746,متاسفانه الان باید دنبال یک شامپو بگردم که اثر استفاده ازید شامپو را خنثی کند! خیلی با خودم کلنجار رفتم که به خودم کنار بیام که ممکنه برندهای ایرانی هم شامپو و شامپوی خوبی داشته باشن. متاسفانه با این وضع قیمت شامپوهای خارجی باز هم با این کیفیت پایید اینجور محصولات ناچار به استفاده از جایگزینهای خارجی هستیم. چرا من که موهایم همیشه لخت و خوب بود بعد از عدد هفته استفاده موهایم خشک وز و غیر قابل حالت میشود. کاش مسولان فنی این کارخانه نقد را بخوانن ، از دیجی کالا ممنونم که نقد ها را قرار میدهد که دیگران بتوانن بازخورد ها را بخوانن و با اختیار و علم محصولات روانتخاب کنن.,1
2747,متاسفانه الان باید دنبال یک محصول بگردم که اثر استفاده ازید شامپو را خنثی کند! خیلی با خودم کلنجار رفتم که به خودم کنار بیام که ممکنه برندهای ایرانی هم شامپو و کرمهای خوبی داشته باشن. متاسفانه با این وضع قیمت شامپوهای خارجی باز هم با این کیفیت پایید اینجور محصولات ناچار به استفاده از جایگزینهای خارجی هستیم. چرا من که موهایم همیشه لخت و خوب بود بعد از عدد هفته استفاده موهایم خشک وز و غیر قابل حالت میشود. کاش مسولان فنی این کارخانه نقد را بخوانن ، از دیجی کالا ممنونم که نقد ها را قرار میدهد که دیگران بتوانن بازخورد ها را بخوانن و با اختیار و علم محصولات روانتخاب کنن.,1
2748,من تازه ازش خریدم مفت نمیارزد الکی پول خودتان رو دور نریزید,1
2749,من تازه ازش خریدم مفت و الکی پول خودتان را دور نریزید,1
2750,من تازه ازش خریدم مفت نمیارزد الکی پول مفت را دور نریزید,1
2751,من تازه ازش خریدم مفت نمیارزد ، پول خودتان را دور نریزید,1
2752,به نظر کاملا معمولی و بیاثر امد. در ضمن سفته و روی مسواک خوب نمیشینه. یک برند معمولی بخرید همین کارو میکند. تازه طعم نعنایی به نظرم از وانیل بهتره است.,1
2753,به نظرم کاملا معمولی و بیاثر امد. در دهان سفته و روی مسواک خوب نمیشینه. یک برند معمولی بخرید همین کارو میکند. تازه طعم نعنایی به نظرم از وانیل بهتره است.,1
2754,به نظرم کاملا معمولی و بیاثر امد. در ضمن سفته و روی مسواک خوب نمیشینه. یک مسواک معمولی بخرید همین کارو میکند. تازه طعم نعنایی به نظرم از وانیل بهتره است.,1
2755,به نظرم کاملا معمولی و بیاثر امد. در ضمن سفته و روی مسواک خوب نمیشینه. یک خمیردندان معمولی بخرید همین کارو میکند. تازه طعم نعنایی به نظرم از وانیل بهتره است.,1
2756,به نظرم کاملا درست و بیاثر امد. در ضمن سفته و روی مسواک خوب نمیشینه. یک برند معمولی بخرید همین کارو میکند. تازه طعم نعنایی به نظرم از وانیل بهتره است.,1
2757,به نظرم کاملا معمولی و بیاثر امد. در ضمن سفته و روی مسواک خوب نمیشینه. یک برند معمولی بخرید همین کارو میکند. تازه طعم نعنایی به نظرم از نعنایی بهتره است.,1
2758,به نظرم کاملا معمولی و بیاثر امد. در ضمن سفته و روی مسواک خوب نمیشینه. یک برند معمولی بخرید همین کارو میکند. تازه طعم نعنایی به نظرم از ان بهتره است.,1
2759,به نظرم کاملا معمولی و بیاثر امد. در ضمن روی و روی مسواک خوب نمیشینه. یک برند معمولی بخرید همین کارو میکند. تازه طعم نعنایی به نظرم از وانیل بهتره است.,1
2760,به نظرم کاملا معمولی و بیاثر امد. در ضمن سفته و روی مسواک خوب نمیشینه. یک برند معمولی بخرید همین کارو میکند. تازه طعم ان به نظرم از وانیل بهتره است.,1
2761,اصلا خوب نبود به کسی که دوهفته بیشتر کار نداد,1
2762,اصلا خوب نبود به من که دیگر بیشتر کار نداد,1
2763,اصلا خوب نبود به من که دوهفته بیشتر بازی نداد,1
2764,اصلا خوب نبود به من که دوهفته بیشتر تمرین نداد,1
2765,نازک و عالی ولی رنگ پلاستیک میدهد,1
2766,نازک است عالی ولی بوی پلاستیک میدهد,1
2767,خوشمزه و عالی ولی بوی پلاستیک میدهد,1
2768,من بر اساس نظرات بودم اما کمتر از دو ماه دوام داشت,1
2769,من بر اساس نظرات خودم اما کمتر از دو ماه دوام داشت,1
2770,من بر اساس نظرات خریدم اما کمتر از دو ماه دوام.,1
2771,انرا بر اساس نظرات خریدم اما کمتر از دو ماه دوام داشت,1
2772,یک هفته اس خریدم و.,1
2773,یک هفته اس ام و خرابشده,1
2774,یک اس اس خریدم و خرابشده,1
2775,با اینکه او ظاهر فریبندهای داره ، اما توصیه نمیکنم,1
2776,با اینکه بشدت ظاهر فریبندهای داره ، اما توصیه :,1
2777,ضمن اینکه بشدت ظاهر فریبندهای داره ، اما توصیه نمیکنم,1
2778,با اینکه همسرم ظاهر فریبندهای داره ، اما توصیه نمیکنم,1
2779,اصلا بدرد نمیخورد. اینقدر موتورش ضعیف هست که به محض اینکه با کسی تماس بگیرد استپ میکته است. سری هایش هم زود میافتد,1
2780,اصلا بدرد نمیخورد. اینقدر موتورش ضعیف هست که به جای اینکه با دندان تماس بگیرد استپ میکته است. سری هایش هم زود میافتد,1
2781,اصلا بدرد نمیخورد. اینقدر موتورش ضعیف هست که حتی محض اینکه با دندان تماس بگیرد استپ میکته است. سری هایش هم زود میافتد,1
2782,اصلا بدرد نمیخورد. اینقدر موتورش ضعیف هست که به محض اینکه با دندان گاز بگیرد استپ میکته است. سری هایش هم زود میافتد,1
2783,اصلا بدرد نمیخورد. اینقدر موتورش ضعیف است که به محض اینکه با دندان تماس بگیرد استپ میکته است. سری هایش هم زود میافتد,1
2784,اصلا بدرد نمیخورد. اینقدر هم ضعیف هست که به محض اینکه با دندان تماس بگیرد استپ میکته است. سری هایش هم زود میافتد,1
2785,اصلا بدرد نمیخورد. اینقدر موتورش ضعیف هست که به محض اینکه روی دندان تماس بگیرد استپ میکته است. سری هایش هم زود میافتد,1
2786,لرزش سر مسواک خفیفه است و بدنه مسواک ویبره شدید داره ، گرانتر بخرید حداقل ارزش پولی را که خرج میکنید داشته باشد,1
2787,لرزش سر مسواک زیاد است و بدنه مسواک ویبره شدید داره ، گرانتر بخرید حداقل ارزش پولی را که پرداخت میکنید داشته باشد,1
2788,لرزش سر مسواک خفیفه است و بدنه مسواک ویبره شدید داره ، گرانتر بخرید حداقل ارزش هزینهای را که پرداخت میکنید داشته باشد,1
2789,لرزش سر مسواک خفیفه است و بدنه مسواک ویبره شدید داره ، گرانتر بخرید تا ارزش پولی را که پرداخت میکنید داشته باشد,1
2790,لرزش سر مسواک خفیفه است و سر مسواک ویبره شدید داره ، گرانتر بخرید حداقل ارزش پولی را که پرداخت میکنید داشته باشد,1
2791,لرزش بدنه مسواک خفیفه است و بدنه مسواک ویبره شدید داره ، گرانتر بخرید حداقل ارزش پولی را که پرداخت میکنید داشته باشد,1
2792,قیمت کالا چیست بالاس,1
2793,قیمت کالا خیلی.,1
2794,اصلا ارزش خرید ندارد. من رنگ طلاییش را خریدم. دورش بعد از یک سال سیاه شد,1
2795,اصلا ارزش خریدن ندارد. من رنگ طلاییش را خریدم. دورش بعد از یک هفته سیاه شد,1
2796,اصلا قدرت خرید ندارد. من رنگ طلاییش را خریدم. دورش بعد از یک هفته سیاه شد,1
2797,اصلا ارزش خرید ندارد. من رنگ طلاییش را خریدم. رنگش بعد از یک هفته سیاه شد,1
2798,اصلا ارزش خرید ندارد. من رنگ قرمز را خریدم. دورش بعد از یک هفته سیاه شد,1
2799,در شارژ کردن بسیار سرعت پایینی دارد که پیشنهاد نمیکنم.,1
2800,در بازی کردن بسیار سرعت پایینی دارد و پیشنهاد نمیکنم.,1
2801,در شارژ کردن بسیار سرعت بالایی دارد و پیشنهاد نمیکنم.,1
2802,در شارژ شدن بسیار سرعت پایینی دارد و پیشنهاد نمیکنم.,1
2803,خیلی بد بود ، اما بعید میدانم اصل باشد چون لاکهای بورژوا را من چند تایی داشتم ، همه عالی بودن ، این بسیار بیکیفیت بود,1
2804,خیلی عالی بود ، من بعید میدانم اصل باشد چون لاکهای بورژوا را من چند تایی داشتم ، همه عالی بودن ، این بسیار بیکیفیت بود,1
2805,خیلی بد بود ، من بعید میدانم اینطور باشد چون لاکهای بورژوا را من چند تایی داشتم ، همه عالی بودن ، این بسیار بیکیفیت بود,1
2806,خیلی بد بود ، من بعید میدانم اصل باشد چون لاکهایش را من چند تایی داشتم ، همه عالی بودن ، این بسیار بیکیفیت بود,1
2807,خیلی بد بود ، من بعید میدانم اصل ، چون لاکهای بورژوا را من چند تایی داشتم ، همه عالی بودن ، این بسیار بیکیفیت بود,1
2808,خیلی بد بود ، من بعید میدانم اصل باشد چون لاکهای بورژوا را من دو تایی داشتم ، همه عالی بودن ، این بسیار بیکیفیت بود,1
2809,خیلی خوب بود ، من بعید میدانم اصل باشد چون لاکهای بورژوا را من چند تایی داشتم ، همه عالی بودن ، این بسیار بیکیفیت بود,1
2810,هیچ مشکلی نداشت متاسفانه,1
2811,هیچ اثری نیست متاسفانه,1
2812,اصلا کیفیت خوبی ندارد و سریع میشکند … درکل یک هفته هم کم نمیارد,1
2813,اصلا کیفیت خوبی ندارد و سریع میشکند … درکل یک هفته بیشتر دوام نمیارد,1
2814,اصلا کیفیت خوبی ندارد و سریع میشکند … درکل دو هفته هم دوام نمیارد,1
2815,اصلا کیفیت خوبی ندارد و سریع میشود … درکل یک هفته هم دوام نمیارد,1
2816,اصلا مرطوبکننده خوبی نیست چه برسه به قوی من قبلا از این مارک برای صورتی رنگش استفاده کردم و از ان خیلی راضی بودم اما اینیکی نه افتضاحه است بوی خیلی بدی هم داره,1
2817,این مرطوبکننده خوبی نیست چه برسه به قوی من قبلا از این مارک و صورتی رنگش استفاده کردم و از ان خیلی راضی بودم اما اینیکی نه افتضاحه است بوی خیلی بدی هم داره,1
2818,اصلا مرطوبکننده خوبی نیست چه برسه به قوی من قبلا از این مارک و صورتی رنگش استفاده کردم و از ان خیلی راضی بودم اما اینیکی نه افتضاحه است عواقب خیلی بدی هم داره,1
2819,اصلا مرطوبکننده خوبی نیست چه برسه به قوی من قبلا از این مارک و صورتی رنگش استفاده کردم و از ان خیلی راضی هستم اما اینیکی نه افتضاحه است بوی خیلی بدی هم داره,1
2820,اصلا مرطوبکننده خوبی نیست چه برسه به قوی من هم از این مارک و صورتی رنگش استفاده کردم و از ان خیلی راضی بودم اما اینیکی نه افتضاحه است بوی خیلی بدی هم داره,1
2821,اصلا مرطوبکننده خوبی نیست چه برسه خیلی قوی من قبلا از این مارک و صورتی رنگش استفاده کردم و از ان خیلی راضی بودم اما اینیکی نه افتضاحه است بوی خیلی بدی هم داره,1
2822,اصلا مرطوبکننده خوبی نیست چه برسه به قوی من فقط از این مارک و صورتی رنگش استفاده کردم و از ان خیلی راضی بودم اما اینیکی نه افتضاحه است بوی خیلی بدی هم داره,1
2823,اصلا مرطوبکننده خوبی نیست چه برسه به قوی من قبلا از این مارک و صورتی رنگش استفاده کردم و از ان خیلی راضی بودم اما اینیکی نه افتضاحه است بوی خیلی بدی هم داره,1
2824,بسیار بسیار حالت چسبناک به پوست میدهد ، ماندگاری دارد.,1
2825,چون بسیار حالت چسبناک به پوست میدهد ، ماندگاری ندارد.,1
2826,بسیار بسیار حالت چسبناک به پوست میدهد ، ماندگاری ندارد.,1
2827,عسل بسیار حالت چسبناک به پوست میدهد ، ماندگاری ندارد.,1
2828,به هیچ عنوان خرید این کابل را تایید نمیکنم چون بعد از سه ماه کاملا از کار افتاد چراغش روشن میشود ولی کار نمیکند,1
2829,به هیچ عنوان خرید این کابل را توصیه نمیکنم چون بعد از سه ماه کاملا از مد افتاد چراغش روشن میشود ولی کار نمیکند,1
2830,به هیچ عنوان خرید این کابل را توصیه نمیکنم چون پس از سه ماه کاملا از کار افتاد چراغش روشن میشود ولی کار نمیکند,1
2831,به هیچ عنوان خرید این خودرو را توصیه نمیکنم چون بعد از سه ماه کاملا از کار افتاد چراغش روشن میشود ولی کار نمیکند,1
2832,به هیج عنوان خرید این کابل را توصیه نمیکنم چون بعد از سه ماه کاملا از کار افتاد چراغش روشن میشود ولی کار نمیکند,1
2833,به هیچ عنوان خرید این کابل را توصیه نمیکنم چون بعد ار سه ماه کاملا از کار افتاد چراغش روشن میشود ولی کار نمیکند,1
2834,من چند ساله استفاده میکنم و راضیام ولی الان خیلی قیمتشان رفته بالا است.,1
2835,من چند ساله استفاده میکنم و راضیام ولی الان خیلی قیمتشان خیلی بالا ….,1
2836,من چند ساله استفاده میکنم و راضیام اما الان خیلی قیمتشان رفته بالا ….,1
2837,. چند ساله استفاده میکنم و راضیام ولی الان خیلی قیمتشان رفته بالا ….,1
2838,من ۲۰ ساله استفاده میکنم و راضیام ولی الان خیلی قیمتشان رفته بالا ….,1
2839,هر محصولی که پایه سیلیکونی داشته باشد بده.. من بدون اگاهی این را خربدم و بعدا متوجه شودم بدحالتی موها و چرب شودن مصنوعی اش در طولانی مدت تاثیرات بدی داره.,1
2840,هر محصولی که پایه سیلیکونی داشته باشد... من بدون اگاهی این را خربدم و بعدا متوجه شودم بدحالتی موها و چرب شودن مصنوعی اش در طولانی مدت تاثیرات بدی داره …,1
2841,هر محصولی که پایه سیلیکونی داشته باشد بده.. من بدون اگاهی این را خربدم و بعدا متوجه شودم بدحالتی موها و چرب شودن مصنوعی اش در طولانی مدتی تاثیرات بدی داره …,1
2842,هر محصولی که پایه سیلیکونی داشته باشد بده.. من بدون اگاهی این را خربدم و بعدا متوجه شودم بدحالتی موها و چرب شودن مصنوعی اش برای طولانی مدت تاثیرات بدی داره …,1
2843,هر محصولی که پایه سیلیکونی داشته باشد بده.. من بدون اگاهی این محصول خربدم و بعدا متوجه شودم بدحالتی موها و چرب شودن مصنوعی اش در طولانی مدت تاثیرات بدی داره …,1
2844,هر محصولی که پایه سیلیکونی داشته باشد بده.. من بدون اگاهی این را خربدم و بعدا متوجه شودم بدحالتی موها و چرب شدن مصنوعی اش در طولانی مدت تاثیرات بدی داره …,1
2845,هر محصولی که پایه سیلیکونی داشته باشد بده.. من بدون اگاهی این را خربدم که بعدا متوجه شودم بدحالتی موها و چرب شودن مصنوعی اش در طولانی مدت تاثیرات بدی داره …,1
2846,هر محصولی که پایه سیلیکونی داشته باشد بده.. من بدون اگاهی این را خربدم و بعدا متوجه شودم بدحالتی موها و چرب شودن این اش در طولانی مدت تاثیرات بدی داره …,1
2847,هر ده دقیقه به زور عدد درصد شارژ.,1
2848,هر ده دقیقه به زور ۱۰ درصد شارژ میکند,1
2849,هر ۱۰ دقیقه به زور عدد درصد شارژ میکند,1
2850,بیکیفیتترین قاب ایفون در بازار هست,1
2851,بیکیفیتترین قاب موجود در ایران هست,1
2852,گرانترین قاب موجود در بازار هست,1
2853,با سلام من این محصول را از دیجی کالا با پنجاه درصد تخفیف خریدمکه حتی با این همه تخفیف هم ارزش نداشت اوایل بسیار عالی شارژ میکرد اما در کمتر از سه ماه خراب شد در این مدت هم پورت میکرو usb گوشی را گشاد کرد تا مجبور شودن خودم گوشی را وا کنم و دوباره درگاه را تنگ کنم اما بیشترین اسیب را به شارژر زد چون سرش تخت هست و محفظه دور را ندارد ( برای اینکه بشود دوطرفه به گوشی زد ) مثل یک اهرم برایتان شارژر را خراب میکند الان هم یک تکه سیم یک و نیم متری بیخاصیت افتاده را دستم,1
2854,با سلام من این محصول را از دیجی کالا با پنجاه درصد تخفیف خریدمکه حتی با این همه تخفیف هم ارزش نداشت اوایل بسیار عالی شارژ میکرد اما در کمتر از سه ماه خراب شد در این مدت هم پورت میکرو usb ان را گشاد کرد که مجبور شودن خودم گوشی را وا کنم و دوباره درگاه را تنگ کنم اما بیشترین اسیب را به شارژر زد چون سرش تخت هست و محفظه دور را ندارد ( برای اینکه بشود دوطرفه به گوشی زد ) مثل یک اهرم برایتان شارژر را خراب میکند الان هم یک تکه سیم یک و نیم متری بیخاصیت افتاده را دستم,1
2855,با سلام من این محصول را از دیجی کالا با پنجاه درصد تخفیف خریدمکه حتی با این همه تخفیف هم ارزش نداشت اوایل بسیار عالی شارژ میکرد اما در کمتر از سه ماه خراب شد در این مدت هم پورت میکرو usb گوشی را گشاد کرد که مجبور شودن خودم گوشی را وا کنم و دوباره درگاه را باز کنم اما بیشترین اسیب را به شارژر زد چون سرش تخت هست و محفظه دور را ندارد ( برای اینکه بشود دوطرفه به گوشی زد ) مثل یک اهرم برایتان شارژر را خراب میکند الان هم یک تکه سیم یک و نیم متری بیخاصیت افتاده را دستم,1
2856,با سلام من این محصول را از دیجی کالا با پنجاه درصد تخفیف خریدمکه حتی با این همه تخفیف هم ارزش نداشت اوایل بسیار عالی شارژ میکرد اما در کمتر از سه ماه خراب شد در این مدت هم پورت میکرو usb گوشی را گشاد کرد که مجبور شودن خودم گوشی را وا کنم و دوباره درگاه را تنگ کنم اما بیشترین اسیب را هم شارژر زد چون سرش تخت هست و محفظه دور را ندارد ( برای اینکه بشود دوطرفه به گوشی زد ) مثل یک اهرم برایتان شارژر را خراب میکند الان هم یک تکه سیم یک و نیم متری بیخاصیت افتاده را دستم,1
2857,با سلام من این محصول را از دیجی کالا با پنجاه درصد تخفیف خریدمکه حتی با این همه تخفیف هم ارزش نداشت اوایل بسیار عالی شارژ میکرد و در کمتر از سه ماه خراب شد در این مدت هم پورت میکرو usb گوشی را گشاد کرد که مجبور شودن خودم گوشی را وا کنم و دوباره درگاه را تنگ کنم اما بیشترین اسیب را به شارژر زد چون سرش تخت هست و محفظه دور را ندارد ( برای اینکه بشود دوطرفه به گوشی زد ) مثل یک اهرم برایتان شارژر را خراب میکند الان هم یک تکه سیم یک و نیم متری بیخاصیت افتاده را دستم,1
2858,با سلام من این محصول را از دیجی کالا با پنجاه درصد تخفیف خریدمکه حتی با این همه تخفیف هم ارزش نداشت اوایل بسیار عالی شارژ میکرد اما در کمتر از سه ماه خراب شد در این مدت هم پورت شارژر usb گوشی را گشاد کرد که مجبور شودن خودم گوشی را وا کنم و دوباره درگاه را تنگ کنم اما بیشترین اسیب را به شارژر زد چون سرش تخت هست و محفظه دور را ندارد ( برای اینکه بشود دوطرفه به گوشی زد ) مثل یک اهرم برایتان شارژر را خراب میکند الان هم یک تکه سیم یک و نیم متری بیخاصیت افتاده را دستم,1
2859,با سلام من این محصول را از دیجی کالا با پنجاه درصد تخفیف خریدمکه حتی با این همه تخفیف هم ارزش نداشت اوایل بسیار عالی شارژ میکرد اما در کمتر از سه ماه خراب شد در این مدت هم پورت میکرو usb گوشی را گشاد کرد که مجبور شودن خودم گوشی را وا کنم و دوباره درگاه را تنگ کنم اما بیشترین اسیب را به شارژر زد چون سرش تخت هست و محفظه دور را ندارد ( برای اینکه بشود دوطرفه به گوشی زد ) مثل یک اهرم برایتان شارژر را خراب میکند الان هم یک تکه سیم یک و نیم متری بیخاصیت گوشی را دستم,1
2860,با سلام من این محصول را از دیجی کالا با پنجاه درصد تخفیف خریدمکه حتی با این همه تخفیف هم ارزش نداشت اوایل بسیار عالی شارژ میکرد اما در کمتر از سه ماه خراب شد در این مدت هم پورت میکرو usb گوشی را گشاد کرد که مجبور شودن خودم گوشی را وا کنم و دوباره درگاه را تنگ کنم اما بیشترین اسیب را به شارژر زد چون شارژر تخت هست و محفظه دور را ندارد ( برای اینکه بشود دوطرفه به گوشی زد ) مثل یک اهرم برایتان شارژر را خراب میکند الان هم یک تکه سیم یک و نیم متری بیخاصیت افتاده را دستم,1
2861,با سلام من این محصول را از دیجی کالا با پنجاه درصد تخفیف خریدمکه حتی با این همه تخفیف هم ارزش نداشت اوایل بسیار عالی شارژ میکرد اما در کمتر از سه ماه خراب شد در این مدت هم پورت میکرو usb گوشی را گشاد کرد که مجبور شودن خودم گوشی را وا کنم تا دوباره درگاه را تنگ کنم اما بیشترین اسیب را به شارژر زد چون سرش تخت هست و محفظه دور را ندارد ( برای اینکه بشود دوطرفه به گوشی زد ) مثل یک اهرم برایتان شارژر را خراب میکند الان هم یک تکه سیم یک و نیم متری بیخاصیت افتاده را دستم,1
2862,با سلام من این محصول را از دیجی کالا با پنجاه درصد تخفیف خریدمکه حتی با این همه تخفیف هم ارزش نداشت اوایل بسیار عالی شارژ میکرد اما در کمتر از سه ماه خراب شد در این مدت هم پورت میکرو usb گوشی را گشاد کرد که مجبور شودن خودم گوشی را وا کنم و دوباره درگاه را تنگ کنم اما بیشترین اسیب را به شارژر زد چون سرش تخت هست و محفظه دور را ندارد ( برای اینکه بشود دوطرفه به گوشی زد ) مثل یک اهرم برایتان شارژر را خراب میکند الان هم یک تکه سیم یک و دو متری بیخاصیت افتاده را دستم,1
2863,با سلام من این محصول رو از دیجی کالا با پنجاه درصد تخفیف خریدمکه حتی با این همه تخفیف هم ارزش نداشت اوایل بسیار عالی شارژ میکرد اما در کمتر از سه ماه خراب شد در این مدت هم پورت میکرو usb گوشی را گشاد کرد که مجبور شودن خودم گوشی را وا کنم و دوباره درگاه را تنگ کنم اما بیشترین اسیب را به شارژر زد چون سرش تخت هست و محفظه دور را ندارد ( برای اینکه بشود دوطرفه به گوشی زد ) مثل یک اهرم برایتان شارژر را خراب میکند الان هم یک تکه سیم یک و نیم متری بیخاصیت افتاده را دستم,1
2864,با سلام من این محصول را از دیجی کالا با پنجاه درصد تخفیف خریدمکه حتی با این همه تخفیف هم ارزش نداشت اوایل بسیار عالی شارژ میکرد اما در کمتر از سه ماه خراب شد در این مدت هم پورت میکرو usb گوشی را گشاد کرد که مجبور شودن خودم گوشی را وا کنم و دوباره درگاه را تنگ کنم اما بیشترین ضربه را به شارژر زد چون سرش تخت هست و محفظه دور را ندارد ( برای اینکه بشود دوطرفه به گوشی زد ) مثل یک اهرم برایتان شارژر را خراب میکند الان هم یک تکه سیم یک و نیم متری بیخاصیت افتاده را دستم,1
2865,با سلام من این محصول را از دیجی کالا با ۵۰ درصد تخفیف خریدمکه حتی با این همه تخفیف هم ارزش نداشت اوایل بسیار عالی شارژ میکرد اما در کمتر از سه ماه خراب شد در این مدت هم پورت میکرو usb گوشی را گشاد کرد که مجبور شودن خودم گوشی را وا کنم و دوباره درگاه را تنگ کنم اما بیشترین اسیب را به شارژر زد چون سرش تخت هست و محفظه دور را ندارد ( برای اینکه بشود دوطرفه به گوشی زد ) مثل یک اهرم برایتان شارژر را خراب میکند الان هم یک تکه سیم یک و نیم متری بیخاصیت افتاده را دستم,1
2866,دوستان سلام من این محصول را از دیجی کالا با پنجاه درصد تخفیف خریدمکه حتی با این همه تخفیف هم ارزش نداشت اوایل بسیار عالی شارژ میکرد اما در کمتر از سه ماه خراب شد در این مدت هم پورت میکرو usb گوشی را گشاد کرد که مجبور شودن خودم گوشی را وا کنم و دوباره درگاه را تنگ کنم اما بیشترین اسیب را به شارژر زد چون سرش تخت هست و محفظه دور را ندارد ( برای اینکه بشود دوطرفه به گوشی زد ) مثل یک اهرم برایتان شارژر را خراب میکند الان هم یک تکه سیم یک و نیم متری بیخاصیت افتاده را دستم,1
2867,با سلام من این محصول را از دیجی کالا با پنجاه درصد تخفیف خریدمکه حتی با این همه تخفیف هم ارزش نداشت اوایل بسیار عالی شارژ میکرد اما در کمتر از سه ماه خراب شد در این مدت هم درگاه میکرو usb گوشی را گشاد کرد که مجبور شودن خودم گوشی را وا کنم و دوباره درگاه را تنگ کنم اما بیشترین اسیب را به شارژر زد چون سرش تخت هست و محفظه دور را ندارد ( برای اینکه بشود دوطرفه به گوشی زد ) مثل یک اهرم برایتان شارژر را خراب میکند الان هم یک تکه سیم یک و نیم متری بیخاصیت افتاده را دستم,1
2868,با سلام من این محصول را از دیجی کالا با پنجاه درصد تخفیف خریدمکه حتی با این همه تخفیف هم ارزش نداشت اوایل بسیار عالی شارژ میکرد اما در کمتر از سه ماه خراب شد در این مدت هم پورت میکرو usb گوشی را گشاد کرد که مجبور شودن خودم گوشی را وا کنم و دوباره درگاه را تنگ کنم اما بیشترین اسیب را به شارژر زد چون سرش تخت هست و محفظه شارژر را ندارد ( برای اینکه بشود دوطرفه به گوشی زد ) مثل یک اهرم برایتان شارژر را خراب میکند الان هم یک تکه سیم یک و نیم متری بیخاصیت افتاده را دستم,1
2869,با سلام من این محصول را از دیجی کالا با پنجاه درصد تخفیف خریدمکه حتی با این همه تخفیف هم ارزش نداشت اوایل بسیار عالی شارژ میکرد اما در کمتر از سه ماه خراب شد در این مدت هم پورت میکرو usb گوشی را گشاد کرد که مجبور شودن خودم گوشی را وا کنم و دوباره درگاه را تنگ کنم اما بیشترین اسیب را به گوشی زد چون سرش تخت هست و محفظه دور را ندارد ( برای اینکه بشود دوطرفه به گوشی زد ) مثل یک اهرم برایتان شارژر را خراب میکند الان هم یک تکه سیم یک و نیم متری بیخاصیت افتاده را دستم,1
2870,با سلام من این محصول را از دیجی کالا با پنجاه درصد تخفیف خریدمکه حتی با این همه تخفیف هم ارزش نداشت اوایل بسیار عالی شارژ شد اما در کمتر از سه ماه خراب شد در این مدت هم پورت میکرو usb گوشی را گشاد کرد که مجبور شودن خودم گوشی را وا کنم و دوباره درگاه را تنگ کنم اما بیشترین اسیب را به شارژر زد چون سرش تخت هست و محفظه دور را ندارد ( برای اینکه بشود دوطرفه به گوشی زد ) مثل یک اهرم برایتان شارژر را خراب میکند الان هم یک تکه سیم یک و نیم متری بیخاصیت افتاده را دستم,1
2871,با سلام من این محصول را از دیجی کالا با پنجاه درصد تخفیف خریدمکه حتی با این همه تخفیف هم ارزش نداشت اوایل بسیار عالی شارژ میکرد اما در کمتر از سه ماه خراب شد در این مدت هم پورت میکرو usb گوشی را گشاد کرد که مجبور شودن خودم گوشی را وا کنم و دوباره درگاه را تنگ کنم اما بیشترین اسیب را به شارژر زد چون سرش تخت هست و راه دور را ندارد ( برای اینکه بشود دوطرفه به گوشی زد ) مثل یک اهرم برایتان شارژر را خراب میکند الان هم یک تکه سیم یک و نیم متری بیخاصیت افتاده را دستم,1
2872,با سلام من این محصول را از دیجی کالا با پنجاه درصد تخفیف خریدمکه حتی با این همه تخفیف هم ارزش نداشت اوایل بسیار عالی شارژ میکرد اما در کمتر از سه ماه خراب شد در این مدت هم پورت میکرو usb گوشی را گشاد کرد که مجبور شودن خودم گوشی را وا کنم و دوباره درگاه را تنگ کنم اما بیشترین اسیب را به شارژر زد چون سرش تخت هست و محفظه دور را ندارد ( برای اینکه بشود دوطرفه به گوشی زد ) مثل یک اهرم برایتان شارژر را خراب میکند من هم یک تکه سیم یک و نیم متری بیخاصیت افتاده را دستم,1
2873,با سلام من این محصول را از دیجی کالا با پنجاه درصد تخفیف خریدمکه حتی با این همه تخفیف هم ارزش نداشت اوایل بسیار عالی شارژ میکرد اما در کمتر از سه ماه خراب شد در این مدت هم پورت میکرو یواسبی گوشی را گشاد کرد که مجبور شودن خودم گوشی را وا کنم و دوباره درگاه را تنگ کنم اما بیشترین اسیب را به شارژر زد چون سرش تخت هست و محفظه دور را ندارد ( برای اینکه بشود دوطرفه به گوشی زد ) مثل یک اهرم برایتان شارژر را خراب میکند الان هم یک تکه سیم یک و نیم متری بیخاصیت افتاده را دستم,1
2874,با سلام من این محصول را از دیجی کالا با پنجاه درصد تخفیف خریدمکه حتی با این همه تخفیف هم ارزش داشت اوایل بسیار عالی شارژ میکرد اما در کمتر از سه ماه خراب شد در این مدت هم پورت میکرو usb گوشی را گشاد کرد که مجبور شودن خودم گوشی را وا کنم و دوباره درگاه را تنگ کنم اما بیشترین اسیب را به شارژر زد چون سرش تخت هست و محفظه دور را ندارد ( برای اینکه بشود دوطرفه به گوشی زد ) مثل یک اهرم برایتان شارژر را خراب میکند الان هم یک تکه سیم یک و نیم متری بیخاصیت افتاده را دستم,1
2875,با سلام من این محصول را از دیجی دیجی با پنجاه درصد تخفیف خریدمکه حتی با این همه تخفیف هم ارزش نداشت اوایل بسیار عالی شارژ میکرد اما در کمتر از سه ماه خراب شد در این مدت هم پورت میکرو usb گوشی را گشاد کرد که مجبور شودن خودم گوشی را وا کنم و دوباره درگاه را تنگ کنم اما بیشترین اسیب را به شارژر زد چون سرش تخت هست و محفظه دور را ندارد ( برای اینکه بشود دوطرفه به گوشی زد ) مثل یک اهرم برایتان شارژر را خراب میکند الان هم یک تکه سیم یک و نیم متری بیخاصیت افتاده را دستم,1
2876,بسته بندی ضعیفی داره و بسته نمیشود. ژل,1
2877,قالب بندی ضعیفی داره و بسته نمیشود درب ژل,1
2878,بسته بندی مشکل داره و بسته نمیشود درب ژل,1
2879,من از را نظرات خریدم متاسفانه عدد تا هم خریدم اما باید بندازمشون دور. موها را کاملا وز و پفدار و شکننده میکند. حتی کلی روغن بادام بهش اضافه کردم باز هم خراب قابلاستفاده اس,1
2880,من از را نظرات خریدم متاسفانه عدد تا هم خریدم اما باید بندازمشون دور. موها را کاملا وز و پفدار و شکننده میکند. حتی اگر روغن بادام بهش اضافه کردم باز هم غیر قابلاستفاده اس,1
2881,من از را نظرات خریدم متاسفانه عدد تا هم خریدم اما باید بندازمشون بدم. موها را کاملا وز و پفدار و شکننده میکند. حتی کلی روغن بادام بهش اضافه کردم باز هم غیر قابلاستفاده اس,1
2882,من از را نظراتم متاسفانه عدد تا هم خریدم اما باید بندازمشون دور. موها را کاملا وز و پفدار و شکننده میکند. حتی کلی روغن بادام بهش اضافه کردم باز هم غیر قابلاستفاده اس,1
2883,من از را نظرات خریدم متاسفانه عدد تا هم خریدم اما باید بندازمشون دور. موها را کاملا نازک و پفدار و شکننده میکند. حتی کلی روغن بادام بهش اضافه کردم باز هم غیر قابلاستفاده اس,1
2884,من از را نظرات خریدم متاسفانه عدد تا هم خریدم اما باید بندازمشون دور. موها را کاملا وز ، پفدار و شکننده میکند. حتی کلی روغن بادام بهش اضافه کردم باز هم غیر قابلاستفاده اس,1
2885,من از را نظرات خریدم متاسفانه عدد تا هم خریدم اما باید بندازمشون دور. موها را کاملا وز و پفدار و براق میکند. حتی کلی روغن بادام بهش اضافه کردم باز هم غیر قابلاستفاده اس,1
2886,من از را نظرات خریدم متاسفانه عدد تا هم خریدم اما باید بندازمشون دور. موها را کاملا وز و پفدار و شکننده میکند. حتی کلی روغن بادام بهش اضافه کردم که هم غیر قابلاستفاده اس,1
2887,من از را نظرات و متاسفانه عدد تا هم خریدم اما باید بندازمشون دور. موها را کاملا وز و پفدار و شکننده میکند. حتی کلی روغن بادام بهش اضافه کردم باز هم غیر قابلاستفاده اس,1
2888,من برای j عدد gnگرفتم اندازه نبود و مال گوشیهای سری j بود و اصلا برای j عدد نبود مال s عدد بود,1
2889,من برای j عدد gnگرفتم اندازه نبود و برای گوشیهای سری قدیمیتر بود و اصلا برای j عدد نبود مال s عدد بود,1
2890,من برای این عدد gnگرفتم اندازه نبود و مال گوشیهای سری قدیمیتر بود و اصلا برای j عدد نبود مال s عدد بود,1
2891,من برای j عدد gnگرفتم اندازه بود و مال گوشیهای سری قدیمیتر بود و اصلا برای j عدد نبود مال s عدد بود,1
2892,من برای j عدد gnگرفتم اندازه نبود ، مال گوشیهای سری قدیمیتر بود و اصلا برای j عدد نبود مال s عدد بود,1
2893,من برای j عدد gnگرفتم اندازه نبود و مال گوشیهای سری قدیمیتر است و اصلا برای j عدد نبود مال s عدد بود,1
2894,دوستان اصلا قاب خوبی نیست یک مشکلی که داره اینه که دکمه گوشی را خود به خود فشار میدهد و صدای گوشی کم و زیاد میشود و اصلا محکم نیست,1
2895,دوستان اصلا قاب خوبی نیست یک مشکلی که داره اینه که دکمه ولوم را خود به خود فشار میدهد ، صدای گوشی کم و زیاد میشود و اصلا محکم نیست,1
2896,دوستان اصلا قاب خوبی نیست یک مشکلی که داره اینه که دکمه ولوم را خود به خود فشار میدهد و صدای گوشی کم و زیاد میشود و اصلا محکم نیست,1
2897,دوستان اصلا قاب خوبی نیست یک مشکلی که هست اینه که دکمه ولوم را خود به خود فشار میدهد و صدای گوشی کم و زیاد میشود و اصلا محکم نیست,1
2898,دوستان این قاب خوبی نیست یک مشکلی که داره اینه که دکمه ولوم را خود به خود فشار میدهد و صدای گوشی کم و زیاد میشود و اصلا محکم نیست,1
2899,دوستان اصلا چیز خوبی نیست یک مشکلی که داره اینه که دکمه ولوم را خود به خود فشار میدهد و صدای گوشی کم و زیاد میشود و اصلا محکم نیست,1
2900,دوستان اصلا قاب خوبی نیست یک مشکلی که داره اینه که دکمه ولوم را خود به خود فشار میدهد و صدای گوشی زیاد و زیاد میشود و اصلا محکم نیست,1
2901,دوستان اصلا قاب خوبی نیست یک مشکلی که داره این که دکمه ولوم را خود به خود فشار میدهد و صدای گوشی کم و زیاد میشود و اصلا محکم نیست,1
2902,اصلا ماسک خوب نیست,1
2903,اصلا ماسک خوبی ؟,1
2904,با سلام ، خیلی اسپری خوبی هست و وقتی ازش استفاده میکنم ، واقعا حس میکنم دست هایم واقعا پاک پاکشده ، از بس بوی ضد عفونی کنندهی خوبی داره ، خوب اما اما ، به محض اینکه درش را باز میکنیم باید ظرف مدت عدد روز تمامش کنی وگرنه میپرد و این خیلی بده ، بنده دو تا خریده بودم و فکر کردم اولی مشکل داره و نشتی داره ولی متاسفانه دومی هم به این شکل بود. با تشکر از همگی شما عزیزان,1
2905,با سلام ، اسپری اسپری خوبی هست و وقتی ازش استفاده میکنم ، واقعا حس میکنم دست هایم واقعا پاک پاکشده ، از بس بوی ضد عفونی کنندهی خوبی داره ، اما اما اما ، به محض اینکه درش را باز میکنیم باید ظرف مدت عدد روز تمامش کنی وگرنه میپرد و این خیلی بده ، بنده دو تا خریده بودم و فکر کردم اولی مشکل داره و نشتی داره ولی متاسفانه دومی هم به این شکل بود. با تشکر از همگی شما عزیزان,1
2906,با سلام ، خیلی اسپری خوبی هست و وقتی ازش استفاده میکنم ، واقعا حس میکنم دست هایم واقعا پاک پاکشده ، از بس بوی ضد عفونی کنندهی خوبی داره ، اما اما اما ، ، محض اینکه درش را باز میکنیم باید ظرف مدت عدد روز تمامش کنی وگرنه میپرد و این خیلی بده ، بنده دو تا خریده بودم و فکر کردم اولی مشکل داره و نشتی داره ولی متاسفانه دومی هم به این شکل بود. با تشکر از همگی شما عزیزان,1
2907,با سلام ، خیلی اسپری خوبی هست و وقتی ازش استفاده میکنم ، واقعا حس میکنم دست هایم واقعا پاک پاکشده ، از بس بوی ضد عفونی کنندهی خوبی داره ، اما اما اما ، به محض اینکه درش را باز میکنیم باید ظرف مدت عدد روز تمامش کنی وگرنه میپرد و این خیلی بده ، بنده دو تا خریده بودم و فکر میکردم اولی مشکل داره و نشتی داره ولی متاسفانه دومی هم به این شکل بود. با تشکر از همگی شما عزیزان,1
2908,با سلام ، خیلی اسپری خوبی هست و وقتی ازش استفاده میکنم ، واقعا حس میکنم دست هایم واقعا پاک پاکشده ، از بس بوی ضد عفونی کننده خوبی داره ، اما اما اما ، به محض اینکه درش را باز میکنیم باید ظرف مدت عدد روز تمامش کنی وگرنه میپرد و این خیلی بده ، بنده دو تا خریده بودم و فکر کردم اولی مشکل داره و نشتی داره ولی متاسفانه دومی هم به این شکل بود. با تشکر از همگی شما عزیزان,1
2909,با سلام ، خیلی اسپری خوبی هست که وقتی ازش استفاده میکنم ، واقعا حس میکنم دست هایم واقعا پاک پاکشده ، از بس بوی ضد عفونی کنندهی خوبی داره ، اما اما اما ، به محض اینکه درش را باز میکنیم باید ظرف مدت عدد روز تمامش کنی وگرنه میپرد و این خیلی بده ، بنده دو تا خریده بودم و فکر کردم اولی مشکل داره و نشتی داره ولی متاسفانه دومی هم به این شکل بود. با تشکر از همگی شما عزیزان,1
2910,با سلام ، خیلی اسپری خوبی هست و وقتی ازش استفاده میکنم ، واقعا حس میکنم دست هایم واقعا پاک پاکشده ، از بس بوی ضد عفونی کنندهی خوبی داره ، خوبه اما اما ، به محض اینکه درش را باز میکنیم باید ظرف مدت عدد روز تمامش کنی وگرنه میپرد و این خیلی بده ، بنده دو تا خریده بودم و فکر کردم اولی مشکل داره و نشتی داره ولی متاسفانه دومی هم به این شکل بود. با تشکر از همگی شما عزیزان,1
2911,با سلام ، خیلی اسپری خوبی هست و وقتی ازش استفاده میکنم ، واقعا حس میکنم دست هایم واقعا پاک پاکشده ، از بس بوی ضد عفونی کنندهی خوبی داره ، اما اما اما ، به محض اینکه درش را باز میکنی باید ظرف مدت عدد روز تمامش کنی وگرنه میپرد و این خیلی بده ، بنده دو تا خریده بودم و فکر کردم اولی مشکل داره و نشتی داره ولی متاسفانه دومی هم به این شکل بود. با تشکر از همگی شما عزیزان,1
2912,با سلام ، خیلی چیز خوبی هست و وقتی ازش استفاده میکنم ، واقعا حس میکنم دست هایم واقعا پاک پاکشده ، از بس بوی ضد عفونی کنندهی خوبی داره ، اما اما اما ، به محض اینکه درش را باز میکنیم باید ظرف مدت عدد روز تمامش کنی وگرنه میپرد و این خیلی بده ، بنده دو تا خریده بودم و فکر کردم اولی مشکل داره و نشتی داره ولی متاسفانه دومی هم به این شکل بود. با تشکر از همگی شما عزیزان,1
2913,با سلام ، خیلی اسپری خوبی هست و وقتی ازش استفاده میکنم ، واقعا حس میکنم دست هایم واقعا پاک پاکشده ، از بس بوی ضد عفونی کنندهی خوبی داره ، اما اما اما ، به محض اینکه درش را باز میکنیم باید ظرف مدت عدد روز تمامش کنی وگرنه میپرد و این خیلی بده ، بنده دو تا خریده بودم و فکر کردم اولی مشکل داره و مشکل داره ولی متاسفانه دومی هم به این شکل بود. با تشکر از همگی شما عزیزان,1
2914,با سلام ، خیلی اسپری خوبی هست و وقتی ازش استفاده میکنم ، واقعا حس میکنم دست هایم واقعا پاک پاکشده ، همین بس بوی ضد عفونی کنندهی خوبی داره ، اما اما اما ، به محض اینکه درش را باز میکنیم باید ظرف مدت عدد روز تمامش کنی وگرنه میپرد و این خیلی بده ، بنده دو تا خریده بودم و فکر کردم اولی مشکل داره و نشتی داره ولی متاسفانه دومی هم به این شکل بود. با تشکر از همگی شما عزیزان,1
2915,با سلام ، خیلی اسپری خوبی هست و وقتی که استفاده میکنم ، واقعا حس میکنم دست هایم واقعا پاک پاکشده ، از بس بوی ضد عفونی کنندهی خوبی داره ، اما اما اما ، به محض اینکه درش را باز میکنیم باید ظرف مدت عدد روز تمامش کنی وگرنه میپرد و این خیلی بده ، بنده دو تا خریده بودم و فکر کردم اولی مشکل داره و نشتی داره ولی متاسفانه دومی هم به این شکل بود. با تشکر از همگی شما عزیزان,1
2916,با سلام ، خیلی اسپری خوبی هست و وقتی ازش استفاده میکنم ، واقعا حس میکنم دست هایم واقعا پاک پاکشده ، از بس بوی ضد عفونی کنندهی خوبی داره ، اما اما اما ، به محض اینکه درش را باز میکنیم باید ظرف مدت عدد روز تمامش کنی وگرنه میپرد و این خیلی بده ، بنده دو تا خریده بودم و فکر کردم اولی مشکل داره و نشتی داره ولی متاسفانه دومی هم به این شکل بود. با سپاس از همگی شما عزیزان,1
2917,با سلام ، خیلی اسپری خوبی هست و وقتی ازش استفاده میکنم ، واقعا حس میکنم دست هایم واقعا پاک پاکشده ، از بس بوی ضد عفونی کنندهی خوبی داره ، اما اما اما ، به محض اینکه درش را باز میکنیم باید ظرف مدت عدد روز تمامش کنی و میپرد و این خیلی بده ، بنده دو تا خریده بودم و فکر کردم اولی مشکل داره و نشتی داره ولی متاسفانه دومی هم به این شکل بود. با تشکر از همگی شما عزیزان,1
2918,با سلام ، خیلی اسپری خوبی هست و وقتی ازش استفاده میکنم ، واقعا حس میکنم دست هایم واقعا پاک پاکشده ، از بس بوی ضد عفونی کنندهی خوبی داره ، اما اما اما ، به محض اینکه درش را باز میکنیم باید ظرف مدت عدد روز تمامش کنی وگرنه میپرد و این خیلی بده ، بنده دو تا خریده بودم و فکر کردم اولی مشکل داره و نشتی داره ، متاسفانه دومی هم به این شکل بود. با تشکر از همگی شما عزیزان,1
2919,با اینکه ، خیلی اسپری خوبی هست و وقتی ازش استفاده میکنم ، واقعا حس میکنم دست هایم واقعا پاک پاکشده ، از بس بوی ضد عفونی کنندهی خوبی داره ، اما اما اما ، به محض اینکه درش را باز میکنیم باید ظرف مدت عدد روز تمامش کنی وگرنه میپرد و این خیلی بده ، بنده دو تا خریده بودم و فکر کردم اولی مشکل داره و نشتی داره ولی متاسفانه دومی هم به این شکل بود. با تشکر از همگی شما عزیزان,1
2920,با سلام ، خیلی اسپری خوبی هست و وقتی ازش استفاده میکنم ، واقعا حس میکنم دست هایم واقعا پاک پاکشده ، از بس بوی ضد عفونی کنندهی خوبی داره ، اما اما اما ، به محض اینکه درش را باز میکنیم باید ظرف مدت عدد روز تمامش کنی وگرنه میپرد و این خیلی بده ، بنده دو تا خریده بودم و فکر کردم اولی مشکل داره و نشتی داره ولی متاسفانه دومی هم به این شکل بود. با تشکر از همگی شما عزیزان,1
2921,با سلام ، خیلی اسپری خوبی هست و وقتی ازش استفاده میکنم ، واقعا حس میکنم دست هایم واقعا پاک پاکشده ، از طرفی بوی ضد عفونی کنندهی خوبی داره ، اما اما اما ، به محض اینکه درش را باز میکنیم باید ظرف مدت عدد روز تمامش کنی وگرنه میپرد و این خیلی بده ، بنده دو تا خریده بودم و فکر کردم اولی مشکل داره و نشتی داره ولی متاسفانه دومی هم به این شکل بود. با تشکر از همگی شما عزیزان,1
2922,من این کاور یا قاب را به دلیل اینکه برند نیلکین از نظر طراحی ساده و زیبا همیشه استفاده میکند سفارش ندادم البته تا العان من بشخصه کاور نیلکین نداشتم ولی برای اولین بار که سفارش دادم به محض اینکه گوشی را درون قاب گذاشتم از گوشه سمت راست بالای قاب ترک برداشت برای همین به هیچ عنوان پیشنهاد نمیکنم که از قابهایی که انعطاف ندادن سفارش بدهید با تشکر از دیجی کالا.,1
2923,من این کاور یا قاب را به دلیل اینکه برند نیلکین از نظر طراحی ساده و زیبا ازش استفاده میکند سفارش دادم البته تا العان من بشخصه کاور نیلکین نداشتم ولی برای اولین بار که سفارش دادم به محض اینکه گوشی را درون قاب گذاشتم از گوشه سمت راست بالای قاب ترک برداشت برای همین به هیچ عنوان پیشنهاد نمیکنم که از قابهایی که انعطاف ندادن سفارش بدهید با تشکر از دیجی کالا.,1
2924,من این کاور یا قاب را به دلیل اینکه برند نیلکین از نظر طراحی ساده و زیبا همیشه استفاده میکند سفارش دادم البته تا العان من بشخصه کاور نیلکین نداشتم ولی برای اولین بار که سفارش دادم به محض اینکه گوشی را درون قاب گذاشتم از گوشه سمت راست بالای قاب ترک برداشت برای همین به هیچ عنوان پیشنهاد نمیکنم که از قابهایی که انعطاف ندادن سفارش بدهید با تشکر از این کالا.,1
2925,من این کاور یا قاب را به دلیل اینکه برند نیلکین از نظر طراحی ساده و زیبا همیشه استفاده میکند سفارش دادم البته تا العان من بشخصه کاور نیلکین نداشتم ولی برای اولین بار که سفارش دادم به محض اینکه گوشی را درون قاب گذاشتم از گوشه سمت راست بالای قاب ترک برداشت برای همین به هیچ عنوان توصیه نمیکنم که از قابهایی که انعطاف ندادن سفارش بدهید با تشکر از دیجی کالا.,1
2926,من این کاور یا قاب را به دلیل اینکه برند نیلکین از نظر طراحی ساده و زیبا هم استفاده میکند سفارش دادم البته تا العان من بشخصه کاور نیلکین نداشتم ولی برای اولین بار که سفارش دادم به محض اینکه گوشی را درون قاب گذاشتم از گوشه سمت راست بالای قاب ترک برداشت برای همین به هیچ عنوان پیشنهاد نمیکنم که از قابهایی که انعطاف ندادن سفارش بدهید با تشکر از دیجی کالا.,1
2927,من این کاور یا قاب را به دلیل اینکه برند نیلکین ار نظر طراحی ساده و زیبا همیشه استفاده میکند سفارش دادم البته تا العان من بشخصه کاور نیلکین نداشتم ولی برای اولین بار که سفارش دادم به محض اینکه گوشی را درون قاب گذاشتم از گوشه سمت راست بالای قاب ترک برداشت برای همین به هیچ عنوان پیشنهاد نمیکنم که از قابهایی که انعطاف ندادن سفارش بدهید با تشکر از دیجی کالا.,1
2928,من این کاور یا قاب را به دلیل اینکه برند نیلکین از نظر طراحی ساده و زیبا همیشه استفاده میکند سفارش دادم البته تا العان من بشخصه کاور نیلکین نداشتم ولی برای اولین بار که سفارش دادم به محض اینکه گوشی را درون قاب گذاشتم از گوشه سمت راست بالای قاب ترک کردم برای همین به هیچ عنوان پیشنهاد نمیکنم که از قابهایی که انعطاف ندادن سفارش بدهید با تشکر از دیجی کالا.,1
2929,من این کاور یا قاب را به دلیل اینکه برند نیلکین از نظر طراحی ساده و زیبا همیشه استفاده میکند سفارش دادم البته تا العان من بشخصه کاور نیلکین نداشتم ولی برای اولین بار که سفارش دادم به محض اینکه ان را درون قاب گذاشتم از گوشه سمت راست بالای قاب ترک برداشت برای همین به هیچ عنوان پیشنهاد نمیکنم که از قابهایی که انعطاف ندادن سفارش بدهید با تشکر از دیجی کالا.,1
2930,من این کاور یا قاب را به دلیل اینکه برند نیلکین از نظر طراحی ساده و زیبا همیشه استفاده میکند سفارش دادم البته تا العان من بشخصه کاور نیلکین نداشتم ولی برای اولین بار که سفارش دادم به محض اینکه گوشی را درون قاب گذاشتم از گوشه سمت راست بالای قاب ترک برداشت برای همین به هیج عنوان پیشنهاد نمیکنم که از قابهایی که انعطاف ندادن سفارش بدهید با تشکر از دیجی کالا.,1
2931,من این کاور یا قاب را به دلیل اینکه برند نیلکین از نظر طراحی ساده و زیبا همیشه استفاده میکند سفارش دادم البته تا العان من بشخصه کاور نیلکین نداشتم اما برای اولین بار که سفارش دادم به محض اینکه گوشی را درون قاب گذاشتم از گوشه سمت راست بالای قاب ترک برداشت برای همین به هیچ عنوان پیشنهاد نمیکنم که از قابهایی که انعطاف ندادن سفارش بدهید با تشکر از دیجی کالا.,1
2932,من این کاور یا گوشی را به دلیل اینکه برند نیلکین از نظر طراحی ساده و زیبا همیشه استفاده میکند سفارش دادم البته تا العان من بشخصه کاور نیلکین نداشتم ولی برای اولین بار که سفارش دادم به محض اینکه گوشی را درون قاب گذاشتم از گوشه سمت راست بالای قاب ترک برداشت برای همین به هیچ عنوان پیشنهاد نمیکنم که از قابهایی که انعطاف ندادن سفارش بدهید با تشکر از دیجی کالا.,1
2933,من این کاور یا قاب را به دلیل اینکه برند نیلکین از یک طراحی ساده و زیبا همیشه استفاده میکند سفارش دادم البته تا العان من بشخصه کاور نیلکین نداشتم ولی برای اولین بار که سفارش دادم به محض اینکه گوشی را درون قاب گذاشتم از گوشه سمت راست بالای قاب ترک برداشت برای همین به هیچ عنوان پیشنهاد نمیکنم که از قابهایی که انعطاف ندادن سفارش بدهید با تشکر از دیجی کالا.,1
2934,من این کاور یا قاب را به دلیل اینکه برند نیلکین از نظر طراحی ساده و زیبا همیشه استفاده میکند سفارش دادم البته تا العان من بشخصه کاور نیلکین نداشتم ولی برای اولین بار که سفارش دادم به دلیل اینکه گوشی را درون قاب گذاشتم از گوشه سمت راست بالای قاب ترک برداشت برای همین به هیچ عنوان پیشنهاد نمیکنم که از قابهایی که انعطاف ندادن سفارش بدهید با تشکر از دیجی کالا.,1
2935,من این کاور یا قاب رو به دلیل اینکه برند نیلکین از نظر طراحی ساده و زیبا همیشه استفاده میکند سفارش دادم البته تا العان من بشخصه کاور نیلکین نداشتم ولی برای اولین بار که سفارش دادم به محض اینکه گوشی را درون قاب گذاشتم از گوشه سمت راست بالای قاب ترک برداشت برای همین به هیچ عنوان پیشنهاد نمیکنم که از قابهایی که انعطاف ندادن سفارش بدهید با تشکر از دیجی کالا.,1
2936,من این کاور یا قاب را به دلیل اینکه برند نیلکین از نظر طراحی ساده و زیبا همیشه استفاده میکند سفارش دادم البته تا العان من بشخصه کاور نیلکین نداشتم ولی برای اولین بار که سفارش دادم به محض اینکه گوشی را درون قاب گذاشتم از گوشه سمت راست بالای قاب قاب برداشت برای همین به هیچ عنوان پیشنهاد نمیکنم که از قابهایی که انعطاف ندادن سفارش بدهید با تشکر از دیجی کالا.,1
2937,من این کاور یا قاب را به دلیل اینکه برند نیلکین از نظر طراحی ساده یا زیبا همیشه استفاده میکند سفارش دادم البته تا العان من بشخصه کاور نیلکین نداشتم ولی برای اولین بار که سفارش دادم به محض اینکه گوشی را درون قاب گذاشتم از گوشه سمت راست بالای قاب ترک برداشت برای همین به هیچ عنوان پیشنهاد نمیکنم که از قابهایی که انعطاف ندادن سفارش بدهید با تشکر از دیجی کالا.,1
2938,عدد تا خریدم اول کار میداد بعد قطع میشد حتی اطلاعات انتقال نمیداد شارژم نمیکرد,1
2939,عدد تا خریدم اول کار میداد بعد قطع شد حتی اطلاعات انتقال نمیداد کار نمیکرد,1
2940,عدد تا خریدم اول کار میداد بعد قطع شد حتی اطلاعات انتقال و شارژم نمیکرد,1
2941,عدد تا خریدم اول کار میداد بعد قطع شد حتی اطلاعات انتقال نمیداد شارژم.,1
2942,عدد تا ثانیه اول کار میداد بعد قطع شد حتی اطلاعات انتقال نمیداد شارژم نمیکرد,1
2943,باورم نمیشود,1
2944,اینطور نمیشود,1
2945,خواهش میکنم نخرید,1
2946,توصیه میکنم :,1
2947,دیگر نمیشود با یک قیمت غیر منظقی ، سریهای مسواک برقی خرید ، خود مسواک هم الان بیاستفاده میشود دیگر.,1
2948,دیگر نمیشود با این قیمت غیر متعارف ، سریهای مسواک برقی خرید ، خود مسواک هم الان بیاستفاده میشود دیگر.,1
2949,دیگر نمیشود با این قیمت غیر منظقی ، سریهای مسواک برقی خرید ، خود مسواک هم الان گران میشود دیگر.,1
2950,دیگر نمیشود با این قیمت غیر منظقی ، سریهای مسواک برقی خرید ، خود مسواک هم که بیاستفاده میشود دیگر.,1
2951,حالا نمیشود با این قیمت غیر منظقی ، سریهای مسواک برقی خرید ، خود مسواک هم الان بیاستفاده میشود دیگر.,1
2952,دیگر نمیشود با این قیمت غیر منظقی ، سریهای مسواک را خرید ، خود مسواک هم الان بیاستفاده میشود دیگر.,1
2953,متاسفانه خوب و سریع شارژ.,1
2954,متاسفانه خوب خیلی سریع شارژ نمیکند,1
2955,متاسفانه خوب را سریع شارژ نمیکند,1
2956,سلام خسته نباشید من از این محصول به هیچ عنوان راضی نیستم یک هفتهای خراب شد,1
2957,سلام خسته نباشید من از این محصول به هیچ وجه ناراحت نیستم یک هفتهای خراب شد,1
2958,سلام خسته نباشید من از این بازی به هیچ وجه راضی نیستم یک هفتهای خراب شد,1
2959,سلام خسته نباشید من از این وضعیت به هیچ وجه راضی نیستم یک هفتهای خراب شد,1
2960,سلام خسته نباشی من از این محصول به هیچ وجه راضی نیستم یک هفتهای خراب شد,1
2961,من کابل مبدل ایفون هفت را گم کردم و ان کابل را خریدم ولی متاسفانه بعد از حدود دو دقیقه ارور میدهد.,1
2962,من کابل مبدل ایفون هفت را گم کردم و این کابل را خریدم ولی متاسفانه پس از حدود دو دقیقه ارور میدهد.,1
2963,من کابل شارژر ایفون هفت را گم کردم و این کابل را خریدم ولی متاسفانه بعد از حدود دو دقیقه ارور میدهد.,1
2964,من کابل مبدل ایفون هفت را گم کردم و این کابل را خریدم ولی متاسفانه بعد از حدود دو دقیقه ارور داد.,1
2965,امروز کابل مبدل ایفون هفت را گم کردم و این کابل را خریدم ولی متاسفانه بعد از حدود دو دقیقه ارور میدهد.,1
2966,من کابل مبدل ایفون هفت را گم کردم ، این کابل را خریدم ولی متاسفانه بعد از حدود دو دقیقه ارور میدهد.,1
2967,از لحاظ طعم و اسانس که جالب نیست ، حالت خمیرش یک جوری هست که حس خوبی به ادم نمیده و بی نهایت تغییری در سفید کنندگی و جرمگیری مشاهده نشد.,1
2968,از لحاظ طعم و اسانس که جالب نیست ، حالت خمیرش یک جوری هست که حس خوبی به ادم میدهد و در نهایت تغییری در سفید کنندگی و جرمگیری مشاهده نشد.,1
2969,از لحاظ طعم ، اسانس که جالب نیست ، حالت خمیرش یک جوری هست که حس خوبی به ادم نمیده و در نهایت تغییری در سفید کنندگی و جرمگیری مشاهده نشد.,1
2970,از لحاظ طعم و اسانس که جالب نیست ، حالت خمیرش یک جوری هست که حس خوبی دست ادم نمیده و در نهایت تغییری در سفید کنندگی و جرمگیری مشاهده نشد.,1
2971,از لحاظ طعم و اسانس که جالب نیست ، حالت خمیرش یک جورایی هست که حس خوبی به ادم نمیده و در نهایت تغییری در سفید کنندگی و جرمگیری مشاهده نشد.,1
2972,از لحاظ طعم و اسانس خیلی جالب نیست ، حالت خمیرش یک جوری هست که حس خوبی به ادم نمیده و در نهایت تغییری در سفید کنندگی و جرمگیری مشاهده نشد.,1
2973,به لحاظ طعم و اسانس که جالب نیست ، حالت خمیرش یک جوری هست که حس خوبی به ادم نمیده و در نهایت تغییری در سفید کنندگی و جرمگیری مشاهده نشد.,1
2974,از لحاظ طعم و اسانس اصلا جالب نیست ، حالت خمیرش یک جوری هست که حس خوبی به ادم نمیده و در نهایت تغییری در سفید کنندگی و جرمگیری مشاهده نشد.,1
2975,من xs max هستم و از انجایی که جک عدد ٫ عدد ندارد مجبور شودم این را بخرم. وقتی وصلش میکنی به ماشین بعد عدد دقیقه یک پیام را گوشی میاید که میگوید ایفون این سیم را ساپورت نمیکند و صدا قطع میشود. یعنی طول عمرش عدد دقیقس,1
2976,من xs max دارم و از انجایی که جک عدد ٫ عدد ندارد مجبور شودم این را بخرم. وقتی وصلش میکنی به ماشین بعد عدد دقیقه یک عدد را گوشی میاید که میگوید ایفون این سیم را ساپورت نمیکند و صدا قطع میشود. یعنی طول عمرش عدد دقیقس,1
2977,من xs max دارم و از انجایی که جک عدد ٫ عدد ندارد مجبور شودم این را بخرم. وقتی وصلش میکنی به ماشین بعد عدد دقیقه یک پیام را گوشی میاید که میگوید ایفون این سیم را ساپورت نمیکند و صدا قطع میشود. یعنی طول این عدد دقیقس,1
2978,یک xs max دارم و از انجایی که جک عدد ٫ عدد ندارد مجبور شودم این را بخرم. وقتی وصلش میکنی به ماشین بعد عدد دقیقه یک پیام را گوشی میاید که میگوید ایفون این سیم را ساپورت نمیکند و صدا قطع میشود. یعنی طول عمرش عدد دقیقس,1
2979,من xs max خریدم و از انجایی که جک عدد ٫ عدد ندارد مجبور شودم این را بخرم. وقتی وصلش میکنی به ماشین بعد عدد دقیقه یک پیام را گوشی میاید که میگوید ایفون این سیم را ساپورت نمیکند و صدا قطع میشود. یعنی طول عمرش عدد دقیقس,1
2980,من xs max دارم و از انجایی که جک عدد ٫ عدد ندارد مجبور شودم این گوشی بخرم. وقتی وصلش میکنی به ماشین بعد عدد دقیقه یک پیام را گوشی میاید که میگوید ایفون این سیم را ساپورت نمیکند و صدا قطع میشود. یعنی طول عمرش عدد دقیقس,1
2981,من xs max دارم و از انجایی که جک عدد ٫ عدد ندارد مجبور شودم این را بخرم. وقتی وصلش میکنی به ماشین بعد عدد دقیقه یک پیام را گوشی میاید که میگوید ایفون این سیم را ساپورت میکند و صدا قطع میشود. یعنی طول عمرش عدد دقیقس,1
2982,من xs max دارم و از انجایی که جک ۳ ٫ عدد ندارد مجبور شودم این را بخرم. وقتی وصلش میکنی به ماشین بعد عدد دقیقه یک پیام را گوشی میاید که میگوید ایفون این سیم را ساپورت نمیکند و صدا قطع میشود. یعنی طول عمرش عدد دقیقس,1
2983,من xs max دارم و از انجایی که جک عدد ٫ عدد ندارد مجبور هستم این را بخرم. وقتی وصلش میکنی به ماشین بعد عدد دقیقه یک پیام را گوشی میاید که میگوید ایفون این سیم را ساپورت نمیکند و صدا قطع میشود. یعنی طول عمرش عدد دقیقس,1
2984,من xs max دارم و از انجایی دیگر جک عدد ٫ عدد ندارد مجبور شودم این را بخرم. وقتی وصلش میکنی به ماشین بعد عدد دقیقه یک پیام را گوشی میاید که میگوید ایفون این سیم را ساپورت نمیکند و صدا قطع میشود. یعنی طول عمرش عدد دقیقس,1
2985,من xs max دارم و از انجایی که جک عدد ٫ عدد ندارد مجبور شودم این را بخرم. وقتی وصلش میکنی به ماشین بعد عدد دقیقه یک پیام را گوشی میاید که میگوید ایفون این سیم را ساپورت نمیکند و صدا قطع میشود. یعنی طول عمرش عدد دقیقس,1
2986,من xs max دارم و از انجایی که جک ۱ ٫ عدد ندارد مجبور شودم این را بخرم. وقتی وصلش میکنی به ماشین بعد عدد دقیقه یک پیام را گوشی میاید که میگوید ایفون این سیم را ساپورت نمیکند و صدا قطع میشود. یعنی طول عمرش عدد دقیقس,1
2987,کاملا بیرنگ وبی کیفیت. بهترین مرطوبکننده است,1
2988,کاملا بیرنگ وبی رنگ. مثل مرطوبکننده است,1
2989,کاملا بیرنگ وبی کیفیت. مثل این است,1
2990,به علت نازک بودن قابل ضربه نیست و قیمتش نسبت به کیفیتش گران است,1
2991,به علت نازک بودن ضد ضربه نیست و خیلی نسبت به کیفیتش گران است,1
2992,به علت نازک بودن ضد ضربه نیست و قیمتش بسته به کیفیتش گران است,1
2993,به علت نازک بودن ضد ضربه نیست و قیمتش نسبت به کیفیتش گران.,1
2994,بسیار بیکیفیت است.,1
2995,بسیار بیکیفیت هستند.,1
2996,واقعا تعجب میکنم از این همه نظر مثبت. منبعد دیدن این همه نظر مثبت خریدمش. تا موقعی که خیلی صاف نبود و یک خمم نداشت کار کرد ، ولی کلا دو سه بار گذاشتمش در کیفم بردم جایی از کار افتاد بدونای که ظاهرش چیزی نشان بده. سرجمع یک ماه هم کار نکرد برایم,1
2997,واقعا تعجب میکنم از این همه نظر مثبت. منبعد دیدن این همه نظر مثبت خریدمش. تا موقعی که خیلی صاف بود و یک خمم نداشت کار کرد ، ولی کلا دو سه بار گذاشتمش در کیفم بردم جایی از کار افتاد بدونای که ظاهرش چیزی نشان بده. سرجمع یک ماه هم کار نکرد.,1
2998,واقعا تعجب میکنم از این همه نظر مثبت. منبعد دیدن این همه نظر مثبت خریدمش. تا موقعی که خیلی صاف بود و یک خمم نداشت کار کرد ، ولی کلا دو سه بار که در کیفم بردم جایی از کار افتاد بدونای که ظاهرش چیزی نشان بده. سرجمع یک ماه هم کار نکرد برایم,1
2999,واقعا تعجب میکنم از این همه نظر مثبت. منبعد دیدن این همه نظر مثبت خریدمش. تا موقعی که خیلی صاف بود و یک خمم نداشت کار کرد ، ولی کلا دو سه بار گذاشتمش در کیفم بردم جایی از کار افتاد بدونای که ظاهرش چیزی نشان بدهد. سرجمع یک ماه هم کار نکرد برایم,1
3000,واقعا تعجب میکنم از این همه نظر مثبت. منبعد دیدن این همه نظر مثبت خریدمش. تا موقعی که خیلی صاف بود و یک خمم نداشت حرکت کرد ، ولی کلا دو سه بار گذاشتمش در کیفم بردم جایی از کار افتاد بدونای که ظاهرش چیزی نشان بده. سرجمع یک ماه هم کار نکرد برایم,1
3001,واقعا تشکر میکنم از این همه نظر مثبت. منبعد دیدن این همه نظر مثبت خریدمش. تا موقعی که خیلی صاف بود و یک خمم نداشت کار کرد ، ولی کلا دو سه بار گذاشتمش در کیفم بردم جایی از کار افتاد بدونای که ظاهرش چیزی نشان بده. سرجمع یک ماه هم کار نکرد برایم,1
3002,واقعا تعجب میکنم با این همه نظر مثبت. منبعد دیدن این همه نظر مثبت خریدمش. تا موقعی که خیلی صاف بود و یک خمم نداشت کار کرد ، ولی کلا دو سه بار گذاشتمش در کیفم بردم جایی از کار افتاد بدونای که ظاهرش چیزی نشان بده. سرجمع یک ماه هم کار نکرد برایم,1
3003,واقعا تعجب میکنم از این همه نظرات مثبت. منبعد دیدن این همه نظر مثبت خریدمش. تا موقعی که خیلی صاف بود و یک خمم نداشت کار کرد ، ولی کلا دو سه بار گذاشتمش در کیفم بردم جایی از کار افتاد بدونای که ظاهرش چیزی نشان بده. سرجمع یک ماه هم کار نکرد برایم,1
3004,واقعا تعجب میکنم از این همه نظر مثبت. منبعد دیدن این همه نظر مثبت خریدمش. تا موقعی که خیلی صاف بود و یک خمم نداشت کار کرد ، ولی کلا دو سه بار گذاشتمش در کیفم بردم جایی از کار افتاد بدونای که ظاهرش را نشان بده. سرجمع یک ماه هم کار نکرد برایم,1
3005,واقعا تعجب میکنم از این همه نظر مثبت. منبعد دیدن این همه نظر مثبت خریدمش. تا موقعی که خیلی صاف بود و یک خمم نداشت کار کرد ، ولی کلا دو سه بار گذاشتمش در کیفم بردم جایی از کار افتاد بدونای که ظاهرش رو نشان بده. سرجمع یک ماه هم کار نکرد برایم,1
3006,واقعا تعجب میکنم از این همه نظر مثبت. منبعد دیدن این همه نظر مثبت خریدمش. تا موقعی که خیلی صاف بود و یک خمم نداشت کار کرد ، ولی کلا دو سه بار گذاشتمش در کیفم بردم جایی از کار افتاد بدونای که ظاهرش چیزی نشان بده. سرجمع یک ماه بیشتر کار نکرد برایم,1
3007,واقعا تعجب میکنم از این همه نظر مثبت. منبعد دیدن این همه نظر مثبت خریدمش. تا موقعی که خیلی صاف بود و یک خمم نداشت کار میکرد ، ولی کلا دو سه بار گذاشتمش در کیفم بردم جایی از کار افتاد بدونای که ظاهرش چیزی نشان بده. سرجمع یک ماه هم کار نکرد برایم,1
3008,واقعا تعجب میکنم از این همه نظر مثبت. منبعد دیدن این همه نظر مثبت خریدمش. تا موقعی که خیلی صاف بود و یک خمم نداشت کار کرد ، ولی کلا دو سه بار گذاشتمش در کیفم بردم جایی از کار افتاد بدونای که ظاهرش چیزی نشون بده. سرجمع یک ماه هم کار نکرد برایم,1
3009,این محصول را نخزید خیلی بیخوده است برای من که اوردنش روی قاب پر خطو خش بود. بعد هیچ زیبای دیگری ندارد من گول قیافش را خوردم,1
3010,این محصول خیلی نخزید خیلی بیخوده است برای من که اوردنش روی قاب پر خطو خش بود. بعد هیچ زیبای خواصی ندارد من گول قیافش را خوردم,1
3011,این محصول را نخزید خیلی بیخوده است برای من که اوردنش روی قاب پر خطو خش بود. بعد هیچ زیبای خواصی ندارد من گول قیافش را نمیخورم,1
3012,این محصول را نخزید خیلی بیخوده است برای من که اوردنش یک قاب پر خطو خش بود. بعد هیچ زیبای خواصی ندارد من گول قیافش را خوردم,1
3013,این محصول از نخزید خیلی بیخوده است برای من که اوردنش روی قاب پر خطو خش بود. بعد هیچ زیبای خواصی ندارد من گول قیافش را خوردم,1
3014,این محصول را نخزید خیلی بیخوده است برای من که اوردنش روی قاب پر خطو خش است. بعد هیچ زیبای خواصی ندارد من گول قیافش را خوردم,1
3015,این عکس را نخزید خیلی بیخوده است برای من که اوردنش روی قاب پر خطو خش بود. بعد هیچ زیبای خواصی ندارد من گول قیافش را خوردم,1
3016,بسیار گران و بیکیفیت. سرعتش خوبه است ولی خیلی زود خراب شد. بیست تومان بگذارید روی پولتان و ماندگارش را بخرید.,1
3017,بسیار ضعیف و بیکیفیت. سرعتش خوبه است ولی خیلی زود خراب شد. بیست تومان بگذارید روی ان و ماندگارش را بخرید.,1
3018,بسیار ضعیف و بیکیفیت. سرعتش خوبه است ولی تا زود خراب شد. بیست تومان بگذارید روی پولتان و ماندگارش را بخرید.,1
3019,بسیار ضعیف و بیکیفیت. سرعتش خوبه است ولی خیلی زود خراب میشود. بیست تومان بگذارید روی پولتان و ماندگارش را بخرید.,1
3020,بسیار ضعیف و بیکیفیت. سرعتش خوبه است ولی خیلی زود خراب میشه. بیست تومان بگذارید روی پولتان و ماندگارش را بخرید.,1
3021,خیلی ضعیف و بیکیفیت. سرعتش خوبه است ولی خیلی زود خراب شد. بیست تومان بگذارید روی پولتان و ماندگارش را بخرید.,1
3022,من این لاک را داخل پیشنهاد ویژه با قیمت خیلی خوبی خریدم. ولی اصلا پیشنهاد نمیشه. ماندگاری خیلی پایینی داره. فقط بعد از چند ساعت لبههای لاک پاک میشود,1
3023,من این لاک را داخل پیشنهاد ویژه با قیمت خیلی خوبی خریدم. ولی اصلا پیشنهاد نمیکنم. ماندگاری خیلی پایینی داره. فقط پس از چند ساعت لبههای لاک پاک میشود,1
3024,من این لاک را داخل پیشنهاد ویژه با قیمت خیلی خوبی خریدم. ولی اصلا پیشنهاد نمیکنم. ماندگاری خیلی پایینی داره. فقط بعد از چند ساعت لبههای لاک خشک میشود,1
3025,من این لاک را داخل بستههای ویژه با قیمت خیلی خوبی خریدم. ولی اصلا پیشنهاد نمیکنم. ماندگاری خیلی پایینی داره. فقط بعد از چند ساعت لبههای لاک پاک میشود,1
3026,من این لاک را داخل پیشنهاد ویژه با قیمت بسیار خوبی خریدم. ولی اصلا پیشنهاد نمیکنم. ماندگاری خیلی پایینی داره. فقط بعد از چند ساعت لبههای لاک پاک میشود,1
3027,من این لاک را داخل پیشنهاد ویژه با قیمت خیلی پایین خریدم. ولی اصلا پیشنهاد نمیکنم. ماندگاری خیلی پایینی داره. فقط بعد از چند ساعت لبههای لاک پاک میشود,1
3028,من این لاک را داخل پیشنهاد ویژه به قیمت خیلی خوبی خریدم. ولی اصلا پیشنهاد نمیکنم. ماندگاری خیلی پایینی داره. فقط بعد از چند ساعت لبههای لاک پاک میشود,1
3029,من این لاک را با پیشنهاد ویژه با قیمت خیلی خوبی خریدم. ولی اصلا پیشنهاد نمیکنم. ماندگاری خیلی پایینی داره. فقط بعد از چند ساعت لبههای لاک پاک میشود,1
3030,به من نخور,1
3031,یه درد نخور,1
3032,اصلا مطابق تصویر.,1
3033,اصلا این تصویر نیست,1
3034,اولش کابل خوبی بود ، ولی یکهو یک روز دیگر کار نکرد ، بدون هیچ علتی ، عدد بار وصلش کردم دوبار یکهو کار نکرد و شارژ کرد ولی دوباره کار نمیکند,1
3035,اولش کابل خوبی بود ، ولی یکهو یک روز دیگر کار نکرد ، بدون هیچ علتی ، عدد بار وصلش کردم دوبار یکهو کار کرد و کار کرد ولی دوباره کار نمیکند,1
3036,اولش کابل خوبی بود ، ولی یکهو یک روز دیگر کار نکرد ، بدون اینکه علتی ، عدد بار وصلش کردم دوبار یکهو کار کرد و شارژ کرد ولی دوباره کار نمیکند,1
3037,اولش کابل خوبی بود ، ولی یکهو یک روز دیگر شارژ نکرد ، بدون هیچ علتی ، عدد بار وصلش کردم دوبار یکهو کار کرد و شارژ کرد ولی دوباره کار نمیکند,1
3038,اولش کابل خوبی بود ، ولی یکهو یک روز دیگر کار کرد ، بدون هیچ علتی ، عدد بار وصلش کردم دوبار یکهو کار کرد و شارژ کرد ولی دوباره کار نمیکند,1
3039,اولش کابل خوبی بود ، ولی یکهو یک روز دیگر کار نکرد ، بدون هیچ علتی ، عدد بار وصلش کردم دوبار یکهو کار کرد ، شارژ کرد ولی دوباره کار نمیکند,1
3040,اولش کابل خوبی بود ، ولی یکهو یک روز دیگر کار نکرد ، بدون هیچ مشکلی ، عدد بار وصلش کردم دوبار یکهو کار کرد و شارژ کرد ولی دوباره کار نمیکند,1
3041,اولش کابل خوبی بود ، ولی یکهو یک روز دیگر کار نکرد ، بدون هیچ علتی ، عدد بار وصلش کردم دوبار یکهو کار کرد و شارژ کرد ولی دوباره کار نکرد,1
3042,بسیار.,1
3043,بسیار!,1
3044,با اینکه زیباست اما خیلی زود میشکند.,1
3045,با اینکه زیباست اما خیلی زود میشکند!,1
3046,با اینکه زیباست اما خیلی زود میشکند متاسفانه,1
3047,کیفیت بسیار.,1
3048,کیفیت بسیار بالاست,1
3049,بعد از عدد ماه قطع و وصلی پیدا کرد. بردم گارانتی و عوض کردم برایم.,1
3050,بعد از عدد ماه قطع و وصلی پیدا کرد. بردم گارانتی و عوض کردند ….,1
3051,پس از عدد ماه قطع و وصلی پیدا کرد. بردم گارانتی و عوض کردند برایم.,1
3052,بعد از عدد ماه قطع و وصلی پیدا کرد. بردم گارانتی و عوض کردند گرفتم.,1
3053,بعد از عدد ماه رفت و وصلی پیدا کرد. بردم گارانتی و عوض کردند برایم.,1
3054,موها را خشک و خشن میکند ، باعث بروز شوره سر میشود من که اصلا راضی نبودم و بعد استفاده سرم شوره داد ان هم خیلی زیاد و مجبور شودم شامپو ضد شوره بزنم درحالیکه تابحال سابقه شوره سر نداشتم,1
3055,موها را خشک یا خشن میکند ، باعث ایجاد شوره سر میشود من که اصلا راضی نبودم و بعد استفاده سرم شوره داد ان هم خیلی زیاد و مجبور شودم شامپو ضد شوره بزنم درحالیکه تابحال سابقه شوره سر نداشتم,1
3056,موها را خشک و خشن میکند ، باعث ایجاد شوره سر میشود من که اصلا سالم نبودم و بعد استفاده سرم شوره داد ان هم خیلی زیاد و مجبور شودم شامپو ضد شوره بزنم درحالیکه تابحال سابقه شوره سر نداشتم,1
3057,موها را خشک و خشن میکند ، باعث ایجاد شپش سر میشود من که اصلا راضی نبودم و بعد استفاده سرم شوره داد ان هم خیلی زیاد و مجبور شودم شامپو ضد شوره بزنم درحالیکه تابحال سابقه شوره سر نداشتم,1
3058,موها را خشک و خشن میکند ، باعث ایجاد شوره سر میشود من که اصلا راضی نبودم و بعد استفاده سرم شوره داد ان هم خیلی زیاد و مجبور شودم شامپو ضد شوره بزنم درحالیکه اصلا سابقه شوره سر نداشتم,1
3059,موها را خشک و خشن میکند ، باعث ایجاد شوره سر میشود من که اصلا راضی نبودم و بعد استفاده سرم شوره داد ان هم خیلی زیاد و مجبور شودم شامپو ضد شوره بزنم درحالیکه هیچ سابقه شوره سر نداشتم,1
3060,موها را خشک و خشن میکند ، باعث ایجاد شوره سر میشود من که اصلا راضی نبودم و بعد استفاده سرم شوره داد ان هم خیلی زیاد و مجبور شودم شامپو ضد شوره بزنم درحالیکه تابحال سابقه شوره سر نداشتم,1
3061,موها را خشک و خشن میکند ، باعث ایجاد شوره سر میشود من که خیلی راضی نبودم و بعد استفاده سرم شوره داد ان هم خیلی زیاد و مجبور شودم شامپو ضد شوره بزنم درحالیکه تابحال سابقه شوره سر نداشتم,1
3062,موها را خشک و خشن میکند ، باعث ایجاد شوره سر میشود من که اصلا راضی نبودم و بعد استفاده سرم شوره داد ان هم خیلی زیاد و مجبور شدم شامپو ضد شوره بزنم درحالیکه تابحال سابقه شوره سر نداشتم,1
3063,موها را خشک و خشن میکند ، باعث ایجاد شوره سر میشود من که اصلا راضی نبودم و بعد استفاده سرم شوره داد ان هم خیلی بد و مجبور شودم شامپو ضد شوره بزنم درحالیکه تابحال سابقه شوره سر نداشتم,1
3064,متاسفانه برخلاف نظر دوستان این رابط بیکیفیت است. رابط ایفون اصلا کار نکرد و رابط سامسونگ ان بسیار لق است و با کوچکترین تکان قطع میشود. متاسفانه دیر تست کردم و امکان مرجوع شودن هم نبود.,1
3065,متاسفانه برخلاف برخی دوستان این رابط بیکیفیت است. رابط ایفون اصلا کار نکرد و رابط سامسونگ هم بسیار لق است و با کوچکترین تکان قطع میشود. متاسفانه دیر تست کردم و امکان مرجوع شودن هم نبود.,1
3066,متاسفانه برخلاف نظر دوستان این رابط بیکیفیت است. رابط ایفون اصلا کار نکرد و رابط سامسونگ هم بسیار بیکیفیت است و با کوچکترین تکان قطع میشود. متاسفانه دیر تست کردم و امکان مرجوع شودن هم نبود.,1
3067,متاسفانه برخلاف نظر دوستان این رابط بیکیفیت است. رابط ایفون اصلا کار نکرد و رابط سامسونگ هم بسیار لق است و با کوچکترین تکان قطع میشود. متاسفانه دیر تست کردم و شاید مرجوع شودن هم نبود.,1
3068,متاسفانه برخلاف نظر دوستان این رابط بیکیفیت است. رابط ایفون اصلا کار نکرد و رابط سامسونگ هم بسیار لق است و با کوچکترین تکان قطع میشود. متاسفانه دیر تست کردم و حتی مرجوع شودن هم نبود.,1
3069,متاسفانه برخلاف نظر دوستان این رابط بیکیفیت است. رابط ایفون اصلا کار نکرد و رابط سامسونگ هم بسیار لق است و با کوچکترین تکان قطع میشود. متاسفانه دیر تست کردم و امکان مرجوع کردن هم نبود.,1
3070,متاسفانه برخلاف نظر دوستان ، رابط بیکیفیت است. رابط ایفون اصلا کار نکرد و رابط سامسونگ هم بسیار لق است و با کوچکترین تکان قطع میشود. متاسفانه دیر تست کردم و امکان مرجوع شودن هم نبود.,1
3071,متاسفانه برخلاف نظر دوستان این محصول بیکیفیت است. رابط ایفون اصلا کار نکرد و رابط سامسونگ هم بسیار لق است و با کوچکترین تکان قطع میشود. متاسفانه دیر تست کردم و امکان مرجوع شودن هم نبود.,1
3072,متاسفانه برخلاف نظر دوستان این رابط بیکیفیت است. رابط ایفون اصلا کار نکرد و رابط سامسونگ هم بسیار لق است و با کوچکترین تکان قطع میشود. متاسفانه دیر تست کردم و امکان مرجوع شودن هم نبود.,1
3073,به جای تاخیری که مینوشتن بیحس کننده,1
3074,به جای تاخیری برای مینوشتن بیحس کننده,1
3075,به جای تاخیری باید مینوشتن خسته کننده,1
3076,واکس میاید و بین دندان گیر میکند و پاره میشود.,1
3077,واکس ندارد ، بین دندان گیر میکند و پاره میشود.,1
3078,واکس میخورد و بین دندان گیر میکند و پاره میشود.,1
3079,واکس ندارد و بین دندان گیر میکند و خراب میشود.,1
3080,لنز و فلش چون برجستس پوشش نمیده و راحت دسترسی به خط و خشش بازه هم برای دور لنز هم فلش,1
3081,لنز و فلش چون برجستس پوشش ساده و راحت دسترسی برای خط و خشش بازه هم برای دور لنز هم فلش,1
3082,لنز رو فلش چون برجستس پوشش نمیده و راحت دسترسی برای خط و خشش بازه هم برای دور لنز هم فلش,1
3083,لنز و فلش چون برجستس پوشش نمیده و راحت دسترسی و خط و خشش بازه هم برای دور لنز هم فلش,1
3084,لنز و فلش چون برجستس جواب نمیده و راحت دسترسی برای خط و خشش بازه هم برای دور لنز هم فلش,1
3085,لنز و فلش چون برجستس پوشش نمیده و راحت دسترسی برای خش و خشش بازه هم برای دور لنز هم فلش,1
3086,این گوشی نیست,1
3087,مشکل گوشی نیست,1
3088,من دوماهه دقیقا که این را محصول را خریدم و مداوم دارم استفاده میکنم. چشام سوزش میگیرد و. تحمل. میکنم. و. هیج تاثیری هم نداشته تا الان,1
3089,من دوماهه دقیقا که این را محصول را دارم و مداوم دارم استفاده میکنم. چشام سوزش میگیرد بعدش. تحمل. میکنم. و. هیج تاثیری هم نداشته تا الان,1
3090,من دوماهه دقیقا که این همه محصول را خریدم و مداوم دارم استفاده میکنم. چشام سوزش میگیرد بعدش. تحمل. میکنم. و. هیج تاثیری هم نداشته تا الان,1
3091,و دوماهه دقیقا که این را محصول را خریدم و مداوم دارم استفاده میکنم. چشام سوزش میگیرد بعدش. تحمل. میکنم. و. هیج تاثیری هم نداشته تا الان,1
3092,من دوماهه دقیقا که این را محصول را خریدم و مداوم دارم استفاده میکنم. چشام سوزش میگیرد بعدش. تحمل. میکنم. و. هیج تاثیری هم نداشته تا الان,1
3093,من دوماهه دقیقا که این را محصول را خریدم و مداوم دارم استفاده میشود. چشام سوزش میگیرد بعدش. تحمل. میکنم. و. هیج تاثیری هم نداشته تا الان,1
3094,من دوماهه دقیقا که این را محصول را خریدم و مداوم دارم استفاده میکنم. چشام سوزش میگیرد بعدش. تحمل. میکنم. و. هیج تاثیری که نداشته تا الان,1
3095,من دوماهه دقیقا. این را محصول را خریدم و مداوم دارم استفاده میکنم. چشام سوزش میگیرد بعدش. تحمل. میکنم. و. هیج تاثیری هم نداشته تا الان,1
3096,میتوانم بگم افتضاح بود ، خیلی در ذوقم خورد ، ارزشش را نداشتم,1
3097,باید بگم افتضاح بود ، خیلی در ذوقم خورد ، انتظارش را نداشتم,1
3098,میتوانم بگم افتضاح شد ، خیلی در ذوقم خورد ، انتظارش را نداشتم,1
3099,میتوانم بگم افتضاح بود ، خیلی در ذوقم خورد ، انتظارش رو نداشتم,1
3100,فقط عدد ماه کار کرد بعدش یکهو خراب شدن و سرعت شارژ کردنش خیلی خیلی کم شد.,1
3101,فقط عدد ماه کار کرد بعدش هم خراب شد و سرعت شارژ کردنش خیلی خیلی کم شد.,1
3102,فقط عدد ماه کار کرد و یکهو خراب شد و سرعت شارژ کردنش خیلی خیلی کم شد.,1
3103,فقط عدد ماه کار کرد بعدش یکهو خراب شد ، سرعت شارژ کردنش خیلی خیلی کم شد.,1
3104,فقط عدد ماه کار کرد بعدش یکهو شارژ شد و سرعت شارژ کردنش خیلی خیلی کم شد.,1
3105,سلام متاسفانه یکماه است نشده که کلا قطعشده ، من دو سیم دارم یکی محل کار و یکی منزل. این سیم را فقط شبها که به سرکارمنزل میام استفاده میکردم. که متاسفانه بخودی خود قطع شد,1
3106,سلام متاسفانه یکماه است نشده که کلا نه ، من دو سیم دارم یکی محل کار و یکی منزل. این سیم را فقط شبها که از سرکارمنزل میام استفاده میکردم. که متاسفانه بخودی خود قطع شد,1
3107,سلام متاسفانه یکماه است نشدهم کلا قطعشده ، من دو سیم دارم یکی محل کار و یکی منزل. این سیم را فقط شبها که از سرکارمنزل میام استفاده میکردم. که متاسفانه بخودی خود قطع شد,1
3108,سلام متاسفانه یکماه است نشده که کلا قطعشده ، من دو سیم دارم یکی محل کار و یکی منزل. این سیم را فقط شبها که از سرکارمنزل میام استفاده میکردم. که متاسفانه بخودی خود خراب شد,1
3109,سلام متاسفانه یکماه است نشده که کلا قطعشده ، من دو سیم دارم در محل کار و یکی منزل. این سیم را فقط شبها که از سرکارمنزل میام استفاده میکردم. که متاسفانه بخودی خود قطع شد,1
3110,سلام متاسفانه یکماه است نشده که کلا قطعشده ، من دو سیم دارم یکی محل کارم و یکی منزل. این سیم را فقط شبها که از سرکارمنزل میام استفاده میکردم. که متاسفانه بخودی خود قطع شد,1
3111,سلام متاسفانه یکماه است نشده سیم کلا قطعشده ، من دو سیم دارم یکی محل کار و یکی منزل. این سیم را فقط شبها که از سرکارمنزل میام استفاده میکردم. که متاسفانه بخودی خود قطع شد,1
3112,سلام متاسفانه یکماه است نشده که کلا قطعشده ، من دو سیم دارم یکی محل کار و یکی منزل. این سیم را فقط شبها که از سرکارمنزل میام استفاده میکردم. که متاسفانه به خود قطع شد,1
3113,سلام متاسفانه یکماه است نشده که کلا قطعشده ، فقط دو سیم دارم یکی محل کار و یکی منزل. این سیم را فقط شبها که از سرکارمنزل میام استفاده میکردم. که متاسفانه بخودی خود قطع شد,1
3114,اصلا.,1
3115,اصلا!,1
3116,خوشرنگه است ولی باید دوباره تجدید بشود,1
3117,خوشرنگه است که باید دايما تجدید بشود,1
3118,خوشرنگه است ولی باید دايما تکرار بشود,1
3119,گوشی ایفون شما را شارژ نمیکند,1
3120,گوشی ایفون عدد را عوض نمیکند,1
3121,گوشی ایفون عدد را فراموش نمیکند,1
3122,فقط دو بار استفاده شد بسیار بیکیفیت,1
3123,فقط یک ماه استفاده شد بسیار بیکیفیت,1
3124,در دو ماه استفاده شد بسیار بیکیفیت,1
3125,در عرض عدد / عدد روز شدیدا جوش زدم دیگر نمیخواهم استفاده کنم بعد استفاده پوستم نرم و لطیف بود خیلی خوبه است ولی جوش زدم,1
3126,در عرض عدد / عدد / شدیدا جوش زدم دیگر نمیخواهم استفاده کنم بعد استفاده پوستم نرم و لطیف بود بوشم خوبه است ولی جوش زدم,1
3127,در عرض عدد / عدد روز شدیدا جوش زدم دیگر نمیخواهم استفاده کنم بعد استفاده پوستم نازک و لطیف بود بوشم خوبه است ولی جوش زدم,1
3128,در عرض عدد / عدد روز شدیدا اب زدم دیگر نمیخواهم استفاده کنم بعد استفاده پوستم نرم و لطیف بود بوشم خوبه است ولی جوش زدم,1
3129,در عرض عدد / عدد روز شدیدا جوش زدم دیگر نمیتونم استفاده کنم بعد استفاده پوستم نرم و لطیف بود بوشم خوبه است ولی جوش زدم,1
3130,در عرض عدد / عدد روز شدیدا جوش زدم دیگر نمیخواهم صحبت کنم بعد استفاده پوستم نرم و لطیف بود بوشم خوبه است ولی جوش زدم,1
3131,در عرض عدد / عدد روز شدیدا جوش زدم و نمیخواهم استفاده کنم بعد استفاده پوستم نرم و لطیف بود بوشم خوبه است ولی جوش زدم,1
3132,چون از نوع سیلیکونی پلاستیک با درب خوب بسته نمیشود,1
3133,چون از نوع دیگر پلاستیک نرم درب خوب بسته نمیشود,1
3134,چون از نوع سیلیکونی و نرم درب خوب بسته نمیشود,1
3135,زمان انقضا نزدیک است,1
3136,تاریخ انقضا نزدیک!,1
3137,من برای پدرم خریدم ، پس از عدد بار استفاده کاملا سیاه کرد دندان مصنوعیش را. نخرید.,1
3138,من برای پدرم خریدم ، بعد از عدد بار استفاده کاملا سیاه کرد. مصنوعیش را. نخرید.,1
3139,من برای پدرم خریدم ، بعد از چند بار استفاده کاملا سیاه کرد دندان مصنوعیش را. نخرید.,1
3140,من برای پدرم خریدم ، بعد از عدد بار استفاده کاملا سیاه کرد دندان مصنوعیش را...,1
3141,من برای پدرم خریدم ، بعد یک عدد بار استفاده کاملا سیاه کرد دندان مصنوعیش را. نخرید.,1
3142,من گفتم,1
3143,پایید.,1
3144,به درد نخور..,1
3145,به خاطر نخور. اشغال,1
3146,به درد نخور.!,1
3147,سلام به همهی دوستان,1
3148,سلام به همه.,1
3149,فست فود نیست,1
3150,فست شارژ!,1
3151,واقعا محصول بی کیفیتی است,1
3152,واقعا محصول بی نظیری است,1
3153,این محصول بی کیفیتیه است,1
3154,اصلا گوشی را شارژ نمیکند و قطع و قطع میشود,1
3155,اصلا گوشی شما شارژ نمیکند و قطع و وصل میشود,1
3156,باتری گوشی را شارژ نمیکند و قطع و وصل میشود,1
3157,اصلا گوشی را شارژ نمیکند و قطع و وصل.,1
3158,"اصلا چیز خوبی نیست و قدرت شویندگیش به قدری بالاس که باعث سوزش و خارش میشه, بلایی به سر من اورد که یک هفته درگیر غذا و دارو بودم, باعث اگزمای شدید میشود و بعد از یکی دو بار استفاده انداختمش دور و پولم را حرام کردم",1
3159,"اصلا چیز خوبی نیست و قدرت شویندگیش به قدری بالاس که باعث سوزش و خارش میشه, بلایی به سر من اورد که یک هفته درگیر دکتر و دارو بودم, باعث اگزمای شدید میشود و بعد از یکی دو بار استفاده انداختمش دور و پولمو حرام کردم",1
3160,"اصلا چیز خوبی نیست و قدرت شویندگیش به قدری بالاس که باعث سوزش و خارش میشه, بلایی به سر من اورد که یک هفته درگیر دکتر و دارو بودم, باعث اگزمای شدید میشود و پس از یکی دو بار استفاده انداختمش دور و پولم را حرام کردم",1
3161,"اصلا چیز خوبی نیست و قدرت شویندگیش به قدری بالاس که باعث سوزش و خارش میشه, بلایی به سر من اورد که یک هفته درگیر دکتر و دارو بودم, باعث اگزمای شدید میشود و بعد از یکی دو ماه استفاده انداختمش دور و پولم را حرام کردم",1
3162,"اصلا چیز خوبی نیست و قدرت شویندگیش به قدری بالاس که باعث سوزش و خارش میشه, بلایی به سر سرم اورد که یک هفته درگیر دکتر و دارو بودم, باعث اگزمای شدید میشود و بعد از یکی دو بار استفاده انداختمش دور و پولم را حرام کردم",1
3163,"اصلا چیز خوبی نیست و قدرت شویندگیش به قدری بالاس که باعث سوزش و خارش میشه, بلایی به سر من اورد که یک هفته درگیر دکتر و دارو بودم, باعث اگزمایم میشود و بعد از یکی دو بار استفاده انداختمش دور و پولم را حرام کردم",1
3164,"اصلا چیز خوبی نیست و قدرت شویندگیش به قدری بالاس که باعث سوزش و خارش میشه, بلایی به سر من اورد که یک هفته درگیر دکتر و دارو بودم, باعث خارش شدید میشود و بعد از یکی دو بار استفاده انداختمش دور و پولم را حرام کردم",1
3165,"اصلا چیز خوبی نیست و قدرت شویندگیش به قدری بالاس که باعث سوزش و خارش میشه, بلایی به سر من اورد که یک هفته درگیر دکتر و دارو بودم, باعث اگزمای شدید میشود و بعد هم یکی دو بار استفاده انداختمش دور و پولم را حرام کردم",1
3166,"اصلا چیز خوبی نیست و قدرت شویندگیش به قدری بالاس که باعث سوزش و خارش میشه, بلایی به سر من اورد که یک هفته درگیر دکتر و دارو بودم, باعث اگزمای شدید میشود و بعد از یکی دو بار استفاده انداختمش دور و پولم را حرام.",1
3167,"اصلا چیز خوبی نیست و قدرت شویندگیش به قدری بالاس که باعث سوزش و خارش میشه, بلایی به سر من اورد که یک هفته درگیر دکتر و دارو بودم, باعث اگزمایام میشود و بعد از یکی دو بار استفاده انداختمش دور و پولم را حرام کردم",1
3168,"اصلا چیز خوبی نیست و قدرت شویندگیش به قدری بالاس که باعث سوزش و خارش میشه, بلایی به سر من اورد که یک هفته درگیر دکتر و دارو بودم, باعث اگزمای شدید میشود و بعد از یکی دو بار استفاده انداختمش دور و برم را حرام کردم",1
3169,واقعا اشتباه کرده بود خریدن این مسواک,1
3170,واقعا کار بزرگی بود خریدن این مسواک,1
3171,واقعا اشتباه بزرگی بود خریدن یک مسواک,1
3172,کیفیت بشدت پایینی داره و سایزش استاندارد نیست و پلاستیکیه است و به همین خاطر زیاد نصب میشود و به خودی خود خط و خش میندازه روی لپتاپ. من که اصلا راضی نبودم و وقتی خواهستم درش بیاورم از روی لپتاپ ، شکست به خاطر جنس خیلی خشکش.,1
3173,کیفیت بشدت پایینی داره و سایزش استاندارد نیست و پلاستیکیه است و برای همین خاطر بسختی نصب میشود و به خودی خود خط و خش میندازه روی لپتاپ. من که اصلا راضی نبودم و وقتی خواهستم درش بیاورم از روی لپتاپ ، شکست به خاطر جنس خیلی خشکش.,1
3174,کیفیت بشدت پایینی داره و اصلا استاندارد نیست و پلاستیکیه است و به همین خاطر بسختی نصب میشود و به خودی خود خط و خش میندازه روی لپتاپ. من که اصلا راضی نبودم و وقتی خواهستم درش بیاورم از روی لپتاپ ، شکست به خاطر جنس خیلی خشکش.,1
3175,کیفیت بشدت پایینی داره و سایزش استاندارد نیست و پلاستیکیه است و به همین خاطر بسختی نصب میشود و به نوبه خود خط و خش میندازه روی لپتاپ. من که اصلا راضی نبودم و وقتی خواهستم درش بیاورم از روی لپتاپ ، شکست به خاطر جنس خیلی خشکش.,1
3176,کیفیت بشدت پایینی داره و سایزش استاندارد نیست و پلاستیکیه است و به همین خاطر بسختی نصب میشود و به خودی خود خط و نشان میندازه روی لپتاپ. من که اصلا راضی نبودم و وقتی خواهستم درش بیاورم از روی لپتاپ ، شکست به خاطر جنس خیلی خشکش.,1
3177,کیفیت بشدت پایینی داره. سایزش استاندارد نیست و پلاستیکیه است و به همین خاطر بسختی نصب میشود و به خودی خود خط و خش میندازه روی لپتاپ. من که اصلا راضی نبودم و وقتی خواهستم درش بیاورم از روی لپتاپ ، شکست به خاطر جنس خیلی خشکش.,1
3178,کیفیت بشدت پایینی داره و سایزش استاندارد نیست و پلاستیکیه است و به همین خاطر بسختی نصب میشود و به خودی خود خط و خش میندازه روی لپتاپ. من که ازش راضی نبودم و وقتی خواهستم درش بیاورم از روی لپتاپ ، شکست به خاطر جنس خیلی خشکش.,1
3179,کیفیت بشدت پایینی داره و سایزش استاندارد نیست و پلاستیکیه است و به همین خاطر بسختی نصب میشه و به خودی خود خط و خش میندازه روی لپتاپ. من که اصلا راضی نبودم و وقتی خواهستم درش بیاورم از روی لپتاپ ، شکست به خاطر جنس خیلی خشکش.,1
3180,کیفیت بشدت خوبی داره و سایزش استاندارد نیست و پلاستیکیه است و به همین خاطر بسختی نصب میشود و به خودی خود خط و خش میندازه روی لپتاپ. من که اصلا راضی نبودم و وقتی خواهستم درش بیاورم از روی لپتاپ ، شکست به خاطر جنس خیلی خشکش.,1
3181,کیفیت بشدت پایینی داره و سایزش استاندارد نیست و پلاستیکیه است و به همین خاطر بسختی نصب میشود و به خودی خودش خط و خش میندازه روی لپتاپ. من که اصلا راضی نبودم و وقتی خواهستم درش بیاورم از روی لپتاپ ، شکست به خاطر جنس خیلی خشکش.,1
3182,کیفیت بشدت پایینی داره و سایزش استاندارد نیست و پلاستیکیه است و به همین خاطر بسختی نصب میشود و به خودی خود خط و خش میندازه توی لپتاپ. من که اصلا راضی نبودم و وقتی خواهستم درش بیاورم از روی لپتاپ ، شکست به خاطر جنس خیلی خشکش.,1
3183,کیفیت بشدت پایینی داره و سایزش استاندارد نیست و خراب است و به همین خاطر بسختی نصب میشود و به خودی خود خط و خش میندازه روی لپتاپ. من که اصلا راضی نبودم و وقتی خواهستم درش بیاورم از روی لپتاپ ، شکست به خاطر جنس خیلی خشکش.,1
3184,این محصول کاملا نا مناسب و غیر عادی است,1
3185,سایز محصول کاملا نا مشخص و غیر عادی است,1
3186,سایز محصول کاملا نا مناسب و غیر عادی.,1
3187,عالی :,1
3188,اینطور نیست,1
3189,به راحتی روی ناخن پخش میشود و زودی خشک میشود.,1
3190,به راحتی روی ناخن پخش میشود و زودی پخش میشود.,1
3191,به تدریج روی ناخن پخش میشود و زودی خشک میشود.,1
3192,به ارامی روی ناخن پخش میشود و زودی خشک میشود.,1
3193,قیمت بسیار بی کیفیتی دارد,1
3194,جنس بسیار بی کیفیت دارد,1
3195,جنس بسیار بی کیفیتی.,1
3196,سوکتهای دو سر کابل کاملا هستند بطوری که اصلا به گوشی من نخورد و شارژ نکرد,1
3197,سوکتهای دو سر کابل کاملا بیکیفیت بطوری که اصلا به گوشی من نرسید و شارژ نکرد,1
3198,سوکتهای دو سر کابل کاملا بیکیفیت بطوری که اصلا به گوشی من نخورد و شارژ!,1
3199,سوکتهای دو سر کابل کاملا بیکیفیت بطوری و اصلا به گوشی من نخورد و شارژ نکرد,1
3200,سوکتهای دو سر کابل کاملا بیکیفیت بطوری که اصلا بدرد گوشی من نخورد و شارژ نکرد,1
3201,سلام من به خاطر سفید کنندگیش گرفتم و واقعا تاثیری ندیدم!,1
3202,سلام من به دلیل سفید کنندگیش گرفتم که واقعا تاثیری ندیدم!,1
3203,سلام من به خاطر سفید تصمیم گرفتم که واقعا تاثیری ندیدم!,1
3204,و من به خاطر سفید کنندگیش گرفتم که واقعا تاثیری ندیدم!,1
3205,توصیه نمیکنم … استفاده کردنش با نکردنش فرق خاصی ندارد و در طولانی مدت …,1
3206,توصیه نمیکنم … استفاده کردنش از نکردنش فرق خاصی ندارد حتی در طولانی مدت …,1
3207,توصیه نمیکنم … استفاده کردنش با نکردنش فرق خاصی دارد حتی در طولانی مدت …,1
3208,توصیه نمیکنم که استفاده کردنش با نکردنش فرق خاصی ندارد حتی در طولانی مدت …,1
3209,توصیه نمیکنم … استفاده کردنش با نکردنش مشکل خاصی ندارد حتی در طولانی مدت …,1
3210,سوکت کابل کاملا غیر استاندارد.,1
3211,سوکت کابل ان غیر استاندارد میباشد,1
3212,این کابل کاملا غیر استاندارد میباشد,1
3213,اصلا فکر نمیکنم,1
3214,اصلا شوخی نمیکنم,1
3215,من این کرم را حدود عدد ساعت پیش گرفتم وهر شب با رعایت نکات شوستند صورت و خشک کردنش استفاده کردم,1
3216,من این کرم را حدود عدد ماه پیش گرفتم وهر شب با رعایت نکات شوستند صورت و پاک کردنش استفاده کردم,1
3217,نمونه این کرم را حدود عدد ماه پیش گرفتم وهر شب با رعایت نکات شوستند صورت و خشک کردنش استفاده کردم,1
3218,من این کرم را حدود عدد ماه پیش گرفتم وهر شب با رعایت بهداشت شوستند صورت و خشک کردنش استفاده کردم,1
3219,من این کرم را حدود عدد سال پیش گرفتم وهر شب با رعایت نکات شوستند صورت و خشک کردنش استفاده کردم,1
3220,من این کرم را حدود عدد ماه پیش گرفتم وهر شب با رعایت نکات شوستند صورت و خشک کردنش استفاده.,1
3221,اندازه بودن کاور رو با گوشیهای عدد / عدد x پلاس چک کنید,1
3222,اندازه بودن کاور را در گوشیهای عدد / عدد x پلاس چک کنید,1
3223,روشن بودن کاور را با گوشیهای عدد / عدد x پلاس چک کنید,1
3224,اندازه بودن کاور را با گوشیهای عدد / عدد x پلاس چک!,1
3225,من وقتی کامنتهای این ضد افتاب را خواندم بیشتر کامنت خوب برایش گذاشته بودن و تعریفش را کرده بودن که منم خریدم ولی الان چندبار استفاده کردم بیخودترین ضد افتابی بود که تا الان داشتم. اول اینکه وقتی میزنی به پوست پوست را بشدت برق میندازه مثل مهتابی برق میزنی! بعدم وقتی میروی بیرون یک ذره که میگذرد میماسد واب میشود و میریزد از اب!! صورتم به حدی چرب میکند که دیگ نگویم! اصلا ارزش خرید ندارد پولتان را هدر ندهید! …,1
3226,من وقتی کامنتهای این ضد افتاب را دیدم بیشتر کامنت خوب برایش گذاشته بودن و تعریفش را کرده بودن که منم خریدم ولی الان چندبار استفاده کردم بیخودترین ضد افتابی بود که تا الان داشتم. اول اینکه وقتی میزنی به پوست پوست را بشدت برق میندازه مثل مهتابی برق میزنی! بعدم وقتی میروی بیرون یک ذره که میگذرد میماسد واب میشود و میریزد از صورت!! صورتم به حدی چرب میکند که دیگ نگویم! اصلا ارزش خرید ندارد پولتان را هدر ندهید! …,1
3227,من وقتی کامنتهای این ضد افتاب را خواندم بیشتر کامنت خوب برایش گذاشته بودن و تعریفش را کرده بودن که منم خریدم ولی الان چندبار استفاده کردم بیخودترین ضد افتابی بود که تا الان داشتم. اول اینکه وقتی میزنی به پوست پوست را بشدت برق میندازه مثل مهتابی برق میزنی! بعدم وقتی میروی بیرون یک ذره که میگذرد میماسد واب میشود و میریزد از صورت!! صورتم به حدی چرب میکند که دیگ نگویم! اصلا ارزش خرید ندارد پولتان را پس ندهید! …,1
3228,من وقتی کامنتهای این ضد افتاب را خواندم بیشتر کامنت خوب برایش گذاشته بودن و تعریفش را کرده بودن که منم خریدم ولی الان چندبار استفاده کردم بیخودترین ضد افتابی بود که تا الان داشتم. اول اینکه وقتی میزنی به پوست پوست را بشدت برق میندازه مثل مهتابی برق میزنی! بعدم وقتی میروی بیرون یک ذره که میگذرد میماسد واب میشود و میریزد از بیرون!! صورتم به حدی چرب میکند که دیگ نگویم! اصلا ارزش خرید ندارد پولتان را هدر ندهید! …,1
3229,من وقتی کامنتهای این ضد افتاب را خواندم بیشتر کامنت خوب برایش گذاشته بودن و تعریفش را کرده بودن که منم. ولی الان چندبار استفاده کردم بیخودترین ضد افتابی بود که تا الان داشتم. اول اینکه وقتی میزنی به پوست پوست را بشدت برق میندازه مثل مهتابی برق میزنی! بعدم وقتی میروی بیرون یک ذره که میگذرد میماسد واب میشود و میریزد از صورت!! صورتم به حدی چرب میکند که دیگ نگویم! اصلا ارزش خرید ندارد پولتان را هدر ندهید! …,1
3230,من وقتی کامنتهای این ضد افتاب رو خواندم بیشتر کامنت خوب برایش گذاشته بودن و تعریفش را کرده بودن که منم خریدم ولی الان چندبار استفاده کردم بیخودترین ضد افتابی بود که تا الان داشتم. اول اینکه وقتی میزنی به پوست پوست را بشدت برق میندازه مثل مهتابی برق میزنی! بعدم وقتی میروی بیرون یک ذره که میگذرد میماسد واب میشود و میریزد از صورت!! صورتم به حدی چرب میکند که دیگ نگویم! اصلا ارزش خرید ندارد پولتان را هدر ندهید! …,1
3231,من وقتی کامنتهای این ضد افتاب را خواندم بیشتر کامنت خوب برایش گذاشته بودن و تعریفش را کرده بودن که منم خریدم ولی الان چندبار استفاده کردم بیخودترین ضد افتابی بود که تا الان داشتم. اول اینکه وقتی میزنی به پوست پوست را بشدت برق میندازه مثل مهتابی برق میزنی! بعدم وقتی میروی بیرون یک ذره که افتاب میماسد واب میشود و میریزد از صورت!! صورتم به حدی چرب میکند که دیگ نگویم! اصلا ارزش خرید ندارد پولتان را هدر ندهید! …,1
3232,من وقتی کامنتهای این ضد افتاب را خواندم بیشتر کامنت خوب برایش گذاشته بودن و تعریفش را کرده بودن که منم خریدم ولی الان چندبارش کردم بیخودترین ضد افتابی بود که تا الان داشتم. اول اینکه وقتی میزنی به پوست پوست را بشدت برق میندازه مثل مهتابی برق میزنی! بعدم وقتی میروی بیرون یک ذره که میگذرد میماسد واب میشود و میریزد از صورت!! صورتم به حدی چرب میکند که دیگ نگویم! اصلا ارزش خرید ندارد پولتان را هدر ندهید! …,1
3233,من وقتی کامنتهای این ضد افتاب را خواندم بیشتر کامنت خوب برایش گذاشته بودن و تعریفش را کرده بودن که منم خریدم ولی الان چندبار استفاده کردم بیخودترین ضد افتابی بود که تا الان داشتم. مثل اینکه وقتی میزنی به پوست پوست را بشدت برق میندازه مثل مهتابی برق میزنی! بعدم وقتی میروی بیرون یک ذره که میگذرد میماسد واب میشود و میریزد از صورت!! صورتم به حدی چرب میکند که دیگ نگویم! اصلا ارزش خرید ندارد پولتان را هدر ندهید! …,1
3234,من وقتی کامنتهای این ضد افتاب را خواندم بیشتر کامنت خوب برایش گذاشته بودن و تعریفش را کرده بودن که منم خریدم ولی الان چندبار استفاده کردم بیخودترین ضد افتابی بود که تا الان داشتم. اول اینکه وقتی میزنی پوست پوست پوست را بشدت برق میندازه مثل مهتابی برق میزنی! بعدم وقتی میروی بیرون یک ذره که میگذرد میماسد واب میشود و میریزد از صورت!! صورتم به حدی چرب میکند که دیگ نگویم! اصلا ارزش خرید ندارد پولتان را هدر ندهید! …,1
3235,من وقتی کامنتهای این ضد افتاب را خواندم بیشتر کامنت خوب برایش گذاشته بودن چون تعریفش را کرده بودن که منم خریدم ولی الان چندبار استفاده کردم بیخودترین ضد افتابی بود که تا الان داشتم. اول اینکه وقتی میزنی به پوست پوست را بشدت برق میندازه مثل مهتابی برق میزنی! بعدم وقتی میروی بیرون یک ذره که میگذرد میماسد واب میشود و میریزد از صورت!! صورتم به حدی چرب میکند که دیگ نگویم! اصلا ارزش خرید ندارد پولتان را هدر ندهید! …,1
3236,من وقتی کامنتهای این ضد افتاب را خواندم بیشتر کامنت خوب برایش گذاشته بودن و تعریفش را کرده بودن که منم خریدم ولی الان چندبار استفاده کردم بیخودترین ضد افتابی بود که تا الان داشتم. اول اینکه وقتی میزنی به پوست پوست را بشدت برق میندازه مثل مهتابی برق میزنی! بعدم وقتی میروی پوست یک ذره که میگذرد میماسد واب میشود و میریزد از صورت!! صورتم به حدی چرب میکند که دیگ نگویم! اصلا ارزش خرید ندارد پولتان را هدر ندهید! …,1
3237,من وقتی کامنتهای این ضد افتاب را خواندم بیشتر کامنت خوب برایش گذاشته بودن و تعریفش را کرده بودن که منم خریدم ولی الان چندبار استفاده کردم بیخودترین ضد افتابی بود که تا الان داشتم. اول اینکه وقتی نور به پوست پوست را بشدت برق میندازه مثل مهتابی برق میزنی! بعدم وقتی میروی بیرون یک ذره که میگذرد میماسد واب میشود و میریزد از صورت!! صورتم به حدی چرب میکند که دیگ نگویم! اصلا ارزش خرید ندارد پولتان را هدر ندهید! …,1
3238,من وقتی کامنتهای این انتی افتاب را خواندم بیشتر کامنت خوب برایش گذاشته بودن و تعریفش را کرده بودن که منم خریدم ولی الان چندبار استفاده کردم بیخودترین ضد افتابی بود که تا الان داشتم. اول اینکه وقتی میزنی به پوست پوست را بشدت برق میندازه مثل مهتابی برق میزنی! بعدم وقتی میروی بیرون یک ذره که میگذرد میماسد واب میشود و میریزد از صورت!! صورتم به حدی چرب میکند که دیگ نگویم! اصلا ارزش خرید ندارد پولتان را هدر ندهید! …,1
3239,من وقتی کامنتهای این ضد افتاب را خواندم چند کامنت خوب برایش گذاشته بودن و تعریفش را کرده بودن که منم خریدم ولی الان چندبار استفاده کردم بیخودترین ضد افتابی بود که تا الان داشتم. اول اینکه وقتی میزنی به پوست پوست را بشدت برق میندازه مثل مهتابی برق میزنی! بعدم وقتی میروی بیرون یک ذره که میگذرد میماسد واب میشود و میریزد از صورت!! صورتم به حدی چرب میکند که دیگ نگویم! اصلا ارزش خرید ندارد پولتان را هدر ندهید! …,1
3240,من وقتی کامنتهای این ضد افتاب را خواندم بیشتر کامنت خوب برایش گذاشته بودن و اینکار را کرده بودن که منم خریدم ولی الان چندبار استفاده کردم بیخودترین ضد افتابی بود که تا الان داشتم. اول اینکه وقتی میزنی به پوست پوست را بشدت برق میندازه مثل مهتابی برق میزنی! بعدم وقتی میروی بیرون یک ذره که میگذرد میماسد واب میشود و میریزد از صورت!! صورتم به حدی چرب میکند که دیگ نگویم! اصلا ارزش خرید ندارد پولتان را هدر ندهید! …,1
3241,من وقتی کامنتهای این ضد افتاب را خواندم بیشتر کامنت خوب برایش گذاشته بودن و تعریفش را کرده بودن که منم خریدم ولی الان چندبار استفاده کردم بیخودترین ضد افتابی بود که تا الان داشتم. اول اینکه وقتی میزنی به پوست پوست را بشدت برق میندازه مثل مهتابی برق میزنی! بعدم وقتی میروی بیرون هر ذره که میگذرد میماسد واب میشود و میریزد از صورت!! صورتم به حدی چرب میکند که دیگ نگویم! اصلا ارزش خرید ندارد پولتان را هدر ندهید! …,1
3242,من وقتی کامنتهای این ضد افتاب را خواندم بیشتر کامنت خوب برایش گذاشته بودن و تعریفش را کرده بودن که منم خریدم ولی الان چندبار استفاده کردم بیخودترین ضد افتابی بود که تا الان داشتم. اول اینکه وقتی میزنی به پوست پوست را بشدت برق میندازه و مهتابی برق میزنی! بعدم وقتی میروی بیرون یک ذره که میگذرد میماسد واب میشود و میریزد از صورت!! صورتم به حدی چرب میکند که دیگ نگویم! اصلا ارزش خرید ندارد پولتان را هدر ندهید! …,1
3243,من وقتی کامنتهای این ضد افتاب را خواندم بیشتر کامنت خوب برایش گذاشته بودن و تعریفش را کرده بودن که منم خریدم ولی الان چندبار استفاده کردم بیخودترین ضد افتابی بود که تا الان داشتم. اول اینکه وقتی نزدیک به پوست پوست را بشدت برق میندازه مثل مهتابی برق میزنی! بعدم وقتی میروی بیرون یک ذره که میگذرد میماسد واب میشود و میریزد از صورت!! صورتم به حدی چرب میکند که دیگ نگویم! اصلا ارزش خرید ندارد پولتان را هدر ندهید! …,1
3244,به خاطر سری الومینیومی در حالت فست چارج خیلی داغ بود و این عمل باعث شد بعد از عدد روز استفاده کابل به طور کامل از کار بیوفته. در مقایسه یا کابلهای ریمکس باید بگم اصلا ارزش خرید ندارد. به هیچ وجه ارزش خرید ندارد!!!,1
3245,به خاطر سری الومینیومی در حالت فست چارج خیلی داغ میکند و این عمل باعث شد بعد از عدد روز استفاده کابل به طور کامل از کار بیوفته. در مقایسه یا همان ریمکس باید بگم اصلا ارزش خرید ندارد. به هیچ وجه ارزش خرید ندارد!!!,1
3246,به خاطر سری الومینیومی در حالت فست چارج خیلی داغ میکند. این عمل باعث شد بعد از عدد روز استفاده کابل به طور کامل از کار بیوفته. در مقایسه یا کابلهای ریمکس باید بگم اصلا ارزش خرید ندارد. به هیچ وجه ارزش خرید ندارد!!!,1
3247,بدین خاطر سری الومینیومی در حالت فست چارج خیلی داغ میکند و این عمل باعث شد بعد از عدد روز استفاده کابل به طور کامل از کار بیوفته. در مقایسه یا کابلهای ریمکس باید بگم اصلا ارزش خرید ندارد. به هیچ وجه ارزش خرید ندارد!!!,1
3248,به خاطر سری الومینیومی در حالت فست چارج خیلی داغ میکند و این عمل باعث شد بعد در عدد روز استفاده کابل به طور کامل از کار بیوفته. در مقایسه یا کابلهای ریمکس باید بگم اصلا ارزش خرید ندارد. به هیچ وجه ارزش خرید ندارد!!!,1
3249,به خاطر سری الومینیومی در حالت فست چارج خیلی داغ میکند و این عمل باعث شد بعد از عدد روز استفاده کابل به طور کامل از کار بیوفته. در مقایسه یا کابلهای ریمکس باید بگم اصلا ارزش خرید ندارد. به هیچ عنوان ارزش خرید ندارد!!!,1
3250,به خاطر سری الومینیومی در حالت فست چارج خیلی داغ میکند و این عمل باعث شد بعد از عدد و استفاده کابل به طور کامل از کار بیوفته. در مقایسه یا کابلهای ریمکس باید بگم اصلا ارزش خرید ندارد. به هیچ وجه ارزش خرید ندارد!!!,1
3251,به خاطر سری الومینیومی در حالت فست چارج خیلی داغ میکند و این عمل باعث شد بعد از عدد روز استفاده کابل به طور کامل از کار بیوفته. در مقایسه یا کابلهای ریمکس که بگم اصلا ارزش خرید ندارد. به هیچ وجه ارزش خرید ندارد!!!,1
3252,به خاطر سری الومینیومی در حالت عادی چارج خیلی داغ میکند و این عمل باعث شد بعد از عدد روز استفاده کابل به طور کامل از کار بیوفته. در مقایسه یا کابلهای ریمکس باید بگم اصلا ارزش خرید ندارد. به هیچ وجه ارزش خرید ندارد!!!,1
3253,به خاطر سری الومینیومی که حالت فست چارج خیلی داغ میکند و این عمل باعث شد بعد از عدد روز استفاده کابل به طور کامل از کار بیوفته. در مقایسه یا کابلهای ریمکس باید بگم اصلا ارزش خرید ندارد. به هیچ وجه ارزش خرید ندارد!!!,1
3254,به خاطر سری الومینیومی در حالت فست چارج را داغ میکند و این عمل باعث شد بعد از عدد روز استفاده کابل به طور کامل از کار بیوفته. در مقایسه یا کابلهای ریمکس باید بگم اصلا ارزش خرید ندارد. به هیچ وجه ارزش خرید ندارد!!!,1
3255,"من به نظر بقیه اعتماد کردم واین کرمو سفارش دادم, دو سه مرتبه استفاده کردم ووافعاازین همه تعریف متعجبم. اینکه به هیچ عنوان پوشش دهی خوبی ندارد و کم یا زیاد بزنی صورت را گچی میکند "" واقعا پولم را دور ریختم",1
3256,"من به نظر بقیه اعتماد کردم, کرمو سفارش دادم, دو سه مرتبه استفاده کردم ووافعاازین همه تعریف متعجبم. اینکه به هیچ وجه پوشش دهی خوبی ندارد و کم یا زیاد بزنی صورت را گچی میکند "" واقعا پولم را دور ریختم",1
3257,"من به نظر بقیه اعتماد کردم واین کرمو سفارش دادم, دو سه مرتبه استفاده کردم ووافعاازین همه تعریف کرد. اینکه به هیچ وجه پوشش دهی خوبی ندارد و کم یا زیاد بزنی صورت را گچی میکند "" واقعا پولم را دور ریختم",1
3258,"من به نظر بقیه اعتماد کردم واین کرمو سفارش دادم, دو سه مرتبه استفاده کردم ووافعاازین همه تعریف متعجبم. اینکه به هیچ وجه پوشش دهی خوبی ندارد و کم یا بیش بزنی صورت را گچی میکند "" واقعا پولم را دور ریختم",1
3259,"من به نظر بقیه اعتماد دارم واین کرمو سفارش دادم, دو سه مرتبه استفاده کردم ووافعاازین همه تعریف متعجبم. اینکه به هیچ وجه پوشش دهی خوبی ندارد و کم یا زیاد بزنی صورت را گچی میکند "" واقعا پولم را دور ریختم",1
3260,"من به نظر بقیه اعتماد کردم واین کرمو سفارش دادم, دو سه مرتبه استفاده کردم ووافعاازین همه تعریف متعجبم. اینکه به هیچ وجه پوشش دهی خوبی ندارد و کم یا زیاد بزنی صورت را گچی میکند "" واقعا ان را دور ریختم",1
3261,"من از نظر بقیه اعتماد کردم واین کرمو سفارش دادم, دو سه مرتبه استفاده کردم ووافعاازین همه تعریف متعجبم. اینکه به هیچ وجه پوشش دهی خوبی ندارد و کم یا زیاد بزنی صورت را گچی میکند "" واقعا پولم را دور ریختم",1
3262,"من به نظر بقیه اعتماد کردم واین کرمو سفارش دادم, دو سه مرتبه استفاده کردم ووافعاازین همه تعریف متعجبم. اینکه به هیچ وجه پوشش دهی خوبی ندارد و کم یا زیاد بزنی صورت را گچی و "" واقعا پولم را دور ریختم",1
3263,"من به نظر بقیه اعتماد کردم واین کرمو سفارش دادم, دو سه مرتبه تکرار کردم ووافعاازین همه تعریف متعجبم. اینکه به هیچ وجه پوشش دهی خوبی ندارد و کم یا زیاد بزنی صورت را گچی میکند "" واقعا پولم را دور ریختم",1
3264,"من به نظر بقیه اعتماد کردم واین کرمو سفارش دادم, دو سه مرتبه استفاده کردم ووافعاازین همه تعریف متعجبم. اینکه به هیچ وجه پوشش دهی خوبی ندارد و کم یا زیاد بزنی صورت را اذیت میکند "" واقعا پولم را دور ریختم",1
3265,کاملا.,1
3266,کاریکاتور بیکیفیت,1
3267,محصولات زیادی استفاده شده ، ولی متاسفانه از این هیچ تاثیری ندیدم.,1
3268,محصولات زیادی استفاده کردم ، اما متاسفانه از این هیچ تاثیری ندیدم.,1
3269,محصولات مختلفی استفاده کردم ، ولی متاسفانه از این هیچ تاثیری ندیدم.,1
3270,محصولات زیادی استفاده کردم ، ولی متاسفانه از این هیچ تاثیری نداشتم.,1
3271,من چسباندم و بعد یک عدد ثانیه انداختم بیرون.,1
3272,من برگشتم و بعد از عدد ثانیه انداختم بیرون.,1
3273,من چسباندم و بعد از عدد ثانیه انداختم پایین.,1
3274,بعد چسباندم و بعد از عدد ثانیه انداختم بیرون.,1
3275,"جنسش هم بد بود همان اولش که میخواهستم بندازم را گوشی, گوشههای قلبش شکست",1
3276,"جنسش خیلی بد بود همان اولش که میخواهستم بندازم را ببینم, گوشههای قلبش شکست",1
3277,"حالم خیلی بد بود همان اولش که میخواهستم بندازم را گوشی, گوشههای قلبش شکست",1
3278,"جنسش خیلی بد بود همان طور که میخواهستم بندازم را گوشی, گوشههای قلبش شکست",1
3279,"جنسش خیلی بد بود همان اولش که میخواهستم بندازم را گوشی, و قلبش شکست",1
3280,بنجل!,1
3281,بفرمایید والسلام,1
3282,بعد از یک ماه خیلی مرا شارژ میکند واقعا پشیمانم,1
3283,بعد از یک ماه خیلی دیر شارژ میکند میگوید پشیمانم,1
3284,بعد از یک ماه خیلی دیر شارژ شدم واقعا پشیمانم,1
3285,بعد از یک ماه خیلی دیر ازدواج میکند واقعا پشیمانم,1
3286,شما در سایت نوشتید فست فود ولی اصلا شارژ نمیکند,1
3287,شما در سایت هستید فست شارژ ولی اصلا شارژ نمیکند,1
3288,شما در یک نوشتید فست شارژ ولی اصلا شارژ نمیکند,1
3289,شما در سایت نوشتید فست فودی ولی اصلا شارژ نمیکند,1
3290,کیفیت :,1
3291,کیفیت ؟,1
3292,دوستان یک سمباده کاغذی را روی یک مقوا بچسبانید دقیقا میشود همین.,1
3293,دوستان یک سمباده کاغذی را روی یک مقوا بچسبانید خوب میشود همین!!,1
3294,دوستان یک دستمال کاغذی را روی یک مقوا بچسبانید دقیقا میشود همین!!,1
3295,دوستان یک سمباده کاغذی هم روی یک مقوا بچسبانید دقیقا میشود همین!!,1
3296,"برای iphone, iphone عدد مناسب نیست.",1
3297,"برای ipad, iphone se مناسب نیست.",1
3298,"مثل ipad, iphone عدد مناسب نیست.",1
3299,حتی محافظ لاک ناخن من که نبود,1
3300,اما محافظ لاک ناخن من که نبود,1
3301,اصلا محافظ لاک ناخن هم که نبود,1
3302,ظاهرش خیلی عالی بود. بعد از اینکه گوشی را داخلش گذاشتم روز دوم روی چهار گوشهاش دقت کردم دیدم ترکخورده البته بدون اینکه کوچکترین ضربهای خورده باشد. بین دو طرف پشت و روی گوشی یکلایه لاستیک داشت که همان دو سه روز اول دیدم وا داد و مجبور شودم خودم با چسب فوری بچسبونمش. تقریبا بعد از ده روز استفاده گوشیم داخل جیب کتم بود که کت را دستم گرفتم و گوشه از فاصله دقیقا بیست سانتی افتاد کف پارکینگ و کیف از دو قسمت نگهدارنده سمت راست شکست و کاملا بیاستفاده شد. شانس اوردم با اینکه گوشیم ازش جدا شد با توجه با فاصله کمی که از زمین داشت طوریش نشد. خلاصه اگر بخرید مطمينا پولتان را دور ریختید. علیرغم ظاهر فوقالعاده زیباش کاملا بیاستفاده و بی کیفیته است.,1
3303,ظاهرش خیلی عالی است. بعد از اینکه گوشی را داخلش گذاشتم روز دوم روی چهار گوشهاش دقت کردم دیدم ترکخورده البته بدون اینکه کوچکترین ضربهای خورده باشد. بین دو طرف پشت و روی گوشی یکلایه لاستیک داشت که همان دو سه روز اول دیدم وا داد و مجبور شودم خودم با چسب فوری بچسبونمش. تقریبا بعد از ده روز استفاده گوشیم داخل جیب کتم بود که کت را دستم گرفتم و گوشه از فاصله دقیقا بیست سانتی افتاد کف پارکینگ و کیف از دو قسمت نگهدارنده سمت راست شکست و کاملا بیاستفاده شد. شانس اوردم با اینکه گوشیم ازش جدا شد با اینکه با فاصله کمی که از زمین داشت طوریش نشد. خلاصه اگر بخرید مطمينا پولتان را دور ریختید. علیرغم ظاهر فوقالعاده زیباش کاملا بیاستفاده و بی کیفیته است.,1
3304,ظاهرش خیلی عالی است. بعد از اینکه گوشی را داخلش بردم روز دوم روی چهار گوشهاش دقت کردم دیدم ترکخورده البته بدون اینکه کوچکترین ضربهای خورده باشد. بین دو طرف پشت و روی گوشی یکلایه لاستیک داشت که همان دو سه روز اول دیدم وا داد و مجبور شودم خودم با چسب فوری بچسبونمش. تقریبا بعد از ده روز استفاده گوشیم داخل جیب کتم بود که کت را دستم گرفتم و گوشه از فاصله دقیقا بیست سانتی افتاد کف پارکینگ و کیف از دو قسمت نگهدارنده سمت راست شکست و کاملا بیاستفاده شد. شانس اوردم با اینکه گوشیم ازش جدا شد با توجه با فاصله کمی که از زمین داشت طوریش نشد. خلاصه اگر بخرید مطمينا پولتان را دور ریختید. علیرغم ظاهر فوقالعاده زیباش کاملا بیاستفاده و بی کیفیته است.,1
3305,ظاهرش خیلی عالی است. بعد از اینکه گوشی را داخلش گذاشتم روز دوم روی چهار گوشهاش دقت کردم دیدم ترکخورده البته بدون اینکه کوچکترین ضربهای خورده باشد. بین دو طرف کیف و روی گوشی یکلایه لاستیک داشت که همان دو سه روز اول دیدم وا داد و مجبور شودم خودم با چسب فوری بچسبونمش. تقریبا بعد از ده روز استفاده گوشیم داخل جیب کتم بود که کت را دستم گرفتم و گوشه از فاصله دقیقا بیست سانتی افتاد کف پارکینگ و کیف از دو قسمت نگهدارنده سمت راست شکست و کاملا بیاستفاده شد. شانس اوردم با اینکه گوشیم ازش جدا شد با توجه با فاصله کمی که از زمین داشت طوریش نشد. خلاصه اگر بخرید مطمينا پولتان را دور ریختید. علیرغم ظاهر فوقالعاده زیباش کاملا بیاستفاده و بی کیفیته است.,1
3306,این خیلی عالی است. بعد از اینکه گوشی را داخلش گذاشتم روز دوم روی چهار گوشهاش دقت کردم دیدم ترکخورده البته بدون اینکه کوچکترین ضربهای خورده باشد. بین دو طرف پشت و روی گوشی یکلایه لاستیک داشت که همان دو سه روز اول دیدم وا داد و مجبور شودم خودم با چسب فوری بچسبونمش. تقریبا بعد از ده روز استفاده گوشیم داخل جیب کتم بود که کت را دستم گرفتم و گوشه از فاصله دقیقا بیست سانتی افتاد کف پارکینگ و کیف از دو قسمت نگهدارنده سمت راست شکست و کاملا بیاستفاده شد. شانس اوردم با اینکه گوشیم ازش جدا شد با توجه با فاصله کمی که از زمین داشت طوریش نشد. خلاصه اگر بخرید مطمينا پولتان را دور ریختید. علیرغم ظاهر فوقالعاده زیباش کاملا بیاستفاده و بی کیفیته است.,1
3307,ظاهرش خیلی عالی است. بعد از اینکه گوشی را داخلش گذاشتم روز دوم روی چهار گوشهاش دقت کردم دیدم ترکخورده البته بدون اینکه کوچکترین ضربهای خورده باشد. بین دو طرف پشت و روی گوشی یکلایه لاستیک داشت که همان دو سه روز اول دیدم وا داد و مجبور شودم خودم با چسب فوری بچسبونمش. تقریبا بعد از ده روز استفاده گوشیم داخل جیب کتم بود که کت را دستم گرفتم و گوشه از فاصله دقیقا بیست سانتی افتاد کف پارکینگ و کیف از دو قسمت نگهدارنده سمت راست شکست و کاملا بیاستفاده شد. شانس اوردم با اینکه گوشیم ازش جدا شد با توجه با فاصله کمی که از گوشی داشت طوریش نشد. خلاصه اگر بخرید مطمينا پولتان را دور ریختید. علیرغم ظاهر فوقالعاده زیباش کاملا بیاستفاده و بی کیفیته است.,1
3308,ظاهرش خیلی عالی است. بعد از اینکه گوشی را داخلش گذاشتم روز دوم روی چهار گوشهاش دقت کردم دیدم ترکخورده البته بدون اینکه کوچکترین ضربهای خورده باشد. بین دو طرف پشت و روی گوشی یکلایه لاستیک داشت که همان دو سه روز اول دیدم وا داد و مجبور شودم خودم با چسب فوری بچسبونمش. تقریبا بعد از ده روز استفاده گوشیم داخل جیب کتم افتاد که کت را دستم گرفتم و گوشه از فاصله دقیقا بیست سانتی افتاد کف پارکینگ و کیف از دو قسمت نگهدارنده سمت راست شکست و کاملا بیاستفاده شد. شانس اوردم با اینکه گوشیم ازش جدا شد با توجه با فاصله کمی که از زمین داشت طوریش نشد. خلاصه اگر بخرید مطمينا پولتان را دور ریختید. علیرغم ظاهر فوقالعاده زیباش کاملا بیاستفاده و بی کیفیته است.,1
3309,ظاهرش خیلی عالی است. بعد از اینکه گوشی را داخلش گذاشتم روز دوم روی چهار گوشهاش دقت کردم دیدم ترکخورده البته بدون اینکه کوچکترین ضربهای خورده باشد. بین دو طرف پشت و روی گوشی یکلایه لاستیک داشت که همان دو سه روز اول دیدم وا داد و مجبور شودم خودم با چسب فوری بچسبونمش. تقریبا بعد از ده روز استفاده گوشیم داخل جیب کتم بود که کت را دستم گرفتم و گوشه از فاصله حدود بیست سانتی افتاد کف پارکینگ و کیف از دو قسمت نگهدارنده سمت راست شکست و کاملا بیاستفاده شد. شانس اوردم با اینکه گوشیم ازش جدا شد با توجه با فاصله کمی که از زمین داشت طوریش نشد. خلاصه اگر بخرید مطمينا پولتان را دور ریختید. علیرغم ظاهر فوقالعاده زیباش کاملا بیاستفاده و بی کیفیته است.,1
3310,ظاهرش خیلی عالی است. بعد از اینکه گوشی را داخلش گذاشتم روز دوم روی چهار گوشهاش دقت کردم دیدم ترکخورده البته بدون اینکه کوچکترین ضربهای خورده باشد. در دو طرف پشت و روی گوشی یکلایه لاستیک داشت که همان دو سه روز اول دیدم وا داد و مجبور شودم خودم با چسب فوری بچسبونمش. تقریبا بعد از ده روز استفاده گوشیم داخل جیب کتم بود که کت را دستم گرفتم و گوشه از فاصله دقیقا بیست سانتی افتاد کف پارکینگ و کیف از دو قسمت نگهدارنده سمت راست شکست و کاملا بیاستفاده شد. شانس اوردم با اینکه گوشیم ازش جدا شد با توجه با فاصله کمی که از زمین داشت طوریش نشد. خلاصه اگر بخرید مطمينا پولتان را دور ریختید. علیرغم ظاهر فوقالعاده زیباش کاملا بیاستفاده و بی کیفیته است.,1
3311,ظاهرش خیلی عالی است. بعد از اینکه گوشی را داخلش گذاشتم روز دوم روی چهار گوشهاش دقت کردم که ترکخورده البته بدون اینکه کوچکترین ضربهای خورده باشد. بین دو طرف پشت و روی گوشی یکلایه لاستیک داشت که همان دو سه روز اول دیدم وا داد و مجبور شودم خودم با چسب فوری بچسبونمش. تقریبا بعد از ده روز استفاده گوشیم داخل جیب کتم بود که کت را دستم گرفتم و گوشه از فاصله دقیقا بیست سانتی افتاد کف پارکینگ و کیف از دو قسمت نگهدارنده سمت راست شکست و کاملا بیاستفاده شد. شانس اوردم با اینکه گوشیم ازش جدا شد با توجه با فاصله کمی که از زمین داشت طوریش نشد. خلاصه اگر بخرید مطمينا پولتان را دور ریختید. علیرغم ظاهر فوقالعاده زیباش کاملا بیاستفاده و بی کیفیته است.,1
3312,ظاهرش خیلی عالی است. بعد از اینکه گوشی را داخلش گذاشتم بار دوم روی چهار گوشهاش دقت کردم دیدم ترکخورده البته بدون اینکه کوچکترین ضربهای خورده باشد. بین دو طرف پشت و روی گوشی یکلایه لاستیک داشت که همان دو سه روز اول دیدم وا داد و مجبور شودم خودم با چسب فوری بچسبونمش. تقریبا بعد از ده روز استفاده گوشیم داخل جیب کتم بود که کت را دستم گرفتم و گوشه از فاصله دقیقا بیست سانتی افتاد کف پارکینگ و کیف از دو قسمت نگهدارنده سمت راست شکست و کاملا بیاستفاده شد. شانس اوردم با اینکه گوشیم ازش جدا شد با توجه با فاصله کمی که از زمین داشت طوریش نشد. خلاصه اگر بخرید مطمينا پولتان را دور ریختید. علیرغم ظاهر فوقالعاده زیباش کاملا بیاستفاده و بی کیفیته است.,1
3313,ظاهرش خیلی عالی است. بعد از اینکه گوشی را داخلش گذاشتم روز دوم روی چهار گوشهاش دقت کردم دیدم ترکخورده البته بدون اینکه کوچکترین ضربهای خورده باشد. بین دو طرف پشت و روی گوشی یکلایه لاستیک را که همان دو سه روز اول دیدم وا داد و مجبور شودم خودم با چسب فوری بچسبونمش. تقریبا بعد از ده روز استفاده گوشیم داخل جیب کتم بود که کت را دستم گرفتم و گوشه از فاصله دقیقا بیست سانتی افتاد کف پارکینگ و کیف از دو قسمت نگهدارنده سمت راست شکست و کاملا بیاستفاده شد. شانس اوردم با اینکه گوشیم ازش جدا شد با توجه با فاصله کمی که از زمین داشت طوریش نشد. خلاصه اگر بخرید مطمينا پولتان را دور ریختید. علیرغم ظاهر فوقالعاده زیباش کاملا بیاستفاده و بی کیفیته است.,1
3314,ظاهرش خیلی عالی است. بعد از اینکه گوشی را داخلش گذاشتم روز دوم روی چهار گوشهاش دقت کردم دیدم ترکخورده البته بدون اینکه کوچکترین ضربهای خورده باشد. بین دو طرف پشت و روی گوشی یکلایه لاستیک داشت که همان دو سه روز اول دیدم وا داد و مجبور شودم خودم با چسب فوری بچسبونمش. تقریبا بعد از ده روز استفاده کیف داخل جیب کتم بود که کت را دستم گرفتم و گوشه از فاصله دقیقا بیست سانتی افتاد کف پارکینگ و کیف از دو قسمت نگهدارنده سمت راست شکست و کاملا بیاستفاده شد. شانس اوردم با اینکه گوشیم ازش جدا شد با توجه با فاصله کمی که از زمین داشت طوریش نشد. خلاصه اگر بخرید مطمينا پولتان را دور ریختید. علیرغم ظاهر فوقالعاده زیباش کاملا بیاستفاده و بی کیفیته است.,1
3315,ظاهرش خیلی عالی است. بعد از اینکه گوشی را داخلش گذاشتم روز دوم روی چهار گوشهاش دقت کردم دیدم ترکخورده البته بدون اینکه کوچکترین ضربهای خورده باشد. بین دو طرف پشت و روی گوشی یکلایه لاستیک داشت که همان دو سه روز اول دیدم وا داد و مجبور شودم خودم با دست فوری بچسبونمش. تقریبا بعد از ده روز استفاده گوشیم داخل جیب کتم بود که کت را دستم گرفتم و گوشه از فاصله دقیقا بیست سانتی افتاد کف پارکینگ و کیف از دو قسمت نگهدارنده سمت راست شکست و کاملا بیاستفاده شد. شانس اوردم با اینکه گوشیم ازش جدا شد با توجه با فاصله کمی که از زمین داشت طوریش نشد. خلاصه اگر بخرید مطمينا پولتان را دور ریختید. علیرغم ظاهر فوقالعاده زیباش کاملا بیاستفاده و بی کیفیته است.,1
3316,ظاهرش خیلی عالی است. بعد از اینکه گوشی را داخلش گذاشتم روز دوم روی چهار گوشهاش دقت کردم دیدم ترکخورده البته بدون اینکه کوچکترین ضربهای خورده باشد. بین دو طرف پشت و روی گوشی یکلایه لاستیک داشت که همان دو سه روز اول دیدم وا داد و مجبور شودم خودم با چسب فوری بچسبونمش. تقریبا بعد از ده روز استفاده گوشیم داخل جیب کتم بود که کت را دستم گرفتم و گوشه از فاصله دقیقا بیست سانتی افتاد کف پارکینگ و کیف از دو قسمت نگهدارنده سمت راست شکست و کاملا بیاستفاده شد. شانس اوردم با اینکه گوشیم ازش جدا شد با اینحال با فاصله کمی که از زمین داشت طوریش نشد. خلاصه اگر بخرید مطمينا پولتان را دور ریختید. علیرغم ظاهر فوقالعاده زیباش کاملا بیاستفاده و بی کیفیته است.,1
3317,ظاهرش خیلی عالی است. بعد از اینکه گوشی را داخلش گذاشتم روز دوم روی چهار گوشهاش دقت کردم دیدم ترکخورده البته بدون اینکه کوچکترین ضربهای خورده باشد. بین دو طرف پشت و روی گوشی یکلایه لاستیک داشت که همان دو سه روز بعد دیدم وا داد و مجبور شودم خودم با چسب فوری بچسبونمش. تقریبا بعد از ده روز استفاده گوشیم داخل جیب کتم بود که کت را دستم گرفتم و گوشه از فاصله دقیقا بیست سانتی افتاد کف پارکینگ و کیف از دو قسمت نگهدارنده سمت راست شکست و کاملا بیاستفاده شد. شانس اوردم با اینکه گوشیم ازش جدا شد با توجه با فاصله کمی که از زمین داشت طوریش نشد. خلاصه اگر بخرید مطمينا پولتان را دور ریختید. علیرغم ظاهر فوقالعاده زیباش کاملا بیاستفاده و بی کیفیته است.,1
3318,ظاهرش خیلی عالی است. بعد از اینکه گوشی را داخلش گذاشتم روز دوم روی چهار گوشهاش دقت کردم دیدم ترکخورده البته بدون اینکه کوچکترین ضربهای خورده باشد. بین دو طرف پشت و روی گوشی یکلایه لاستیک داشت و همان دو سه روز اول دیدم وا داد و مجبور شودم خودم با چسب فوری بچسبونمش. تقریبا بعد از ده روز استفاده گوشیم داخل جیب کتم بود که کت را دستم گرفتم و گوشه از فاصله دقیقا بیست سانتی افتاد کف پارکینگ و کیف از دو قسمت نگهدارنده سمت راست شکست و کاملا بیاستفاده شد. شانس اوردم با اینکه گوشیم ازش جدا شد با توجه با فاصله کمی که از زمین داشت طوریش نشد. خلاصه اگر بخرید مطمينا پولتان را دور ریختید. علیرغم ظاهر فوقالعاده زیباش کاملا بیاستفاده و بی کیفیته است.,1
3319,ظاهرش خیلی عالی است. بعد از اینکه گوشی را داخلش گذاشتم روز دوم روی چهار گوشهاش دقت کردم دیدم ترکخورده البته بدون اینکه کوچکترین ضربهای خورده باشد. بین دو طرف پشت و روی گوشی یکلایه لاستیک داشت که همان دو سه روز اول دیدم وا داد و مجبور شودم خودم با چسب فوری بچسبونمش. تقریبا بعد از ده روز استفاده گوشیم داخل جیب کتم بود که کت را دستم گرفتم و گوشه از فاصله دقیقا بیست سانتی افتاد کف پارکینگ و کیف از دو قسمت نگهدارنده سمت راست شکست و کاملا بیاستفاده شد. شانس اوردم با اینکه گوشیم ازش جدا شد با توجه با فاصله کمی که از زمین داشت طوریش نشد. پس اگر بخرید مطمينا پولتان را دور ریختید. علیرغم ظاهر فوقالعاده زیباش کاملا بیاستفاده و بی کیفیته است.,1
3320,ظاهرش خیلی عالی است. بعد از اینکه گوشی را داخلش گذاشتم روز دوم روی چهار گوشهاش دقت کردم دیدم ترکخورده البته بدون اینکه کوچکترین ضربهای خورده باشد. بین دو طرف پشت و روی گوشی یکلایه لاستیک داشت که همان دو سه روز اول دیدم وا داد و مجبور شودم خودم با چسب فوری بچسبونمش. تقریبا بعد از ده روز استفاده گوشیم داخل جیب کتم بود که کت را دستم گرفتم و گوشه از فاصله دقیقا بیست سانتی افتاد کف پارکینگ و کیف از دو قسمت نگهدارنده سمت راست شکست و کاملا بیاستفاده شد. شانس اوردم با اینکه گوشیم کاملا جدا شد با توجه با فاصله کمی که از زمین داشت طوریش نشد. خلاصه اگر بخرید مطمينا پولتان را دور ریختید. علیرغم ظاهر فوقالعاده زیباش کاملا بیاستفاده و بی کیفیته است.,1
3321,ظاهرش خیلی عالی است. بعد از اینکه گوشی را داخلش گذاشتم روز دوم روی چهار گوشهاش دقت کردم دیدم ترکخورده البته بدون اینکه کوچکترین ضربهای خورده باشد. بین دو طرف پشت و روی گوشی یکلایه لاستیک داشت که همان دو سه روز اول دیدم وا داد و مجبور شودم خودم با چسب فوری بچسبونمش. تقریبا بعد از ده روز استفاده گوشیم داخل جیب کتم بود که کت را دستم گرفتم و گوشه از فاصله دقیقا بیست سانتی افتاد کف پارکینگ و کیف از دو قسمت نگهدارنده سمت راست شکست و کاملا بیاستفاده شد. شانس اوردم با اینکه گوشیم ازش جدا شد با توجه با فاصله کمی که از زمین داشت طوریش نشد. خلاصه اگر بخرید مطمينا پولتان را دور ریختید. علیرغم ظاهر فوقالعاده ظاهرش کاملا بیاستفاده و بی کیفیته است.,1
3322,ظاهرش خیلی عالی است. بعد از اینکه گوشی را داخلش گذاشتم روز دوم روی چهار طرف دقت کردم دیدم ترکخورده البته بدون اینکه کوچکترین ضربهای خورده باشد. بین دو طرف پشت و روی گوشی یکلایه لاستیک داشت که همان دو سه روز اول دیدم وا داد و مجبور شودم خودم با چسب فوری بچسبونمش. تقریبا بعد از ده روز استفاده گوشیم داخل جیب کتم بود که کت را دستم گرفتم و گوشه از فاصله دقیقا بیست سانتی افتاد کف پارکینگ و کیف از دو قسمت نگهدارنده سمت راست شکست و کاملا بیاستفاده شد. شانس اوردم با اینکه گوشیم ازش جدا شد با توجه با فاصله کمی که از زمین داشت طوریش نشد. خلاصه اگر بخرید مطمينا پولتان را دور ریختید. علیرغم ظاهر فوقالعاده زیباش کاملا بیاستفاده و بی کیفیته است.,1
3323,ظاهرش خیلی عالی است. بعد از اینکه گوشی را داخلش گذاشتم روز دوم روی چهار گوشهاش دقت کردم دیدم ترکخورده البته بدون اینکه کوچکترین ضربهای خورده باشد. بین دو طرف پشت و روی گوشی یکلایه لاستیک داشت که همان دو سه روز اول دیدم وا داد و مجبور شودم خودم با چسب فوری بچسبونمش. تقریبا بعد از ده روز استفاده گوشیم داخل جیب کتم بود که کت را دستم گرفتم و گوشه از فاصله دقیقا بیست سانتی افتاد کف پارکینگ و کیف از دو قسمت نگهدارنده سمت راست شکست و کاملا بیاستفاده شد. شانس اوردم با اینکه گوشیم ازش جدا شد با توجه با فاصله کمی که از زمین داشت طوریش نشد. خلاصه اگر بخرید مطمينا پولتان را دور ریختید. علیرغم ظاهر فوقالعاده زیباش کاملا بیاستفاده و بی فایده است.,1
3324,ظاهرش خیلی عالی است. بعد از اینکه گوشی را داخلش گذاشتم روز دوم روی چهار گوشهاش دقت کردم دیدم ترکخورده البته بدون اینکه کوچکترین ضربهای خورده باشد. بین دو طرف پشت و روی گوشی یکلایه لاستیک داشت که همان دو سه روز اول دیدم وا داد و مجبور شودم خودم با چسب فوری بچسبونمش. تقریبا بعد از ده روز استفاده گوشیم داخل جیب کتم بود که کت را دستم گرفتم و گوشه از فاصله دقیقا بیست سانتی افتاد کف پارکینگ و کیف از دو قسمت نگهدارنده سمت راست شکست و کاملا بیاستفاده شد. شانس اوردم با اینکه گوشیم ازش جدا شد با توجه با فاصله کمی که از زمین داشت طوریش نشد. خلاصه اگر بخرید همه پولتان را دور ریختید. علیرغم ظاهر فوقالعاده زیباش کاملا بیاستفاده و بی کیفیته است.,1
3325,ظاهرش خیلی عالی است. بعد از اینکه گوشی را داخلش گذاشتم روز دوم روی چهار گوشهاش دقت کردم دیدم ترکخورده البته بدون اینکه کوچکترین ضربهای خورده باشد. بین دو طرف پشت و روی گوشی یکلایه لاستیک داشت که همان دو سه روز اول دیدم وا داد و مجبور شودم خودم با چسب فوری بچسبونمش. تقریبا بعد از ده روز استفاده گوشیم داخل جیب کتم بود که کت را دستم گرفتم و گوشه از فاصله دقیقا بیست سانتی افتاد کف پارکینگ و کیف از دو قسمت نگهدارنده سمت راست شکست و کاملا بیاستفاده شد. شانس اوردم با اینکه گوشیم ازش جدا شد با توجه با فاصله کمی که از زمین داشت طوریش نشد. خلاصه اگر بخرید مطمينا پولتان را دور ریختید. علیرغم ظاهر فوقالعاده زیباش کاملا بیاستفاده و بی کیفیته است.,1
3326,ظاهرش خیلی عالی است. بعد از اینکه گوشی را داخلش گذاشتم روز دوم روی چهار گوشهاش دقت کردم دیدم ترکخورده البته بدون اینکه کوچکترین ضربهای خورده باشد. بین دو طرف پشت و روی گوشی یکلایه لاستیک داشت که همان دو سه روز اول دیدم وا داد و مجبور شودم خودم با چسب فوری بچسبونمش. تقریبا بعد از ده روز استفاده گوشیم داخل جیب کتم بود که کت را دستم گرفتم و گوشه از فاصله دقیقا بیست سانتی افتاد کف پارکینگ و کیف از دو قسمت نگهدارنده سمت راست شکست و کاملا بیاستفاده شد. شانس اوردم با اینکه گوشیم ازش جدا شد با توجه با فاصله کمی که از زمین داشت طوریش نشد. خلاصه اگر بخرید مطمينا پولتان را دور ریختید. علیرغم ظاهر خیلی زیباش کاملا بیاستفاده و بی کیفیته است.,1
3327,ظاهرش خیلی عالی است. بعد از اینکه گوشی را داخلش گذاشتم روز دوم روی چهار گوشهاش دقت کردم دیدم ترکخورده البته بدون اینکه کوچکترین ضربهای خورده باشد. بین دو طرف پشت و روی گوشی یکلایه لاستیک داشت که همان دو سه روز اول دیدم وا داد و مجبور شودم خودم با چسب فوری بچسبونمش. تقریبا بعد از ده روز استفاده گوشیم داخل جیب کتم بود که کت را دستم گرفت و گوشه از فاصله دقیقا بیست سانتی افتاد کف پارکینگ و کیف از دو قسمت نگهدارنده سمت راست شکست و کاملا بیاستفاده شد. شانس اوردم با اینکه گوشیم ازش جدا شد با توجه با فاصله کمی که از زمین داشت طوریش نشد. خلاصه اگر بخرید مطمينا پولتان را دور ریختید. علیرغم ظاهر فوقالعاده زیباش کاملا بیاستفاده و بی کیفیته است.,1
3328,ظاهرش خیلی عالی است. بعد از اینکه گوشی را داخلش گذاشتم روز دوم روی چهار گوشهاش دقت کردم دیدم ترکخورده البته بدون اینکه کوچکترین ضربهای خورده باشد. بین دو طرف پشت و روی گوشی یکلایه لاستیک داشت که همان دو سه روز اول دیدم وا داد و مجبور شودم خودم با پول فوری بچسبونمش. تقریبا بعد از ده روز استفاده گوشیم داخل جیب کتم بود که کت را دستم گرفتم و گوشه از فاصله دقیقا بیست سانتی افتاد کف پارکینگ و کیف از دو قسمت نگهدارنده سمت راست شکست و کاملا بیاستفاده شد. شانس اوردم با اینکه گوشیم ازش جدا شد با توجه با فاصله کمی که از زمین داشت طوریش نشد. خلاصه اگر بخرید مطمينا پولتان را دور ریختید. علیرغم ظاهر فوقالعاده زیباش کاملا بیاستفاده و بی کیفیته است.,1
3329,ظاهرش خیلی عالی است. بعد از اینکه گوشی را داخلش گذاشتم روز دوم روی چهار گوشهاش دقت کردم دیدم ترکخورده البته بدون اینکه کوچکترین ضربهای خورده باشد. بین دو طرف پشت و روی گوشی یکلایه لاستیک داشت که همان دو سه روز اول دیدم وا داد و مجبور شودم خودم با چسب فوری بچسبونمش. تقریبا بعد از ده روز استفاده گوشیم داخل جیب کتم بود که کت را دستم گرفتم و گوشه از فاصله دقیقا بیست سانتی افتاد کف پارکینگ و کیف از دو قسمت نگهدارنده سمت راست شکست و کاملا بیاستفاده شد. شانس اوردم با اینکه گوشیم ازش خارج شد با توجه با فاصله کمی که از زمین داشت طوریش نشد. خلاصه اگر بخرید مطمينا پولتان را دور ریختید. علیرغم ظاهر فوقالعاده زیباش کاملا بیاستفاده و بی کیفیته است.,1
3330,ظاهرش خیلی عالی است. بعد از اینکه گوشی را داخلش گذاشتم روز دوم روی چهار گوشهاش دقت کردم دیدم ترکخورده البته بدون اینکه کوچکترین ترک خورده باشد. بین دو طرف پشت و روی گوشی یکلایه لاستیک داشت که همان دو سه روز اول دیدم وا داد و مجبور شودم خودم با چسب فوری بچسبونمش. تقریبا بعد از ده روز استفاده گوشیم داخل جیب کتم بود که کت را دستم گرفتم و گوشه از فاصله دقیقا بیست سانتی افتاد کف پارکینگ و کیف از دو قسمت نگهدارنده سمت راست شکست و کاملا بیاستفاده شد. شانس اوردم با اینکه گوشیم ازش جدا شد با توجه با فاصله کمی که از زمین داشت طوریش نشد. خلاصه اگر بخرید مطمينا پولتان را دور ریختید. علیرغم ظاهر فوقالعاده زیباش کاملا بیاستفاده و بی کیفیته است.,1
3331,اصلا خوب نیست در نیم ساعت به زور عدد یا عدد درصد شارژ کند الکی نیست قیمتش معلوم است,1
3332,اصلا خوب نیست در نیم ساعت به زور عدد و عدد درصد شارژ کند الکی نیست قیمتش پایینه است,1
3333,اصلا خوب نیست در نیم ساعت به زور عدد یا عدد درصد شارژ کند خوب نیست قیمتش پایینه است,1
3334,اصلا خوب نیست در نیم ساعت به زور عدد یا عدد را شارژ کند الکی نیست قیمتش پایینه است,1
3335,اصلا خوب نیست در نیم ساعت به زور عدد یا عدد درصد اضافه کند الکی نیست قیمتش پایینه است,1
3336,اصلا با ان چیزی که در فیلم گذاشتن فرق داشت,1
3337,اصلا با ان چیزی که در سایت بود فرق داشت,1
3338,اصلا به ان چیزی که در سایت گذاشتن فرق داشت,1
3339,اصلا با ان چیزی که توی سایت گذاشتن فرق داشت,1
3340,موها که خیلی چرب میکند برای تقویت خوبه است,1
3341,کبد را خیلی چرب میکند برای تقویت خوبه است,1
3342,موها را خیلی چرب میکند برای تقویت خوبه ؟,1
3343,میماسد کف ؟,1
3344,میماسد در دست,1
3345,سلام. من این کابل را از شوهرم هدیه گرفته بودم. متاسفانه زود خراب شد واقعا ناراحت شودم …,1
3346,سلام. من این کابل را برای شوهرم هدیه گرفته بودم. وقتی زود خراب شد واقعا ناراحت شودم …,1
3347,سلام. من این هدیه را برای شوهرم هدیه گرفته بودم. متاسفانه زود خراب شد واقعا ناراحت شودم …,1
3348,سلام. من این کابل را برای شوهرم هدیه گرفته بودم. متاسفانه زود خراب شد واقعا ناراحت شودم.,1
3349,سلام. من این کابل را برای شوهرم هدیه گرفته بودم. متاسفانه زود باعث شد واقعا ناراحت شودم …,1
3350,متسفانه بعد از ابکشی موهایم به حالت عادی برگشت و فایدهای ندارد.,1
3351,متسفانه پس از ابکشی موهایم به حالت اول برگشت و فایدهای ندارد.,1
3352,متسفانه بعد از ابکشی موهایم به حالت اول برگشت ولی فایدهای ندارد.,1
3353,متسفانه بعد از ابکشی موهایم به حالت اول برگشت و مشکلی ندارد.,1
3354,اصلا بدرد نمیخورد مرجوع کردم کار نمیکرد کلا وصل نمیشد توی گوشی و میافتاد,1
3355,اصلا بدرد نمیخورد مرجوع کردم کار نمیکرد کلا وصل نمیشد به گوشی راه میافتاد,1
3356,اصلا بدرد نمیخورد مرجوع کردم کار نمیکرد کلا وصل نمیشد به گوشی و.,1
3357,اصلا بدرد نمیخورد مرجوع کردم کار نمیکرد کلا وصل نمیشد به گوشی گیر میافتاد,1
3358,دو تا ازینها : در یک ماه اول هر دوتاش خراب شد. جویستیک یکیش + دکمه جهتای هر دوتاش شکست,1
3359,دو تا ازینها گرفتم در سه ماه اول هر دوتاش خراب شد. جویستیک یکیش + دکمه جهتای هر دوتاش شکست,1
3360,دو تا ازینها گرفتم در یک ماه اول هر دوتاش خراب شد. جویستیک از جهتای هر دوتاش شکست,1
3361,دو تا ازینها گرفتم در یک ماه اول هر دوتاش خراب شد. جویستیک یکیش + دکمه جهتای هر دوتاش.,1
3362,دو تا ازینها گرفتم در یک ماه اول هر دوتا خراب شد. جویستیک یکیش + دکمه جهتای هر دوتاش شکست,1
3363,عجیبه است توضیح ندادن ولی حتی در هم جایی به اینکه قابلاستفاده برای شارژه است اشاره نشده و کلا این کابل مخصوص انتقال دیتا هستش … حتی پاوربانک را هم شارژ نمیکند!!! و ان fast هم که نوشته ربطی به fast charge ندارد و برای انتقال دیتا نوشته!!! لطفا توضیحات را درست کنید,1
3364,عجیبه است که ندادن ولی حتی روش هم جایی به اینکه قابلاستفاده برای شارژه است اشاره نشده و کلا این کابل مخصوص انتقال دیتا هستش … حتی پاوربانک را هم شارژ نمیکند!!! و ان fast هم که نوشته ربطی به fast charge ندارد و برای انتقال دیتا نوشته!!! لطفا توضیحات را درست کنید,1
3365,عجیبه است توضیح ندادن ولی حتی روش هم جایی به اینکه قابلاستفاده برای شارژه است اشاره نشده و کلا این کابل مخصوص انتقال دیتا هستش … حتی پاوربانک را هم شارژ نمیکند!!! و ان fast هم که هیچ ربطی به fast charge ندارد و برای انتقال دیتا نوشته!!! لطفا توضیحات را درست کنید,1
3366,عجیبه است توضیح ندادن ولی حتی روش هم جایی به اینکه قابلاستفاده برای شارژه است اشاره نشده و کلا این شارژر مخصوص انتقال دیتا هستش … حتی پاوربانک را هم شارژ نمیکند!!! و ان fast هم که نوشته ربطی به fast charge ندارد و برای انتقال دیتا نوشته!!! لطفا توضیحات را درست کنید,1
3367,عجیبه است توضیح ندادن ولی حتی روش هم جایی به اینکه قابلاستفاده برای شارژه است اشاره نشده و کلا این کابل مخصوص انتقال شارژ هستش … حتی پاوربانک را هم شارژ نمیکند!!! و ان fast هم که نوشته ربطی به fast charge ندارد و برای انتقال دیتا نوشته!!! لطفا توضیحات را درست کنید,1
3368,عجیبه است توضیح ندادن ولی حتی روش هم راجع به اینکه قابلاستفاده برای شارژه است اشاره نشده و کلا این کابل مخصوص انتقال دیتا هستش … حتی پاوربانک را هم شارژ نمیکند!!! و ان fast هم که نوشته ربطی به fast charge ندارد و برای انتقال دیتا نوشته!!! لطفا توضیحات را درست کنید,1
3369,عجیبه است توضیح ندادن ولی حتی روش در جایی به اینکه قابلاستفاده برای شارژه است اشاره نشده و کلا این کابل مخصوص انتقال دیتا هستش … حتی پاوربانک را هم شارژ نمیکند!!! و ان fast هم که نوشته ربطی به fast charge ندارد و برای انتقال دیتا نوشته!!! لطفا توضیحات را درست کنید,1
3370,عجیبه است توضیح ندادن ولی حتی روش به جایی به اینکه قابلاستفاده برای شارژه است اشاره نشده و کلا این کابل مخصوص انتقال دیتا هستش … حتی پاوربانک را هم شارژ نمیکند!!! و ان fast هم که نوشته ربطی به fast charge ندارد و برای انتقال دیتا نوشته!!! لطفا توضیحات را درست کنید,1
3371,عجیبه است توضیح ندادن ولی حتی روش هم جایی به اینکه قابلاستفاده برای شارژه است اشاره نشده و کلا این کابل مخصوص انتقال دیتا هستش و پاوربانک را هم شارژ نمیکند!!! و ان fast هم که نوشته ربطی به fast charge ندارد و برای انتقال دیتا نوشته!!! لطفا توضیحات را درست کنید,1
3372,عجیبه است توضیح ندادن ولی حتی روش هم جایی به اینکه قابلاستفاده کابل شارژه است اشاره نشده و کلا این کابل مخصوص انتقال دیتا هستش … حتی پاوربانک را هم شارژ نمیکند!!! و ان fast هم که نوشته ربطی به fast charge ندارد و برای انتقال دیتا نوشته!!! لطفا توضیحات را درست کنید,1
3373,عجیبه است! ندادن ولی حتی روش هم جایی به اینکه قابلاستفاده برای شارژه است اشاره نشده و کلا این کابل مخصوص انتقال دیتا هستش … حتی پاوربانک را هم شارژ نمیکند!!! و ان fast هم که نوشته ربطی به fast charge ندارد و برای انتقال دیتا نوشته!!! لطفا توضیحات را درست کنید,1
3374,عجیبه است توضیح ندادن ولی حتی روش هم جایی به اینکه قابلاستفاده برای شارژه است اشاره نشده و کلا این کابل مخصوص انتقال دیتا هستش … حتی پاوربانک را هم شارژ نمیکند! و ان fast هم که نوشته ربطی به fast charge ندارد و برای انتقال دیتا نوشته!!! لطفا توضیحات را درست کنید,1
3375,اصلا پیشنهاد نمیکنم نرمکنندههای خانگی ارزان و معمولی خیلی بهتر از این عمل میکنن حتی با پیشنهاد ویژه هم نمیارزد,1
3376,اصلا پیشنهاد میکنم نرمکنندههای خیلی ارزان و معمولی خیلی بهتر از این عمل میکنن حتی با پیشنهاد ویژه هم نمیارزد,1
3377,اصلا پیشنهاد نمیکنم نرمکنندههای خیلی ارزان و گرانقیمت خیلی بهتر از این عمل میکنن حتی با پیشنهاد ویژه هم نمیارزد,1
3378,اصلا پیشنهاد نمیکنم نرمکنندههای خیلی ارزان و ارزانقیمت خیلی بهتر از این عمل میکنن حتی با پیشنهاد ویژه هم نمیارزد,1
3379,اصلا پیشنهاد نمیکنم نرمکنندههای خیلی ارزان و معمولی خیلی بهتراز این عمل میکنن حتی با پیشنهاد ویژه هم نمیارزد,1
3380,اصلا فکر نمیکنم نرمکنندههای خیلی ارزان و معمولی خیلی بهتر از این عمل میکنن حتی با پیشنهاد ویژه هم نمیارزد,1
3381,قالب بندی نامناسب ، قوطی را دور یک پلاستیک پیچیده بودن ، انگار مقدار ماده داخل ظرف کمتر از عدد میل بود ،,1
3382,بسته بندی نامناسب ، قوطی را دور یک پلاستیک پیچیده بودن ، انگار مقدار ماده داخل ظرف کمتر از حد میل بود ،,1
3383,بسته بندی نامناسب ، قوطی را دور یک پلاستیک پیچیده بودن ، انگار مقدار ماده داخل ظرف بیشتر از عدد میل بود ،,1
3384,بسته بندی نامناسب ، قوطی را در یک پلاستیک پیچیده بودن ، انگار مقدار ماده داخل ظرف کمتر از عدد میل بود ،,1
3385,بسته بندی نامناسب ، قوطی را دور یک پلاستیک پیچیده بودن ، و مقدار ماده داخل ظرف کمتر از عدد میل بود ،,1
3386,بسته بندی نامناسب ، قوطی را دور یک پلاستیک پیچیده بودن ، انگار مقدار ماده داخل ظرف کمتر از یک میل بود ،,1
3387,فکر میکردم که بهتراز اینها باشد ، ، من زیاد راضی نبودم و به نظرم یک چیز بیخودیه است,1
3388,فکر میکردم خیلی شبیه اینها باشد ، ، من زیاد راضی نبودم و به نظرم یک چیز بیخودیه است,1
3389,فکر میکردم خیلی بهتراز اینها باشد ، ، من اصلا راضی نبودم و به نظرم یک چیز بیخودیه است,1
3390,فکر میکردم خیلی بهتراز اینها باشد ، ، اما زیاد راضی نبودم و به نظرم یک چیز بیخودیه است,1
3391,فکر میکردم خیلی بهتراز اینها باشد ، ، من زیاد راضی نبودم و به نظر یک چیز بیخودیه است,1
3392,متاسفانه چراغش که من بخاطرش این محصول را برای فروش سفارش داده بودم کار نمیکند,1
3393,متاسفانه چراغش که من قبلا این محصول را برای دخترم سفارش داده بودم کار نمیکند,1
3394,متاسفانه چراغش که من بخاطرش این محصول را برای دخترم سفارش دادم کار نمیکند,1
3395,متاسفانه چراغش که من بخاطرش این محصول را برای دخترم قرار داده بودم کار نمیکند,1
3396,به اسم دو متری به من فروختند ولی این چیزی به من دادند طولش ماکسیمم عدد ٫ عدد متر هست,1
3397,به اسم دو متری به ما فروختند ولی این چیزی به من نگفت طولش ماکسیمم عدد ٫ عدد متر هست,1
3398,به اسم دو متری به ما فروختند ولی این چیزی به من دادند طولش ماکسیمم ۱ ٫ عدد متر هست,1
3399,یک اسم دو متری به ما فروختند ولی این چیزی به من دادند طولش ماکسیمم عدد ٫ عدد متر هست,1
3400,این اسم دو متری به ما فروختند ولی این چیزی به من دادند طولش ماکسیمم عدد ٫ عدد متر هست,1
3401,به اسم دو متری به ما فروختند ولی این چیزی به من دادند طولش این عدد ٫ عدد متر هست,1
3402,به هیچ عنوان کارایی ندارد ، تا وارد دندان شود پاره میشود و ازار دهنده است,1
3403,به هیچ عنوان کارایی ندارد ، تا وارد دندان شده پاره میشود که ازار دهنده است,1
3404,به هیچ عنوان کارایی ندارد ، وقتی وارد دندان شده پاره میشود و ازار دهنده است,1
3405,به هیچ عنوان کارایی ندارد ، تا وارد دندان شده پاره میشود و ازار دهندهی است,1
3406,به هیچ عنوان درد ندارد ، تا وارد دندان شده پاره میشود و ازار دهنده است,1
3407,داخل اطلاعات نوشته طول سیم عدد ٫ عدد متر هست در صورتیکه به زور به عدد - عدد سانت میرسد و فست شارژ.,1
3408,داخل اطلاعات نوشته طول سیم عدد ٫ عدد متر هست در صورتیکه با زور به عدد - عدد سانت میرسد و فست شارژ نیست,1
3409,داخل اطلاعات نوشته طول سیم عدد ٫ عدد متر هست در صورتیکه به زور به عدد - عدد متر میرسد و فست شارژ نیست,1
3410,داخل اطلاعات نوشته طول سیم ۱ ٫ عدد متر هست در صورتیکه به زور به عدد - عدد سانت میرسد و فست شارژ نیست,1
3411,داخل اطلاعات ، طول سیم عدد ٫ عدد متر هست در صورتیکه به زور به عدد - عدد سانت میرسد و فست شارژ نیست,1
3412,داخل این نوشته طول سیم عدد ٫ عدد متر هست در صورتیکه به زور به عدد - عدد سانت میرسد و فست شارژ نیست,1
3413,اصلا توصیه نمیکنم ان محصول را بخرید. مثل چسب هستش. موها خیلی سنگین میشود و انگار کلاهگیس سرت گذاشتی.,1
3414,اصلا توصیه نمیکنم این محصول را بخرید. مثل چسب هستش. موها خیلی نازک میشود و انگار کلاهگیس سرت گذاشتی.,1
3415,اصلا توصیه نمیکنم این محصول را بخرید. مثل چسب هستش. موها خیلی سنگین میشود. انگار کلاهگیس سرت گذاشتی.,1
3416,اصلا توصیه نمیکنم این محصول را بخرید. مثل چسب مو. موها خیلی سنگین میشود و انگار کلاهگیس سرت گذاشتی.,1
3417,اصلا توصیه نمیکنم این محصول را بخرید. مثل این هستش. موها خیلی سنگین میشود و انگار کلاهگیس سرت گذاشتی.,1
3418,اصلا توصیه نمیکنم این محصول را بخرید. مثل چسب هستش. موها خیلی سنگین میشود و انگار کلاهگیس هم گذاشتی.,1
3419,اگر بدرد نمیخورد نخرید,1
3420,اصلا بدرد نخور نخرید,1
3421,تاثیری ؟,1
3422,تاثیری.,1
3423,هیچی تاثیری نداشت با سه ماه استفاده نه سفید و نه لک را برد,1
3424,هیچی تاثیری نداشت با سه ماه استفاده نه سفید کرد نه سفید را برد,1
3425,هیچ تاثیری نداشت با سه ماه استفاده نه سفید کرد نه لک را برد,1
3426,هیچی تاثیری نداشت با سه ماه بازی نه سفید کرد نه لک را برد,1
3427,وقتی با این کابل میخواهستم گوشی asus zenfone عدد ze عدد ml را شارژ کنم با این پیغام روبرو شودم :,1
3428,وقتی با این گوشی میخواهستم گوشی asus zenfone عدد ze عدد ml را شارژ کنم با این پیغام مواجه شودم :,1
3429,وقتی با این کابل میخواهستم گوشی asus zenfone عدد ze عدد ml را روشن کنم با این پیغام مواجه شودم :,1
3430,اگر با این کابل میخواهستم گوشی asus zenfone عدد ze عدد ml را شارژ کنم با این پیغام مواجه شودم :,1
3431,وقتی با این کابل میخواهستم گوشی asus zenfone عدد ze عدد ml را شارژ کنم با این پاسخ مواجه شودم :,1
3432,وقتی با این کابل میخواهستم گوشی asus zenfone عدد ze عدد ml را پیدا کنم با این پیغام مواجه شودم :,1
3433,اصلا فکر نمیکنم مو بینهایت خشک میشود,1
3434,اصلا باور نمیکنم مو بینهایت خشک میشود,1
3435,اصلا پیشنهاد نمیکنم مو بینهایت خشک!,1
3436,این محصول را دو ماه خریدم و مدام استفاده میکنم. در مقایسه با برند هایی که کی از دوستانم استفاه میکند هیچ تاثیری ازش ندیدم متاسفانه!,1
3437,این محصول را دو ماه است و مدام استفاده میکنم. در مقایسه با برند سریتها که کی از دوستانم استفاه میکند هیچ تاثیری ازش ندیدم متاسفانه!,1
3438,این محصول را دو ماه دارم و مدام استفاده میکنم. در مقایسه با برند سریتها که کی از دوستانم استفاه میکند هیچ تاثیری ازش ندیدم متاسفانه!,1
3439,این محصول را دو ماه خریدم و مدام استفاده میکنم. در مقایسه با برند سریتها که کی از دوستانم استفاه میکند هیچ چیزی ازش ندیدم متاسفانه!,1
3440,این محصول را دو ماه خریدم و مدام استفاده میکنم. در مقایسه با برند سریتها که کی از دوستانم استفاه میکند هیچ تاثیری ازش ندیدمم!,1
3441,این محصول را دو ماه خریدم و مدام استفاده میکنم. در مقایسه با برند سریتها که کی از ان استفاه میکند هیچ تاثیری ازش ندیدم متاسفانه!,1
3442,این محصول را دو ماه خریدم و مدام استفاده میکنم. در رابطه با برند سریتها که کی از دوستانم استفاه میکند هیچ تاثیری ازش ندیدم متاسفانه!,1
3443,افتضاحترین لاک بازی کنی هست که تا به حال دیدم,1
3444,یک لاک پاک کنی هست که تا به حال دیدم,1
3445,افتضاحترین لاک پاک کنی هست که تا به امروز دیدم,1
3446,یه لاک پاک کنی هست که تا به حال دیدم,1
3447,قیمت بالا و قیمت تند. زبان را بد میسوزونه.,1
3448,قیمت بالا و سرعت تند. زبان را بد میسوزونه.,1
3449,قیمت تند و طعم تند. زبان را بد میسوزونه.,1
3450,قیمت بالا. طعم تند. زبان را بد میسوزونه.,1
3451,بهتر بود قشمت u شکل مقداری عریضتر میشد اتصال نخ دندان محکمتر طراحی میشد,1
3452,بهتر بود قشمت u شکل مقداری کمتر و اتصال نخ دندان محکمتر طراحی میشد,1
3453,بهتر بود قشمت u ۱۰ مقداری عریضتر و اتصال نخ دندان محکمتر طراحی میشد,1
3454,بهتر بود دندان u شکل مقداری عریضتر و اتصال نخ دندان محکمتر طراحی میشد,1
3455,اصلا ارزش خریدن ندارد حتی یک عدد تومان باشد!!,1
3456,اصلا ارزش خریدن ندارد حتی اگر عدد تومان نباشد!!,1
3457,اصلا ارزش خریدن نیست حتی اگر عدد تومان باشد!!,1
3458,اصلا ارزش خریدن ندارد حتی اگر عدد یک باشد!!,1
3459,به چشم نمیخورد,1
3460,اب درد نمیخورد,1
3461,من این عروسک برای نوزاد یک ماهه خریدم و اصلا به درد نمیخورد همان ناخنگیر بزرگسال هست که فقط روش عروسک چسباندن حتی برای کودک یکی دو ساله هم بزرگه است و ممکنه دستش را زخمی بکند,1
3462,من این را برای نوزاد یک ماهه خریدم و اصلا به درد نمیخورد همان ناخنگیر بزرگسال هست که فقط روش عروسک چسباندن حتی برای کودک یکی دو ساله هم بزرگهه و ممکنه دستش را زخمی بکند,1
3463,من این را برای نوزاد یک ماهه خریدم و اصلا هم درد نمیخورد همان ناخنگیر بزرگسال هست که فقط روش عروسک چسباندن حتی برای کودک یکی دو ساله هم بزرگه است و ممکنه دستش را زخمی بکند,1
3464,من این را برای نوزاد یک ماهه خریدم که اصلا به درد نمیخورد همان ناخنگیر بزرگسال هست که فقط روش عروسک چسباندن حتی برای کودک یکی دو ساله هم بزرگه است و ممکنه دستش را زخمی بکند,1
3465,من این را برای نوزاد یک ماهه خریدم و اصلا به درد نمیخورد همان ناخنگیر بزرگسال هست که فقط روش عروسک چسباندن حتی برای کودک یکی دو ساله هم خطرناک است و ممکنه دستش را زخمی بکند,1
3466,من این را برای نوزاد یک ماهه خریدم و اصلا به درد نمیخورد همان ناخنگیر بزرگسال هست که فقط روش عروسک چسباندن حتی برای کودک یکی دو ساله هم بزرگه نیست و ممکنه دستش را زخمی بکند,1
3467,من این را برای نوزاد یک ماهه خریدم و اصلا به درد نمیخورد همان ناخنگیر بزرگسال هست که فقط روش عروسک چسباندن حتی برای کودک یکی دو ساله هم بزرگه است و ممکنه دستش را هم بکند,1
3468,من این را برای نوزاد یک ماهه خریدم و اصلا به درد نمیخورد همان ناخنگیر بزرگسال است که فقط روش عروسک چسباندن حتی برای کودک یکی دو ساله هم بزرگه است و ممکنه دستش را زخمی بکند,1
3469,من عروسک را برای نوزاد یک ماهه خریدم و اصلا به درد نمیخورد همان ناخنگیر بزرگسال هست که فقط روش عروسک چسباندن حتی برای کودک یکی دو ساله هم بزرگه است و ممکنه دستش را زخمی بکند,1
3470,اصلا کیفیت پایین نخرید,1
3471,اصلا اشکالی ندارد نخرید,1
3472,فتضاحه که اگر یک اپسیلون تاثیر انگارمرطوب کننده میزنی حیف پول کرم ترک پای سیگل بزنیدشرف داره به این,1
3473,فتضاحه یعنی اگر به اپسیلون تاثیر انگارمرطوب کننده میزنی حیف پول کرم ترک پای سیگل بزنیدشرف داره به این,1
3474,فتضاحه یعنی اگر یک اپسیلون تاثیر انگارمرطوب کننده میزنی حیف که کرم ترک پای سیگل بزنیدشرف داره به این,1
3475,فتضاحه یعنی اگر یک اپسیلونی انگارمرطوب کننده میزنی حیف پول کرم ترک پای سیگل بزنیدشرف داره به این,1
3476,فتضاحه ، اگر یک اپسیلون تاثیر انگارمرطوب کننده میزنی حیف پول کرم ترک پای سیگل بزنیدشرف داره به این,1
3477,او خیلی کیفیتش افتضاحه است. اصلا بدرد نمیخورد,1
3478,خیلی خیلی هم افتضاحه است. اصلا بدرد نمیخورد,1
3479,ولی خیلی کیفیتش افتضاحه است. اصلا بدرد نمیخورد,1
3480,مثل اب میمونه مابع داخلش. من عادت دارم اول کامل محصول را استفاده کنم ، بعد نظر بدم. هیچگونه تاثیری را ازش ندیدم با اینکه دقیقا طبق روش مصرف استفاده کردم.,1
3481,مثل اب میمونه مابع داخلش. من عادت دارم اول کامل محصول رو استفاده کنم و بعد نظر بدم. هیچگونه تاثیری را ازش ندیدم با اینکه دقیقا طبق روش مصرف استفاده کردم.,1
3482,مثل اب میمونه مابع داخلش. من عادت دارم اول کامل محصول را استفاده کنم و بعد نظر بدم. هیچگونه تاثیری را ازش ندیدم تا اینکه دقیقا طبق روش مصرف استفاده کردم.,1
3483,مثل اب میمونه مابع داخلش. من عادت دارم اول کامل محصول را استفاده کنم و بعد نظر بدم. هیچگونه تاثیری را ازش ندیدم با اینکه دقیقا طبق الگوی مصرف استفاده کردم.,1
3484,مثل اب میمونه مابع داخلش. من عادت دارم اول کامل اب را استفاده کنم و بعد نظر بدم. هیچگونه تاثیری را ازش ندیدم با اینکه دقیقا طبق روش مصرف استفاده کردم.,1
3485,مثل اب میمونه مابع داخلش. من عادت داشتم اول کامل محصول را استفاده کنم و بعد نظر بدم. هیچگونه تاثیری را ازش ندیدم با اینکه دقیقا طبق روش مصرف استفاده کردم.,1
3486,مثل اب میمونه مابع داخلش. من عادت دارم اول کامل محصول را استفاده کنم و بعد نظر بدم. هیچگونه تاثیری را ازش نداشتم با اینکه دقیقا طبق روش مصرف استفاده کردم.,1
3487,مثل اب و مابع داخلش. من عادت دارم اول کامل محصول را استفاده کنم و بعد نظر بدم. هیچگونه تاثیری را ازش ندیدم با اینکه دقیقا طبق روش مصرف استفاده کردم.,1
3488,باعث ریزش مو میشود ، اصلا پیشنهاد نمیکنم,1
3489,باعث ریزش سرمایه میشود ، اصلا پیشنهاد نمیکنم,1
3490,موجب ریزش مو میشود ، اصلا پیشنهاد نمیکنم,1
3491,کیفیت ساخت و جنس صدا و رابطهای نری و مادگی خوب به نظر میاید. اما وقتی بدهستم رسید و تستش کردم. صدا را فقط بصورت مون را انتقال میدهد!,1
3492,کیفیت ساخت و جنس سیم و رابطهای نری و مادگی خوب به نظر میاید. اما وقتی بدهستم رسید و تستش میکنم. صدا را فقط بصورت مون را انتقال میدهد!,1
3493,کیفیت ساخت و جنس سیم و رابطهای نری و مادگی عالی به نظر میاید. اما وقتی بدهستم رسید و تستش کردم. صدا را فقط بصورت مون را انتقال میدهد!,1
3494,کیفیت ساخت و جنس سیم و رابطهای نری و مادگی خوب به نظر میاید. اما وقتی که رسید و تستش کردم. صدا را فقط بصورت مون را انتقال میدهد!,1
3495,کیفیت ساخت و جنس سیم و رابطهای نری و مادگی خوب به نظر میاید. اما وقتی بدهستم رسید و تستش کردم. صدا را فقط بصورت مون را انتقال دادم!,1
3496,کیفیت ساخت ، جنس سیم و رابطهای نری و مادگی خوب به نظر میاید. اما وقتی بدهستم رسید و تستش کردم. صدا را فقط بصورت مون را انتقال میدهد!,1
3497,نحوه ساخت و جنس سیم و رابطهای نری و مادگی خوب به نظر میاید. اما وقتی بدهستم رسید و تستش کردم. صدا را فقط بصورت مون را انتقال میدهد!,1
3498,کیفیت ساخت و جنس سیم و رابطهای نری و مادگی خوب به دست میاید. اما وقتی بدهستم رسید و تستش کردم. صدا را فقط بصورت مون را انتقال میدهد!,1
3499,برای من چرب میباشد چون پوست من خشک راضی نیستم,1
3500,این پوست چرب میباشد چون پوست من خشک راضی نیستم,1
3501,برای پوست چرب متاسفم چون پوست من خشک راضی نیستم,1
3502,برای پوست چرب میباشد برای پوست من خشک راضی نیستم,1
3503,این کابل فقطی ماه اول خوبه است بعدش هم جابجاش نکنی وگرنه قطع میشود,1
3504,این کابل فقطی ماه دیگه خوبه است بعدش باید جابجاش نکنی وگرنه قطع میشود,1
3505,این کابل فقطی ماه خیلی خوبه است بعدش باید جابجاش نکنی وگرنه قطع میشود,1
3506,این کابل فقطی ماه اول خوبه است و باید جابجاش نکنی وگرنه قطع میشود,1
3507,دکمه پاور خیلی ضعیفه و قسمت بالایی اصلا با بدنه چفت نمیشود,1
3508,دکمه هایش خیلی ضعیفه و قسمت پشتی اصلا با بدنه چفت نمیشود,1
3509,دکمه هایش خیلی ضعیفه و قسمت بالایی اصلا با بدنه هماهنگ نمیشود,1
3510,دکمه هایش خیلی ضعیفه اما قسمت بالایی اصلا با بدنه چفت نمیشود,1
3511,درب جعبه پاره!,1
3512,درب جعبه بسته شده بود,1
3513,قیمتش هم نسبت به سایتهای دیگر بالاست. صورتم پر از اب شد,1
3514,قیمتش هم نسبت به سایتهای مشابه بالاست. صورتم پر از جوش شد,1
3515,قیمتش هم نسبت به سایتهای دیگر بیشتر. صورتم پر از جوش شد,1
3516,قیمتش هم نسبت به سایتهای دیگر بالاست. صورتم پر از اشک شد,1
3517,افتضاحه است عدد روزه کم میشود,1
3518,افتضاحه است که روزه خراب میشود,1
3519,افتضاحه است عدد روزه خراب.,1
3520,من داخل شگفتانگیز عدد تاشو خریدم که متاسفانه دوتاش خراب بود و کار نمیکرد ، یدونشم شانسی بعضی وقتها شارژ میکند!!!,1
3521,من داخل شگفتانگیز عدد تاشو خریدم که متاسفانه دوتاش خراب بود و شارژ نمیکرد ، یدونشم شانسی بعضی وقتها شارژ نمیشد!!!,1
3522,من داخل شگفتانگیز عدد اهن خریدم که متاسفانه دوتاش خراب بود و شارژ نمیکرد ، یدونشم شانسی بعضی وقتها شارژ میکند!!!,1
3523,من داخل شگفتانگیز عدد تاشو خریدم که متاسفانه دوتاش خراب بود و شارژ نمیکرد ، ولی شانسی بعضی وقتها شارژ میکند!!!,1
3524,من داخل یک عدد تاشو خریدم که متاسفانه دوتاش خراب بود و شارژ نمیکرد ، یدونشم شانسی بعضی وقتها شارژ میکند!!!,1
3525,من داخل شگفتانگیز عدد تاشو خریدم که متاسفانه دوتاش خراب بود و شارژ نمیکرد ، یدونشم شانسی بعضی وقتها شارژ میکند!!!,1
3526,از نظر کمیت و کیفیت خیلی پایید است,1
3527,از نظر ظاهر و قیافه خیلی پایید است,1
3528,از نظر ظاهر و کیفیت خیلی پایید.,1
3529,بافت این ضد افتاب چیزی شبیه به کرم زینک اکسید هستش و با توجه به نوشتههای خود محصول کاملا گیاهی هستش ولی میزان حجم کرم خیلی کمه و خیلی گرونه است,1
3530,بافت کرم ضد افتاب چیزی شبیه به کرم زینک اکسید هستش و با توجه به نوشتههای خود محصول کاملا گیاهی هستش ولی میزان حجم کرم خیلی کمه و خیلی گرونه است,1
3531,بافت این ضد افتاب چیزی شبیه به کرم زینک اکسید هستش و با توجه به نوشتههای خود محصول کاملا گیاهی هستش ولی متاسفانه حجم کرم خیلی کمه و خیلی گرونه است,1
3532,بافت این ضد افتاب چیزی شبیه به کرم زینک اکسید است و با توجه به نوشتههای خود محصول کاملا گیاهی هستش ولی میزان حجم کرم خیلی کمه و خیلی گرونه است,1
3533,بافت این ضد افتاب چیزی شبیه به پودر زینک اکسید هستش و با توجه به نوشتههای خود محصول کاملا گیاهی هستش ولی میزان حجم کرم خیلی کمه و خیلی گرونه است,1
3534,بافت این ضد افتاب چیزی شبیه به کرم زینک اکسید هستش و با توجه به نوشتههای خود محصول کاملا گیاهی هستش ولی میزان حجم کرم خیلی کمه و خیلی گرونه.,1
3535,بافت این ضد افتاب چیزی شبیه به کرم زینک اکسید هستش و بدون توجه به نوشتههای خود محصول کاملا گیاهی هستش ولی میزان حجم کرم خیلی کمه و خیلی گرونه است,1
3536,بافت این ضد افتاب چیزی شبیه به کرم زینک اکسید هستش و با توجه به نوشتههای خود محصول کاملا گیاهی هستش ولی میزان این کرم خیلی کمه و خیلی گرونه است,1
3537,کاملا چرب.,1
3538,کاملا چرب!,1
3539,سلام دوستان این کالا وقتی به ایران رسید پایینش ترک داشت. درضمن جنس زوارش خیلی بده و دکمههای روی زوارش لق میخورد. در کل راضی نیستم.,1
3540,سلام دوستان این کالا وقتی به بازار رسید پایینش ترک داشت. درضمن جنس زوارش خیلی بده و دکمههای روی زوارش لق میخورد. در کل راضی نیستم.,1
3541,سلام دوستان این کالا وقتی از دستم رسید پایینش ترک داشت. درضمن جنس زوارش خیلی بده و دکمههای روی زوارش لق میخورد. در کل راضی نیستم.,1
3542,سلام دوستان این کالا وقتی به دستم میرسید پایینش ترک داشت. درضمن جنس زوارش خیلی بده و دکمههای روی زوارش لق میخورد. در کل راضی نیستم.,1
3543,سلام دوستان این کالا وقتی به دستم رسید پایینش ترک داشت. درضمن جنس زوارش خیلی بده و دکمههای روی زوارش لق بود. در کل راضی نیستم.,1
3544,سلام دوستان این کالا وقتی به دستم رسید پایینش ترک داشت. درضمن جنس زوارش خیلی بده و دکمههای روی زوارش لق شد. در کل راضی نیستم.,1
3545,سلام دوستان این گوشی وقتی به دستم رسید پایینش ترک داشت. درضمن جنس زوارش خیلی بده و دکمههای روی زوارش لق میخورد. در کل راضی نیستم.,1
3546,کوتاه بودن سیم بامشخصات اعلامشده. طوا سیم عدد یک عدد اعلام شدهولی طول سیم عدد متربود.,1
3547,کوتاه بودن سیم بامشخصات اعلامشده. طوا سیم عدد ٫ عدد اعلام شدهولی ضخامت سیم عدد متربود.,1
3548,کوتاه بودن سیم بامشخصات اعلامشده. طوا سیم عدد ۲ عدد اعلام شدهولی طول سیم عدد متربود.,1
3549,کوتاه بودن سیم بامشخصات اعلامشده. طوا سیم عدد ٫ عدد تعیین شدهولی طول سیم عدد متربود.,1
3550,کوتاه بودن سیم عدد اعلامشده. طوا سیم عدد ٫ عدد اعلام شدهولی طول سیم عدد متربود.,1
3551,دوستان توجه کنید برخلاف عکس که شاید فمر کنید قابش فلزیه است اصلا اینطور نیست و کاملا پلاستیکیه است وقتی در باز کردم دیدم پلاستیکه است تحویل نگرفتم,1
3552,دوستان توجه کنید برخلاف عکس که شاید فمر کنید قابش فلزیه است اصلا اینطور نیست و کاملا پلاستیکیه است وقتی امد باز هم دیدم پلاستیکه است تحویل نگرفتم,1
3553,دوستان توجه کنید برخلاف عکس که میخواهید فمر کنید قابش فلزیه است اصلا اینطور نیست و کاملا پلاستیکیه است وقتی امد باز کردم دیدم پلاستیکه است تحویل نگرفتم,1
3554,دوستان توجه کنید برخلاف عکس که شاید فمر کنید قابش فلزیه است اصلا اینطور نبوده و کاملا پلاستیکیه است وقتی امد باز کردم دیدم پلاستیکه است تحویل نگرفتم,1
3555,دوستان توجه کنید برخلاف عکس که شاید فمر کنید قابش فلزیه است اصلا اینطور نیست و کاملا پلاستیکیه است وقتی امد باز کردم دیدم پلاستیکی است تحویل نگرفتم,1
3556,دوستان توجه کنید برخلاف عکس که شاید فمر کنید قابش فلزیه است و اینطور نیست و کاملا پلاستیکیه است وقتی امد باز کردم دیدم پلاستیکه است تحویل نگرفتم,1
3557,دوستان توجه کنید برخلاف عکس که شاید فمر کنید قابش فلزیه است اصلا اینطور نیست و کاملا پلاستیکیه است وقتی امد باز کردم دیدم پلاستیکه است گفتم نگرفتم,1
3558,به هیچ عنوان تاثیر ندارد,1
3559,تحت هیج عنوان تاثیر ندارد,1
3560,به هیج عنوان صحت ندارد,1
3561,اصلا … حتی نمیتواند نصف لیسترین هم طراوت دندان قدرت داشته باشد ، تمام مدل سنسوداین و تمام مدل لیسترین را دارم که میگویم ، سنسوداین خمیر دندان هایش خوبه است فقط,1
3562,اصلا … حتی نمیتواند نصف لیسترین هم طراوت و قدرت داشته باشد ، تمام مدل سنسوداین و تمام مدل لیسترین را دارم که میگویم ، سنسوداین خمیر دندان هایش خوبه است.,1
3563,اصلا … حتی نمیتواند نصف لیسترین هم طراوت و قدرت داشته باشد ، تمام اسم سنسوداین و تمام مدل لیسترین را دارم که میگویم ، سنسوداین خمیر دندان هایش خوبه است فقط,1
3564,اصلا … حتی نمیتواند نصف لیسترین هم طراوت و قدرت داشته باشد ، تمام مدل سنسوداین و تمام مدل لیسترین. دارم که میگویم ، سنسوداین خمیر دندان هایش خوبه است فقط,1
3565,اصلا … حتی نمیتواند نصف لیسترین هم طراوت و قدرت داشته باشد ، تمام مدل سنسوداین و تمام مدل لیسترین را دارم که میگویم ، سنسوداین خمیر دندان هایش خوبه ، فقط,1
3566,اصلا … حتی نمیتواند نصف لیسترین ، طراوت و قدرت داشته باشد ، تمام مدل سنسوداین و تمام مدل لیسترین را دارم که میگویم ، سنسوداین خمیر دندان هایش خوبه است فقط,1
3567,اصلا … حتی نمیتواند نصف لیسترین هم باشد و قدرت داشته باشد ، تمام مدل سنسوداین و تمام مدل لیسترین را دارم که میگویم ، سنسوداین خمیر دندان هایش خوبه است فقط,1
3568,اصلا … هیچکس نمیتواند نصف لیسترین هم طراوت و قدرت داشته باشد ، تمام مدل سنسوداین و تمام مدل لیسترین را دارم که میگویم ، سنسوداین خمیر دندان هایش خوبه است فقط,1
3569,مثل یک فیلم اثر خاصی ندارد,1
3570,مثل یک جوهره اثر خاصی.,1
3571,هیچ یک جوهره اثر خاصی ندارد,1
3572,بیجهت گران است ، اما این قیمت ارزش خرید ندارد,1
3573,بیجهت گران است ، ولی این قیمت ارزش خرید ندارد,1
3574,بیجهت گران است ، با این حال ارزش خرید ندارد,1
3575,بیجهت گران است ، با این قیمت ارزش خرید ؟,1
3576,کابل قوی هستش اما متاسفانه بسیار سریع شارژ میکند,1
3577,کابل قوی هستش اما متاسفانه خیلی کند شارژ میکند,1
3578,خیلی قوی هستش اما متاسفانه بسیار کند شارژ میکند,1
3579,یه چیز کارامد و خوبیه است,1
3580,خیلی چیز کارامد و خوبی است,1
3581,خیلی چیز کارامد اما خوبیه است,1
3582,شامپو تاثیری ندارد را ریزش مو. مو وقتی ریزش شروع میشود نه این شامپو هیچ شامپویی تاثیری ندارد,1
3583,هیچ تاثیری ندارد را ریزش مو. مو وقتی ریزش شروع میشود نه با شامپو هیچ شامپویی تاثیری ندارد,1
3584,هیچ تاثیری ندارد را شامپو مو. مو وقتی ریزش شروع میشود نه این شامپو هیچ شامپویی تاثیری ندارد,1
3585,هیچ تاثیری نداره را ریزش مو. مو وقتی ریزش شروع میشود نه این شامپو هیچ شامپویی تاثیری ندارد,1
3586,هیچ تاثیری ندارد را ریزش مو. مو وقتی ریزش شروع میشود روی این شامپو هیچ شامپویی تاثیری ندارد,1
3587,اندازه این قاب عدد ٫ عدد اینچ هست که یعنی برای ایفون x / xs که عدد ٫ عدد اینچ هستن بزرگه است این قاب احتمالا برای ایفون xr هست که دیجیکالا اشتباهی زده برای x / xs,1
3588,اندازه این قاب عدد ٫ عدد اینچ هست که یعنی اندازه ایفون x / xs که عدد ٫ عدد اینچ هستن بزرگه است این قاب احتمالا برای ایفون xr بوده که دیجیکالا اشتباهی زده برای x / xs,1
3589,اندازه این قاب عدد ٫ عدد اینچ هستن که یعنی برای ایفون x / xs که عدد ٫ عدد اینچ هستن بزرگه است این قاب احتمالا برای ایفون xr بوده که دیجیکالا اشتباهی زده برای x / xs,1
3590,اندازه این قاب عدد - عدد اینچ هست که یعنی برای ایفون x / xs که عدد ٫ عدد اینچ هستن بزرگه است این قاب احتمالا برای ایفون xr بوده که دیجیکالا اشتباهی زده برای x / xs,1
3591,اندازه این قاب ۱ ٫ عدد اینچ هست که یعنی برای ایفون x / xs که عدد ٫ عدد اینچ هستن بزرگه است این قاب احتمالا برای ایفون xr بوده که دیجیکالا اشتباهی زده برای x / xs,1
3592,اندازه این قاب عدد ٫ عدد اینچ هست که یعنی برای ایفون x / xs که عدد ٫ عدد اینچ هستن بزرگه است این قاب احتمالا برای ایفون se بوده که دیجیکالا اشتباهی زده برای x / xs,1
3593,اندازه این قابها عدد ٫ عدد اینچ هست که یعنی برای ایفون x / xs که عدد ٫ عدد اینچ هستن بزرگه است این قاب احتمالا برای ایفون xr بوده که دیجیکالا اشتباهی زده برای x / xs,1
3594,اندازه این قاب عدد ٫ عدد اینچ هست که یعنی برای ایفون x / xs که عدد ٫ عدد اینچ هستن بزرگه است این قاب احتمالا برای ایفون xr بوده که دیجیکالا اشتباهی زده برای x / xs,1
3595,اندازه این قاب عدد ٫ عدد اینچ هست که یعنی برای ایفون x / xs که عدد ٫ عدد اینچ هستن بزرگتر است این قاب احتمالا برای ایفون xr بوده که دیجیکالا اشتباهی زده برای x / xs,1
3596,برای ps عدد ۱ کار نکرد,1
3597,برای ps عدد ۲ کار نکرد,1
3598,اما ps عدد اصلا کار نکرد,1
3599,من این کاور را خریدم دو روز.,1
3600,من این کاور را خریدم دو روز!,1
3601,من این کاور را گرفتم دو روز پیش,1
3602,من خریدم و خرابه … …. پس هم نمیگیرن … ….,1
3603,من خریدم و خرابهم … ازم پس هم نمیگیرن … ….,1
3604,من خریدم … خرابه … … ازم پس هم نمیگیرن … ….,1
3605,من خریدم و خرابه … … ازم رو هم نمیگیرن … ….,1
3606,من یک نسخه از داروخونه و یک بار از دیجی کالا این محصول را خریدم ، الان پنج ماهه استفاده میکنم ، من که تقویت مویی ندیدم ، همراه با شامپو سینره استفاده کردم ، البته اینم بگم ریزش مو را کاهش میدهد نمیدانم اثر اینه یا اثر شامپو یا اثر استفاده توام ، ولی باز هم میگویم اصلا را تقویت مو تاثیر ندارد ،. نظر در مهمه,1
3607,من دو بار از داروخونه و یک بار از دیجی کالا این محصول را خریدم ، الان پنج ماهه استفاده میکنم ، من که تقویت مویی ندیدم ، همراه با شامپو سینره استفاده کردم ، البته اینم بگم ریزش مو را کاهش میدهد نمیدانم اثر اینه یا اثر شامپو یا اثر استفاده توام ، ولی باز هم میگویم اصلا را تقویت مو تاثیر ندارد ،. نظر در مهمه,1
3608,من یک بار از داروخونه و یک بار از دیجی کالا این محصول را خریدم ، الان پنج ماهه استفاده میکنم ، من که تقویت مویی ندیدم ، همراه با شامپو سینره استفاده کردم ، البته باید بگم ریزش مو را کاهش میدهد نمیدانم اثر اینه یا اثر شامپو یا اثر استفاده توام ، ولی باز هم میگویم اصلا را تقویت مو تاثیر ندارد ،. نظر در مهمه,1
3609,من یک بار از داروخونه و یک بار از دیجی کالا این محصول را خریدم ، الان پنج ماهه استفاده میکنم ، من اثر تقویت مویی ندیدم ، همراه با شامپو سینره استفاده کردم ، البته اینم بگم ریزش مو را کاهش میدهد نمیدانم اثر اینه یا اثر شامپو یا اثر استفاده توام ، ولی باز هم میگویم اصلا را تقویت مو تاثیر ندارد ،. نظر در مهمه,1
3610,من یک بار از داروخونه و یک بار از دیجی کالا این محصول را خریدم ، الان پنج ماهه استفاده میکنم ، من که تقویت مویی ندیدم ، همراه با شامپو سینره استفاده کردم ، البته اینم بگم ریزش مو را کاهش میدهد نمیدانم اثر اینه یا اثر شامپو یا اثر استفاده است ، ولی باز هم میگویم اصلا را تقویت مو تاثیر ندارد ،. نظر در مهمه,1
3611,من یک بار از داروخونه و یک بار از دیجی دیگر این محصول را خریدم ، الان پنج ماهه استفاده میکنم ، من که تقویت مویی ندیدم ، همراه با شامپو سینره استفاده کردم ، البته اینم بگم ریزش مو را کاهش میدهد نمیدانم اثر اینه یا اثر شامپو یا اثر استفاده توام ، ولی باز هم میگویم اصلا را تقویت مو تاثیر ندارد ،. نظر در مهمه,1
3612,من یک بار از داروخونه و یک بار از دیجی کالا این محصول را خریدم ، الان پنج ماهه استفاده میکنم ، من که تقویت مویی ندیدم ، فقط با شامپو سینره استفاده کردم ، البته اینم بگم ریزش مو را کاهش میدهد نمیدانم اثر اینه یا اثر شامپو یا اثر استفاده توام ، ولی باز هم میگویم اصلا را تقویت مو تاثیر ندارد ،. نظر در مهمه,1
3613,من یک بار از داروخونه و یک بار از دیجی کالا این محصول را خریدم ، الان پنج بار استفاده میکنم ، من که تقویت مویی ندیدم ، همراه با شامپو سینره استفاده کردم ، البته اینم بگم ریزش مو را کاهش میدهد نمیدانم اثر اینه یا اثر شامپو یا اثر استفاده توام ، ولی باز هم میگویم اصلا را تقویت مو تاثیر ندارد ،. نظر در مهمه,1
3614,من یک بار از داروخونه و یک بار از دیجی کالا این محصول را خریدم ، الان پنج ماهه استفاده میکنم ، من که تقویت مویی ندیدم ، همراه با شامپو هم استفاده کردم ، البته اینم بگم ریزش مو را کاهش میدهد نمیدانم اثر اینه یا اثر شامپو یا اثر استفاده توام ، ولی باز هم میگویم اصلا را تقویت مو تاثیر ندارد ،. نظر در مهمه,1
3615,من یک بار از داروخونه و یک بار از دیجی کالا این محصول را خریدم ، الان پنج ماهه استفاده میکنم ، من که تقویت مویی داشتم ، همراه با شامپو سینره استفاده کردم ، البته اینم بگم ریزش مو را کاهش میدهد نمیدانم اثر اینه یا اثر شامپو یا اثر استفاده توام ، ولی باز هم میگویم اصلا را تقویت مو تاثیر ندارد ،. نظر در مهمه,1
3616,من یک بار از داروخونه و یک بار از دیجی کالا این محصول را خریدم ، الان پنج ماهه استفاده میکنم ، من که تقویت مویی ندیدم ، همراه با یک سینره استفاده کردم ، البته اینم بگم ریزش مو را کاهش میدهد نمیدانم اثر اینه یا اثر شامپو یا اثر استفاده توام ، ولی باز هم میگویم اصلا را تقویت مو تاثیر ندارد ،. نظر در مهمه,1
3617,من یک بار از داروخونه و یک بار از دیجی کالا این محصول را خریدم ، الان پنج ماهه استفاده میکنم ، من که تقویت مویی ندیدم ، همراه با شامپو سینره استفاده کردم ، البته اینم بگم ریزش مو را کاهش میدهد نمیدانم اثر اینه یا اثر شامپو یا اثر استفاده توام ، ولی باز هم میگویم اصلا را تقویت مو تاثیر ندارد ،. نظر در مهمه,1
3618,من یک بار از داروخونه و یک بار از دیجی کالا این محصول را خریدم ، الان پنج ماهه استفاده میکنم ، من هیچ تقویت مویی ندیدم ، همراه با شامپو سینره استفاده کردم ، البته اینم بگم ریزش مو را کاهش میدهد نمیدانم اثر اینه یا اثر شامپو یا اثر استفاده توام ، ولی باز هم میگویم اصلا را تقویت مو تاثیر ندارد ،. نظر در مهمه,1
3619,من یک بار از داروخونه و یک بار از دیجی کالا این محصول را خریدم ، الان پنج ماهه استفاده میکنم ، من که تقویت مویی ندیدم ، همراه با شامپو سینره استفاده کردم ، البته اینم بگم ریزش مو را کاهش میدهد نمیدانم اثر استفاده یا اثر شامپو یا اثر استفاده توام ، ولی باز هم میگویم اصلا را تقویت مو تاثیر ندارد ،. نظر در مهمه,1
3620,من یک بار از داروخونه و یک بار از دیجی کالا این محصول رو خریدم ، الان پنج ماهه استفاده میکنم ، من که تقویت مویی ندیدم ، همراه با شامپو سینره استفاده کردم ، البته اینم بگم ریزش مو را کاهش میدهد نمیدانم اثر اینه یا اثر شامپو یا اثر استفاده توام ، ولی باز هم میگویم اصلا را تقویت مو تاثیر ندارد ،. نظر در مهمه,1
3621,اصلا با عکسی برای یک محصول گذاشتن تفاوت داشت از همه نظر رنگش ، کیفیت ، چروک بود ، نوع مدل با مدلی که گذاشته بودن فرق داشت و …,1
3622,اصلا با عکسی برای این محصول گذاشتن تفاوت داشت از همه مهمتر رنگش ، کیفیت ، چروک بود ، نوع مدل با مدلی که گذاشته بودن فرق داشت و …,1
3623,اصلا با انچه برای این محصول گذاشتن تفاوت داشت از همه نظر رنگش ، کیفیت ، چروک بود ، نوع مدل با مدلی که گذاشته بودن فرق داشت و …,1
3624,اصلا با عکسی برای این محصول که تفاوت داشت از همه نظر رنگش ، کیفیت ، چروک بود ، نوع مدل با مدلی که گذاشته بودن فرق داشت و …,1
3625,اصلا چه عکسی برای این محصول گذاشتن تفاوت داشت از همه نظر رنگش ، کیفیت ، چروک بود ، نوع مدل با مدلی که گذاشته بودن فرق داشت و …,1
3626,اصلا با عکسی برای این محصول گذاشتن تفاوت داشت از همه نظر رنگش ، کیفیت ، چروک بود ، نوع مدل با مدلی که گذاشته بودن تفاوت داشت و …,1
3627,اصلا با عکسی برای این محصول گذاشتن تفاوت داشت از همه نظر رنگش ، کیفیت ، چروک بود ، نوع مدل با مدلی که گذاشته بودن فرق داشت و.,1
3628,اصلا با عکسی برای این محصول گذاشتن تفاوت نداشت از همه نظر رنگش ، کیفیت ، چروک بود ، نوع مدل با مدلی که گذاشته بودن فرق داشت و …,1
3629,من الان عدد روزه استفاده کردم ولی فعلا نتیجه خوبی گرفتم تاثیری تاالان نداشت,1
3630,من الان عدد روزه استفاده کردم ولی فعلا نتیجه خوبی ندیدم و تاالان نداشت,1
3631,تا الان عدد روزه استفاده کردم ولی فعلا نتیجه خوبی ندیدم تاثیری تاالان نداشت,1
3632,من الان عدد روزه استفاده میکنم ولی فعلا نتیجه خوبی ندیدم تاثیری تاالان نداشت,1
3633,من دوتا تا کابل خریدم ، هردو بعد یکماه است استفاده از کار افتادن ، یکی به شدت داغ میشد موقع استفاده و ان یکی بطور کلی قطع شد ، عمرش خیلی کوتاهه است ، به هیچ عنوان پولتان را پای این محصول هدر ندهید,1
3634,من دوتا ازید کابل خریدم ، هردو بعد یکماه است استفاده از کار افتادن ، یکی به شدت قطع میشد موقع استفاده و ان یکی بطور کلی قطع شد ، عمرش خیلی کوتاهه است ، به هیچ عنوان پولتان را پای این محصول هدر ندهید,1
3635,من دوتا ازید کابل خریدم ، هردو بعد یکماه است استفاده از کار افتادن ، یکی به شدت داغ میشد موقع استفاده و ان یکی بطور کلی قطع شد ، عمرش خیلی کوتاهه است ، به هیچ عنوان پولتان را پای این محصول هدر.,1
3636,من یک ازید کابل خریدم ، هردو بعد یکماه است استفاده از کار افتادن ، یکی به شدت داغ میشد موقع استفاده و ان یکی بطور کلی قطع شد ، عمرش خیلی کوتاهه است ، به هیچ عنوان پولتان را پای این محصول هدر ندهید,1
3637,من دوتا ازید کابل خریدم ، هردو بعد روشن است استفاده از کار افتادن ، یکی به شدت داغ میشد موقع استفاده و ان یکی بطور کلی قطع شد ، عمرش خیلی کوتاهه است ، به هیچ عنوان پولتان را پای این محصول هدر ندهید,1
3638,من دوتا ازید کابل خریدم ، هردو بعد یکماه است استفاده از کار افتادن ، یکی با شدت داغ میشد موقع استفاده و ان یکی بطور کلی قطع شد ، عمرش خیلی کوتاهه است ، به هیچ عنوان پولتان را پای این محصول هدر ندهید,1
3639,من دوتا ازید کابل خریدم ، هردو بعد یکماه است استفاده از کار افتادن ، یکی به شدت داغ میشد موقع استفاده و ان یکی بطور کلی قطع شد ، عمرش خیلی کوتاهه است ، به هیچ عنوان پولتان را پای این محصول هدر!,1
3640,من دوتا ازید کابل خریدم ، هردو بعد یکماه است استفاده از کار افتادن ، یکی به شدت داغ میشد موقع استفاده و ان یکی بطور کلی قطع شد ، عمر خیلی کوتاهه است ، به هیچ عنوان پولتان را پای این محصول هدر ندهید,1
3641,من دوتا ازید کابل خریدم ، هردو بعد یکماه است استفاده از کار افتادن ، یکی به شدت داغ میشد موقع استفاده و ان یکی بطور کلی قطع شد ، عمرش خیلی زیاد است ، به هیچ عنوان پولتان را پای این محصول هدر ندهید,1
3642,من دوتا ازید کابل خریدم ، هردو بعد یکماه است استفاده از کار افتادن ، یکی به شدت خراب میشد موقع استفاده و ان یکی بطور کلی قطع شد ، عمرش خیلی کوتاهه است ، به هیچ عنوان پولتان را پای این محصول هدر ندهید,1
3643,یکی دوتا ازید کابل خریدم ، هردو بعد یکماه است استفاده از کار افتادن ، یکی به شدت داغ میشد موقع استفاده و ان یکی بطور کلی قطع شد ، عمرش خیلی کوتاهه است ، به هیچ عنوان پولتان را پای این محصول هدر ندهید,1
3644,پول رو ریختی دور اگر بخری,1
3645,پول در ریختی دور کن بخری,1
3646,پول در راه دور اگر بخری,1
3647,.,1
3648,:,1
3649,این وسیله فقط عدد روز برای من کار.,1
3650,این بار فقط عدد روز برای من کار کرد,1
3651,این وسیله فقط عدد روز برای من ارسال کرد,1
