text,label
باید آن را کاملا بشویید تا از روی صورتتان پاک شود. بوی ملایمی هم داره... من پوستم مختلطه. خیلی نازک است. من روزی یکبار استفاده میکنم فقط روی قسمت چرب پوستم هست,1
خوبه ولی روی موهام تاثیر زیادی نداشت,0
نخرید رنگش جدا میشه,1
بوی خوبی داره و خوب تمیز میشه ولی اسکرابش قوی نیست,0
هفته پیش گرفتمش ظاهرش خیلی خوبه ولی بعدا به تعداد روزهای پریودش لبش شکست و دیگه کار نمیکنه. و اصلا توصیه نمیکنم,1
من یک هفته است که استفاده می کنم و واقعا تاثیرش را دیدم. من حتما آن را توصیه می کنم,0
حتما بخرید,0
هرچقدر هم بگم این کرم کمرنگه... به سختی روی پوست پخش میشه و چند دقیقه حس میکنی چیزی به صورتت چسبیده. روکش متوسطی داره، رنگش برای من که برنزم تقریبا یک درجه روشنه و برای سبز یا قهوه ای تیره خوبه. به طور کلی، من دیگر هرگز پیش او نمی روم. برخلاف سایر محصولات این برند.,1
فوق العاده است و موها را نرم و براق می کند,0
من آن را در یک پیشنهاد ویژه دریافت کردم. خوب بود,0
عالی,0
با تشکر از دیجی کالا برای ارسال محصولات با کیفیت,0
متأسفانه به دلیل تعارفات زیادی که دریافت کرد، آن را خریدم. اصلا تاثیری روی جوش نداره. پوست را به شدت خشک و کدر می کند.,1
به سرعت جذب پوست می شود و رایحه ای فوق العاده دارد,0
کیفیتش خوبه، شیشه هم داره.,0
عالی بود . اگر مثل من از جوش های سرسیاه روی بینی خود متنفرید و هر طور که آنها را تمیز کنید باز هم آن ها را دارید، حتما از این ماسک استفاده کنید.,0
آنچه وی در تعریف این محصول در مورد ظرف نگهداری می نویسد: «ظرف اشک ماسک پوردرم از شیشه شفاف ساخته شده و داخل آن پنبه است.» به هیچ وجه صحت ندارد و بسته بندی آن کاغذی است و ندارد. به هر شکلی به شکل ذکر شده در توضیحات شبیه باشد.,1
بسته بندی عالی از نظر رنگ من خیلی دوستش دارم خرید خرید,0
سلام خدمت دوستان عزیز,0
سلام . جنس این کوله پشتی بسیار بد است و بیشتر شبیه کیف مدرسه است تا کوله پشتی لپ تاپ. مناسب است به نوع کالا توجه بیشتری شود,1
به عنوان پد روزانه بسیار خوب است,0
او یک کابل با کیفیت و بدون مشکل برداشت,0
من اینو خریدم و وقتی گرفتم دیدم همون گلوله هست برای گوشی هیچ کاری نمیکنه و برگردوندم. من به هیچ وجه توصیه نمی کنم برای آن هزینه کنید.,1
من پیشنهاد شگفت انگیز را دریافت کردم، برای یک عمر کار می کند,0
سلام . الیاف این برس کیفیت خوبی نداشت و با هر برس زدن از جای خود بیرون کشیده می شد.,1
عطر خوبی داره سبک است و چرب و سنگین نیست. قبل از آرایش به خوبی روی پوست می خوابد,0
برای دوستم گرفتم خوب و با کیفیت بود,0
از نظر کیفیت ساخت واقعا عالی است و در برابر ضربه بسیار مقاوم است، حتی ال سی دی نیز به دلیل لبه برآمده قاب از ضربه محافظت می شود.,0
من بعد از امتحان بیش از بیست برند داخلی و خارجی این را امتحان کردم. واقعا عالیه این روغن را کنترل می کند، خارش را از بین می برد و حتی شوره سر را برای من کنترل می کند.,0
عالیه من رنگ مشکی رو گرفتم واقعا عالیه,0
خیلی بد لکه می کنه، قشنگه، معلومه که مالیدن چیزی روی خودت خیلی غیر طبیعیه، رنگ جردن خیلی طبیعی تره,1
زیاد بده، هیچ کمکی نمی کند,1
آبی روشن سفارش دادم رنگش مثل عکس نبود چند روزی که استفاده کردم گوشه قاب خودش شکست.,1
کار می کند، اما باید چندین بار از آن استفاده کنید تا تاثیر آن را ببینید,0
کیفیت کرم هنوز نیاز به تحقیق و ارائه بهتر دارد. بر روی صورت سبک و موثر است. به دلیل داشتن فناوری نانو در مدت اثرگذاری و درمان و همچنین زیبایی پوست به طور طبیعی ضد آکنه است. این محصول سنگین است,0
قطعات نگهدارنده گوشی از مواد بدی ساخته شده و خیلی زود فرسوده می شوند و در صورت گم شدن گوشی یا از گوشی جدا می شود یا می شکند.,1
عالیه پوست را باز و روشن می کند,0
عالی بود,0
چرمش خوبه با اینکه رنگش با اون عکس فرق میکنه آبی مایل به سبزه. قیمتش خیلی بالاست مشکل این است که آینه لبه ها را نمی پوشاند.,0
خیلی خوب است. راضیم تخفیف خوبی هم داره,0
چقدر طول می کشد تا آن را دریافت کنم!,0
این شگفت انگیزه. هم از نظر قیمت و هم از نظر کیفیت,0
خیلی عالیه فقط یه کم کوتاهه,0
خیلی خوب بود من واقعا ازش راضیم...نسبت به قیمتش عالیه...حتی اولین بار که استفاده میکنی تاثیرش رو میبینی...ممنونم دی جی,0
کرم خیلی خوبیه,0
خوب,0
طرحش خیلی باحاله من رنگ قهوه ای تیره گرفتم و خیلی ازش راضیم,0
از همه طرف به خوبی از گوشی محافظت می کند / کیفیت و مواد خوب است / فقط کمی اثر انگشت باقی می ماند.,0
عالی,0
این کابل فقط چند ثانیه گوشی رو شارژ میکنه و بعد قطع میشه... با انواع باطری و پورت یو اس بی امتحان کردم. قطع خواهد شد.,1
در کل مقرون به صرفه و عالی,0
مشخصاتی مثل عکس نداشت یعنی +++pa نداشت ولی چون سان سنس محصولات خوبی داره پس ندادم. اگر PA برای شما مهم است، این کرم برای شما مناسب نیست.,0
همه چیز خوب است,0
بوی خوبی دارد و روشن کننده است اما بعد از چند دقیقه باید شسته شود,0
سلام,1
من از چندین پد مختلف استفاده کرده ام اما این پد ایپک از نظر کیفیت و نوع از جمله دوخت دور لنت و جنس آن بسیار عالی است.,0
خیلی دوست داشتنی,0
مسواک خوبه من راضیم تمیز میکنه ولی مدت زمان مسواک زدن زیاده.,0
مانیتورهای سری جدید بانکی علاوه بر کیفیت معمول، دارای سیستم هوشمند هماهنگی با محیط هستند. بسته به نوع رنگ و شدت نور محیط، صفحه نمایش آن تنظیم می شود.,0
عملکرد بسیار خوبی دارد، اما به دلیل غلظت کم، استفاده از آن برای کودکان دشوار است.,0
تاثیر نمی گذارد,1
آنها واقعا برای پوست های چرب ایده آل هستند، آبرسانی خوبی دارد و سریع جذب می شود، برس نیز عالی است,0
برای تنوع رنگ های آبی و صورتی بگیرید، زیبا هستند,0
حتی ماسک زغال هم بهتر از این است. چون ازش تعریف کردند خریدم ولی برای من که پوست روشن و چرب دارم خوب نبود. هیچ تاثیری ندارد. کمی رنگ به پوست می دهد و شستن آن سخت است.,1
اولش مردد بودم که بخرم یا نه بعد وقتی گرفتم واقعا تعجب کردم اما بعد از مدتی چسب خراب شد و دیگر قابل استفاده نیست.,1
حیف که من واقعا پولم را هدر دادم چون آنتن گوشی کاملا خراب شده است,1
من شماره ماه خریدم,0
از اینکه پوستم احساس سنگینی نمیکنه و اول روی پوست میدرخشه ولی بعد کم میشه راضی هستم. من یک کرم فرانسوی به قیمت همون نوع مایع خریدم. درست مثل همین کرم اولی بود، صورت را براق می کرد، اما بوی بدی هم داشت. فکر نمی کنم این یکی هم بوی بدی بدهد,0
برای من عالی، از هر نظر عالی,0
قابل قبول بود,0
نام های سامسونگ زیر مدل grand perym فقط کار می کند، در بالا کار نمی کند,1
افتضاح به معنای واقعی کلمه. جوش ها را زیاد می کند. احساس می کنید مایع ظرفشویی را روی صورتتان می پاشید. دوتا درست کردم اما من بعد از چند بار استفاده از آن منصرف شدم. من از کسانی که کلی تعریف کرده اند تعجب می کنم. دوستان عزیز نظرات شما در تصمیم گیری دیگران موثر است. پس لطفا در نظر دادن دقت کنید,1
ماندگاری خوبی دارد و خیلی سریع خشک می شود,0
از اینکه پوستم شفاف تر شده راضی هستم,0
اصلا کیفیت نداره,1
اگر به دنبال کابل شارژ شماره کنتور هستید شک نکنید واقعا محصول مناسب و با کیفیتی است,0
کرم خوبی هست من راضی بودم,0
بهترین نخ دندان در بین تمامی برندها,0
بوش خوبه,0
رنگ آن با پوست هماهنگ است,0
رنگ خوبی دارد و غلظت مناسبی دارد و به راحتی و روان روی سطح ناخن پخش می شود,0
کابل بسیار با کیفیت و اصلی است,0
این محلول هیچ تاثیر مثبتی ندارد، فقط حنای موجود در آن رنگ کمرنگی می دهد، تاثیر مثبتی روی موها ندارد و فقط برای سازنده این محلول یعنی شرکت تلسام مفید است.,1
برای محافظت از گوشی مناسب است اما رنگ اطراف قاب پس از چند ساعت استفاده خیلی سریع پاک می شود,1
از دیدن این صابون در دیجی کالا خوشحالم.,0
من اینو خریدم با توجه به اینکه رابط داخل کارتن گوشیم گم شده و تا الان فقط یکبار از شماره برای آیفون استفاده کردم و خوب بود.,0
این اسکراب آنقدر دوست داشتنی و فوق العاده است که من هنوز سفارش نداده ام. میخوام یکی دیگه بگیرم صورت را شفاف و درخشان می کند و حس طراوت و شادابی می دهد. حتی اولین بار که از آن استفاده می کنید، می توانید تأثیر آن را ببینید. صورتم شبیه آینه است حتما پیشنهاد میکنم و از دیجی کالا میخواهم قیمتش را پایین بیاورد تا بیشتر سفارش دهیم. با تشکر از دیجی,0
فرزند پسر,1
کابلی که فرستاده شده نه تنها مثل عکس نبود بلکه اصلا کار نمیکرد!,1
سریع خشک می شود و ماندگاری دارد، اما اصلا این رنگ نیست، کاملا سبز است,0
واقعا تاثیرگذار است,0
خیلی کم کف میکنه ولی بوی خوبی داره مخصوصا هلو.. من با پیشنهاد عالی خریدمش و قیمتش عالی بود.,0
بوی خوبی داره بعد از استفاده احساس میکنم پوستم روشن تر شده,0
از نظر اثربخشی این کرم عالی بود,0
من این ماسک را خریدم و در هفته اول متوجه تاثیر فوق العاده آن شدم، موهایم شکننده، خشک و ریزش شده بود. ماسک آن را تقویت و نرم کرد.,0
لطافت فوق العاده ای به پوست میده، در ابتدا با نظر همسرم از این لوسیون استفاده کردم و خشکی پوست رو کاملا برطرف کرد و الان به صورت عادت از این لوسیون استفاده میکنم چون بعد از استفاده حس خیلی خوبی به آدم میده.,0
پوشش خوب برای پوست های چرب عالی است,0
کیفیت محصول بسیار خوب است اما قیمت محصول بالاست,0
چراغ نشانگر شارژ وجود ندارد,0
این کار نمی کند,1
خیلی خوب . تمام آلودگی های روی پوست و داخل منافذ پوست را به راحتی پاک می کند و آرایش ضد آب نیز به راحتی پاک می شود. ممنون همسرم که منو انتخاب کردی,0
لطفا آن را در دسترس قرار دهید. خیلی خوب بود. من ازش راضی بودم,0
با توجه به قیمت شگفت انگیز ارزش خرید دارد,0
این کابل دو روز پیش رسید فقط اسم سامسونگ سمت تایپ c مثل عکس داخلش نیست,0
عالی فقط قیمتش بالاست,0
مثل اورجینال عالی کار میکنه,0
اگر ژل شستشوی صورت می خواهید انتخاب خوبی نیست، اما اگر به دنبال یک اسکراب ملایم و لایه بردار هستید، انتخاب خوبی است.,1
برای پوست های چرب مناسب است,1
عالی و سریع,0
نسبت به قیمتش خیلی خوبه یک ماهه مثل کابل اصلی کار میکنه,0
این نوار بهداشتی اندازه مناسبی دارد و داشتن چهار بال ایده بسیار خوبی است,0
این دومین بار است که این ژل را می خرم، عالی است، بعد از اینکه صورتم را با آب میسلار تمیز کردم، صورتم را با این ژل می شوم و می گذارم 30 ثانیه بماند و سپس می شوییم. اصلا آکنه ایجاد نمیکنه و بعد از استفاده به پوستم لطافت و بوی خیلی خوبی میده. اگر می دانستم که تاریخ دارد، دو تا از آنها را می گرفتم. در خرید آن شک نکنید. با تشکر از دیجی کالا برای فروش این محصول با قیمت مناسب,0
اصلا دوفاز خوبی نیست و خیلی موها رو خشک میکنه، نلی بلو دوفاز خیلی بهتر از این محصوله.,1
نسبت به قیمتش خوبه من رنگ مشکی رو گرفتم، ظاهرش خوبه، سایزش خوبه و خوب میاد. من اصلا گوشیمو گم نمیکنم از نظر حفاظتی نظر بدم. در کل راضی هستم. علاوه بر این، نمونه های گران تری از این طرح وجود دارد که یکی هستند و هیچ تفاوتی با این طرح ندارند.,0
قطر محصول در زمان خرید مشخص نشده است,0
بعد از حدود یک سال استفاده هنوز هم کاملا شارژ می شود، کیفیتش واقعا عالی است و مهمتر از آن طول آن برای خرید جذاب است.,0
هم قیمت و هم کیفیت مناسب بود,0
موهای من به دلیل استفاده از سفید کننده بسیار خشک شده است. من بعد از حمام از این کرم استفاده میکنم خوبه ولی نسبت به کرم قبلی مارک دیگه نرم کننده کمتری میده.,0
خوب است,0
به قیمتش نمی ارزه,1
مورد اشتباه یک mini USB بود، اما من یک نوع C به عنوان جایزه گرفتم,0
بسیار توصیه می شود,0
پلاستیک بازیافت می شود. نکات واضح روش داده شده را نخرید,1
برای این قیمت مناسب است,0
لپ تاپ شماره به راحتی با ظروف غذا، کتاب و جزوات جا می شود و کیفیت خوبی دارد,0
من یک شماره برای اچ تی سی خریدم,0
سلام,0
امروز گرفتم من مدتی است که از محصولات پرایم استفاده می کنم و از آنها راضی هستم.,0
عالی,0
پیشنهاد میکنم بخرید قیمت مناسبی داره سبکه و کاملا روی گوشی جا میگیره خیلی خوبه,0
کابلش خوبه ولی کوتاهه ولی کار میکنه ولی قیمتش به تعداد متر کابل زیاده.,0
وگ ها نسبت به قیمت عالی هستند، حجم زیادی دارند و کیفیت عالی دارند، به شدت توصیه می شود.,0
سلام,1
اگه یه کوله پشتی ارزان میخوای خوبه ولی به نظر من برای لپ تاپ مناسب نیست و زیاد پر میشه,1
من چند روزه دارم استفاده میکنم چند بار بک آپ گرفتم سرعتش خیلی خوبه نسبت به قیمتش انتخاب خوبیه عالیه ارزشش رو داره پیشنهاد میکنم با تشکر از دیجی کالا برای قیمت های خوب,0
هفته پیش تحویل گرفتم و کاملا ازش راضی هستم پیشنهاد میشه,0
خمیر دندان خوب است، اگر دندان های شما مهم هستند، حتما این را دریافت کنید,0
کیفیت کابلش عالیه,0
من این aux رو یک هفته هست خریدم کیفیتش نسبت به قیمتش خوبه ولی صداش یه کم کمه، احساس میکنم البته مطمئن نیستم برای aux هست یا مربوط به گوشیم هست.,0
من پوستم کم آب ولی چربه البته زیاد چرب و براق نمیشه راحت میجوشه. من طبق دستور دکتر کرم اکتیپور میزدم اما روی پوستم مالیده شد.,0
کیفیت و کاربرد عالی,0
علی چی,0
عالی برای آماتورها,0
این بهترین نخ دندان موجود در بازار است، بنابراین قیمت نسبتا بالایی دارد و برای کسانی که به پول اهمیت می دهند به صرفه نیست.,0
هیچ کابلی برای اتصال ps به مانیتور وجود ندارد,1
حجمش نسبت به قیمت اصلیش که تومنه خیلی کمه و به نظر حجمش کمتر از میله ها و خیلی نازک هست انگار از شامپوی رقیق استفاده کردید ولی سری دومی که خریدم تخفیف خورد و قیمتش متناسب با حجم شامپو بود ولی از نظر کیفیت برای مو خیلی خوبه. برای کسانی که خشک، شکننده و لثه هستند بسیار مفید است و با ماسک تقویت کننده مو مکمل خوبی برای موها می شوند.,0
بد نیست به خاطر پولی که میدی خوبه، حس خوبی به گوشی میده,0
خوب,0
قدرت پاک کنندگی بسیار ضعیف برای تمیز کردن صورت باید حداقل سه بار شسته شود.,1
اولین خریدم ماسک مو بود. طبق دستور استفاده کردم ولی موهام چسبناک بود و انگار وازلین زدم. البته نیم ساعت صبر کردم تا شاید چسبندگی موهام از بین بره. کمکی نکرد. به حمام برگشتم، آن را شستم و ماسک مو را دور انداختم.,1
به سمت خرید این محصول نروید، هیچ محافظی برای لپ تاپ ندارد,1
درب شامپو سخت و غیر استاندارد. زیاد کف نمی کند. و رایحه جالبی هم ندارد,1
تاثیر نمی گذارد,1
نسبت به قیمتش خوب بود,0
عالی و مناسب,0
بعد از استفاده متوجه شدم خراب شده است,1
به اندازه پولش کار می کند، نگران نباشید,0
دو هفته کار کرد و بعد شارژ نشد,1
خوب بود,0
اگر طول کابل برایتان مهم است، حتما آن را بخرید. از کیفیتش راضی هستم,0
با کمی پول بیشتر محصول بهتری بخرید. کیفیت خوبی ندارد. ولی برای شارژ خوبه برای انتقال اطلاعات مناسب نیست,1
خوب است,0
من چندین ساله برای پوست دستم که فوق العاده حساسه و در تماس با آب خیلی خشک میشه استفاده میکنم و واقعا راضیم. من استفاده نمی کنم .,0
اولش فکر میکردم چون روکش فلزی هست سیمش انعطاف نداره ولی وقتی گرفتم دیدم برعکس سیم کاملا منعطف هستش از شارژ سریع پشتیبانی میکنه حتی سیم اصلی خود گوشی ، سریعتر شارژ می شود و گوشی با آن سریعتر شارژ می شود. به طور کلی سیم از کیفیت بسیار بالایی برخوردار است که در نگاه اول متوجه آن خواهید شد. با تشکر از دیجی کالا,0
واقعا بی نظیر و در بسته بندی عالی ممنون از دیجی کالا,0
با این قیمت، استفاده از آن خوب و آسان است,0
عالی,0
کیفیت دکمه ها خیلی بد است، آنقدر نرم که در واقع نمی توان دکمه پاور را فشار داد!!,1
این سرم خیلی عالیه و من برای ریشم خریدم، دوشاخه بود و تمام دونه هایش ناپدید شد. همانطور که از اسمش پیداست حالت خاصی به ریش من می دهد و درخشندگی خاصی به ریش من می دهد. من خیلی به این سرم علاقه دارم و از دیجی کالا تشکر می کنم.,0
اولین بار که تو دی جی دیدم خیلی خوشم اومد چون این مدل گوشی رو خیلی سالم نگه میداره و شیک هستش ولی وقتی آوردم از اینکه قاب گوشی رو کامل نمیپوشونه ناامید شدم.,0
بد نیست,0
کیفیتش عالیه,0
مواد بسیار خشک و بی کیفیت است.,1
این یک قاب واقعا خوب است، فقط اگر فقط یک لیوان قرار داده اید آن را روی گوشی خود قرار ندهید. چقد طول میکشه؟ آیا واقعا ارزشش را دارد؟ سیلیکون هست یا ژل؟,0
بعد از سال ها استفاده از شامپوهای مختلف و عدم رضایت از نتیجه، بالاخره مدت زیادی است که با استفاده از این شامپو شوره سر ندارم.,0
دوستان به درستی گفتند که در دست نمی لغزد، خیلی خوب است و من از انتخابم راضی هستم,0
موافقم,0
من از همه آنها استفاده کردم اما کوچکترین تأثیری ندیدم. دوستان توجه داشته باشید که اگر کرم مرطوب کننده در لحظه استفاده بدون کار سخت پوست را نرم می کند، یک مرطوب کننده خوب باید خشکی پوست را در دراز مدت برطرف کرده و درمان کند. این کرم اصلا خشکی را از بین نمی برد و اثر جوان کننده ای از آن ندیدم.,1
به نظر من بهترین کرم مرطوب کننده است که علاوه بر اینکه کاملا طبیعی و عصاره گیاهی است، از مواد شیمیایی استفاده نمی کند، ماندگاری بالایی دارد و سریع جذب می شود. برای پاهام هم استفاده کردم که واقعا معجزه بود. در عرض سه هفته تمام پاهایم کاملاً از بین رفت. واقعا باور نکردنی است و این کرم فوق العاده است، به شما پیشنهاد می کنم اگر ترک های پوستی دارید از این کرم به عنوان مرطوب کننده استفاده کنید، موفق باشید.,0
خوب و زیباست,0
مقدار مناسب عطر بسیار تسکین دهنده پوست و عالی است ... قیمت در پیشنهاد شگفت انگیز است,0
فقط قدرت ناخن را دارد. هیچ محافظتی ارائه نمی دهد و مدت زیادی دوام نمی آورد. این از گلدن رز انتظار نمی رفت!!,1
این شوینده از برندهای معتبری است که با توجه به قیمت و حجم از ارزش خرید بالایی برخوردار است. استفاده از آن به عنوان ماسک دومین مزیت آن است.,0
بسیار با کیفیت و قدرتمند,0
مورد مورد نظر هیچ اثر انگشتی نداشت,1
حجم زیاد، قیمت مناسب، تامین آب بالا,0
در یک کلام افتضاح است اصلا نخورید چون به دندان شما آسیب می رساند!!!!,1
خیلی خوب و قوی بود ممنون,0
عالی,0
من حدود یک سال هست که از الا استفاده میکنم قبلا کیفیتش بالاتر بود ولی الان مثل قبل نیست ولی این بار از خرید این محصول راضی بودم.,0
این فقط یک کرم نیست، بلکه یک درمان کننده علائم کشش است,0
همش دروغه هیچ تاثیری نداره حدود یک ماه است که روزی دو بار از آن استفاده می کنم. هیچ تاثیری نداره فقط بوی روغن کنجد میده,1
تو هفته ای که از این کابل استفاده میکنم اصلا گره نمیخوره چون همیشه شارژرمو با خودم میبرم گره نمیخوره و پریزها فنر داره که دوامش بیشتر میشه و شارژ میشه خوب. در یک پیشنهاد ویژه خریدم. نسبت به قیمتش خوبه و راضی هستم.,0
جنسش خوبه,0
در کل خوبه برای خود ایرپاد بند نداره فقط جا کلیدی فلزی داره من رنگ سبز و آبی رو گرفتم خوبه پیشنهاد میکنم,0
خوب است,0
واقعا ارزش خرید داره,0
کابل واقعا قوی، ضخیم و زیبا. من تا حالا چیزی شبیه به این کابل ندیدم. سرعتش عالیه کیفیتش خیلی خوبه. توصیه میکنم دوستان واقعا زیبا و شیک است.,0
حتی برای پوست کودکان و بزرگسالان نیز مناسب است,0
یکی از بهترین پاک کننده های پوست,0
با این قیمت من راضی بودم به نظرم ارزشش رو داشت,0
خیلی خوب و راحت روی گوشی جا می شود و دکمه ها هم خیلی راحت کار می کنند,0
خوب است,0
خوب تمیز میکنه,0
خریدش رو حتما توصیه میکنم,0
سلام,0
گوشه های تیز دارد که به دست آسیب می رساند.,1
خیلی سبکه و به خوبی روی پوست می نشیند و سفید نمی شود، البته به پوستم آسیبی نزد و آکنه زیر پوستی گرفتم.,0
عکسش از خودش بهتره,1
سلام دوستان,1
صابون های گلامور واقعا کیفیت بالایی دارند و قدرت پاک کنندگی خوبی دارند، حیف که خیلی گرون هستند,0
واقعا عالیه پیشنهاد میکنم حتما استفاده کنید اگر موهای خشک و کدر و آسیب دیده دارید! موها را از همان اولین استفاده کاملا نرم و براق می کند! آن را چرب نمی کند! موهام آسیب دیده بود و با قوی ترین و تاجی ترین ماسک مو و با وجود استفاده از سرم مو بعد از حمام بازم زبر بود ولی با آگرادو نرم شد. اشتباه یک سرم موی اشتباه به این دلیل نیست که روغن مو است! اما با حجم زیاد و قیمت مناسبش می تونید به اندازه یک سرم مو استفاده کنید و به این زودی ها تمام نمی شود!,0
در ابتدا ممکن است احساس ناراحتی کنید، اما بعد از مدتی احساس خوبی دارید... زیبا,0
این بدترین محصولی است که در عمرم خریده ام,1
ظاهرش خوبه ولی جای هندزفری و شارژر کوچیکه و نمیتونم از هندزفری استفاده کنم,1
شرکتی که فرستاده بود خیلی راحت بسته رو باز کرد و به نظرم خیلی جالب بود که یه قلب قرمز کوچولو داخلش بود.,0
کیفیت بسیار بالایی دارد و تاثیر منفی روی کیفیت و حجم صدا ندارد.,0
من راضی هستم,0
پیشنهاد می شود,0
بسیار معطر و نرم، آبرسانی عالی,0
قیمت آن کمی افزایش یافته است اما همچنان با قیمت های موجود بهترین گزینه در بین سایر محصولات است.,0
میتوانست بهتر باشد,0
من برای خودم نخریدم، اما کسی که برایش خریدم مخالفت نکرد,0
امروز گرفتم,0
قشنگه ولی متاسفانه دورش شله و یه جاهایی از بدنه گوشی جدا میشه، پلاستیک شیشه مانندش بعد از مدتی از قاب جدا میشه، خرید با این قیمت رو پیشنهاد نمیکنم شما پول خود را هدر داده اید,1
من یک هفته پیش خریدم، نمی توانم نظر قطعی بدهم. اما ضخیم است و به خوبی پوشش می دهد.,0
قیمت مناسب، کیفیت عالی و بی نظیر,0
برای بار دوم میخرم,0
کاش حجمش بیشتر بود زود تموم شد,0
اصلا ارزش خرید نداره، مزه بدی داره، حالم بد میشه، استفاده کردم,1
دوستان دقت کنید اگر لپ تاپ شما اولترابوک است به راحتی تا چند اینچ جا می شود.,0
قدرت پاک کنندگی صفر,1
عالی بود برای من مثل یک معجزه بود دو روز دیگه جوشم خوب شد ممنون از دیجی کالا,0
ضد آفتاب و بی بی کرم خوب بود,0
این روغن اندام بسیار خوب است. موها را نرم می کند. کاش ارزان تر بود همیشه از آن استفاده می کردم,0
اگر در را به پشت گوشی بچرخانید، صفحه نمایش را قفل می کند. تصور کنید اگر می خواهید بازی کنید یا با گوشی کار کنید، باید در را با دستتان مثل کتاب باز نگه دارید تا به پشت گوشی بسته نشود و صفحه نمایش قفل نشود که بسیار آزاردهنده است. گذاشتم کنار و یه مدل دیگه خریدم.,1
با توجه به قیمت انتظار چنین کیفیت بالایی از آن نداشتم,0
واقعا متاسفم ! این کرم مثلاً صد بار است. اما همین که بازش کردم متوجه شدم همه حواسشون هست! و شاید این کرم درونش باشد.,1
فقط تبلت و در نهایت چیزهای بسیار کوچک می توانند در کنار آن قرار بگیرند. من دو سال وقت دارم با این قیمت نمی ارزه.,1
پوست من کاملاً چرب است و به راحتی می جوشد. ضدآفتاب های بدون روغن زیاد امتحان کردم همشون صورت رو روشن میکردن ولی از این مارک استفاده کردم کاملا خشک و مات بود و هیچ براقی نداشت. تنها چیزی که وجود دارد این است که رنگ پوست را تغییر نمی دهد.,0
گول ظاهر او را نخورید,1
چون قیمت بقیه مدل های ست مانیکور خیلی بالاتره و این مدل کمترین قیمت رو داره من این رو انتخاب کردم کیفیتش کمی پایینه ولی در کل زیباست. در ست من موچین شکسته است و کار نمی کند و مو را کوتاه نمی کند اما بقیه دستگاه ها خوب کار می کنند و کیفیت نسبتا خوبی دارند.,0
من این محصول را با قیمت شگفت انگیز خریداری کردم، فکر می کنم ارزش خرید با قیمت شگفت انگیز را داشت,0
قیمت به طرز شگفت انگیزی خوب بود,0
خیلی خوبه حتما پیشنهاد میکنم چون مات هست جا نمیمونه عالیه,0
به نظر من خیلی راحت و خوبه، مدل پمپی بودنش هم خیلی خوبه چون دیگه نگران سنگ پریدن نباشید، در کل به نظرم حتما امتحان کنید.,0
این کاور جنس و کیفیت خوبی دارد و زیبایی گوشی را به خوبی نشان می دهد,0
برای موهای من کار کرد,0
هم سرعت شارژ و هم سرعت انتقال اطلاعات از کامپیوتر به گوشی بسیار بالاست. داخل این بازار پر از اجناس خسته کننده چینی، اجناس ایرانی کیفیت بسیار بالایی دارند. من خودم شخصا از کالای ایرانی و کارهای خوب حمایت می کنم,0
بسیار خوب و با کیفیت است و حس قدرت را منتقل می کند. از نظر سرعت انتقال اطلاعات چیزی کم نمی گذارد و کاملاً کار می کند. تا به امروز مشکلی نداشته و بدنه آن کاملا مقاوم و بادوام بوده و از مواد پلاستیکی سخت و مرغوب ساخته شده است.,0
در یک کلام بی نظیر است,0
سفارش دادم چون برای کل صورت قابل استفاده بود و نظرات مثبت زیادی در موردش نوشته شد. الان که دارم استفاده میکنم میبینم که واقعا خوبه و نظرات هم در موردش خوبه,0
بعد از چند روز به آرامی شارژ می شود و واقعا خوب نیست,1
کیفیت بسیار خوبی دارد,0
من از این تبدیل برای اتصال تبلت ویندوزی به دیتا پروژکتور استفاده کردم. علیرغم طول زیاد کابل، تصویر خروجی خوبی را بدون نیاز به اتصال منبع تغذیه جداگانه ارائه می داد.,0
چربی پوست را متعادل می کند,0
سلام .,0
انتظار یک کرم عالی را دارید اما به طرز شگفت انگیزی ارزش خرید دارد,0
این پماد برای سوختگی و التهاب حتی برای مخاط عالی است,0
از هر نظر عالیه,0
نسبت به قیمتش خوبه,0
من یک هفته است که استفاده میکنم و راضی هستم. من بعد از استفاده از آن احساس خوبی دارم.,0
این شامپو بدن دارای اسکراب های کوچکی است که به تمیز کردن پوست کمک می کند. در ضمن برند نیوها جزو اولین ها در محصولات بهداشتی بوده و قیمت بسیار مناسبی دارد.,0
خیلی خوب است,0
کار را اندازه گیری کنید,0
خیلی خوب بود برخلاف عکس و ظاهرش خیلی نرم و کاربردیه...قیمتش مناسبه به گوشی شخصیت میده,0
سفید کننده قوی,0
راضی کننده است,0
نازک و بسیار شل. خیلی وقته جواب نمیده به طور کلی، من از خرید خود در فروشگاه شگفت انگیز راضی نیستم,1
کیفیت بسیار بالا,0
من از خریدم راضی هستم,0
با این قیمت خیلی خوبه من مشکلی ندیدم. کیفیتش بد نیست,0
کیفیت خوب، ماندگاری بالا، ضد تعریق، به راحتی توسط پوست جذب می شود,0
عالی بود ممنون من الان یک ساله دارمش,0
علیرغم اینکه در محصول نوشته شده شفابخش و با توجه به اینکه آلوئه و نارگیل باید ضد حساسیت باشد، بدن من کهیر کرد، اگر پوست حساس یا خشکی دارید، به هیچ وجه از آن استفاده نکنید.,1
همسرم استفاده کرده و بسیار راضی است. موهای هایلایت شده را بسیار نرم می کند.,0
من تازه این کرم مو رو گرفتم من قبلا یه مدل دیگه از مارک آزید خریده بودم. متاسفانه پمپ داخل قوطی مشکل دارد. این کار نمی کند. در ضمن خامه خیلی کم ریختم و تقریبا نصف قوطی خالیه.,0
پیشنهاد میکنم,0
واقعا عالیه,0
من چندین ساله از این کرم دور چشم استفاده میکنم و راضی هستم,0
قیمت مناسب دیجی کالا نسبت به فروشندگان اینترنتی و داروخانه ها و با توجه به اینکه قبلا از این محصول استفاده می کردم باعث شد این محصول را از دیجی کالا خریداری کنم!,0
واقعا عالیه وقتی دیدم ساخت ایران هست اول از خریدم پشیمون شدم ولی بعد از استفاده نظرم عوض شد. نسبت به قیمتش عالیه,0
بی اثر و بی کیفیت,1
ابن مدل خیلی بهتر از مدل سدش است,0
خمیر دندون خوبیه ولی به اونایی که دندونای حساس دارن توصیه نمیکنم چون با خوردن غذاهای سرد درد دندون خوب نمیشه میتونم بگم بدتر میشه!!!,1
دوستان من تازه فهمیدم بعضی از محصولات چند فروشنده دارند. ما می توانیم قیمت مناسب را انتخاب کنیم. این شامپو عالیه ولی تاریخ انقضا کوتاهه.,0
با تشکر از سایت دیجی کالا من واقعا از خریدم راضی هستم و دقیقا همان چیزی بود که در سایت قرار داده شده بود.,0
سلام,1
با تشکر از دیجی کالا برای خرید آسان,0
من خیلی وقته که از کیو وی استفاده میکنم ولی این سریال در تخفیف دی جی که خریدم متاسفانه خوشبو هست و برای من که به خاطر حساسیت به بو رفتم کیو وی شوک بود کرم رو باز کنم و ببینم که بو می دهد!! ! البته بعد از چند دقیقه بوش استفاده میکنه...ولی من این مدل جعبه رو اصلا نمیخرم.,1
مالودور,1
در نگاه اول عالی است,1
نگهبان خوبی است و من از آن راضی هستم. مدل من عالیه ولی یه ایراد بزرگ تو شیشه داخل پک داره که وسطش خال هست و مشکل اینه که این نوع شیشه ها رو نمیشه از فروشگاه ها تهیه کرد.,0
موهام نسبتا سالم بود هیچ آسیبی نداشت فقط به هم گره خورده بود با این قیمت بالا و حجم کم اصلا به صرفه نیست و روی موهام هم تاثیری نداشت نرم کننده ایرانی بهتر از اینه.,1
من این را برای استفاده در گوشی موتورولا خریدم، اول به کابل میکرو یو اس بی وصل نمی شد، وقتی کابلم پاره شد به زور وصل می شد، سپس گوشیم را شارژ نمی کرد، پس آن را دور انداختم.,1
خیلی خوب است.,0
از این تخفیفات بیشتر بدید لطفا تخفیفاتون واقعا عالیه,0
عالی بود موهامو خیلی نرم کرد,0
سلام,0
خیلی زیبا و شیک هست ولی رنگش کمی با عکس فرق داره یاسی هستش,0
من انواع مسواک Oral B و Signal رو تست کردم ولی این یکی عالیه مقاومت خیلی خوبی داره و عالی تمیز میکنه.,0
کوچکترین تاثیری ندارد,1
کیفیتش خوبه,0
عالی,0
من اردیبهشت خریدم واقعا عالیه,0
تعداد فروشندگانی که کالای دیجیتال عرضه می کنند بسیار زیاد است، در هنگام خرید هر نوع کالایی می توانید فروشنده مورد نظر را که از نظر زمان تحویل و یا حتی قیمت کالا تاییدیه کالای دیجیتال را دارد انتخاب کنید و سپس اقدام کنید. ثبت سفارش (در ابتدا نمی دانستم). ),0
بسیار ساده و شیک,0
سلام دوستان من این کابل رو تو سایت دیدم و به نظرم خیلی جالب اومد چون این کابل رو در آمریکا در هایپر شاپ خریده بودم. من یه محصول از دیجی خریدم دیدم دقیقا همون کابل جالبه. در ایران ارزان تر است. میخوام بگم از نظر کیفیت واقعا عالیه. من واقعا راضی هستم. دارای تاییدیه آمریکایی و اپل است. واقعا خوب است. ممنون از سایت خوبتون,0
جنس بسیار خوبی دارد و داخل آن مخملی است به طوری که در پشت گوشی خطی وجود ندارد,0
برای از بین بردن کثیفی عالی است اما بوی خوبی ندارد,0
شامپو رو خوب خریدم تو بازار قیمتش بالاتر بود ممنون دیجی کالا,0
عالی بود راحت وصل میشه صدا قطع نمیشه و وصل میشه سایزش خوبه امیدوارم زود خراب نشه,0
هنگام شارژ، سوکت شارژر کمی آزار دهنده است، اما در کل خوب است,0
راستش عالیه,0
این کابل به دلیل داشتن میکروفون و دکمه تنظیم صدا بسیار خوب است,0
جنس این نوع روکش باید مانند مخمل باشد اما کاملا پارچه ای است,1
بالاخره با پولی که می دهید نباید این روغن را بگیرید,1
خیلی کند شارژ میشه,1
خوب و موثر است، اما دوام زیادی ندارد,0
کابلش نسبت به قیمتش خوبه و کیفیت خوبی داره.,0
من خیلی راضی هستم,0
کار من را شروع کرد,0
از خرید آن ضرر نخواهید کرد,0
از نظر کیفیت اصلا شبیه عملکرد خارجی ها نیست و بی فایده است,1
من امروز رسید گرفتم خیلی خوبه,0
مثل گلاب می ماند و مشکلی با آن ندارم چون بوی گلاب را دوست دارم,0
من راضی بودم خیلی موهامو نرم و لطیف کرد و به کسانی که موهای خشک دارن پیشنهاد میکنم.,0
پوستم از خشکی خیلی خارش داشت با این کرم حل شد بوی خیلی ملایمی داره سبکه واقعا مرطوب کننده و نرم کننده هست مثل بعضی از کرم ها که فقط چرب هستن.,0
خوب و کاربردی,0
در مقایسه با کرم خارجی مشابهی که من استفاده کرده بودم بسیار بود. پوست را برای مدت طولانی بدون احساس چربی مرطوب نگه می دارد.,0
به قیمتش می ارزه,1
بهترین گزینه برای پوسته سر واقعا عالی بود,0
من دو ماهه این کرم رو خریدم با اینکه هم صبح و هم شب مرتب روی صورتم میزنم ولی هنوز تموم نشده و فکر کنم دو ماه دیگه بتونم استفاده کنم حجمش خیلی خوبه برای دور چشمم هم این مارک رو خریدم و راضی هستم، بوی خوب و ملایمی داره، چربی روی صورت مالیده نمیشه و سریع جذب میشه. در کل نسبت به قیمتش عالیه,0
پیشنهاد می شود,0
من لک نداشتم ولی تاثیرش روی طراوت و شادابی پوست و کوچک شدن منافذ پوست واقعا عالیه. تنها نقطه ضعف آن قیمت بالا است.,0
وقتی می خواستم این قاب را بخرم به زیبایی و استایل اهمیتی نمی دادم فقط می خواستم نهایت محافظت را داشته باشم چون گوشی بسیار گران است و تعمیرات آن گران است.,0
دسته محکم و خوب,0
نخر پولت را هدر دادی حجمش هم زیاده روی دستت میمونه,1
موها را وزتر می کند,1
فیزیکی است، اما من هیچ تفاوتی احساس نکردم,0
سوتش به گوشیم نخورد,1
سلام من این کاور رو از دیجی کالا خریدم رنگ مشکی خالص و رنگ قرمز و مشکی که هر دو زیبایی خاص خودشونو دارن از نظر کیفیت ساخت خیلی محکم و مقاوم در برابر ضربه کاملا از تمام گوشه ها محافظت میکنه از گوشی و وسیله واقعا گارد کامل و بی نقصی است، استفاده از این کاور حس بسیار خوبی به کاربر می دهد، بسیار شیک و زیباست و زیبایی گوشی را چند برابر می کند، استفاده از آن بسیار راحت است، مخصوصا برای آقایان دست (مناسب برای آقایان)، روکش درب عالی است. طراحی شده و استفاده از آن بسیار آسان است، عینک های استاندارد مانند مدل موکول TPU یا Buff و غیره مشکلی ندارد و لبه ها را بالا نمی آورد و استفاده از دکمه ها بسیار آسان و روان است، به طور کلی در بین همه. جلدهایی که امتحان کردم، این بهترین و واقعا دوست داشتنی بود,0
عالی,0
من رنگ طوسی خریدم خیلی خوبه,0
کرم خوبی است,0
موهایم را مانند چوب سفت و شکننده و شکننده می کرد به طوری که وقتی به آن ضربه می زنم حتی شانه پذیری را از موهایم می گیرد.,1
سلام دوستان من این محصول رو دو هفته پیش خریدم. بعد از دو هفته فکر کردم فقط من هستم. من حتی ریمل هم نمیزنم ولی همه میگن چیکار کردی چیکار کردی؟,0
من دیروز این دستگاه را دریافت کردم. دو تا باتری قلیایی خوب گذاشتم توش. با تمام توان می خراشید. برای کاشت ناخن، قدرت کمتری دارد، اما به خوبی مرتب می شود. جالبه که ناخنمو سوهان زدم با اینکه لاک ژل رو پاک کرد بعد بافر زدم و بعد یه سری لاک زدم و سطح ناخن واقعا برق زد. در کل اگر زود خراب نشود دستگاه خوبی است. اما دو مشکل وجود دارد، یکی اینکه احتمالا فایل یدکی در بازار وجود ندارد و زمانی که سطح فایل از بین برود، دستگاه دیگر کار نمی کند. اول اینکه نوکش بهتر بود، باریکتر بود تا به گوشه های ناخنم حالت خوبی بدهم. در هر صورت الان برای مامانم سفارش میدم.,0
نه خوب نیست اسمش رو نذار,1
من فقط برای اولین بار از آن استفاده کردم و با هر حرکت متوقف می شود. من از خریدم پشیمانم، بافت پارچه برای محافظت بیشتر نیست و به سادگی زیباست,1
خیلی سریع شارژ میشه من ازش خیلی راضیم,0
مارک کرم که مشخصات خوبی داره و قیمتش هم خیلی خوب بود,0
قیمت این محصول بالاست اما کیفیت خوبی دارد,1
اصلا خرید نکنید,1
هرگز توصیه نمی شود,1
ابتدا روی بسته بندی محصول یک کد QR وجود دارد که می توانید اصالت کالا را بررسی کنید.,0
اگر تعداد اینچ خیلی زیاد باشد باید برش داده شود,0
اولش که باز کردم کابلش نازک بود گفتم کار نمیکنه ولی در نهایت سرعت بالایی در شارژ و انتقال اطلاعات داره. در خرید آن شک نکنید,0
بو گند می دهد,1
به نظر من کاملا مناسب است.,0
خیلی فوق العاده بود با اینکه دانش هر کدام اندک است و فکر می کنید کافی نیست، اما عدد به انگشت جواب می دهد. حتی بعضی جاها لاک اکلیلی داشتم که پاک کردنش سخته ولی با این پد راحت پاک میشد. همچنین چون روغنی است ناخن را خشک نمی کند و در کل عالی است. کوچک بودن آن در ابتدا نقطه ضعفی به نظر می رسد، اما وقتی پد شما بزرگ است و مثلاً می خواهید دست خود را پاک کنید، در واقع تمام پد را بدون استفاده از آن بیرون می اندازید زیرا برای یک انگشت بزرگ است، اما این به دلیل کوچک بودن آن است که مایه شرمساری است. نمی تواند,0
توسط HTC پشتیبانی نمی شود,1
شک نکن که عالیه,0
در کل خوبه و لاک رو نگه میداره,0
به عنوان فردی که حداقل چند ساعت در روز با سیستم های کامپیوتری کار کرده ام، فقط می توانم در مورد این مانیتور بگویم که منحصر به فرد است.,0
بسیار خوشبو بوده و به راحتی قابل شستشو است و تاثیر آن بسیار خوب است و پوست را شفاف می کند,0
خیلی خوب بود . عالی بود,0
بدون اطلاع قبلی خریدم ولی راضی هستم. مقرون به صرفه و بسیار خوشبو است.,0
خیلی راحت جذب پوست میشه، براق نمیشه، خیلی طبیعی به نظر میرسه. البته پوست من خیلی روشن تر از این کرم هست و برای پوستم تقریبا برنزه شده ولی روی پوست کاملا طبیعی به نظر میرسه.,0
الان چند ماهه دارم استفاده میکنم. بسیار مناسب است. وقتی اپل را می‌خرید، کمی برایتان سخت است، اما بعد از اینکه به آن عادت کردید، عالی است. مخصوصا برای برنامه نویسانی که می توانند همزمان چند قلم را باز کنند و کدها را با هم ببینند و مقایسه کنند.,0
قرمزش رو سفارش دادم خیلی خوشگله و خوشم اومد,0
اصلا خوب بود,0
من برای گرافیک سیستمم خریدم و خروجی پورت DVI را به HDMI تبدیل کردم که به خوبی از عهده این کار بر می آید. همچنین Ugreen یکی از برندهای بسیار باکیفیت در زمینه لوازم جانبی کامپیوتر است.,0
این کرم ایرانی خیلی خوبه و ما از مصرفش راضی هستیم,0
بسیار مناسب و منعطف بود.,0
عالی,0
مرطوب کننده خوبی است,0
به خاطر طراحیش زیبایی خاص خودش را دارد و نسبتا شیک و زیباست,0
تاریخ انقضا یک عدد است,0
به نظر من برای کادو دادن مناسب است، زیباست و ست کامل است,0
برای هارد اکسترنال قدیمی خریداری شده ولی متاسفانه قابلیت انتقال اطلاعات را ندارد,1
کیفیت محصول عالی و بسته بندی عالی + تاییدیه اپل,0
صلوات فوق العاده قوی است. من ابتدا متوجه نمی شوم که وقتی این را می زنم، پوستم حساس، خشک و دارای برجستگی های کوچک قرمز رنگ می شود. اما بعد از گذشت چند هفته متوجه شدم که پوست من به آن بسیار حساس است و اصلا آن را توصیه نمی کنم.,1
من آن را به یک شماره وصل کردم و واقعا کار کرد,0
متاسفانه علیرغم اینکه در توضیحات نوشته شارژ سریع، از شارژ سریع پشتیبانی نمی کند.,1
با توجه به قیمت، کیفیت مناسب است,0
دوستان من سه تا کابل از این مارک خریدم. نسبت به قیمتشون واقعا کیفیتشون عالیه دوستان توجه کنید که نوع C هست نه میکرو.,0
با توجه به قیمت داروخانه قیمت فعلی دیجی کالا به صرفه تر است,0
کیفیت ساخت بسیار بالایی دارد و بادوام است و گره نمی خورد,0
من واقعا از خریدم راضی و راضی هستم. در برابر ضربه مقاوم است و طراحی زیبایی دارد,0
پوستمو خشک نکرد و بوی خیلی خوبی داره,0
جنسش عالیه گوشی خیلی قشنگه,0
برای رفع سیاهی ناشی از چای و سیگار عالی است و به خوبی سفید می کند. در حداکثر تعداد دفعات استفاده از آن صددرصد نتیجه خواهید گرفت اما به مینای دندان آسیب می رساند و لثه ها را حساس می کند. به جز در مواقع حساس مثل عروسی و مهمانی نباید زیاد از آن استفاده کرد.,0
چون تازه استفاده کردم نمیتونم نظر دقیق بدم ولی در کل راضیم.,0
خیلی خیلی خوب و تاثیرگذار. روی شانه ام جوش زده بود.,0
من این مانیتور را برای طراحی صنعتی خریدم و از خدمات انتخاب و ارسال بسیار راضی هستم,0
سلام,0
نرم کنندگی و ماندگاری خوبی دارد. بوی ملایمی داره و قیمتش در پیشنهاد ویژه عالی بود,0
اصلی,0
با توجه به حجم زیاد مو و ضخامت آن، این محصول برای من راضی کننده بود. بعد از شستن کمی نرمی به موها میده ولی هنوز موهام نیاز به نرم کننده داشت,0
جنس بیرونی خوب است، دوخت خوبی دارد، جادار است، اما تعداد اینچ ها برای فلیپ فلاپ کمی کم است. بزرگترین نقطه ضعف آن پوشش داخلی است که اصلا کیفیتی ندارد.,1
همه رنگ ها خشک بود!,1
من یک ماه پیش خریدم. یک هفته است که برای حجم کار کرده است و من واقعا راضی هستم.,0
بسته بندی شیک است,0
این فقط از خراشیدگی جلوگیری می کند و سست است و واقعاً ارزشش را ندارد,1
من دو سال است که از این خمیر دندان استفاده می کنم,0
دکمه ها خیلی سفت هستند و خیلی شفاف نیستند!,1
وقتی از این ماسک استفاده کردم حداقل برای چند روز صورتم فوق العاده نرم بود. البته من حداقل هفته ای دوبار از ماسک استفاده می کنم و آلوئه ورا فوق العاده است به همین دلیل هر ماه تا آلوئه ورا سفارش می دهم.,0
برای درمان جوش نیست دوستان مثلا کسایی که بدن و صورتشون چرب میشه و ممکنه جوش بزنه برای جلوگیری از جوش خوبه و به عنوان صابون معمولی استفاده میشه ولی برای درمان جوش باید دنبال محصولات دیگه بود. از این صابون برای پوست های مستعد آکنه استفاده کنید. جوش ها را بهبود نمی بخشد و فقط باعث می شود پوست شما کمتر جوش بزند. برای استفاده بدن باید بگم که اصلا پوست رو خشک نمیکنه و پوست رو نرم و لطیف میکنه.,0
فقط گوش یک بچه چند ساله درد میکنه...,1
من برای اولین بار از آن استفاده کردم. بوی خوبی نداشت اما موهایم را نرم کرد.,0
تازه گرفتمش,1
بد نبود فقط پایین صفحه جایی که شارژر میخوره یه تیکه خالی هست که اگه بود عالی میشه ولی در کل نسبت به قیمتش عالیه من سفید خریدم مشکی گوشی و زیبا بود,0
دوستان این قاب واقعا عالیه زیبا و بادوام ولی اگه از عینک تمام صفحه استفاده میکنید این قاب رو نگیرید و گلس رو عوض نکنید چون به لبه های شیشه فشار میاره و باعث ایجاد حباب در اطراف گوشیتون میشه یعنی باید لیوان را دور بریزید. یا با چسب بچسبانید,0
خیلی خوشم اومد. واقعا دست شما را چرب نمی کند. بوش هم عالیه,0
بسیار مناسب و قابل قبول برای درمان لثه,0
نسبت به قیمتش خوبه ولی فقط برای لپ تاپ های اینچی هست اصلا خوب نیست.,0
واقعا بوی سیر میده و باید همه رو بشورم تا از شر سیر خلاص بشم,1
یه بار دیگه گفتم این شامپو خوبه ولی به نظر اونایی موندم که شامپوی پر پارابن و سولفات ایرانی رو با این شامپوی بدون سولفات و پارابن مقایسه کردند و از شامپوهای پر انتقاد ایرانی تعریف کردند.,0
من یک شماره برای ps گرفتم، کار می کند و تصویر و صدا دارد,0
چیزی که در ابتدا من را نگران کرد نبود سوراخ برای بلندگو بود. اما هر چه بیشتر دقت کردم دیدم هندی است صدا به جای پخش شدن از پشت گوشی به سمت جلو هدایت می شود که در واقع برای شخصی که از گوشی استفاده می کند بسیار بهتر عمل می کند. . قدرت صدا با این طراحی اصلا کم نشده است.,0
امروز دستگاه به دستم رسید، قدرتمند و کاربردی است,0
به نظر می رسد اصلاً تصویر را منتقل نمی کند.,1
من بعد از حمام ازش استفاده میکنم خیلی حس خوبی به پوستم میده واقعا عالیه,0
ایرادی نداره خیلی زیبا و با کیفیت,0
سلام من به تازگی این محصول را از دیجی کالا در فروشگاه شگفت انگیز خریدم. من آن را با توجه به قیمتی که در فروشگاه شگفت انگیز فروخته شد خریدم. به نظرم خوب بود من این محصول را بر اساس نظر دوستانم خریدم. این یک محصول خوب است. کیفیت مناسب است. فضای کافی دارم دوخت قابل قبول است. اگر در باندهای من یک ضد عرق وجود داشته باشد بهتر است. در کل، عالی، از دیجی کالا متشکرم,0
من از آن راضی هستم,0
من یک رنگ مات خریدم. به خوبی از گوشی مراقبت می کند. جنسشم خوبه اما خاموش کردن گوشی با بستن در، هوشمندانه نیست.,0
من کیفیت کاملا ضعیف را توصیه نمی کنم,1
بسیار شکننده است، پس از انداختن و همچنین هنگام قرار دادن آن در جیب شلوار شکست.,1
اصلا به دردت نمیخوره نخر,1
جای گوشی داخل قاب محکم به نظر نمی رسد، شما همیشه نگران افتادن گوشی از قاب هستید مخصوصا در هوای گرم.,0
من از آن راضی هستم. مخصوصا اینکه لپ تاپ من روی کیبوردش حروف فارسی نداره برای تایپ خیلی مفیده,0
حتی یک درصد هم روی موها تاثیر نمی گذارد. شیر موی فاربن خوبه ولی این ماسک واقعا بد بود. موهایم را مثل چوب خشک کرد,1
خوب است,0
عدم نظافت، بی کیفیتی. عدم تمرکز,1
سبک نازک . نصب آسان. جنسش حس خوبی داره فقط به خاطر نازک بودنش مثل مدل راک محافظ صفحه نداره ولی کاملا از گوشی محافظت میکنه قیمتش هم خوبه.,0
قیمت عالی و مناسب,0
عالی بود از خرید این محصول پشیمان نخواهید شد,0
بیش از یک ماه کار نکرد,1
با کمال تعجب خریدم قیمتش خوبه,0
با سلام و احترام . من موهای نسبتا نازکی دارم که رنگ شده. این شامپو نسبت به بعضی از محصولاتی که من استفاده کرده بودم نقطه قوتی نداشت. موهای من بعد از استفاده به نرم کننده یا ماسک نیاز دارند. اولین بار که استفاده کردم بیشتر از حد معمول موهایم را ریزش کرد اما همچنان دارم استفاده می کنم و امیدوارم بعد از چندین بار تطبیق پیدا کند. اگر این اتفاق نیفتاده است، مطمئناً آن را به هیچ وجه توصیه نمی کنم.,1
کیفیت خوب و البته یک برند معتبر,0
رنگش کمی با عکس فرق میکنه و بیشتر سرخابی هست (تو عکس قرمزتره) جنس خوبی داره و زود خشک میشه.,0
قاب گوشی زیباست و سایز گوشی را تغییر نمی دهد. اما باید توجه داشت که کیفیت ساخت بالا نیست و نمی تواند مدت زیادی همراه شما باشد. اما با توجه به قیمت آن ارزش دارد,0
در یک کلام افتضاح اصلا توصیه نمیشه,1
واقعا خاصیت ضد آکنه داره ولی باید روی پوستتون بذارید که روی پوست من هم انجام داد و به نظرم برای اکثر پوست ها مناسبه. مانند ژل های ضد التهابی که چون درمانی و شیمیایی هستند نمی توانند عصاره را داخل آن بریزند، با سرعت بالا و جذب عالی عمل می کند. بوی بدی می دهد. بوی خوبی داره و اصلا بد نیست. من حتما آن را توصیه می کنم.,0
اصلا شبیه عکس نیست. گول نخورید پشتش طرح داره و مثل عکس ساده نیست.,1
به دلیل بسته دوبل,0
نظرات دوستان رو خوندم و برای راهنمایی بیشتر افرادی که قصد خرید این کرم رو دارن باید بگم این کرم مخصوص افرادیه که پوست خشک و منافذ باز دارن و از سرم همون مارک استفاده میکنن. من دو ماه این کرم رو همراه با سرم استفاده کردم و تا دو ماه دیگه برای دومین بار از دیجی کالا سفارش دادم.,0
به نظر من کابل خیلی خوبیه و بر خلاف یکی از دوستام که میگن استفاده از کابل فلت سخته به نظر من اصلا اینطور نیست و جک میکروفون به اندازه کافی قوی داره. گرفتم و خوشبختانه نیفتاد! چند تا داستان گفتم؟ آن را بخر,0
محصولات بهتر دیگری نیز وجود دارند که بسیار ارزان تر یا حتی بهتر از این محصول هستند,0
پس از چند روز استفاده منظم (صبح و شب) و پرهیز از غذاهایی که روی رنگ دندان تاثیر می گذارند، تغییری در رنگ دندان ها ایجاد نشد. تقریباً غیرممکن است که مواد را برای چند دقیقه بدون هیچ محافظی در دهان نگه دارید و همه مواد در دهان پخش می شوند. مگر اینکه یک دقیقه لبخند بزنی,1
چهار روزه گرفتمش ابتدا از دی جی بابت ارائه محصول اصلی تشکر می کنم و سپس در خرید آن شک نکنید.,0
اگرچه اختیاری است اما در مقایسه با بسیاری از لوسیون ها بوی بدی دارد.,1
عالی,0
نخرید پشیمون میشید,1
کابل های بیسئوس واقعا با کیفیت و عالی هستند,0
خوب,0
در هر صورت به قیمتش می ارزه,0
من یک ماهه این کابل رو خریدم ازش راضی هستم تا الان مشکلی نداشته و به نسبت قیمتش ارزش خرید داره,0
آنقدر که گفته شد نبود و شکست خورد,1
من از فروشگاه خارج شدم و اصلا کار نمی کند,1
من امروز این قاب (رنگ قرمز) را دریافت کردم.,0
اندازه گیری کار خوب است، گاهی اوقات نیاز به استفاده از آنتن هوایی یا دیجیتال است,0
نسبت به برندهای اورجینال که حالت مخملی دارند و از طرفی مانع از سر خوردن گوشی می شوند، کیفیت پایینی دارد.,0
دو ماهه که از دیجی کالا خریدم. من پوست مختلط دارم,0
گول عکس رو خوردم پشتش برای خود گوشی بود. این قاب پشت شیشه ای دارد.,1
محصول خیلی خوبیه، حیف که دیگه موجود نیست,0
دلیل آن این است که فقط در حمام استفاده می شود,0
خوب است,0
برای شوره سر مفید است حتی اگر هفته ای یک بار آن را بمالیم,0
من خریدار این کابل بودم. عالی و کامل است.,0
مواد و دوخت خوب است، اما اندازه اینچ برای مک بوک خیلی بزرگ است.,0
موهایم دکلره شده بود، خشک بود و اذیتم می کرد. من از موهای کریستالی روی سرم استفاده کردم ولی جوابی نگرفتم ولی از این کرم مو استفاده کردم. الان موهام نرم و براق شده و بوی خیلی خوبی میده. اصلا چرب نیست. بعد از استفاده از این کرم به راحتی موهایم را سشوار کردم زیبا به نظر رسید. در کل قیمتش مناسبه و کیفیتش خوبه. این کرم را حتما به کسانی که مثل من همیشه موهایشان را رنگ می کنند توصیه می کنم.,0
بر خلاف نظر مردم متاسفانه این محصول هیچ نقطه قوتی ندارد و موها را کاملا وز، زبر و کدر می کند و به هیچ وجه موها را نرم و براق و کراتینه نمی کند. ic که ایتالیایی هم هست تقریبا در همین سطح هست ولی خیلی بی کیفیت و نامناسب. ما به شدت از خرید ناراضی هستیم,1
خوب است اگر نیاز دارید بخرید,0
امروز دریافت کردم. فکر می کردم بیشتر باشد. بوش خوبه. خوشم می آید,0
سلام,1
در خریدش شک نکنید عالیه,0
هر کاری کردم وصل نشد. یا کیفیت خوبی نداره یا مشکل از فروشنده هست.,1
واقعا مسواک خوبی است. پیشنهاد می شود …,0
برای طراحی آن را اسپری کنید. هنگام اسپری کردن به این صورت جدا می شود. حجم بسیار کمی را اسپری می کند. باید چندین ضربه بهش بزنی و بالاخره دستت آنقدر خیس می شود که چکه می کند,1
ماسک خوبیه من تازه گرفتم و از مارک های دیگه بهتره,0
من به دنبال یک کاور تکی برای این گوشی بودم که در ایران موجود نبود و هزینه سفارش آن بسیار بالا بود و در نهایت رنگ مشکی را گرفتم.,0
عالی,0
به سرعت جذب می شود و خواص درمانی بالایی دارد. دستم خیلی خوب بود,0
من این کرم رو بر اساس نظر دیگران خریدم ولی با اینکه پوستم خشکه و اصلا جوش نمیزنم ولی همیشه با این کرم جوش میزنم. چربی بیش از حد است و روی صورت می ماند. من چند ماهه از این کرم استفاده میکنم ولی تاثیری ندیدم. فقط مانند یک کرم نرم کننده باقی می ماند که حتی مرطوب نمی کند. من به هیچ وجه آن را توصیه نمی کنم.,1
الان که تحویل گرفتم میتونم بگم واقعا راضی هستم. (توجه داشته باشید که طرح چرم به معنی مواد لاکی با طرح چرم است) پیشنهاد میکنم با این قیمت بخرید,0
خیلی وقته که خریدمش,0
خیلی بد. من اصلا آن را توصیه نمی کنم. من یکبار سفارش دادم مثل یک مرد کار نمی کرد,1
به نظر من کرم خوبیه ولی ممکنه پوستش فرق کنه. برای من خوب بود,0
من از خرید راضی هستم,0
به طرز شگفت انگیزی ارزش خزیدن را دارد,0
راضی بودم...به نظرم با این قیمت نسبت به کارایی و راحتی که داره خیلی خوبه,0
وقتی رسید واقعا خیلی باهاش ​​حال کردم چون با قیمت خیلی بالاتر نمیشه این ماده رو تو بازار پیدا کرد. من قاب دوبرابر قیمت داشتم ولی بیشتر ازش راضیم,0
برای موهای نسبتا چرب تاثیرش عالیه و بعد از یک هفته استفاده نتیجه کامل میده البته طبق دستور روی شامپو که باید هفته ای سه بار استفاده بشه.,0
کابلش خوبه البته من برای دیتا استفاده نکردم نمیدونم. ولی برای شارژ خوبه در کل ازش راضی هستم,0
کیفیت عالی، قیمت مناسب، به موقع رسید، متشکرم,0
از نظر جنس و کیفیت کابل بسیار خوبی است,0
عالیه,0
من تازه خریدم خوبه چرب نیست و چون تازه استفاده میکنم تاثیری روی دور چشمم ندیدم,0
هنوز برای نتیجه گیری زود است، اما در حال حاضر به شوره سر من کمک کرده است، اما هنوز نمی تواند چیزی در مورد کاهش ریزش مو بگوید.,0
عالیه بدون حرف,0
من نارنجی رو دو روز پیش گرفتم خیلی خوبه حتی دید در شب هم داره فقط یه آینه به دستش بدید,0
فقیر,1
باهاش ​​موها زود چرب میشه البته من مرد هستم و پوست و موهام چربه.,0
پوست را فوق العاده نرم و صاف می کند,0
از همه نظر عالیه اگه مدام و هر روز استفاده بشه جوشها از بین میره یعنی جوش نمیزنین اگه صبح استفاده کنین تا آخر شب کافیه و میمونه بر. حیف که اینقدر گران است.,0
من یه بار همین مارک رو از نمایندگی بندرعباس خریدم، کیفیتش خیلی بهتر از این بود و نرم کنندگی خیلی خوبی داشت. اما متاسفانه بعد از استفاده از روغن موها کاملا زبر شدند. اصلا توصیه نمی شود.,1
کاور خوبیه حتما پیشنهاد میکنم,0
من پوست مختلط تا خشک دارم اما این کرم واقعاً برای من خوب کار کرد و از آن بسیار راضی هستم. سبک است، اکسید نمی شود، سفید نیست، رنگ خوبی دارد، در کل عالی است.,0
آن وقت هنوز شماره ماه سالم است,0
مات است و برای پوست های چرب خوب است,0
عالی,0
در مورد ماسک فریمنو زیاد شنیده بودم برای همین تصمیم گرفتم سفارش بدم ولی متاسفانه این ماسک بوی خیلی قوی داره و چشم آدمو میسوزه و اگه دوباره بخوام ماسک سفارش بدم هیچوقت نت برگش رو سفارش نمیدم. ماسک ها,1
کاملا بی تاثیر,1
مناسب برای استفاده روزانه در داخل کیف,0
الان سه هفته است که شبها استفاده میکنم. ریزش خیلی خفیفی داشتم تقریبا یک ماهه. اکنون پس از سه هفته استفاده از این محلول نه تنها کاهش نیافته بلکه تعداد آن حتی افزایش یافته است. من اصلا راضی نیستم و دیگه استفاده نمیکنم.,1
کیفیت خوب,0
نخرید ضرر میکنید,1
عالی عالی عالی ... خیلی بهتر از کابل های گرونه ولی حیف که کوتاهه,0
اگه یه کوله پشتی ارزان میخوای خوبه ولی به نظر من برای لپ تاپ مناسب نیست و زیاد پر میشه,1
همین الان گرفتم و برای برادرم هدیه خریدم. بسیار شیک و تمیز است. جنسش هم عالیه من حتما آن را توصیه می کنم.,0
اصلا خرید نکنید,1
خیلی خوب است,0
عالی,0
من استفاده کردم طولش مناسبه کیفیت کابلش خوبه قطرش مناسبه تبدیلش خوبه و مشکلی نداره. قیمت مناسبی دارد,0
کیفیت عالی,0
زیبا و ماندگار و فقط وقتی صورتت عرق می کند سریع پاک می شود و آب می شود و در بین ایرانیان کامل است.,0
بوی شکلات میده,0
چیزی که من را کمی ناراحت کرد این بود که شامپویی که برای دادن مقداری به من پیشنهاد شده بود لو رفته بود و نوشته آسیب دیده بود و شرکت آن را پاک کرده بود. موها را ابریشمی و نرم می کند، موها فرم می گیرد، اگر مشکلی برای پوست سر باشد، ضد عفونی و ضد عفونی است.,0
از هر نظر خوب است و خیلی خوب روی پوست می نشیند,0
قبل از خرید کامنت ها رو خوندم بعضی ها گفتند زود میشکنه ولی با اعتبار برند ای دیتا خریدم. دو ماه اول عالی کار می کرد و بهتر از کابل اصلی شارژ می شد، اما همچنان قطع و وصل می شد و بعد اصلاً شارژ نمی شد. با چندتا گوشی دیگه و آداپتور دیگه امتحان کردم بازم درست نشد. فکر نمی کردم اینقدر بد باشد,1
من هفز خریدم خیلی عالیه ولی به نظرم باید یه گارد کنارش بگیری چون خیلی بزرگه و عالی کار میکنه.,0
ایده غلتک سر کرم واقعا ایده خوبی است. به همین دلیل از خرید کرم بسیار راضی هستم. اما به طور کلی خشک و مناسب پوست های خیلی چرب است. برای پوست من که معمولا خشک است باید از مرطوب کننده استفاده کرد و برای روز مناسب است نه برای شب که دور چشم خیلی خشک و چروک می شود. یکی دوبار وارد چشمانم شدم و هیچ حساسیتی نشان نداد. البته این می تواند برای همه متفاوت باشد.,0
من راضی هستم,0
اولین بار نتیجه رو میبینید... پوست رو صاف و بدون لک میکنه...و حالت براقی پوست رو برطرف میکنه...عالیه...بدون عوارض و قرمزی,0
من الان دو ساله از این شامپو استفاده میکنم,0
من راضی بودم,0
قیمت مناسب ترین و مطمئن ترین کالا برای خرید است، برند معتبری است، دارای MFI و دارای گارانتی و قیمت مناسب. من شش ماهه دارم استفاده میکنم و تا الان مشکلی مشاهده نشده.,0
عالیه ولی احتمالا به پروژکتور نمیخوره,0
پورت میکرو بسیار سفت است. اگر پورت گوشی خراب شود چند صد هزار تومان می شود.,1
به راحتی آرایش چشم را پاک می کند، زیاد چرب نیست، پوستم را خشک نمی کند، بهتر از سایر پاک کننده های دو فازی است که استفاده کرده ام و قیمت نسبتا مناسبی دارد.,0
نسبت به قیمتش عالی بود,0
به نظر من برای آبرسانی خوبه,0
خیلی خوب است,0
جای پورت یو اس بی ترک و پارگی داشت.,1
این واقعا آبرسان است، من با بسیاری از کرم ها شکسته می شوم اما این عالی است,0
واقعا عالی و بدون حساسیت,0
سلام دوستان,0
خمیر دندون خوبه قیمتش کمی بالاست ولی خوبه,0
عالیه من سالهاست ازش استفاده میکنم,0
سلام,0
عالی . نرم کننده عالی و رایحه خوب نظافتچی من فوق العاده است. من در چانتاشو خریدم و بسیار راضی هستم,0
کیفیت اتصالات عالی و جنس کابل با توجه به پوشش عالی,0
حتما بخر کیفیت عالی,0
من سه ماهه دارمش و هیچ مشکلی پیش نیومده، گره نمیخوره، سوکتش رو قطع نمیکنه، نسبت به قیمتش خیلی خوبه.,0
نسبت به قیمتش خوب و جادار هست جنس محکمی داره ولی جنس جدا کننده های داخلش خیلی نازک هست,0
خوب بود البته اگه قیمتش کمتر بود بهتر بود,0
وقتی باریک و محکم باشد، دندان گیر نمی کند و پاره نمی شود,0
رنگ آبی روشن را خریدم,1
من اینو خریدم و پیشنهاد میکنم.. دهانشویه خوبی هم داره..,0
این یک محصول خوب است,0
در کل اگه تخفیف هم باشه ارزشش رو داره,0
پوست رو خیلی خشک میکنه,1
مهم نیست و عالیه... مشکل شوره سر رو حل کرد. قیمتشم خیلی به صرفه هست من حتما آن را توصیه می کنم,0
اصلنخید در یک هفته همه جا هست.,1
رنگ سفید این محصول رو سفارش دادم کیفیت خوبی داره فقط مشکلش اینه که آینه کاملا بسته نمیشه. یعنی به طور کامل روی موبایل نصب نشده است. در کل راضی بودم ممنون مارک روش هم حذف شد که با چسب وصلش کردم.,0
من اینو تو پیشنهاد ویژه خرید یکی دو تا بگیر که به نسبت قیمتش پیشنهاد میکنم شیک هستش ولی تنها ایرادش اینه که کوچیکه انگار کیف بچه گانه هستش و نداره محافظت همه جانبه برای لپ تاپ که در داخل آن پنج اینچ است. محافظ قرار داده شده است,0
نسبت به قیمتش واقعا ارزشمنده,0
بوش نیز خوب است، سریع جذب می شود و پاشنه پارو را نرم می کند,0
من راضی هستم,0
من یک شماره برای شیائومی می خریدم، شارژ سریع هم ساپورت میکنه، جنسشم نسبتا خوبه... سوکت شارژ گوشی رو محکم نگه میداره,0
خیلی خوبه و کار باهاش ​​راحته,0
کیفیتش واقعا خوب بود,0
خیلی شیک و خوبه با قیمت مناسب البته گزینه های بهتر گرون تره,0
من همزمان دو محصول با کارکرد مشابه خریدم، نمیدونستم یکی همون ماسک چای سبز، ژل شستشوی کلین و کلیر هست، ولی در کل از خریدم راضی هستم مخصوصا از ارسال دیجی کالا که واقعا هر دو محصول را به موقع برای من ارسال کرد. با تشکر,0
برای ایرپاد آیفون اورجینال بند است و بند است و بدون هیچ شکاف و شلی و بدون هیچ مشکلی روکش می کند و مخصوصا بند فلزی که همراهش هست عالی است و با این قیمت ارزش زیادی دارد . من میخوام رنگهای مختلف رو سفارش بدم,0
برای کسانی که ریسک کمی برای خرید از دی جی دارند،,0
این نرم کننده بسیار خوب عمل می کند و بلافاصله بعد از استفاده متوجه خواهید شد که موهایتان چقدر نرم و لطیف است به طوری که اگر موهایتان گره خورده باشد همزمان با شست و شو کاملا باز می شود، این مدل از نرم کننده شان بهتر عمل می کند. نسبت به بقیه,0
قیمت مناسب,0
این یک راز نیست,1
محصول خوبی هست من همیشه استفاده میکنم و راضی هستم.,0
در کل خوب است,0
سلام,0
من یک ماه استفاده کردم روی پلاک دندان تاثیری نداشت,1
من از خریدم راضی هستم و استفاده از آن را به دیگران پیشنهاد می کنم,0
من چند ماهه که از این محصول استفاده میکنم. پوست من مختلط است و نسبت به حجمش به صرفه است,0
کیفیتش پایینه و بعد از یک هفته خراب شد,1
جالبه که سریال عوض شده. کیفیت پایین برای ترک بیش از حد طولانی است,1
کیفیت بالای کابل و پریزها ارزش خرید این محصول را بالا می برد... به طوری که من را مجاب کرد تا چند عدد دیگر به او سفارش دهم...,0
به محض اینکه شروع به استفاده از این شامپو کردم موهایم شروع به ریزش کرد.,1
برای انواع پوست مناسب است,0
لاک بسیار خوش رنگ و زیبایی است,0
قیچی با پوشش و بسته بندی شیک و زیبا به خوبی کار می کند، توصیه می شود,0
بدون حساسیت,0
در رفع خشکی پوستم خیلی موثر نبود,1
خوب نیست نخر,1
من راضی هستم,0
عالی بود,0
کیفیت خوبی نداشت,1
این کاور متریال و رنگ خوبی داره ولی اصلا قابل استفاده نیست چون اصلا عدد Pro برای J نیست. پس از رسیدن محصول، خواهید دید که پشت جعبه لیبل Galaxy J یک عدد Pro و روی جعبه لیبل J یک عدد Pro وجود دارد. البته با پشتیبانی دیجی تماس گرفتم و قرار شد در صورت صحت مشکلی که گفتم مبلغ به حساب من واریز شود.,1
خوب بود و کاملا ارزشش را داشت,0
من اصلا توصیه نمیکنم چون کیفیت بدی داره,1
من بارها کابل های مختلف خریدم، اما تجربه برای من خوب بود. محصولی که شرکت های بی نام می آورند کمتر مفید است. این کابل با گارانتی و کیفیت fd مثال زدنی عرضه می شود,0
سه رنگ قرمز و مشکی و سفید خریدم و رنگ سفید زیر آفتاب زرد شد,0
بوی بسیار خوبی دارد و به آرامی شسته می شود,0
چندتا سفارش دادم و یکی از همون روز اول خراب بود و فقط برای iOS کار می کرد. اون یکی خوب بود ولی بعد از یک هفته که تبلتم داشت شارژ میشد ناگهان شعله ور شد و کابل آب شد و دود بلند شد و برای iOS از کار افتاد و فقط برای اندروید کار کرد.,1
به نظر می رسد کابل کیفیت خوبی داشته باشد، اگرچه به تازگی وارد شده است,0
امروز رسید، اما واقعاً انتظار نداشتم کابل به این خوبی با این قیمت داشته باشد,0
چیز خوبی است، اما در کل کوچک است,0
این یکی از بهترین کرم های مرطوب کننده است,0
نظافت خوب بود,0
خوب بود,0
من اصلا توصیه نمی کنم,1
پشت قاب ظاهری خوب، مردانه و برجسته دارد. بسیار مقاوم است اما اگر رنگ قرمز روشن تر باشد بهتر است,0
بسیار خوب و با کیفیت با نرم کننده مناسب برای موهای معمولی.,0
من خیلی راضی هستم تنها نقطه ضعفش قیمتش هست ولی خیلی خیلی خوبه. بوی خیلی خوبی داره,0
از هر نظر عالیه,0
من حدود یک سال هست که از الا استفاده میکنم قبلا کیفیتش بالاتر بود ولی الان مثل قبل نیست ولی این بار از خرید این محصول راضی بودم.,0
من تازه خریدم و از تعداد دفعات استفاده راضی بودم. در مقایسه با سایر محصولات مشابهی که من داشتم، این یکی بسیار بهتر است و بوی بهتری دارد.,0
آن را نخورید و استفاده نکنید,1
فقط روغن کنجد با اسانس,1
من از شامپو استفاده کردم با توجه به اینکه موهام کراتینه شده واقعا در تمیز کردن و حفظ کراتینه خوبه و احساس میکنم بعد از دوبار استفاده واقعا باعث حساسیت پوست سرم به یک سری شامپو نشد.,0
من این قاب رو خریدم متأسفانه سوراخ های انگشت و فلاش و دوربین نصب شده روی قاب با گوشی همخوانی نداشت و کمی بالاتر بود. به طعم بسیار خوشایند است. واقعا ارزش خرید نداشت,1
من پوست خشکی دارم و چندین سال است که از این صابون استفاده می کنم. این یک محصول خوب است. پوست را نرم می کند و حساسیت ایجاد نمی کند. همچنین اثر پاک کنندگی خوبی دارد. روی جعبه نوشته شده که ساخت آلمان است.,0
ماسک عالیه ولی حجمش نسبت به قیمتش کمه,0
کابل اصلی سامسونگ مو را کوتاه نمی کند,0
کرم فوق العاده بدبو و با اینکه گیاهی نوشته شده بوی وازلین شیمیایی میده! در ابتدای استفاده دست خیلی چسبناک می شود و خوشایند نیست!,1
کیفیت خوبی دارد، برای موهایی که خیلی بلند هستند و ممکن است در قسمت پایین خشک شوند نیز مناسب است.,0
خیلی خوب,0
حجم خوب است، در کمال تعجب بسیار خوب است,0
من از زمانی که قیمتش پایین بود این کرم رو خریدم. از همان اولین استفاده خاصیت ضد لک این کرم مرا شگفت زده کرد. من پوست چرب دارم و این کرم با پوست های چرب سازگاری خوبی دارد. درسته که قیمت بالایی داره ولی چون درصد پوششش زیاده خیلی زود تموم نمیشه. به نظر من اولین نکته محافظت از پوست انتخاب یک ضد آفتاب مناسب با توجه به نوع پوست است. این ضد آفتاب برای پوست های چرب عالی است. اما از آنجایی که سازگاری محصولات آرایشی و بهداشتی نسبی است و به نوع پوست بستگی دارد، باید دید دوستان چه تجربه ای برای انواع پوست داشتند.,0
سلام,0
من این کابل رو سفارش دادم ولی متاسفانه داخل درگاه گوشی گیر میکنه و با کمی حرکت بیرون میاد و گوشی شما شارژ نمیشه برای همین برگردوندم. در کل فکر نکنم به درد بخوره,1
می توانم بگویم شامپوهای زیادی را تست کردم و با بسیاری از آنها آشنا هستم اما از نظر من این شامپو یکی از بهترین ها برای استفاده روزانه و همچنین با اثربخشی بالا، فرم دهی مناسب و تغذیه و محافظت کامل بود. مو از آلودگی و رادیکال های آزاد موجود در محیط.,0
این دومین بار است که سفارش می دهم، راضی هستم، پوست روشن تر می شود,0
سرعت لایه برداری بسیار پایین است. به هیچ وجه پوست را لایه برداری نمی کند. اما هر وقت صورتم جوش می زند و از این استفاده می کنم، جوش ها را سریع خشک می کند و از ایجاد جوش جلوگیری می کند. من از آن به عنوان ضد جوش استفاده می کنم,0
اونی که من سفارش دادم نبود یه مدل دیگه برام فرستادن که اصلا جالب نبود,1
کیفیت و قیمت خوب,0
"روکش بدنه ضد تعریق - RT, LT حالت پدال دارند و به خوبی طراحی شده اند - قیمت مناسب - IPEGA مارک خوبی است و دستگیره های باکیفیت را با قیمت مناسب ایجاد می کند - برای بازی رایانه شخصی نیز عالی است",0
خارق العاده,0
سلام من این محصول رو به دلیل بسته بندی نامناسب سازنده خریدم نه دیجی کالا، بیشتر محصول داخل همون در میفته و با باز کردن در تعجب میکنید! نکته بعدی اینه که قیمتش نسبت به حجم محصول خیلی بالاست که به نظر من اصلا منصفانه نیست ولی واقعا رایحه خیلی خوب و ماندگاری داره و همیشه بوی خوش دهان رو نگه میداره ولی من این محصول را به دو دلیلی که ذکر کردم توصیه نمی شود.,0
در یک کلام عالی,0
عالی برای قیمت تخفیف خورده - به شدت توصیه می شود,0
لایه برداری آن ملایم است هر روز قابل استفاده است روی لک های آکنه تاثیر خوبی دارد البته با استفاده طولانی مدت پوست را خشک نمی کند و از خرید راضی هستم.,0
من دو تا از این کابل ها رو خریدم ولی متاسفانه وصل هستن و هیچ کدوم شارژ نمیشه,1
بر خلاف یسری که اومده بگه کیفیت نداره ولی به نظر من کاملا خوبه کار لانچر هست,0
بسیار رایج است,0
من یک فضای داخلی فوق العاده خریدم. واقعا با این مبلغی که خرج کردم بیرون همچین چیزی پیدا نکردی. عالی و زیبا بود جای زیادی دارد.,0
رنگ مشکی همیشه ارسال می شود و طلایی و سفید ذکر نشده است,1
فوق العاده بی کیفیت,1
من سال هاست که از این سرم مو استفاده می کنم، مزیتش این است که موها را چه صاف و کراتینه شده و چه زمانی که موهایم به طور طبیعی وز هستند صاف می کند. افزایش داشته... ممنون از دیجی کالای عزیز بابت بسته بندی خوبی که به سلامت رسید...,0
تونر و کیفیت چاپ قابل اعتماد,1
برای درمان جوش نیست دوستان مثلا کسایی که بدن و صورتشون چرب میشه و ممکنه جوش بزنه برای جلوگیری از جوش خوبه و به عنوان صابون معمولی استفاده میشه ولی برای درمان جوش باید دنبال محصولات دیگه بود. از این صابون برای پوست های مستعد آکنه استفاده کنید. جوش ها را بهبود نمی بخشد و فقط باعث می شود پوست شما کمتر جوش بزند. برای استفاده بدن باید بگم که اصلا پوست رو خشک نمیکنه و پوست رو نرم و لطیف میکنه.,0
کیفیت بسیار قابل اعتماد است,1
عالی است. بوی بسیار آرام بخش است و تا ساعت ها ماندگاری دارد. کف بسیار خوبی دارد. خلاصه به لطف دیجی کالا همیشه ازش استفاده میکنم,0
برند ایرانی باکیفیت قابل رقابت با برندهای اصیل جهانی,0
در مقایسه با قیمتی که پرداخت می کنید، کار نمی کند و تاثیر خاصی روی ناحیه زیر چشم ندارد.,1
اصالت کالا,0
خیلی داغ میشه من استفاده نمیکنم,1
خوبه ولی زیاد کف نمیکنه,0
من استفاده کردم خوبه,0
در هر محصولی، برندی وجود دارد که بهترین است. این صابون داو کامل ترین صابون است. هر وقت استفاده میکنم انگار کرم هزار تومنی به بدنم مالیدم. من خودم از عدد گرم ماه کامل (هر روز) استفاده می کنم.,0
خریدش رو حتما توصیه میکنم,0
خوب است و آهنربای خوبی دارد و حمل آن آسان است,0
درسته که مثل عکس نبود ولی قابش نرم و خوش فرمه و به خوبی با گوشی میاد,0
رنگش روشن تر از تصویر هست، اصلا اون چیزی نبود که فکر میکردم، رنگش عوض میشه ولی خیلی تغییر نمیکنه.,1
آبرسانی سبک مناسب پوست های چرب,0
سلام,1
سلام من این ژل رو دیروز تحویل گرفتم.. برای پوست من که چربه و جوش داره واقعا عالیه. حتی وقتی صورتم را اصلاح می کردم جوش می زد اما الان بعد از اصلاح از این ژل استفاده می کنم. هیچ جوشی وجود ندارد ... بعد از استفاده از این ژل خشکی I توسط پوست احساس می شود که پس از آن می توانید از مرطوب کننده مخصوص پوست های چرب و مستعد آکنه استفاده کنید.,0
بخر، ضرر نکن,0
نسبت به قیمتش خوبه و سبکه. من تا الان راضی هستم,0
اکثر محصولات سینره خوب هستند. این یکی دیگر از محصولات خوب این شرکت است.,0
سلام قیمت مناسب و کیفیت خوب,0
در کل راضی بودم. در مقایسه با پولی که می بینید ارزش خرید دارد.,0
یک تونر عالی... در خریدش شک نکنید...,0
این مسواک تنها مسواک استاندارد در جهان است، من آمدم آن را بخرم و منصرف شدم زیرا قیمت تقریباً سه برابر شده است، اما اگر شگفت انگیز است، چند عدد بخرید، نگه دارید و در محلول ضد عفونی کننده بگذارید. هر سه ماه یک ساعت و بعد از شش ماه دیگر استفاده نکنید زیرا از حد استاندارد خارج می شود و دیگر بهداشتی نیست و دندان ها را خراب می کند. اگر از این مسواک باتلر همراه با خمیردندان سنسوداین استفاده کنید عمر دندان های شما چند برابر می شود. انشالله پیروز و سلامت باشی,0
پوست سر و مو را نرم می کند و به رفع شوره سر کمک می کند,0
این کنترلر خوبی است، من آن را برای PC خریدم، از همه پلیرها پشتیبانی می کند و کامپیوتر آن را به عنوان یک کنترلر ایکس باکس می شناسد.,0
بعد از حدود چند روز استفاده از این محصول شاهد خرابی و عدم شارژ آن بودم با اینکه ظاهر محصول از جمله درگاه های آن سالم بود ولی متاسفانه دیگر امکان شارژ وجود نداشت... این را خریدم محصول بر اساس اعتماد به نظرات من است، اما هیچ ارزانی بی دلیل نیست و من آن را به هیچ وجه توصیه نمی کنم,1
خیلی خوب است. من یک سال پیش خریدم و واقعا ازش راضی هستم. تنها مشکلی که میتونم پیدا کنم اینه که چون مانیتورم به کارت گرافیک وصله رنگ و روشنایی به صورت خودکار توسط کارت گرافیک تنظیم نمیشه و هر بار باید دستی این کار رو انجام بدم که آزار دهنده هست. مسئله دیگه اینه که به منبع برق نیاز داره و با یه کابل یو اس بی کوچیک که قبلا داشتم و به راحتی ازش استفاده میکنم به پشت کیس وصلش کردم.,0
فقط گیر میکنه اصلا به قیمتش نمی ارزه,1
هیچ تاثیری ندارد,1
عملا این قاب قابل استفاده نیست,1
در یک کلام عالیه,0
خیلی شامپو خوبیه حجمش خیلی خوبه,0
قدرت پاک کنندگی بالا قیمت بسیار بالا و کاملا ضد شوره سر,0
اصلا چرب نیست و برای پوست های خشک مناسب نیست و حتی حس خوبی به پوست نمیده. در کل برای پوست های چرب بیشتر مناسب است. در کل با توجه به قیمت و اینکه افراد دارای پوست چرب نیازی به استفاده از کرم ندارند توصیه نمیکنم.,1
یک کابل شارژ و انتقال اطلاعات عالی که از کیفیت بسیار بالایی ساخته شده و رنگ زیبا و طراحی فوق العاده ای دارد,0
مواد پلاستیکی بد,1
پیشنهاد میکنم بخرید,0
نه در سطح حرفه ای، اما برای نظافت منزل و شخصی عالی است... البته افرادی که با این نوع قیچی های قدیمی کار کرده اند و آشنا هستند... زیرا نسل جدید قیچی ها قیچی های فوق العاده ای را در صنعت آرایشگری تجربه می کنند.,0
واقعا عالیه، فکر نمیکردم کیفیت پخش موزیک با کابل های راک اینقدر با کابل های دیگه فرق داشته باشه!,0
این کابل مانند بسیاری از کابل ها پس از چند ماه و حتی چند هفته کیفیت خود را از دست نمی دهد یا به عبارت ساده تر دچار افت آمپر عبوری نمی شود. من یه کابل ریمکس خریدم بعد تعداد آمپر روز های گذرا از تعداد آمپر به حدود 10 کاهش پیدا کرد.آمپر واقعا افتضاح بود ولی این کابل بعد از شماره ماه با پاوربانک انکر و خیلی استفاده در شارژ سریع و حالت عادی کمترین کیفیت را از دست نداده است و با برنامه آمپر دقیقاً از تعداد یا حتی بیشتر آمپر عبور می کند ...,0
رنگ آن بسیار مطبوع، نازک است و پس از اجرا خیلی سریع خشک می شود.,0
بعد از مدتی قطعی می شود,1
ارزش خرید در یک پیشنهاد شگفت انگیز را دارد,0
کیفیت ساخت خوبی داره...استفاده ازش خیلی راحته و دندانهای انتهایی رو تمیز میکنه...نخ به راحتی ساییده نمیشه...اسانس قوی هم داره.,0
با توجه به افزایش قیمت نخ دندان ارالب که واقعا بهترین است مجبور شدم این را بخرم. دقیقا مثل پراید در مقابل بنز,1
من گرفتم نه به گوشی و نه به لپ تاپ وصل بود! این یک قطعه پلاستیکی بی کیفیت است. من پیشنهاد نمی کنم.,1
یک محصول عالی,0
دوستان این کابل نسبت به کابل های موجود در بازار کیفیت خیلی خوبی داره حتی کابل های داخل کارتن گوشی شارژ سریع هم داره محافظ برای سوکت بگیرید فکر نکنم زود خراب بشه. من این ایده را از بنیانگذاران خریدم.,0
به عنوان یک نژاد ایرانی عالی است,0
فکر می کردم چون کابل استفاده شده فلزی است دیگر نقطه اتصال کابل به کانکتورها قطع نمی شود اما اشتباه است بعد از دو ماه نقطه اتصال کابل به گوشی به سختی پیدا می شود و من باید کابل دیگری بخری، فکر می کنم اگر آن را نخری پشیمان می شوی.,0
من سال هاست که از این سرم مو استفاده می کنم، مزیتش این است که موها را چه صاف و کراتینه شده و چه زمانی که موهایم به طور طبیعی وز هستند صاف می کند. افزایش داشته... ممنون از دیجی کالای عزیز بابت بسته بندی خوبی که به سلامت رسید...,0
پیش بند خوب و بزرگ است,0
من این محصول را چهار بار برای هر موردی خریدم,0
برای هدیه خریدم عالی بود,0
واقعا از نظر کیفیت بسته پستی عالیه. از نظر قیمت خیلی بهتر از بازاره,0
من هرگز پیشنهاد نمی کنم.,1
عالی,0
سرعت شارژ متوسط ​​و کیفیت ساخت خوبی دارد,0
من قبلا مانیتور داشتم زاویه دیدش خوب نبود به همین دلیل این مانیتور رو گرفتم و ازش راضی هستم,0
سلام خدمت دوستان عزیز. این شامپو بسیار عالی است. من حتما آن را توصیه می کنم. واقعا تاثیرگذار است.,0
سلام . شامپو از نظر کف کردن و پاک کنندگی خوب است اما خیلی رقیق است و با توجه به کرمی بودنش باید غلیظتر باشد. من کاملا راضی هستم. من محصولات Ivorosh را خیلی دوست دارم.,0
من این محصول را از دیجی کالا خریدم با توجه به قیمت تخفیفی و حجمی که دارد ارزش خرید دارد. صبح و شب قبل میخوابم و صورتم را میشورم,0
خوب,0
اندازه عالی و انعطاف پذیری عالی,0
کابلش نسبت به کابل های قبلی که خریدم خیلی خوبه. به نظر می رسد با توجه به جنس کابل، مقاومت بسیار خوبی دارد.,0
من حدود دو هفته پیش خریدم و در این دو هفته اثرش را دیدم. پوستم خیلی شفاف شده دوستانم هم به من می گویند.,0
با اینکه دی جی اینو به اشتباه به جای مارک دیگه برام فرستاد ولی کیفیتش بد نبود.,0
جنس نرم خوبی داره خیلی سبکه برای خرید رنگ دیگه منتظر تخفیف هستم خیلی خوشگله,0
قیمت مناسب، بوی خوب و تاثیر خوبی دارد,0
در کل خوب بود,0
عالی و بسیار خوب,0
من خریدم و ازش راضی هستم,0
برای پوست های چرب و مستعد آکنه عالی است.,0
صداش مشکلی نداره,0
در باز بود و شکسته بود. فقدان کامل اصول بهداشتی,1
در کل خوب است.,0
در کل خوبه,0
اول اینکه این کرم کاملا بی بو است، دوم اینکه مقدار داخل تیوپ مناسب است، سوم اینکه سریع جذب پوست شما می شود و قرمزی صورت را تسکین می دهد. خرید سی گل را به تمام کسانی که از کرم ها و محصولات بهداشتی استفاده می کنند توصیه می کنم، ایرانی و با کیفیت، کارآمد و قیمت مناسب است. شما باید یک بار محصولات مختلف آن را امتحان کنید.,0
خیلی چرب نیست و خیلی سریع جذب میشه.,0
من برای گوشی همسرم خریدم همیشه تو کیفش هست راستش دو سه بار خراب شده ولی مشکلی در کارکردش هم شارژ و هم فست شارژ نبوده.,0
کابلش کیفیت خوبی داره ولی خیلی کوتاهه البته برای پاور بانک مناسبه,0
این گوشی من را بسیار شیک و زیبا می کند.,0
من شماره سنم را برای جوش های صورت پسرم گرفتم. من هنوز نتیجه را ندیدم که نظر بدهم. نگران تاریخ تولید و انقضا بودم ولی الحمدلله مشکلی نبود.,0
حتما عملی بخرید,0
الا ضد آفتاب خوبی است و من مدت زیادی است که از آن استفاده می کنم. نسبت به بقیه کرم هایی که استفاده کردم رضایت بخش تر بود. البته رنگ کاراملی رو خریدم که متاسفانه تیره ترین رنگه و حواسم نبود...,0
من این محصول را دوبار خریدم. اونی که از فروشنده شلکس خریدم واقعا کیفیتش عالی بود. من محصول را توصیه می کنم و حتما بررسی کنید که از چه کسی آن را خریداری می کنید زیرا ممکن است کالای تقلبی برای شما ارسال کنند. برای من اتفاق افتاد.,0
راستش من تازه خریدم هنوز تاثیرش رو روی دندونم حس نکردم ولی روی بوی این نوع تاثیر نمیذاره,1
از همه محصولاتشون که استفاده کردم راضی بودم مخصوصا کره بدن,0
از هر نظر و سهولت استفاده در هر مکانی فوق العاده است,0
این ژل نیست، کرم است. من برای شستن صورتم به خصوص دور چشم راحت نیستم اما ماسک پاک کننده خوبی است.,1
متریال داخل قاب پارچه ای است که به درستی چسبانده نشده و خود روکش دارای دو سوراخ است که کیفیت ساخت را نشان می دهد. با تشکر از سایت خوب دیجی کالا.,1
خیلی خوبه من راضیم,0
ارزش خرید داره و واقعا عالیه مخصوصا با تخفیفی که گرفتم,0
قدرت نرم کنندگی عالی (بعد از چند بار استفاده پوستم مثل پوست بچه ها نرم و صاف شد),0
پیشنهاد میکنم تازه تهیه کردم بوی خیلی خوبی داره و چرب نیست و پوست رو به خوبی آبرسانی میکنه.,0
عالی بود عالی.. جنس و کیفیت عالی,0
با ارزش و عالی، دوباره میخرم,0
بدون شک یکی از بهترین دسته بازی هایی که داشتم!!,0
من از خریدم راضی بودم,0
من آن را برای گوشی HTC خریدم و به راحتی پشتیبانی کرد,0
سلام,0
خوبه ولی سایزش کوچیکه,0
نسبت به قیمتش خیلی خوبه هر گوشی خوب کار کرده,0
برای حجم و اندازه اسپری مناسب است,0
کرم ضد آفتاب قطعا یکی از بهترین هاست,0
نسبت به قیمتش به طرز شگفت انگیزی خوبه,0
طبق نظرات خرید کردم,0
جنسش خیلی خوبه,0
به گفته دکتر متخصص این ضد آفتاب رو از دیجی گرفتم به قول دکترم بهترین ضد آفتاب بود. واقعا به این نتیجه رسیدم که پوست رو خیلی شفاف میکنه.,0
خوب است، عالی است,0
سلام,1
من خیلی راضی هستم,0
من از این محصول نسبت به سایر محصولاتی که استفاده کرده ام بسیار راضی هستم. دوبرابر قیمت خرج کردم,0
من این محصول را برای کارهای گرافیکی خریدم و از کیفیت رنگ (در رنج قیمت) واقعا شگفت زده شدم.,0
ضد آفتاب سری Nox spf no,1
در کل چیز خوبی است,0
فایده ای ندارد، اگر بخواهیم از ماسک درست استفاده کنیم، نمی توان بیشتر از آن استفاده کرد,0
پیشنهاد میکنم در فروش ویژه بخرید قیمتش نسبت به کیفیتش واقعا خوبه,0
این یک محصول خوب است. به نظر می رسد محصولات اصیل غربی است، اما کیفیت خوبی دارد. آنچه در تبلیغات جهانی این محصول ذکر شده این است که این شامپو قبل از استفاده از محصولات آرایشی مو مانند نرم کننده ها استفاده می شود که من به شخصه عادت ندارم. بوش خوبه. به خوبی کف می کند و مهمترین و بهترین چیز در مورد آن این بود که موها را نرم و شل نمی کرد. این برای من بسیار مهم و حیاتی است زیرا اکثر شرکت های مشابه علاقه زیادی به نرم کردن مو دارند. موها را شل و آسیب پذیر می کنند و باعث می شوند موها غیر قابل کنترل شوند.,0
خیلی خوب,0
کیفیت محصول فوق العاده است و شکی در آن نیست,0
فریمش خوبه 70 از 100 میدم شاید یکی از معایب میت 10 پرو کمبود لوازم جانبی باشه.,0
ما به طور مرتب از آن استفاده می کنیم، اما هیچ کدام از موهای ما مشکل ریزش مو، خارش یا چیز دیگری ندارند.,0
می توانست ظرف بهتری داشته باشد,1
چون موهام خیلی نازک و شکننده هستن موقع خواب آسیب میبینن و میشکنن. بعد از استفاده، من واقعاً تغییر را احساس کردم و دیگر مثل قبل نبود.,0
خیلی زیباست,0
مناسب نیست,1
کیفیت خوب,0
محصول خوب و موثر است,0
لایه رویی قاب از هفته اول به تدریج کنده شد و ظاهر قاب را بسیار نامناسب کرد.,1
نسبت به قیمتش خوبه ولی اثر انگشتش باقی مونده,0
دوستان من تقریبا سه ساله از این خمیردندان استفاده میکنم,0
جنسش خیلی خوبه ولی کمی قدیمی به نظر میرسه، البته مهم اینه که خوب کار کنه، جنس سیمش هم خوبه و کره ای.,0
عالی بود واقعا روی موهام موثر بود,0
راضی بودم هم از کیفیتش و هم اینکه بسته بندیش عالی بود و وقتی خواستم رسید سالم و کاملا سالم.,0
برای پوست خشکم خیلی خوب بود و بعد از حمام نیازی به لوسیون بدن ندارم.,0
کیفیت نداره,1
من دوبار این اسپری را خریدم,1
من این کابل رو فقط برای پاور بانک گرفتم و سرعت شارژ خیلی خوبی داره. تلفن من شماره S است.,0
زیبا و رنگارنگ و قوی در برابر ضربه,0
سلام,1
کار خاصی نمیکنه مثل لاک کار میکنه,0
بسیار کاربردی است و در بازار یافت نمی شود,0
برای پوست های چرب عالیه، حتما بعد از حمام صورتمو باهاش ​​ماساژ میدم، برای قبل از آرایش عالیه، کرم پودر به خوبی جذب پوست میشه.,0
موها را نرم می کند. من ازش راضیم و دوباره میخرم,0
نسبت به برخی از نخ های خارجی با قیمت های نجومی کیفیت و قیمت مناسبی دارد و به شخصه هنگام استفاده با مشکل ریش تراشیدن مواجه نشدم.,0
خیلی خوبه نسبت به خارجی خیلی ارزونه و واقعا عالیه. من هر ماه چندین بار استفاده می کنم,0
یکی از برندهای قدیمی کرم ایران. یادش بخیر امیدوارم از کیفیت کالاهای ایرانی کاسته نشود. درود فراوان,0
کرم خوبی برای زیر آرایش به عنوان پرایمر است,0
من برای لپ تاپ اچ پی استفاده کردم قیمتش کمتر از بازار بود و خوب کار کرد.,0
واقعا کرم خوبیه و پیشنهاد میکنم فقط حیف که زدنش سخته,0
من این کرم را بر اساس بررسی ها خریدم اما نگفت که حاوی پارابن است.,1
این دومین خرید من از برند فوکوس است,0
من حدودا چند سال پیش از دیجی کالا خریدم و راضی هستم فوق العاده سبکه.,0
قیمت مناسب و کیفیت خوب,0
قیمت مناسب است,0
من موقع خریدم به سری این کابل دقت نکردم چون دو تیکه هست وقتی میخوای کابل رو از گوشی جدا کنی یه قسمت کوچیکی تو پورت گیر میکنه و اگه اون رو جدا کنی قسمت کوچکی ممکن است گم شود که در این صورت کابل آسیب می بیند. کاملا غیر قابل استفاده خواهد بود. فلسفه سریال مغناطیسی و دو تیکه اش خیلی مبهم است!!!,1
خوب است او برهنه می خوابد,0
عکس ها همه دروغه آبی آبی سیاه نیست همه آبیه قرمز منم همینطور بقیه رو ندیدم ولی احتمالا یکی هستن اگه میخوای قرمز و مشکی داشته باشی باید یکی مشکی و یکی قرمز بخر، ترکیب کردنش درس است,1
من خیلی راضی هستم,0
من فقط دارم ازش استفاده میکنم به نظرم بد نیست,0
ماسک بسیار خوبی است و تمام موهای صورت را از بین می برد. برای بینی عالیه,0
تا الان چندین کاور پلاستیکی و فلزی برای آیفون اس از بیرون خریدم که قبل از شش ماه شکستند و مونتاژ هم مشکل داشتند. مثلا مدل پلاستیکی مثل نمونه های ضدآب محافظ جلوی درگاه شارژ و خروجی جک صدا داشت که باعث دردسر می شد اما این خیلی زیاد است. خوب است,0
وقتی دو لایه بزنید ناخن فوق العاده زیبا می شود و زرشکی بسیار زیبا می شود.,0
من این کابل رو خریدم واقعا صدای با کیفیتی داره کانکتورهای عالی مخصوصا قطر کانکتورش کم بود و مناسب هدفونم بود.,0
واقعا خوبه,0
عالی بود، احساس می کردم تا الان معنی بهداشت دندان را نمی دانستم,0
همه چیز خوب است,0
با توجه به قیمتش خیلی خوبه,0
دارای برش دقیق برای اسپیکر، دوربین و ... دکمه ها را نیز می پوشاند. ساده و شیک است. قیمت خوبی داره,0
خیلی بد بود,1
من این شامپو رو به دلیل قیمت مناسب و تولید انگلیس خریدم ولی بر خلاف تصورم اصلا کف نمیکنه و باید حجم خیلی بیشتری هم استفاده کنید که علاوه بر معادل بودن قیمتش. به شامپو گران تر، هنوز هم کف نمی کند.,1
قیمتش بالاست اگر کمی پایین تر بود خوب بود.,0
خوب بود من از بوش راضی بودم.,0
این,0
من مشکی رو خریدم مات است بسیار سبک و شیک. استفاده از دکمه ها آسان است.,0
اولین بار که استفاده کردم کاملا متوجه تغییر رنگش شدم,0
زیبا، نرم و با کیفیت,0
با توجه به اینکه فصل تابستان است و می توانید زیر نور آفتاب بمانید، به هیچ عنوان کرم و لوازم بهداشتی مصرف نکنید.,1
جنسیت مناسب,0
کیفیتش نسبت به قیمتش خوب نیست,1
ممنون عالی بود فقط بعضی از آهنرباها ضعیف بود,0
خیلی موها را خشک می کند. موهای من هنوز خشک است و این کرم مو آن را بدتر و خشک تر می کند. وقتی دستمو میکشم موهام تا خشک شدن صدای جیغ میده. من از کرم مو گلیس استفاده می کردم خیلی خوب بود. تصمیم گرفتم Ivroche را برای مدتی امتحان کنم! مهم نیست که محصولات پوست چقدر خوب هستند، محصولات مو افتضاح هستند! شامپو، ماسک مو در حمام، نرم کننده و کرم مو را خریدم! اما اصلا خوب نبود. پولم را هدر دادم و فریب مارک آن را خوردم. این بدترین خرید عمرم بود.,1
من یک هفته از S استفاده می کنم. یک بار در روز پوست صورتم نسبت به قبل کمتر خشک شده و به نظر می رسد که به مرور زمان پوست را نرم می کند,0
این پنجمین خرید و استفاده من از این خمیر دندان است. از همه نظر عالی و عالی است,0
من از آن راضی هستم,0
بین خمیردندان های ایرانی و خارجی که استفاده کردم بهترینه هم زغالی و هم سفید کننده. واقعا کیفیت بالایی داره امیدوارم با گذشت زمان کیفیتش رو حفظ کنه و مثل خیلی از شرکت های ایرانی بعد از جذب مشتری کیفیتش رو از دست نده.,0
دارای سیلیس است، هنگام مسواک زدن احساس می شود که دندان های شما کشیده شده اند، باید میزان مسواک زدن و فشار دست را تنظیم کنید تا مینای دندان آسیب نبیند.,0
هر جا رفتم این محصول را نداشتند و خوشحال بودم که دیجی کالا به من کمک کرد و من آن را آنلاین خریدم.,0
به نظر کرم خوبیه هم برای مامانم خریدم و هم برای خودم با اینکه +شماره نیستم,0
من خریدم ولی حتی یکبار هم درست نشد!,1
خوبه من کاملا راضیم,0
من تازه خریدم و راضی هستم,0
من می خواستم از آن برای حجم دادن به صورت و بدنم استفاده کنم، اما مراحل استفاده روزانه از آن دشوار است. اما برای پوست من عالی بود. من نمی خواهم چیز دیگری روی پوستم بگذارم. من در عرض یک هفته چند بار استفاده کردم و صورتم نرم شده است، حجم آن هنوز روی من تأثیری نداشته است. هر زن واقعاً به آن نیاز دارد.,0
خیلی خوب . بافت کرمی داره و واقعا کیفیت خوبی داره,0
پوست صورت من بسیار چرب و مستعد آکنه است، این ژل اثر پاک کنندگی بسیار خوبی دارد و کیفیت و غلظت آن عالی است. صورتم را با چند قطره می شوم. برای پوست های کثیف و خیلی چرب مناسبه، دوما بعد از مرطوب کننده استفاده بشه، خیلی راضی بودم.,0
رنگ در واقعیت با عکس یکی نبود، ممنون,1
خوب بود,0
به نظر خوبه، روکشی که برام فرستاده بود، فرورفتگی داشت و نازک بود.,0
دقیقا همونی بود که تو سایت گذاشتی,0
قدرت پاک کنندگی آن حتی برای آرایش ضد آب نیز بالاست. با حجم کم، همانطور که روی بطری نوشته شده است، حدود دو میلی لیتر آرایش برای کل صورت تمیز می شود. ضد آفتابم را هم به راحتی پاک می کرد. نسبت به قیمتش حجم خوبی داره. اصلا بو نداره این محصول لهستان است نه آمریکا. در چندین لایه بسیار محکم است، پلاستیک پیچیده شده بود و اصلا نشتی نداشت.,0
عالی بود جادار و زیبا و محکم بود پیشنهاد میکنم بخرید,0
لطفا در ارسال محصولات دقت بیشتری داشته باشید تا آنچه را که انتظار داریم دریافت کنیم.,0
خیلی خوبه محصولات آبرسان گارنیر همگی عالی هستند. حجم آن زیباست و چند ماه دوام دارد. تاثیر زیادی دارد. بوش خوبه.,0
فقط اینو بگم بعید بود دیجی کالا بند دوشی این کیف رو با مواد غیر کیف عوض کنه که در اولین استفاده شکست.,0
رنگ طلایی داره خوبه,0
بوی خوبی نداره من با سرم مو استفاده میکنم. غلظت بالایی دارد و فقط موها را کمی چرب می کند. ممنون که کاملا گیاهی و ارگانیک هستید,0
من خیلی راضی هستم,0
نسبت به قیمتش واقعا خوبه و شیک,0
کابلش خوبه کیفیت داره و نمیخوای ببینی از کدوم طرف باید از سوکت استفاده کنی,0
رضایت از یک مرطوب کننده بدون چربی,0
کاملا نقره ای است و این هاله آبی که در عکس می بینید را ندارد، البته بسیار زیبا و بسیار براق است، سریع خشک می شود و کیفیت بسیار خوبی دارد.,0
فقط در حدی بود که موهامو شل کرد وگرنه اصلا موهامو نرم نکرد,1
من آن را به شدت توصیه می کنم,0
این بی فایده است,1
به نظر من از کرم های بهتر استفاده کن ارزش خرید نداره,1
سلام امروز تحویل گرفتم با حفاظت بالا بسیار راضی کننده است جنس فریم بسیار مرغوب است با تخفیف خریدم بسیار راضی هستم ممنون از دیجی کالا,0
خیلی خوب بود اولین بار که استفاده کردم تاثیرش رو حس کردم,0
من همیشه از این ضد آفتاب استفاده می کنم و بسیار راضی هستم,0
یه کیف شیک خوشگله، سبک راحته، باهاش ​​سفرهای یک روزه میرم,0
حتما امتحانش کنید.,0
کیفیت خوبی داره و ارزش پولی که میدین رو داره,0
خرید خوبی بود,0
برخلاف ظاهرش، جادار به نظر نمی رسد، اما در واقع بسیار جادار است و به فرد امکان طبقه بندی همه اقلام را می دهد. درست است که کیفیت درجه یک نیست اما در این رنج قیمت قابل قبول است.,0
نظرات رو خوندم من آن را نوشتم. بی بو نیست / اگر بی بو باشد / کاملا راضی هستم.,0
پیشنهاد میکنم بخرید,0
جنسش خوب و زیباست قیمتش خوبه ولی از پورت های گوشی محافظت نمیکنه,0
بوی خیلی خوبی داره و ماندگاری خوبی هم داره...از خریدم کاملا راضیم...,0
اصلا اون چیزی نبود که فکر می کردم رابطه جنسی اصلا خوب نیست,1
پوستم چربه و بعد از اینکه از سر کار اومدم صورتمو باهاش ​​میشورم و کثیفی و خستگی رو کاملا از روی پوستم پاک میکنه! عطر من نارنگی است و بوی خوبی دارد,0
من تعداد وات شارژ سریع با شارژر را گرفتم. متاسفانه جواب نداد. برای استفاده از این قابلیت باید کابل دیگری بخرم. البته شارژر این برند خیلی خوبه. اما کابل با اینکه کیفیت خوبی دارد اما این قابلیت را نداشت,1
واقعا ارزشش را دارد,0
مقدارش نسبت به قیمتش خیلی کمه اصلا پیشنهاد نمیکنم.,1
متفرقه و داده ها منتقل نمی شود. خرید کاملا اشتباه,1
محصول بعد از چند روز استفاده خراب شد و دستگاه من ارور غیرقانونی بودن کابل داد,1
سایزش نسبت به قیمتش عالیه من بارها از آن استفاده کرده ام,0
من برای اولین بار است که این کرم را می خرم و واقعا شگفت زده شدم. کرم بسیار خوبی است، غلظت خوبی دارد و کاملا جذب دست می شود. من از آن راضی هستم,0
به نظر من خیلی خوبه ولی با توجه به مقداری که داره خیلی گرونه!,0
مهم ترین نقطه ضعف این کاور باز بودن لبه پایینی آن است و در صورت افتادن گوشی قطعا اسپیکرهای پایین گوشی آسیب می بینند. البته بی صداقتی فروشنده نقطه ضعف بزرگتری است چون در عکس هایی که قرار داده می شود مثلاً قرار است قسمت پایین گوشی محافظت شود که اصلا اینطور نیست و قسمت پایین قاب کاملا باز است,1
اصلا خوب نیست. دو گوشه آن شکسته است. کنار دکمه هاشم ترک خورد.,1
با توجه به قیمت پایین، کیفیت خوب است.,0
گوشی داخلش قفل نمیشه و خود کاور هم کیفیتش خیلی خوبه,1
محصولی با کیفیت است,0
یک ماه است که کار نمی کند,1
اصلا توصیه نمیشه,1
بسیار شیک و شیک است، کیفیتش نسبت به قیمتش عالیه. فقط قسمت قلم خوب محافظت نمی شود. علاوه بر این قاب فیس هم گرفتم و وقتی سر کار می روم روی گوشیم می پوشم,0
خوب بود ولی نه خیلی خوب یا عالی... پوست های چرب نباید استفاده کنند.,0
امنیت در کل خوب است. اما خیلی زود کثیف شد، از دی جی می خواهم این محصول را حذف کند,1
با وجود اینکه آهنربا در مقایسه با نمونه ریمکس قوی است، چون غرق نمی شود، با کوچکترین تغییر جهت می شکند. کابل بسیار بی کیفیت و عدم پشتیبانی از شارژ سریع و کیفیت بسیار پایین انتقال اطلاعات.,1
پوست را بعد از استفاده روشن تر و شفاف تر می کند,0
ولی خیلی تنگه,0
شگفت انگیز بود,0
من به خاطر موخوره هیچوقت نتونستم موهامو بلند نگه دارم ولی با این محصول موهام عالیه و دیگه وز نمیشه. ممنون دی جی,0
خیلی خوبه من راضیم,0
من تازه این محصول رو امتحان کردم پاک کنندگی بالایی داره و مثل آب بی بو هست. باعث سوزش و خارش نمیشه البته بعد از استفاده هنوز صورتم رو با آب و ژل میشورم...,0
اصلا کیفیت نداره,1
بهترین مانیتور برای گیمرها را از دست ندهید. من چند ماهه یه محصول از دیجی خریدم و مشکلی نداشتم,0
من استفاده کردم ولی سفید نمیشه اصلا بد نیست,0
من خیلی راضی هستم که لنگش هیچ فروشگاهی ندارد,0
عالی,0
کرم عالیه پوشش دهی خیلی خوبی داره من قبلا طبق دستور دکتر استفاده میکردم رنگ خوبی داره ولی الان که گرفتم حجمش خیلی کم بود,0
بعد از استفاده موهام به شدت خارش کرد.,1
این ژل های بایودرما انواع مختلفی دارد و قیمت آن ها متفاوت است اما دیجی کالا به تحویل محصول توجهی نمی کند. من این محصول را انتخاب کردم اما فقط محصولی که در ظرف آینه مانند برایم ارسال شده بود اصلا به مشخصات آن توجه نکرد.,0
عالی,0
خوب است,0
من به هیچ وجه آن را توصیه نمی کنم,1
برای یک هفته استفاده کار می کند,1
اثر سفید کنندگی این خمیردندان را با چشمان خود می توانید ببینید. کسانی که دندان های حساسی دارند اگر این خمیردندان را چند دقیقه روی دندان هایشان بگذارند دردشان تسکین می یابد. من هم سنسوداین مصرف کردم، قبل از این حرفی برای گفتن نیست. این بهترین است,0
کیفیتش عالیه ولی اگه بخوای برای اتصال دوربین به ویدئو پروژکتور (داده) ازش استفاده کنی کیفیتش پایینه ولی در کل عالیه.,0
کرم خوبیه ولی چرا این قد تغییر قیمت کرده؟,0
لاک براق و رنگارنگ است,0
نسبت به قیمتش خیلی خوبه و واقعا تمیز میکنه,0
با این قیمت خوب بود,0
موهام معمولا با شانه زدن میشکنه ولی چون از این شامپو استفاده میکنم دیگه مشکلی ندارم حتی چربی موهام از بین رفته و تو این فصل سال یعنی تابستون بعدش هم چرب نمیشه چند روز. گارنیر بهترین مارک شامپویی است که تا به حال استفاده کرده ام. من از آن استفاده کردم,0
در حال گشت و گذار در سایت دیجی کالا بودم که با این صابون مواجه شدم. اولین کاری که کردم این بود که ISO هایش را چک کردم و دیدم درست است و خریدم.,0
بعد از استفاده موهام دچار خارش و شوره سر شد. به نظر نمی رسد که مو را تمیز کند. قیمتش هم بالاست,1
من دوتا خریدم,0
کیفیت خوب,0
قیمت مناسب تر از داروخانه است,0
من بر اساس نظر دوستان خریدم و در تست اولیه از شارژ سریع گوشی های جدید پشتیبانی می کند اما مشکل این است که به راحتی گم می شود و جایی برای اتصال نیست.,0
عالی … … !,0
من تازه خریدم ولی خواهرم داره استفاده میکنه و خیلی راضیه.,0
برای من فقط یک ماه کار کرد و بعد قطع و وصل شد و بعد تمام شد!,1
کابل کیفیت خوبی دارد، طول سیم برای خانه مناسب است، گوشی lg g با شارژ سریع کار کرد,0
واقعا تاثیر زیادی روی من دارد,0
عالی، بی نظیر و بی نظیر,0
با این قیمت خوبه,0
خیلی خوب است,0
به سرعت جذب می شود. من دارم ازش استفاده میکنم طول می کشد. احتمالا صبر کنم,0
گران هم بود. روی سینه اصلا تاثیری نداشت.,1
با این مقدار، این حجم، این کارایی و کیفیت واقعا عالی است,0
این کرم در حجم میلی لیتر ارائه می شود اما کرمی که دریافت کردم حجم میلی لیتری داشت شاید بهتر باشد در معرفی محصول دقت بیشتری کنید.,0
برای پوست های خشک خیلی موثر نیست و بیشتر مرطوب کننده است و نرم کننده کمی دارد,0
عالیه حتما استفاده کنید,0
کاملا ابریشمی هست و اصلا ریزش نمیکنه فقط نرم کننده خوبی به موها میده,1
در مورد تاثیر جراحی بسیار موثر بوده است,0
در این رنج قیمت، بهترین کابلی است که می توان خرید.,0
این شگفت انگیزه,0
من از خریدم راضی نیستم کیف بسیار کوچک است، فقط اندازه یک لپ تاپ و سیم شارژر را در خود جای می دهد و به سختی وسایل شخصی را در خود جای می دهد.,1
کیفش خیلی خوبه خیلی شیک و قشنگه مخصوصا رنگ آبیش. دوخت عالی و محکم واقعا ارزش خرید دارد به خصوص در شگفت انگیز,0
من دو تا کابل آزید گرفتم که هر کدوم بعد از مدتی کار نکرد!,1
این کرم در مقایسه با کرم های هم رده قیمتی واقعا عالی است. صرف نظر از اندازه کوچکش، خیلی راحت روی پوست می خوابد و اصلا عرق نمی کند. رنگ در ابتدا کمی براق است، اما به سرعت جذب می شود. مخصوصا برای چشم هایی که زمان زیادی را با کامپیوتر می گذرانند کرم دور چشم ضد آفتاب توصیه می شود که هم برای دور چشم و هم برای کل صورت استفاده می شود. برای من هیچ حساسیتی نشان نداد و راضی بودم. مخصوصا برای پوست های چرب. و از طرفی این کرم خاصیت لکه بری دارد. اگرچه این مدل لکه های فانتوم کرم پودری نیست و رنگ را کاملا طبیعی و پوست را کمی شفاف تر می کند، اما دکتر پیشنهاد کرد که در طول روز لکه را از بین ببرید.,0
من هر شب و هر روز صبح از آن استفاده می کنم. خوب من احساس می کنم که دندان هایم سفیدتر شده اند,0
من این مسواک را چند ماه پیش برای دختر دو ساله ام خریدم، خیلی دوست دارد، با آن دندان هایش را زیبا مسواک می کند، وقتی می خواند خیلی می خندد و برایش جذاب است، خریدش را توصیه می کنم.,0
در حد دور ریختن پول، واقعا غیر قابل استفاده است. پس از چند دقیقه استفاده، قسمت USB داغ می شود و اتصال با شارژر یا کامپیوتر قطع می شود.,1
من رنگ های طلایی، نقره ای و خاکستری این کابل را خریدم و هر سه رنگ زیبا و عالی و بسیار با کیفیت و حتی با قیمت معمولی بدون تخفیف ارزش خرید بالایی دارند و در محدوده تخفیف، دیگر چیزی برای خرید وجود ندارد. گفتن.,0
این کرم به جای اینکه مرطوب کننده باشد بسیار چرب است و بعد از دوبار استفاده تمام صورتم پر از جوش های ریز و پوستم فوق العاده سنگین شده بود.,1
با تشکر از دیجی کالا برای خدمات بسیار خوب در تمام سطوح,0
خوب است,0
در کل خیلی خوبه,0
این شامپو مخصوص موهای من است که بسیار مجعد و رنگ شده است. و خیلی خوب سفید شده است. واقعا موهایم را نرم و لطیف کرد. دوباره خریدمش,0
من ریسک کردم و با اتکا به نظراتی که منفی نداشت با اینکه گارانتی نداشت این محصول رو خریدم ولی متاسفانه شماره روز جواب نداد. و تعداد تومان فقط ده روز کار کرد. خریدش را اصلا توصیه نمی کنم. حتما محصولی با گارانتی خریداری کنید,1
واقعا عالیه من با این شامپو شوره سر داشتم به مرور زمان بدون شامپوی دیگه از بین رفت,0
عالی,0
هنوز برای نتیجه گیری زود است، اما در حال حاضر به شوره سر من کمک کرده است، اما هنوز نمی تواند چیزی در مورد کاهش ریزش مو بگوید.,0
همه چیز خوب است,0
من راضی هستم ممنون از دیجی کالا,0
در عکس به نظر می رسد که بسیار خوش فرم و سفت و شیک است، اما در واقع یک تکه برزنت شل است.,1
قطعه AUX بدی برای اتصال به گوشی دارد و قطع و وصل است,1
خیلی خوب، گوشیم را انداختم، چیزی نشد,0
استفاده از آن را به دیگران توصیه می کنم. بی رنگ است، لک نمی گذارد، روی پوست سفید نمی شود، سریع جذب می شود، سبک است و در برابر تعریق مقاوم است. من پوستم چربه و خواهرم پوست معمولی داره. خواهرم با اینکه فقط یک بار ازش استفاده کرده، همه جا ازش تعریف میکنه.,0
تا امروز خوب کار کرده است,0
اوه، آن را نگیرید. اول اینکه مردم می گویند که بوش را تحمل می کنند. سپس توسط بوته مسموم می شوید، احساس گیجی و سرگیجه می کنید. بیش از دو بار قابل استفاده نیست.,1
پوست را نرم می کند و عطر خوبی دارد,0
از نظر کیفیت اصلا شبیه عکس ها نیست، مهمتر اینکه چیپست اصلا پیام نمایش نمی دهد اما صفحه نمایش ساده ای است که برای پاسخ دادن به تلفن و دیدن پیام ها باید قاب آن را باز کنید. ، ساعت، پیام و آب و هوا. نشان نمی دهد. فکر نمی کنم بیشتر از چند ماه طول بکشد. البته هر چه پول بیشتری بپردازید بهتر خرید می کنید.,1
عالی,0
روی قاب برند هوآوی نوشته شده و با عکس فرق داره ولی خیلی محکمه,1
عالی عالی عالی,0
فکر نمی کنم آنقدرها که دیگران می گویند خوب باشد. اما کرم خوب است، اما عالی نیست,0
من همیشه از این کابل خرید میکنم چون قیمتش خوبه و معمولا ماهها برام کار میکنه,0
کیفیت عالی فراتر از کلمات است,0
من چند ماه استفاده کردم تاثیری نداشت,1
جنسش خوبه,0
من دو ماه استفاده کردم و برای ترک های قرمز خیلی خوب بود و راضی بودم ولی اینبار میخوام روغنش رو سفارش بدم.,0
کیفیتش خوبه ولی نامتعادل هست که دلیلش تا نشدن هست. به نظر من عالیه,0
بعد از سه شب استفاده به شدت آلرژی و تورم و قرمزی و سوزش در نزدیکی چشمانم ایجاد شد و بعد از تماس با شرکت فقط گفتند آلرژی دارید و حتی راه حلی برای درمان آن پیشنهاد ندادند. و ده روز طول کشید تا استفاده از آن متوقف شود. چشمام زود خوب میشه,1
کیفیتش خوبه تعداد مترش اصلا نیست. یک متر است. فقط در صورت آمدن حساب نقدی. رنگش مشکی بود ولی من سفید شدم. در کل خوب است,0
علی اصلا حرف نداره ارزش پول بسیار بسیار خوبی دارد. من صد در صد توصیه میکنم,0
خوب است,0
این معجزه ای نیست که وبلاگ نویسان می گویند، اما قابله قابل قبول است,0
به همه دوستان توصیه میکنم,0
شامپوی بسیار خوبی است,0
من هفت خریدم به نظرم با این قیمت عالیه,0
خوب,0
کیفیت بسیار بالا,0
همانطور که انتظار داشتم موهای زائد پوست را از بین نمی برد. ولی در کل خوبه,0
کیفیت بسیار خوب و سرعت شارژ سریع شماره نت. ممنون از دی جی یکی خریدم و یکی هدیه دادم,0
به نام خدا,0
خیلی فوم خوبی هست پیشنهاد میکنم بخرید.,0
در کل از خریدم راضی هستم. برای کسانی که پاهای زیادی در کفش دارند عالی است,0
من بسیار راضی هستم و آن را توصیه می کنم,0
بعد از شستشو حس بسیار خوبی دارد,0
رنگش قشنگه ولی اصلا کیفیت و ماندگاری نداره,1
من حدود یک سال است که آن را دارم و اغلب در تورها از آن استفاده می کنم و تا به حال فقط چند بار آن را شارژ کرده ام.,0
من چند ماهه دارم استفاده میکنم و راضی هستم,0
اصلا خوب شارژ نمیشه تعداد ساعت. تعداد درصد,1
عالی است، خرید آن را مخصوصاً به برنامه نویسان به دلیل صفحه نمایش عریض توصیه می کنم,0
بعد از چند ماه روکش سیم پاره شد!!,1
از آرگان اصل آمریکایی هم استفاده کردم. فکر نمیکنم فرقی داشته باشه فقط بسته بندیش خیلی شیک تر بود. و آینه تیره بود که باعث شد زیر نور آفتاب آسیبی نبینه و البته قیمتش دو برابر آینه هست. اما باز هم می گویم ای کاش در حین فروش ویژه برای دریافت آن صبر می کردم. به هر حال راضی هستم و پیشنهاد میکنم امتحان کنید.,0
کیفیت بسیار پایینی دارد به طوری که لبه های بیرونی آن دارای زائده های قابل لمس با دست است و چهار گوشه آن بزرگتر از گوشی است.,1
کیفیتش خوبه من راضیم,0
کیفیت خوب,0
من چند ماهه دارمش، نسبت به برندهای دیگه این دسته جای بحثی نیست.,0
یکی از بهترین و موثرترین ژل های ضد آکنه، پوست صورت اصلا خشک نمی شود,0
از توضیحاتی که دادید راضی نیستم، عدد درصد کراتین هست یعنی برهنه,1
من این کابل رو چند روز پیش خریدم بسته بندی شیک و حرفه ای داره با طول زیادش برای شارژ نیازی به چسبیدن به دیوار نیست و فقط درصد درصد طبق گفته خود سازنده شارژ بیشتر طول میکشه از سرعتش راضی هستم کابل کنفی خیلی محکمه و هیچی به راحتی بهش آسیب نمیزنه انعطافش کمه ولی مشکلی ایجاد نمیکنه در کل پیشنهاد میکنم چون کابل اصلی اپل نیست بازار، و همچنین طولانی نیست، و شما می توانید این کار را با این کابل انجام دهید. آسان است، شما به باتری گوشی آسیب نمی رسانید و انتقال اطلاعات شما آسان است.,0
نسبت به تعداد میلی لیتر از قیمت مناسبی برخوردار است. کیفیتش هم خیلی خوبه موخوره را تا حد قابل قبولی از بین می برد. این می تواند یک مزیت باشد که بعد از حمام و بعد از خشک کردن مو با حوله استفاده می شود. چون دیگر نیازی نیست دنبال موس و ژل بگردیم. من کاملا راضی هستم.,0
در کل کاور خیلی خوبه هم از نظر ظاهری که به گوشیتون میده و هم فوق العاده محکم و مقاومه البته گوشی رو کمی سنگین میکنه که با توجه به ساختارش طبیعیه. تنها مشکل از نظر من سفت بودن دکمه های پاور و ولوم است که به راحتی با یک دست نمی توان آنها را فشار داد. در کل روکش خاص و زیباست پیشنهاد میشه,0
بعد از مدتی باز می شود,1
همه چی عالیه,0
عالی بود ممنون دی جی,0
نسبت به قیمتش خوبه که عالی بود من راضیم ولی قیمت اصلیش بالاست,0
کرم خیلی خوبیه از همه نظر فقط تاریخ تولید سال شماره و تاریخ انقضا عدد اول هست و بهتره تولیدش جدیدتر باشه.,0
عالی بود. بزرگترین مشکل خطوط ظریفی است که روی صورتم جدید است و از این ماسک راضی بودم. انگار خستگی پوستم را از بین می برد و بعد از یک بار استفاده خطوط از بین رفت.,0
اصلا هیچ کاری نمیکنه,1
محصولات سینره عالی هستند، من سالهاست از آنها استفاده می کنم,0
از خرید آن پشیمان نخواهید شد,0
چند ماهی است که این کاور را برای گوشی خودم و همسرم خریدم,0
بسیار شل است به حدی که برداشتن آن دشوار است. من هرگز آن را توصیه نمی کنم. به خاطر ظاهرش سفارش دادم اما بی کیفیتش باعث شد از این محصول صرف نظر کنم.,1
من دو هفته پیش خریدم سریع شارژ میشه تا الان خوبه,0
با کیفیت و مناسب بدون وقفه,0
از پولی که برای این کیف پرداخت کردم پشیمانم.,1
متاسفانه اصلا کیفیت نداره و محصول ارسالی با عکس سایت فرق داشت,1
بسیار زیبا و عالی,0
خیلی خیلی بد,1
برای موهای من که کاملا مجعد است مناسب نیست. و تاثیرش کم بود به نظر من برای موهای صاف بهتر است. زرد اورال با رنگ قهوه ای برای من خیلی بهتر بود.,1
نکته ای که در هنگام خرید این محصول باید به آن توجه کنید، مناسب نبودن آن برای افراد مسن است! این محصول یک محصول پیشگیرانه و ضد پیری برای دور چشم است و به نظر من برای افراد زیر گروه سنی گزینه بسیار مناسبی است. برای افراد مسن، زمانی که پوست کمتر چرب می شود و بیشتر مستعد چین و چروک می شود، باید از محصولات قوی تر دور چشم استفاده شود.,0
قیمتش کمی بالاست,0
خیلی کند شارژ میشه,1
در کل ریمکس در ساخت کابل برای پورت های ورودی و خروجی بسیار خوب و خلاقانه عمل می کند.,0
این محصول مشابه تصویر است و من این محصول را پیشنهاد می کنم.,0
کابل به هیچ وجه قابل استفاده نیست و کار نمی کند.,1
من از شبکه طلایی گرفتم. در بسته بندی بسیار ساده یک طرف کاملا فرستاده شد. با توجه به قیمت می توان از بد بودن ورودی چشم پوشی کرد.,0
پوست رو کاملا تمیز میکنه خاصیت نرم کنندگی و بوی مطبوع داره راضی ام.,0
قیمتش نسبت به بیرون خوبه,0
با استفاده از دو قطره از این روغن روی موها، موها بسیار نرم شده و احساس سبکی در مو ایجاد شده و موها وز می شوند. دو قطره روغن آزید به هیچ وجه موها را چرب نمی کند. بوی بسیار ملایمی دارد.,0
من نسخه طلایی این قاب را سفارش دادم و فوق العاده است. قشنگه طلایی مات و خیلی درخشان که هرکی میبینه میگه خود گوشیه یا قابش اینقدر ظریف و خوشگله!؟,0
خیلی نرم و خوبه من راز خریدم مهمتر اینکه آینه کثیف نمیشه,0
امروز به دستم رسید، ابعاد دقیقا مشابه نوشته است، دوستانی که قصد خرید دارند حتما ابعاد را اندازه گیری کنند تا به اشتباه فکر نکنند. بسیار مفید است و من آن را دوست دارم,0
عالی,0
من از کرم مناسب شب که به خوبی لایه برداری و روشن می کند و عطر خوبی دارد راضی هستم,0
اصلا کار نمیکنه و گرونه، با عکسش خیلی فرق داره و انقدر نازک که اگه قاب گوشی نذارید بهتره.,1
اگر کسی به بو حساسیت دارد یا چیزهای معطر دوست ندارد توصیه نمی کنم، اما من شخصا هر بار که موهایم را باز می کنم عاشق بوش شدم، بوی فوق العاده ای روی صورتم می دهد، آن را بسیار نرم می کند و من. موها خیلی زود چرب می شوند، اما من از این روز استفاده می کنم، موهایم چرب نیست. ممنون دی جی,0
اصلا حجم نمیده,1
این دومین بار است که این ژل را می خرم و بسیار راضی هستم. صورت را کاملا تمیز می کند و خیلی دیر تمام می شود.,0
با تشکر از تحویل به موقع و کیفیت محصول.,0
محصولات این پک دارای کیفیت عالی می باشد.,0
ارزش خرید داره و تا الان مشکلی نداشته,0
معمولی خوب نیست,0
قاب سه تیک اصلا شبیه تصویر قاب قرمز نیست که مربوط به عدد j عدد است.,1
صابون خوبی است,0
همه چیز خوب بود,0
من قبلا مدل بهتری داشتم ولی گمش کردم,0
عالیه,0
گزینه مناسبی برای محافظت است، البته قابل تعمیر هم هست اما در دراز مدت. احتمال ایجاد لکه های ریز روی زبان وجود دارد که به دلیل ناسازگاری مواد به کار رفته با زبان ممکن است ایجاد شود. برای دندان های حساس عالی است و با مسواک برقی بهترین نتیجه را خواهید گرفت.,0
این اولین شامپویی است که چربی اضافی مو و پوست سر من را متوقف کرد!,0
محصول خوبی بود,0
خوبه اگه طولش براتون مهم نیست پیشنهاد میکنم در مورد دوامش هم نمیتونم نظر بدم که چقدر دوام داشته باشه ولی به نظر کیفیت و دوام خوبی داره.,0
این ماسک حالت اسکراب دارد که در هنگام شستشو لایه ای از پوست مرده را از بین می برد و به همین دلیل باید هفته ای یک یا دو بار استفاده شود.,0
من چند سالی هست که از ضد آفتاب های بایودرما استفاده می کنم، اول زمانی که پوستم چرب بود، نوع فلوید و حالا نوع کرم. من از کیفیت این برند کاملا راضی هستم.,0
بدون شک بهترین نخ دندان ایرانی و قابل رقابت با نمونه های خارجی می باشد,0
من قبلا چند پولیش دیگر داشتم که به این خوبی نمی درخشند!,0
خیلی خوب کار کرد ولی متاسفانه با تمام صفحه شیشه ای قابل نصب نیست,0
من دو سه روزه این محصول رو خریدم و نسبت به قیمتش کیفیت خوبی داره,0
نسبت به قیمتش خیلی خوبه و تاثیر قابل قبولی داره,0
من یه تعدادی از این صابون خریدم پوستم نسبتا چربه و روزانه استفاده میکنم و راضی هستم,0
داخل نوع کلاسیکش واقعا خوبه... هم بادوام و هم نازک.,0
خیلی عالیه و تعدادش هم خوبه,0
به طرز عجیبی معجزه می کند,0
عالی بود همین امروز دریافت کردم جادار است. نرم و سبک است. کیفیتش خوبه قیمتش عالیه پورتو و usb داره,0
بسیار نازک و بی کیفیت,1
کیفیت و بوی عالی,0
چندین نوع شامپو ضد شوره و ضد حساسیت استفاده کردم ولی این محصول گارنیر عالی بود..قبلا از لورآل و نیوها استفاده میکردم ولی کمک زیادی نکرد ولی به موهام آسیب زد.. پوست سرم شوره نداشت اما به لوازم آرایشی رنگ مو حتی بدون آمونیاک حساسیت داشتم. بعد از اولین استفاده پوست سرم آروم شد چون مدام احساس خشکی و خارش داشتم و پوستم واقعا پوسته پوسته میشد ولی از این شامپو خیلی راضیم. برای پوست سر حساس من واقعا عالی است. Wustan مخصوص خانوما.. من هنوز از ماسک استفاده نکردم ولی مطمئنم عالیه.. با تشکر از دیجی کالا.,0
موهای طبیعی من مجعد است و حالت S بزرگ دارد. تقریباً همین چند سال است که موهایم رنگ و دکلره شده است، اما موهایم آسیب دیده و وز شده است.,0
این روغن شگفت انگیز است. بعد از استفاده بوی فوق العاده و لطافتی احساس می کنید,0
واقعا عالیه من راضیم سرعت شارژش هم خوبه,0
سلام,0
کیفیت عالی، کاملا ارزش پولی که پرداخت می کنید,0
کیفیتش خوبه,0
خیلی خوب . در خرید آن شک نکنید. برای ایسوس خریده بودم ولی یه جورایی برای همه گوشه خونه خریدمش,0
مطمئن باش به پولی که می بینی می ارزه تو مشخصاتش میگه تحمل وزن کیلویی داره واقعا همین تحمل رو داره.,0
برای مک بوک عدد اینچ از نظر عرض زیاد است (لنوو عدد اینچ مناسب است) و چون بند چسبی ندارد لپ تاپ داخل و زیر آن می لغزد، خیلی هم بد نیست نمی توانید آن را رها کنید. لپ تاپ میز میخوره ولی محافظ مناسب و رضایت بخشی داره. .,0
سلام,1
در مقایسه با بسیاری از شامپوهای بدن، کیفیت خوبی دارد,0
در کل خوب است,0
من به عنوان مردی که به پوستش اهمیت می دهد از این کرم راضی هستم و نسبت به قیمتش خوب است,0
من شماره ایسوس n jk دارم. خیلی برام عجیبه با وجود اینکه توی مشخصات لپ تاپ اینچ به اینچ نوشته شده ولی با اینکه لپ تاپ من اینچی هستش به سختی داخلش جا میشه. الان باید تصمیم بگیرم که برگردونم یا نه!!!,0
این قاب رو تازه از دیجی کالا خریدم از همه نظر خوبه و ارزش خرید داره با قیمتش همخوانی داره.,0
کرم سبک و خوب مخصوصا برای سنین 40 سال به بالا است چون در آن سن پوست چربی خود را از دست می دهد این کرم چربی خوب و ماندگاری به پوست می دهد پس اگر پوست چرب دارید مناسب نیست. برای شما و قطعا جوش می زنید. به راحتی جذب می شود و برای جلوگیری از پیری پوست مفید است. و اینکه خاصیت درمانی ندارد به این معنی است که نباید انتظار داشت که لکه ها یا خطوط را از بین ببرد,0
امروز به دستم رسید ولی جعبه و مهر نداشت داخل نایلون با چسب بسته شده بود. از کجا می دانید که شامپو را عوض نکرده اید؟ چرا محصول شما مهر و موم ندارد؟,1
از کیفیت کابل راضی هستم، مشکلی در اتصال و شارژ وجود ندارد و با آیپد و آیفون به خوبی کار می کند. دارای یک سال گارانتی معتبر می باشد و در صورت قطع اتصال داخلی کابل به سرعت تعویض می شود.,0
عالی,0
نخ دندان خوب با قیمت پایین,0
توصیه نمی شود. اطراف محافظ برآمدگی دارد و باعث درد دست می شود,1
من آن را برای Wall گرفتم، اما برای ماوس من کار می کند,0
به افرادی که سفر می کنند یا به پاوربانک نیاز دارند حتما توصیه می کنم چون سردرد کمتری دارند.,0
سرعتش خیلی خوبه,0
من قبلا از این محصول استفاده کرده ام,0
این محصول را با وسواس زیادی خریدم، پوشش دهی خوب و جذب بالایی دارد و لک های صورت را می پوشاند. برای من که پوست سفید دارم خوب است اما برای کسانی که پوست سبز دارند مصنوعی به نظر می رسد.,0
من سالهاست که از این نوع صابون استفاده میکنم و کاملا راضی هستم,0
از کیفیتش خیلی راضی بودم حتی بوی یک محصول با کیفیت می دهد. تنها نقطه ضعف این است که تقریباً هیچ چیز دیگری به جز لپ تاپ در کیف جا نمی شود و مثلاً نمی توانید کتاب و فن لپ تاپ و شارژر را در کیف قرار دهید. بالاخره چندتا کاغذ..,0
من بسیار راضی هستم و چندین سال است که از این برند استفاده می کنم,0
من این کیف رو هفت ماهه دارم و مدام استفاده میکنم و خیلی کیف خوبیه مخصوصا از لحاظ محافظت از فلپ و اینکه جاهای زیادی داره و تنها ایرادی که میبینم آینه هستش که به نظر میرسه کمی سنگین و برای خانم ها شاید فاقد ظرافت لازم باشد. آن را نداشته باشید، وگرنه از جهات دیگر فوق العاده است.,0
برای من خوبه خداروشکر مشکلی نبود. من چند روزه دارم استفاده میکنم ممنون,0
در کل نسبت به قیمتش خوبه و برای من ایرادی که دوستان میگن رو نداره,0
من دو ساله از این کرم استفاده میکنم و راضی هستم,0
فقط دو روز کار کرد متاسفانه ارزش بازگشت ندارد,1
خیلی ضخیم نیست ولی به خاطر لبه هایش قطر گوشی رو کمی زیاد نشون میده. خیلی خوش ساخت نیست اما آبی متالیک و زیباست,0
من راضی هستم,0
با سلام به نظر من این کرم هم برای آقایان و هم برای خانم ها مناسب است.,0
از هر نظر راضی کننده است، بسیار کارآمد است و سرعتش شگفت انگیز است، مواد عالی و با کیفیتی دارد.,0
اولش فکر میکردم چون روکش فلزی هست سیمش انعطاف نداره ولی وقتی گرفتم دیدم برعکس سیم کاملا منعطف هستش از شارژ سریع پشتیبانی میکنه حتی سیم اصلی خود گوشی ، سریعتر شارژ می شود و گوشی با آن سریعتر شارژ می شود. به طور کلی سیم از کیفیت بسیار بالایی برخوردار است که در نگاه اول متوجه آن خواهید شد. با تشکر از دیجی کالا,0
کیفیت خود ژل خیلی خوبه ولی بسته بندیش تقریبا وحشتناکه...اگه میخوای این محصول رو بخری پیشنهاد میکنم بسته بندی جدید که حالت پمپ داره رو بخری...چون دیگه مشکلی نداره ژل بیرون میاد و هدر میره...,0
از همه نظر عالیه، به گوشی شما زیبایی میده، حتما نوک مدادی رو پیشنهاد میکنم,0
عالی,0
دنبال کابل کوتاه و پرسرعت و با کیفیت برای پاوربانک و انتقال اطلاعات گوشی به لپ تاپ با سرعت بالا بودم. این کابل مشکل من را حل کرد. من حتما آن را توصیه می کنم. عالیه,0
خوب است,0
من این شامپو را به توصیه بررسی ها خریدم، باعث شوره سر می شود و برای بزرگسالان مناسب نیست,1
من از این استفاده کردم، یک سری جاهای سیگنال ارزشش را نداشت، جالب نبود.,1
خیلی خوبه ولی بسته بندیش جالب نیست درش رو که باز میکنم خیلی ازش میاد بیرون,0
خوب است,0
البته برای شست و شوی روزانه صورت خوب است، اما انتظار نتایج شگفت انگیز را نداشته باشید، من یک بار در روز از آن استفاده می کنم.,0
خیلی راضی بودم عالی بود,0
فکر نمیکردم اینقدر بد باشه,1
من اکثر لاک هایم را از این برند می خرم چون همیشه از کیفیت آن راضی بوده ام. ماندگاری و ترکی بودن رنگ های عالی,0
خیلی عالی بود، فکر کردم ممکنه رنگش درست نشه، اما این همونی بود که من انتخاب کردم,0
کیفیت این محصول عالی است، آن را به کسانی که پوست صورت با منافذ بزرگ دارند توصیه می کنم,0
قیمتش کمی بالاست,0
بی نظیر است، انگار به بارش برف شبانه نگاه می کنم,0
سلام من از این محصول استفاده کردم عالی بود پوستمو نرم و روشن کرد خیلی تعجب کردم,0
با کیفیت است,0
قسمت اتصال موبایل کج است.,1
خیلی عالی و فوق العاده است و بعد از لایه دوم که میزنم فورا مات می شود و خشک می شود، حرفی برای گفتن نیست.,0
من از خریدم کاملا راضی هستم. فکر نمی کردم اینقدر جادار باشد. هرچقدر هم پر باشه نشون نمیده توصیه میکنم بخرید,0
خیلی عالیه من خیلی راضیم ولی خیلی گرونه,0
فرقی نمیکنه هم برس و هم حس بعد از شستن، پوستتون رو نرم میکنه، پوست رو خشک نمیکنه، کافیه به اندازه یک نخود بزنید، فقط اگه آرایش چشمتون زیاد باشه. ، شما باید بیشتر بمالید، سپس من از پاک کننده دو فاز چشم خود استفاده می کنم. من از Ivorshe استفاده می کنم که عالی است,0
من قبلا یک بار روی پوستم که خیلی حساسه استفاده کردم و خوب جواب داد دوباره سفارش دادم,0
ظاهرش دقیقا شبیه کابل اصلی منه,0
خیلی ازش راضی بودم,0
این محصول کیفیتی که انتظار داشتم را به من نداد,1
در بین اکثر ماسک های مو کیفیت خوبی دارد,0
واقعا ارزش خرید در جشنواره buy one get two را دارد. ولی خاصیت فنریش زیاده و سیمش خیلی کوتاهه، مجبور شدم توی ماشین بذارمش زیر آفتاب در حالی که کشیده بود تا به صندلی های عقب برسه... اینقدر فنریه که ممکنه از پریز بیرون بیاد اگه کسی آن را می کشد! البته با کشیدن آن قابل رفع است.,0
به نظر من در مقایسه با محصولات مشابه بهترین است.,0
با تشکر از دیجی کالا من محصول را دریافت کردم و دقیقا همان چیزی بود که می خواستم. واقعا بهم تخفیف دادی متشکرم.,0
شوینده خوبیه به قول دوستان زیاد کف نمیکنه من کل صورتم ازش استفاده میکنم یه مدت پوستم خشک و پوسته پوسته شد ولی الان خوبه و برای کسایی که چرب و دارن خوبه پوست مستعد آکنه,0
بسیار مقاوم,0
من چندین سال است که از این کرم برای استفاده روزانه استفاده می کنم. من بسیار راضی هستم و آن را به همه توصیه می کنم. البته این رنگ بیشتر برای افرادی که پوست سبز دارند مناسب است,0
ظاهر و کیفیت خوبی دارد,0
من خریدم کیفیتش خوب نیست فست شارژ بعد از استفاده قطع میشه اصلا ارزش خرید نداره نخرید.,1
مانند کابل اصلی است و کیفیت انتقال تصویر عالی است,0
تمیز کنندگی و بوی بسیار خوبی دارد.,0
مثل اینکه به موهاتون آب پاشیدین...روی موهای خشک و وز هیچ تاثیری نداره,1
من راضی هستم,0
دکمه ها تقلبی هستند و اصلا کار نمی کنند. پولم هدر رفت,1
خیلی خوبه واقعا راضی بودم,0
قابش خیلی قشنگه، قاب چرمی اپل اصل رو برداشتم و استفاده میکنم، زیبایی زیبایی به گوشی میده و نازکی و سبک بودنش باعث میشه بیشتر از گوشیتون لذت ببرید.,0
خوب!,0
سرعتش خوبه,0
خیلی خوب بود ولی وقتی گرفتم با عکسش کمی فرق داشت در کل عالی بود,0
با دیدن جعبه می توانید کیفیت ساخت آن را حس کنید,0
فکر نمیکردم اینقدر خوب باشه تاثیرش روی موها خیلی خوبه در ضمن اصلا موها رو چرب نمیکنه بوی خیلی خوبی داره قیمتش عالیه من خیلی از آن راضی است.,0
کیفیتش خیلی پایینه,1
این بی فایده است,1
به خاطر نظرات دوستان خریدم. من از خریدم راضی هستم. کیفیت کرم فوق العاده سبک و سریع جذب پوست می شود و بوی ملایم و مطبوعی دارد. به راحتی می توان هیدراتاسیون کرم را احساس کرد.,0
برای موهای من که بعد از حمام خیلی خشک و شکننده شده بود عالی بود...,0
من یک کوله پشتی از تارگوس داشتم که سال ها بدون هیچ مشکلی کار می کرد. این کیف دقیقا برعکس آن است!,1
در مقایسه با قیمتی که دارد، قاب آن زیبا و آسان برای استفاده است,0
من راضیم و با توجه به قیمت کیفیتش عالیه,0
هر خانمی نیاز به داشتن یک لاک قرمز زیبا دارد,0
کیفیت خوب و رضایت بخش,0
خیلی خوبه قیمتش خوبه ارزش خرید داره,0
با توجه به قیمت مناسب، قطعا در اثر ضربه شکست خواهد خورد,0
پوست را بسیار خشک می کند. به طوری که بعد از هر بار استفاده با اینکه پوستم چرب است، پوستم قرمز می شود و به شدت می سوزد,1
چیز خاصی نیست,1
موها را نرم و پنبه ای می کند,0
کابل بسیار با کیفیت و اصلی است,0
با سلام و تشکر از وقت شناسی دیجی کالا,1
من مارک های مختلف ماسک مو را امتحان کردم. این ماسک موی موی مای برام موثر بوده و قیمتش هم مناسبه,0
من ناحیه چشم حساسی دارم و دو سال است که فقط از بخیه آن استفاده می‌کنم، زیرا اطراف چشم‌هایم گاهی درماتیت سبورئیک داشت. و نسبت به برخی فرآورده ها واکنش خشک نشان داد که نشانه حساسیت به ترکیبات یک کرم است. خلاصه آخرین کرم دور چشمی که جواب نداد الیزابت جردن بود که از خارج خریدم و باعث خشکی دور چشمم شد. با اینکه یکی از بهترین مارک هاست برای من کار نکرد. با بخیه زدن که فقط آبرسانی می کرد و غیر التهابی بود,0
از کیفیتش راضی هستم,0
برای خرید محلول شوینده مردد بودم ولی الان که استفاده کردم البته با پد آرایش خیلی خوب تمیز میشه خیلی... ...از خریدم راضیم اصلا چرب نیست این محلول حاوی مواد صابونی نیست، فقط یک چیز در مورد این محلول وجود دارد که روی پد آرایش می‌زنید. باید روی چشم ها گذاشته شود و حدود چند ثانیه روی چشم ها بماند سپس به راحتی برداشته می شود. من ریمل و خط چشم ضد آب داشتم و خیلی راحت پاک می شد. همچنین رژ لب و آرایش صورت را به خوبی پاک می کند البته بعد از چند روز در داروخانه. من همین محصول را با قیمت پایین تر دیدم,0
شیک و باریک اما...,0
من موهای مجعد و تقریبا موج دار دارم...اول که نقدها رو خوندم خیلی تناقض داشت شک کردم ولی بعد از یه بار استفاده الان هر دفعه بیشتر سفارش میدم.,0
رنگ مشکی را به موهایم برگرداند. نرم و شاد,0
امروز گرفتم,0
اصلا فایده نداره ... نخرید خیلی بی فایده و بی فایده,1
من از این ضد آفتاب استفاده میکنم خوبیش اینه که پوست رو چرب نمیکنه و رنگش مات هست,0
من این کیف را زمانی که یک روز فروش بود با درصد تخفیف خریدم. کیف خوبی است جا دارد و جا دارد. فقط قیمت نسبت به کیفیت خیلی زیاد است.,0
اصلا مناسب نیست. آنقدر ضخیم است که نمی توان آن را شارژ کرد,1
من خرید آن را توصیه می کنم,0
اصلاً آن چیزی نبود که نشان داده شد,1
من این محصول را خریدم و روی گوشی هواوی میت پرو با صفحه نمایش سامسونگ امتحان کردم اما اصلا جواب نداد,1
برای استفاده حتما به اطلاعات بروشور داخل جعبه مراجعه کنید. برای رسیدن به نتیجه دلخواه حتما صبور باشید. حتما روغن و پماد را یکی یکی استفاده کنید.,0
دوباره میخرمش,0
نسبت به قیمتش عالیه و چون ارزانه میتونه توسط شخص دیگه ای استفاده کنه,0
نسبت به حجم آن قیمت بالایی دارد,0
اتصالات کابل بسیار مستحکم و باکیفیت بوده و مواد خاص کابل از گره خوردن آن جلوگیری می کند. من با پیشنهاد ویژه خریدم و نسبت به قیمتش واقعا ارزش خرید داره.,0
فکر کنم با توجه به کمیاب بودنش اگه خواستی بخری,0
اصلا به شیک عکس نیست.. به نظر من اصلا کیفیت نداشت,1
من سه ماه از این تونر استفاده کردم. واقعا عالیه وقتی آرایشم را با ژل یا فوم پاک می کنم و بعد با این تونر صورتم را پاک می کنم، هنوز مقداری آرایش باقی مانده است. واقعا عالیه,0
من پوستم خشکه کرم های زیادی استفاده میکنم اکثرا خارجی هستن ولی هیچ کدوم روی سرعت و کیفیت این کرم تاثیری نداشت.,0
بسته بندی شیک و زیبا,0
برای پوست های خشک و حساس کمی قوی به جز چند بار در هفته و بعد از آن حتما باید از مرطوب کننده یا مرطوب کننده استفاده کرد.,0
من این کاور رو چند ماه پیش خریدم ولی ال ای دی یکدفعه از کار افتاد و چون از دیجی کالا خریدم گارانتی نداره الان برابر با کیف معمولی هست.,0
خرید خوبی بود جان کیفیتش خوب بود قیمتش هم در بیشناد ویزا مناسب بود,0
من هم رنگ سفید دارم ولی گرونتر خریدم. کیفیت خوبی داره و من کاملا راضی هستم. اگه قیمتش بالا بره خیلی مناسب تره,0
من چند ماهه هر شب ازش استفاده میکنم واقعا کار میکنه,0
نرم و محکم، محافظ مناسب. نکته مهم این است که آینه به خوبی از ایرپادها محافظت می کند و دقیقاً اندازه مناسبی دارد.,0
اگه بیشتر دوام بیاره عالی میشه,0
کوله پشتی بزرگی است، اما بند آن به گردن آسیب می زند. انتظار داشتم کوچکتر باشد. به ابعاد دقت کنید.,1
در کل نسبت به قیمتش خیلی خوبه ممنون دیجی کالا,0
موهام خوب بود و کراتینه شده ولی وقتی از این ماسک استفاده نمیکنم موهام خیلی نرم نیست.,0
ارزش شگفت انگیزی دارد، کیفیت شماره، شماره، بدون نویز و افت کیفیت، جک های شماره، شماره و کابل با کیفیت هستند، مارک جدید و ناشناخته درجه یک چین!,0
سلام,0
صاف و نرم می کند و کراتینه دارد و تاثیرش فوق العاده است,0
ارزش خرید داره,0
کرم گیاهی مزخرف,1
فکر نمیکنم تاثیر زیادی داشته باشه و گاهی باعث ایجاد جوش های سرسفید روی پوستم میشه,0
بد نیست . اما انتظار درصد سفید شدن را نداشته باشید. حداکثر شاید درصد تاثیر داشته باشد و بدون قالب مشکل این است که همه مواد داخل دهان پخش می شود. اگر قالب هم بود بهتر بود.,0
من از خریدم راضی هستم,0
من از این محصول انتظار خیلی بیشتری داشتم، زبری و بافت آن چندان چشم را تمیز نمی کند,1
این شامپو برای افرادی که مشکل ریزش مو دارند بسیار خوب است,0
نسبت به برند خوبی که گرفتم اصلا پیشنهادش نمیدم ولی عملکرد تمیز کنندگی خیلی ضعیفی داره,1
به نظر می رسد کیفیت بالایی دارد، اما دوشاخه در بار سوم استفاده شد. طرف دیگر هم عقب مانده است,1
سلامت محصول,0
اصلا کار نمیکنه,1
من به شما پیشنهاد می کنم از آنها استفاده کنید زیرا خودشان از آنها استفاده می کنند,0
بسیار زیبا و با کیفیت,0
این بهترین کرم دور چشمی است که تا به حال استفاده کرده ام. او به وضوح به مواردی که اشاره کرد عمل می کند.,0
اصلا قابل استفاده نبود,1
نسبت به قیمتش خوبه و خیلی راحته,0
فقط در صورت لزوم استفاده کنید، نه هر روز، پوست را تحریک می کند، پوست آن را جدا می کند,0
نسبت به قیمتش خوبه,0
من موهای بسیار چرب دارم و این تنها شامپویی است که قدرت خوبی دارد و موها را نرم می کند. بوی مطبوعی دارد,0
ظاهر خیلی حرفه ای نیست اما خوب ساخته شده است.,0
کپی اصلی سامسونگ,0
پر از خط و خش و بسیار بی کیفیت,1
از تاریخ انقضای محصولات مطلع شوید واقعا دیجی کالا بی نظیر است,0
در کیفیت خوب این محصول شکی نیست اما وقتی به دستم رسید آنقدر داغ بود که نمیدانم قابل استفاده هست یا نه.,1
باعث حساسیت پوستم شد و خیلی ملتهب و قرمز شد.,1
عالیه حتما بخر,0
من طبق نظرات دوستانی که همگی تعریف کردند خریدم ولی روی پوست مرده و جوش سرسیاه تاثیری نداره بیشتر شبیه صابونی هست که چربی های صورت رو پاک میکنه و هر بار چند دقیقه ماساژ دادم. نسبت به کرم های قبلی که داشتم اصلا خوب نیست.,1
سری قبلی که سفارش دادم جعبه داشت ولی این سری پلاستیکی بود سرعت شارژم پایینه,1
دوستان من این مسواک رو سه ساله دارم. خب، بگذارید ساده به شما بگویم، اگر از این مسواک درست استفاده کنید، دیگر نیازی به دندانپزشک نخواهید داشت. آن هزینه دندانپزشکی را برای یک مسواک با بهترین کیفیت و امکانات خرج کنید و از آن لذت ببرید.,0
سلام,0
کابلش خوبه زیاد کیفیت صدا رو عوض نمیکنه بسته بندی خوبی اومد و دیگه نیازی نیست فلش رو تو ماشین بذارم.,0
من به شدت نگران هستم که تعادل صفر شود,0
این محصول برای جلوگیری از عفونت و بوی بد عالی است,0
بسیار مقرون به صرفه و شارژ سریع,0
من از آن بسیار راضی هستم,0
اندازه گوشی مناسب نیست,1
محصول از کیفیت بسیار پایینی برخوردار است. حساسیت ایجاد می کند. پیشنهاد می کنم بیشتر خرج کنید و مواد با کیفیت بهتر بخرید.,1
من قبلا از کوواریانس استفاده می کردم اما این کرم پوشش دهی بهتری نسبت به کوواریانس دارد,0
درست است، آیفون است,1
سلام,0
برگ های آن ضخیم بود و بوی خوبی داشت,0
من هر روز تقریباً یک پمپ از این ژل استفاده می کنم. جوش ها را کاهش می دهد. پوستم خیلی کم آب شده به خصوص ناحیه اطراف دهان و چانه. ولی جوش هم میدم با این ژل جوش هایم کم شده و خشکی پوستم را اذیت نکرده است.,0
قیمت مناسب,0
من ماه هاست که از این کابل استفاده می کنم. این واقعا از همه کابل هایی که قبلا داشتم بادوام تر و قوی تر است. امیدوارم دیجی کالا دوباره این محصول را عرضه کند.,0
یک مرطوب کننده معمولی برای دسته هیچ تاثیری روی پا ندارد,1
شامپو رو خوب خریدم تو بازار قیمتش بالاتر بود ممنون دیجی کالا,0
کیفیت عالی,0
سیم شارژر خوبه,0
شامپوی فوق العاده ای است، حداکثر بعد از پنج بار استفاده، اثرات آن را می بینید، انگار موهایتان به هم چسبیده و بسیار قوی است! من حدود دو سال است که از این شامپو استفاده می کنم، بی نظیر است,0
برای لپ تاپ اینچی مناسب است. البته گوشه های بالایی تبلت از کمک فنر خارج شده است. کیفیت دوخت و جنس رویه خوب و محکم است. خیلی بزرگ نیست و اگر وسایل زیادی ندارید کافی است. ضربه گیرهای لبه و کناری خوب هستند. چند ایراد جزئی دارد. مثلا جایی برای هندزفری هست اما سیم و سوراخی برای سیم نیست! آستر کمی خشک است، اما آزار دهنده نیست. در کل نسبت به قیمتش خیلی خوبه,0
من این کابل را برای گوشیم خریدم اما بعد از چند بار استفاده از آن شروع به آزارم کرد.,1
عالی,0
قیمت مناسب,0
نسبت به قیمتش عالیه، در خریدش شک نکنید، مخصوصا اونایی که گوشیشون خرابه,0
افتضاح بود مایع داخلش کاملا غیر قابل استفاده بود,1
عالی,0
از هر نظر عالی، ضد حساسیت و بسیار با کیفیت,0
کاملا صفحه نمایش را می پوشاند و قیمت و کیفیت آن بسیار خوب است,0
خیلی خوب بود,0
نسبت به قیمتش کیفیت خوبی داره,0
من این کرم را برای پوست دست خریدم. قیمت متناسب با سایز می باشد. کیفیت کرم خوبه,0
خرید خوبی است و من دو تا خریدم,0
برای حمل و نقل و جابجایی لوازم بهداشتی باید از ماشین مخصوص استفاده شود,1
کاملا مناسب و مناسب برای شماره تلفن Samsung Galaxy J p (شماره),0
فوق العاده سریع جذب می شود. به گونه ای که اصلا لایه ای از کرم را روی پوست خود احساس نکنید. بویی ندارد و این برای من که به بوی کرم حساس هستم یک امتیاز است. بسیار سبک و مناسب برای پوست های چرب است,0
تنها ایرادی که میتونم پیدا کنم حجم کمش هست وگرنه بوی خوبی داره و پوست خشکم رو بعد از حمام نرم میکنه،خدا رو شکر زود جذب میشه و چرب نیست.,0
آبرسانی معطر و قوی,0
نرم کردن پوست دست قابل قبول است,0
عالی,0
کیفیت خوبی داشت,0
پاکسازی عالی در عین خشک نکردن و کشش پوست,0
نسبت به برندهای خارجی و متناسب با قیمتش عالیه!!,0
من فقط دارم استفاده میکنم فعلا نمیتونم نظر جدی بدم ولی در عرض چند روز متوجه شدم که بافتش سبکه و اصلا چربی اضافی به دور چشم اضافه نمیکنه.,0
من امروز اولین بار استفاده کردم عالی بود بوی خوبی داشت موهام نرم شد ممنون دیجی کالا جان,0
من قبلاً چند مدل دیگر گرفتم یا شارژ نمی شد یا داده ها منتقل نمی شد.,0
دو روز پیش رسید. خیلی سریع به دستم وصل میشه با تشکر از دیجی کالا,0
مانند برند اسپیگن کار می کند. کیفیت قابل قبول است. این بهترین کاور برای این مدل گوشی است,0
بوی گزنه میده خوبه,0
من می خواستم بیشتر از آن استفاده کنم. یکی گفت ممکن است بوش را دوست نداشته باشی. ابتدا حجم کمتری بگیرید اگر راضی بودید حجم بیشتری بگیرید. من الان این را گرفتم و مطمئناً وقتی تمام شد شارژ بیشتری خواهم کرد,0
من طبق توصیه دوستان خریدم ولی اصلا راضی نیستم چون موقع استفاده سریع جذب میشه ولی روی پوست سنگینه و منافذ پوست و پوست رو میبنده شروع به عرق کردن می کند، شاید برای فصل زمستان بهتر باشد.,1
نسبت به قیمتش عالی بود,0
در کل راضی بودم ممنون,0
مایع داخل آن بسیار رقیق است، انگار آب در آن ریخته باشید. با این شرایط به زودی تمام می شود. و به صرفه نیست,1
بعد از استفاده پوستم احساس خشکی و تشنگی می کند,0
برای کوتاه کردن ناخن پرنده خریدم. اصلا کار نکرد حتی ناخن های خودم هم کار نمی کرد. سر هنگام کار بیرون می پرد و بسیار ضعیف است.,1
اصلا بوی خوبی نمیده,0
خوب بود زود جذب میشه نرم کننده متوسطه و چون گیاهی هست بوی خیلی خوبی نداره شاید بعضی ها خوششون نیاد ولی در کل خوب بود.,1
من بعد از حمام ازش استفاده میکنم خیلی حس خوبی به پوستم میده واقعا عالیه,0
من کیفی می خواستم که بتوان از آن به عنوان کوله پشتی یا کیف دستی استفاده کرد اما متاسفانه این کیف با اینکه در توضیحات نوشته شده قابلیت استفاده به عنوان کوله پشتی را ندارد.,0
نسبت به پولی که برای آن می پردازید بسیار کاربردی و خوب است.,0
من از شگفت انگیز خرید کردم,0
من سالهاست که از آن استفاده می کنم و آرایش چشم ضد آب را به خوبی پاک می کند,0
کیفیتش خوبه و با این طراحی بعید میدونم سیم های متصل به پریز قطع بشه.,0
عالیه حتی برای من که آلرژی داشتم هم جواب میده,0
جنس خوبی دارد و قدرت جذب آن بالاست.,0
امروز دریافت کردم. من آن را دوست داشتم. رنگ آن مانند گچ سفید است. روی پوست نمی خوابد. با اینکه سالهاست از این کرم استفاده میکنم ولی این مدت اصلا راضی نبودم,1
ارزش خرید داره,0
عطر,0
با اینکه پوستم روشنه ولی وقتی از این کرم استفاده میکنم پوستم خیلی تیره میشه و خیلی زود خشک میشه. من پوست آجری خیلی تیره ای دارم.,1
رنگش کاملا مشابه و بسیار زیباست,0
من از هر نظر راضی هستم، قدرت زیادی در تقویت موهام داشت.,0
با قیمت مناسب و کاربردی، نرم کننده مناسب و بوی خوب,0
بسیار با کیفیت و زیبا با بسته بندی جالب و گارانتی معتبر میتونم با خیال راحت در ماشین استفاده کنم.,0
باعث خونریزی لثه می شود. حتی یک رسانه هم نیست و می توان گفت هارد است. من به هیچ وجه آن را توصیه نمی کنم.,1
سلام دوستان من حدود سه هفته استفاده کردم ولی آب تکون نخورد و فروشگاهای دیگه گفتند بعد از دو هفته جواب میده ولی فکر کنم دروغه وقتی استفاده کردی متوجه میشی و هدر دادم پول و روغن فندق تازه بهتر است.,1
بعد از صرف وقت و اشتیاق زیاد می بینید که هیچ تاثیری ندارد و فقط وقت و هزینه را تلف کرده اید.,1
عالی,0
من قبلا از صابون تک این محصول استفاده می کردم,0
نسبت به قیمت کیفیتش زیاد خوب نبود ولی طرحش قشنگ بود خوشم اومد,0
من از برندهای معروف برای ضد ریزش مو استفاده کردم که بی تاثیر بود اما تاثیر فوق العاده شامپو ضد ریزش اینسایت واقعا غیر قابل پیش بینی بود. نتیجه عالی محصول باعث شد از محصولات دیگر این برند مانند رنگ مو، اکسیدان، سرم ضد ریزش و کرم دست رهام استفاده کنم که عالی هم بودند. با تشکر از دیجی کالا,0
من خیلی از این کرم تعریف کردم و گول این تبلیغات رو خوردم و خریدمش!,1
در یک کلام، قطعا خرید، بسته بندی عالی,0
عالی نیست ولی خوبه تا حدی موها را نرم می کند. اما اگر زیاد بمالید موهایتان را چرب می کند,0
نسبت به محصولات مشابه خارجی که استفاده کردم کیفیت خوبی داره...بوی مطبوعی هم داره. سری اسپری بطری به گونه ای طراحی شده است که کمترین انصراف را دارد.. در کل از قیمت محصول راضی هستم. امیدوارم کیفیتش پایین نیاد.,0
عالیه کیفیت و اصالت جنسش هست فقط مشکلش کم بودن اثر انگشته و با کمی تمیز کردن درست میشه.,0
زود پاره شد... پاره شد... حتی اصابت نکرد,1
من این اسکراب را یک ماه پیش از دجی خریدم. خیلی صبر کردم تا نتیجه رو ببینم و بعد نظرم رو میگم... پوستم چربه و جوش زیر پوستی داره از روز اولی که حدود یک هفته از این محصول استفاده کردم تاثیر خاصی نداشت. آکنه من، اما پوستم را روشن و روشن کرد. بعد از آن جوش هایم خشک شد و هیچ جوش جدیدی ظاهر نشد. من هر شب قبل از خواب صورتم را با آن می شوم و هفته ای دو بار به صورت ماسک می زنم و اجازه می دهم چند دقیقه بماند و سپس آبکشی می کنم. نکته آخر اینکه بهتر است بعد از استفاده از یک روغن مرطوب کننده استفاده کنیم تا پوستمان خشک نشود,0
قبل از خرید دوست نداشتم روی موهام کرم بزنم و چرب کنم اما بعد از خرید این کرم نظرم کاملا عوض شد! این یک محصول عالی و یک نرم کننده واقعی است که چند روز پس از استفاده اثر خود را نشان می دهد.,0
من همیشه از این ضد آفتاب به عنوان پایه استفاده می کنم، پوشش عالی,0
من نتایج بهتری از سایر ماسک های فریمن دیدم. این ماسک بد نیست، خاصیت درمانی ندارد، اما آبرسانی می کند و اگر بعد از آن آرایش کنید، آرایش شما زیباتر به نظر می رسد.,0
روغن آرگان اصل را همه نمی شناسند، من یک روغن آرگان اورجینال از کانادا سفارش دادم، این روغن آرگان دقیقاً بوی مشابهی دارد و ظاهری کاملاً مشابه دارد. من آن را پیشنهاد می کنم. پوشش و بسته بندی زیبایی داشت. خیلی خوشم اومد. خیلی گوگولی بود,0
با قیمت ویژه (با تخفیف) بسیار مناسب است. راستش من وقتی خریدم انتظار نداشتم چرم با این کیفیت.,0
بسیار موثر,0
بوی خوبی دارد و برای انواع پوست مناسب است.,0
فریم بسیار خوب است، مواد واقعا سخت و مقاوم است. من برای دوستم خریدم و از این قاب بسیار راضی است. ممنون از دیجی کالا,0
آرایش چشم را به خوبی و به راحتی پاک می کند، فقط برای هر بار مقدار زیادی لازم است,0
به قیمتش نمی ارزه,1
اونایی که برای ps شماره میخوان حتما بگیرن. این شگفت انگیزه,0
این کرم فوق العاده است. من بارها این کرم را خریدم. دستم در زمستان می ترکد و خونریزی می کند. بعد از دوبار استفاده ترک های دستم بهتر شد. رطوبت دست را ساعت ها حفظ می کند. اصلا چرب نیست و سریع جذب میشه. تعداد مایل این محصول بسیار کم است. ای کاش تعداد مایل موجود بود.,0
قلم قابل قبول و راضی کننده است و پوست را خشک نمی کند,0
برای پولی که خرج می کنید خوب است. من از خریدم راضی هستم,0
با استفاده منظم از این صابون در کمترین زمان بهترین نتیجه را گرفتم، پس به استفاده از آن ادامه دهید,0
من خیلی دنبال شامپو گشتم و فکر کنم باید دوباره سرچ کنم. من قبلا از شامپو Syos هم آلمانی هم ترکی استفاده میکردم ولی الان وارداتی نیست. اگر هم باشه خیلی گرونه بی نهایت ازش راضی بودم نرم کننده، نرم کننده و نرم کننده بسیار خوبی بود. خیلی کف کرد با این شامپو عوضش کردم که اصلا شبیه من نیست متاسفانه فقط کمی صافش کرد.,0
من دوبار این اسپری را خریدم,1
حتما با توجه به نوع پوست خود آن را خریداری کنید. پاک کننده عالی برای منافذ پوست,0
من دوست نداشتم، فکر می کردم نسبت به سایر نرم کننده ها ضعیف است,1
یکی از بهترین کرم هایی که استفاده کردم,0
من آن را در فروش خریدم. من کاملا راضی هستم. تاییدش میکنم,0
عالی,0
عالی بود من راضیم,0
عالی بود ممنون,0
من قبلا مانیتور داشتم زاویه دیدش خوب نبود به همین دلیل این مانیتور رو گرفتم و ازش راضی هستم,0
امروز به دستم رسید و از عکس شیک تر به نظر می رسد,0
تناسب کامل,0
کرم مرطوب کننده خوبی است و اصلا چرب نیست اما دست ها را نرم و صاف می کند.,0
قبلا استفاده کردم لایه برداری ملایم برای پوست های حساس مفید است,0
هیچ قدرتی وجود ندارد، کیفیت مطلوب نیست!,1
موهای من به دلیل سفید شدن خیلی خشک شده بود، این نرم کننده باعث شد موهایم کمتر خشک شود,0
هر محصولی باید دفترچه ای با برگه و جدول داشته باشد که مزایای استفاده از محصول را داشته باشد.,0
همونی بود که میخواستم,0
خوب است...,0
فقط دو روز کار کرد و شارژ نشد,1
کرم بسیار خوب، سبک و پوشش دهی عالی است,0
کاور خوبه همه جا گوشی رو میپوشونه نازک و سبکه ضربه نمیخوره ولی از خط و خش محافظت میکنه.,0
عالی,0
من همیشه از دیجی کالا خرید میکنم مشتری سوپرمارکت هم شدم و کاملا راضی هستم,0
با اینکه پوست من خشک است و ظاهرا این محصول برای پوست های چرب مناسب است اما با توجه به نقاط قوتی که در بالا ذکر کردم کاملا از خریدم راضی هستم.,0
کیفیتش خوبه,0
من مدت زیادی است که از این محصول استفاده می کنم. برای من که پوست خشک و حساسی دارم یک پاک کننده فوق العاده است. با کمال تعجب خریدم، قیمتش عالی بود,0
خیلی بی کیفیته و اصلا ارزش خرید نداره. پس از چند بار استفاده، چسب ها جدا شدند.,1
سلام :,0
کابل با کیفیت عالی,0
ناخن را خرد می کند و خوب نگه نمی دارد. فقط قیچیش خوب بود,1
من یک هفته اس استفاده کردم دور چشمم هم میزدم الان دور چشمم چروک تر از قبل شده به نظرم اصلا جالب نیست.,1
واقعا ارزش خرید داره,0
سبزه رو خیلی دوست داشتم ولی این یکی اصلا بوی خوبی نداشت.,1
یاسمن خانم کامنتی که میگی مثل خمیر ریش هست و حس میکنم هنوز کرم پودر روی صورتم هست! به طور کلی، چه با این فوم و چه با هر شوینده دیگری، ابتدا باید آرایش خود را به طور کامل پاک کنید، یا با پاک کننده آرایش این محصول یا هر محصول دیگری یا حتی دستمال مرطوب. سپس صورت خود را کاملا بشویید... اگر این کار را نکنید، هر شوینده صورت هر چقدر هم قوی باشد، پوست را کاملا از شر لوازم آرایش پاک نمی کند و قطعا منافذ صورت را کثیف می کند! یک روز بعد از اینکه آرایش خود را با ژل شستشو پاک کردید، سعی کنید از پاک کننده آرایش استفاده کنید، خواهید دید که پنبه شما دوباره پر از آرایش می شود!,0
من کاملا راضی بودم در پیشنهاد ویژه خریدم فقط سایز پستی سفارش دادم اشتباه پستی ارسال شد.,0
بهترین کرم مرطوب کننده بازار در این رنج قیمت.,0
اصلا کمکی نمیکنه خریدم ولی خیلی پشیمونم,1
خیلی زود شکست. چند ماه طول نکشید. سیم داخل قطع و وصل می شود اما بافت آن پارچه ای است. معلوم نیست. سیم داخلش خیلی ضعیفه,1
دوستان چربی سر را کاملا از بین می برد و از چرب شدن آن جلوگیری می کند. بگذارید دو یا سه دقیقه روی سر بماند. خیلی هم استفاده کنید، خیلی قوی تر از چیزی که فکر می کنید. عالی .,0
شامپوی بسیار خوبی است,0
خوبه من راضی بودم به قیمتش می ارزه,0
من از محصولاتشون استفاده میکنم…,0
من راضی هستم,0
خوب بود قیمتم ارزان بود,0
نسبت به قیمتش عالیه تلفن من خراب شده. این برچسب رو پشتش گذاشتم انگار نو خریدم. فقط رنگ سربی است. نمیدونم چرا فکر کردم نقره ایه :),0
فکر می کردم با این قیمت خیلی خوب کار نمی کند، اما همه چیز به تعمیر و نگهداری ما بستگی دارد، زیرا من شخصاً به خوبی از تجهیزات خود مراقبت می کنم و این کابل تا به حال به خوبی کار کرده است و به قیمت آن می ارزد.,0
واقعا برای کسانی که موهای چرب دارند عالی است. شک نکنید این تنها شامپویی است که واقعا کار می کند و حتی از ریزش مو جلوگیری می کند.,0
من یک محصول از نقاید خریدم و در پلاستیک حبابی پیچیده شده بود. قیمت مناسب تر از سایر اقلام مشابه در سایت بود.,0
ضد آفتاب خوب و سبک من راضیم. البته همه افراد باید با مشورت پزشک متخصص از کرم مناسب پوست خود استفاده کنند.,0
اگر گلس تمام صفحه را بگذارید به این قاب گیر می کند و متاسفانه از روی صفحه بلند می شود.,0
من ازش راضی بودم,0
من از این خودکار استفاده میکنم هم برای دست و هم برای بدن خیلی خوبه و بعد از شستن اصلا نیازی به کرم مرطوب کننده نیست پوست رو به اندازه کافی مرطوب نگه میداره. همچنین برای کسانی که حساسیت پوستی دارند مناسب است. مهم ترین نکته این است که آینه از هیچ گونه مواد مضر و شیمیایی در داخل این خودکار استفاده نکند.,0
من در شگفت انگیز خرید کردم اما بعد از تحویل واقعا پشیمان شدم و می خواهم آن را برگردانم. داخل جیب ها جای خودکار و کارت و ... نیست، باید همه چیز را مچاله کنید و مواد داخل آن بسیار ضعیف است، به راحتی با دست پاره می شود، تا یک ماه ماندگاری دارد. قیمت برای این محصول خیلی بالاست.,1
خوب,0
با کیفیت و کاربردی,0
کمی چربی زیاد است,0
کیفیت و قیمت اجناس مناسب است,0
شبیه عکس سایت نیست. یک چاپ با کیفیت بالا چاپ تنظیم نشده است و مقداری از چاپ داخل لبه گوشی آمده است. طراحی آن نسبت به عکس موجود در سایت بسیار بزرگ شده است و آن را کاملا زشت می کند...,1
این محصول را هفته پیش از دیجی کالا خریدم,0
جلد مربوط به عدد s + بود,1
آرایش چشم خیلی سریع پاک می شود,0
برای کسانی که پوست خشکی مثل من دارند عالی است,0
این کابل نسبت به قیمتش خیلی خوبه,0
امروز حدود پنجمین روزی است که این لاک را زدم. ماندگاریش عالیه با اینکه دستامو زیاد میشورم، یه ذره لاک هم پاک نشده. فقط یه نکته هست که وقتی لاک میزنم بوی خاصی داره که یه روز روی ناخنم میمونه. اما اصلا ناخوشایند نیست و اذیت نمی کند.,0
براش خوبه ولی بعد از نیم ساعت دیگه اثری نداره انگار از لوسیون استفاده کردی.,1
حجمش خیلی کمه,0
کیفیت کابلش خیلی خوبه ولی سریع شارژ نشد، در کل راضیم,0
خیلی عالیه من بیشتر رنگش رو از دی جی گرفتم خیلی زود خشک میشه و رنگش یکدسته که عالیه,0
رایحه بسیار خوب و ماندگار، بدون حساسیت، کاملا عالی,0
اشکالی نداره فکر نمیکردم اینقدر خوب باشه من این کابل را چند ماه پیش گرفتم اما نمی خواهم از آن استفاده کنم زیرا واقعاً یک چیز لوکس است.,0
من این ضد آفتاب رو طبق دستور دکترم مصرف کردم و ازش راضی هستم.,0
سلام چیزی ندارم بگم عالیه فقط قیمتش بالاست که خوبه,0
عالی,0
عالی بود واقعا پیشنهاد میشه,0
اولین باری که تصمیم گرفتم در خانه یکی از دوستانم بمانم، او این را به من داد تا قبل از خواب استفاده کنم، من همیشه در خانه از شستشوی صورت Neutrogena استفاده می کردم، سپس بسیار تعجب کردم، پوستم به نظر می رسید دوباره احیا شده است، واقعاً یک کرم است . یعنی خیلی کوچیکه میگیری و روی پوستت ماساژ میدی خطوط ریز داره که حس میکنی پوستت عمیقا پاک شده بعد اومدم دیجی کالا همون شب پیداش کردم سفارش دادم قیمت یک پنجم نوتروژنای مسخره ای بود که استفاده کردم، خلاصه دوستش دارم الان یک ماهه دارمش و اگه تنبل نباشم هر شب استفاده میکنم پوستم خیلی خوبه,0
عطرش خیلی خوبه ولی بوی وانیل نمیده. فکر کنم کاملا بوی نارگیل میده. البته من جوهر نارگیل را دوست دارم پس از آن خوشم آمد. خوب هم تمیز میکنه,0
خیلی خوبه مخصوصا برای افرادی که موهای لنگی و نرمی دارن موها رو حالت میده و با اینکه حالت دهنده داره موها رو خیلی نرم نمیکنه که به سر بچسبه و در عین حال خوب شانه میشه.,0
از نظر کیفیت ارزش خرید داره,0
این خمیردندان جزوه ای از خمیردندان است که واقعا عالی است,0
من پوست چرب و مختلط دارم و به راحتی در میاد.,0
من در فروش ویژه یلدا خریدم بعد از یک هفته استفاده شارژ سریع از کار افتاد,1
ژل بسیار مفید است. من حتی به عنوان ضدآفتاب استفاده می کنم چون پوست حساسی دارم و کرم های مختلفی را امتحان کردم که بیشتر آنها باعث ترک خوردنم شد. اما این عالی است!,0
خوب بود. به سرعت جوش ها را خشک می کند. برای جوش های سر عالی است. پوست را کاملا تمیز می کند. برای جوش ها هنوز تاثیری ندیدم شاید مدتی طول بکشه تا نشون بده,0
من دوباره نظرم را می نویسم تا مردم فریب نخورند اما نظر من نمایش داده نشود. من با اشتیاق زیاد این کیف را خریدم و گوشی را روی یکی از دوستانم که این کار را انجام می دهد گذاشتم. بعد از سه چهار ساعت خودش از سه لبه شکست. به خدا قسم نه ضربه خورد و نه حتی تحت فشار قرار گرفت. برای دیجی کالا متاسفم که اینقدر اجناس بی کیفیت به مردم میده. من محصولات زیادی از دیجی کالا خریدم و از همه آنها راضی بودم، اما وقتی این کیف اینطور شد، تعجب کردم که چرا این محصول را آورده است.,1
اصلا کابل خوبی نیست و برای من بعد از چند روز استفاده که سرعت شارژ نسبت به کابل قبلی خیلی ثابت بود کابل شروع به ذوب شدن کرد و کاملا ناپدید شد.,1
کوچک است و بدون مشکل کار می کند.,0
خوب است,0
مواد نرم و ضربه گیر,0
من دیجی کالا رو از خودم خریدم و یک ساله دارم استفاده میکنم و مشکلی ندیدم و از هر نظر عالی بود.,0
به نظرم خوبه و راضی بودم که اسانس شکلاتم عالی کرده,0
بعد از استفاده احساس چسبندگی و ماندگاری طولانی مدت دارد و قبل از آرایش آزاردهنده است اما اگر در شب استفاده کنید صبح پوست نرمی به شما می دهد.,0
برای پوست های خشک و حساس درسته ولی وقتی صورتت رو پاک میکنی احساس تمیزی نمیکنی انگار چربه...پولمو انداختم دور...,1
بهترین ماسک مویی بود که تا حالا استفاده کردم. من از همه مارک ها استفاده کردم واقعا عالی بود. موهای سفید و سوخته را مانند ابریشم می کند,0
نسبت به قیمتش واقعا خوبه و شیک,0
در یک کلام ... عالی ...,0
یک کاور قوی و با کیفیت که تمام گوشی را می پوشاند و فکر می کنم قبل از این گارد محافظ مورد علاقه من بود. با تشکر از دیجی کالا,0
پوشش و محافظ خوب است، اما محل اتصال شارژر به دقت طراحی نشده است، باید درپوش را بردارید و سپس آن را شارژ کنید.,0
بهترین ژل ضد جوش که واقعا کار می کند. من برای جوش هایم از داروهای زیادی استفاده کردم که جواب نداد اما سه چهار سال است که از این ژل استفاده می کنم. هر وقت جوشی روی صورتم باشد دویست شب از آن استفاده می کنم و جوش را کاملا خشک می کند. هیچ جوشی باقی نمانده است,0
نسبت به قیمتش کیفیت خوب و قدرت پاک کنندگی بالایی داره.,0
برای موهام خیلی خوب بود,0
همانطور که می دانید کابل های aux پس از مدتی قطع می شوند. ولی الان چند ماهی هست که از این کابل استفاده میکنم و مشکلی پیش نیامده. کیفیت انتقال صدای من واقعا عالی است و مانند بسیاری از کابل های موجود در بازار نویز ندارد.,0
کرم سبک و خوبیه برای زیر چند سال خوب است که هنوز چروک نشده و مانع می شود,0
شرکت سینره عزیز لطفا مشکل پمپ های این نوع ژل را برطرف کنید.,1
قیمت به طرز شگفت آوری خوب است. رنگی نیست و این خیلی خوب است. آقایان هم می توانند استفاده کنند,0
یک آینه جایگزین گرفتم اما با یک ضربه خیلی خفیف سرش حرکت کرد و قابلمه کار نکرد. من دو هفته ازش استفاده نکردم,1
این محصول عالی است. موها را نرم و ابریشمی می کند. برخلاف سایر نرم کننده ها و ماسک ها، اگر به پوست سر ضربه بزنند، موها را چرب کرده و باعث ریزش مو می شوند. به نظر من این محصول به جای اینکه باعث ریزش مو شود، ریزش مو را نیز کاهش می دهد. فقط یه مقدار بالاست پس با توجه به قیمت بالایش باید زودتر بخرید که به نظر من اصلا مهم نیست. زیرا در عوض، به کرم مو، سرم کریستال، روغن ارگانیک، ماسک یا هر چیز دیگری نیاز ندارید. بخرید و استفاده کنید و از داشتن موهای زیبا و شاد لذت ببرید.,0
برای استفاده در شب عالی است و به خوبی جذب می شود,0
من این سرم مو رو با تخفیف خریدم که فقط در صورت تخفیف ارزش خرید داره ولی نه با قیمت بالاتر.,0
انداختمش و رفت,1
عالی و درجه یک است,0
شیر من بد نیست,0
کلگیت بهترین خمیر دندون هست به شرطی که اصل باشه ولی حیف که قیمتش بالاست و اصلش رو هیچ جا نمیفروشن!!,0
من این محصول را خریدم و کیفیت خوبی دارد,0
کاملا بی کیفیت,1
جنسش خیلی خوبه و ظاهر خوبی داره و به خوبی روی دکمه ها جا می گیره و دور خروجی ها به خوبی جا می گیره.,0
از سینره و هیریپیر راضی بودم,0
عالیه چربی پوست رو از بین میبره و از جوش جلوگیری میکنه و بوی خوبی داره. من آن را توصیه می کنم,0
سلام حتما پیشنهاد میکنم با اینکه رطوبتش کمه ولی کارایی بالاتری نسبت به دستمال های مرطوب با رطوبت بالا داره. واقعا عالیه,0
خوب بود. من امروز رسید را به شما دادم. بسته بندیش خوبه و آکبند هست. اگر استفاده کنم در مورد عملکردش خواهم نوشت. با تشکر از دیجی کالا,0
قیمت مناسب، کیفیت خوب,0
سلام . کیفیت بسیار بالا. سایز کوچک که فقط برای کودکان مناسب است. نخ به سرعت پاره می شود. مدل خارجیش دیجی داره که قیمتش کمی بیشتره ولی ارزش خرید داره.,1
من پوستم خیلی چربه و این کرم صورت رو کاملا مات میکنه و سریع جذب میشه. احساس می کنید چیزی روی صورت شما نیست. لمس بسیار مخملی دارد. عالی ! حفاظت هم خوبه,0
خوب است,0
موهام سفید شده ولی وقتی تو حموم شامپو میزنم متوجه میشم نرم شده,0
اصلا ضد شوره نیست,1
من از این محصولی که خریدم راضی هستم,0
سلام,1
فعلا راضی هستم، در روزهای اول استفاده، لک های صورتم کمرنگ تر شد و البته می دانم که در طول روز باید از ضد آفتاب استفاده کنم تا از افزایش لک جلوگیری کنم.,0
خیلی عالیه پیشنهاد میکنم حتما بخرید محافظ صفحه ای که همراهش هست نسبت به قیمتش خوبه و دو تا هست.,0
بعد از حمام و خشک کردن موهایم این کرم مو را زدم و بعد از چهار پنج بار استفاده موهای رنگ شده نرم و براق شد.,0
فوق العاده به معنای واقعی کلمه,0
کیفیتش نسبت به قیمتش عالیه,0
صابونش خوبه تاثیرش رو همون روز اول میبینید ولی پوستم رو خیلی خشک کرد. اگر صورتتان خشک است، پس از آن باید از مرطوب کننده استفاده کنید.,0
تقویت کننده عالی,0
سایزش مناسبه، گوشی با توجه به قیمتش خوبه,0
من خیلی وقته از این محصول و برند استفاده میکنم و تاثیر فوق العاده ای داره,0
خوب و مقرون به صرفه,0
این ماده شوینده نیست، مرطوب کننده است,1
من فکر می کنم مثل استفاده از یک مرطوب کننده است. منم موقع استفاده همین حس رو داشتم ولی بعد از استفاده پوستم خشک شده بود و بعد از چند ساعت متوجه لایه برداری شدم.,1
من از خریدم راضی هستم,0
عالی,0
به نظر من اگر دنبال یک قاب ساده و شیک و سبک هستید این بهترین گزینه است ممنون دیجی کالا,0
امروز گرفتمش عالیه حتما بگیر,0
من قبلا از محصولات کلیون استفاده می کردم. کرم انار کلئون به پوست طراوت و طراوت می بخشد.,0
از آنجایی که نوت 3 سایز بزرگی دارد و این کاور هم می تواند با گوشی مناسب باشد، کار با گوشی را نسبت به آیفون ها راحت تر می کند.,0
متأسفانه خیلی کمرنگ خشک می شود,1
خیلی خوب بود فکر کنم رطوبتش کمتر از چربیش باشه و راضی هستم,0
یه مدت خریدم و استفاده کردم خوب بود و ارزش خرید داشت,0
موها را فوق العاده صاف می کند. اگر موهای صافی دارید، نباید مانند سایر نرم کننده ها روی موها بماند,0
بوی بخور هندی می دهد، بسته بندی لوله ای آن کیفیت بالایی دارد.,0
دوستان من یک شماره ماهانه از این کابل دارم,0
خیلی خوب بود,0
الان کابل رو گرفتم و شارژ کردم. شدت جریان دقیقاً مانند کابل اصلی تلفن است. اکثر کابل های ارزان قیمتی که من از بازار گرفتم شدت جریان پایینی دارند اما این یکی خیلی خوب است. همچنین می توانید شدت جریان شارژ و کابل خود را با نرم افزار Ampere تست کنید.,0
بسیار شیک و مناسب، از خرید آن پشیمان نخواهید شد,0
به نظر من این محصول اصل نیست,1
نظافت قابل قبولی دارد,0
من خیلی راضی هستم. امروز خریدمش بعد از یک بار استفاده، پاهایم واقعا نرم شدند. توصیه میکنم ازش استفاده کنید,0
بد نیست,0
به نظر من خیلی خوبه این آسان تر از نخ دندان معمولی است. فقط یکی برای دندان قروچه سخت است,0
محصولات فیروز با این قیمت عالی هم از نظر قیمت و هم از نظر کیفیت با محصولات گران قیمت خارجی برابری می کنند. من با افتخار از محصولات ایرانی استفاده میکنم. از دیجی کالا خواهش می کنم در زمانی که چنین کالای داخلی خوبی داریم، تمامی محصولات فیروز را انبار کند. چرا؟ باید از محصولی مثل جانسون و غیره استفاده کنیم. ای کاش همه محصولات ایرانی یک کیفیت و ارزان بودند,0
آبرسانی نیز وجود دارد,0
اگر فرد منظمی هستید که به خوبی از دستگاه مراقبت می کنید، در خرید آن شک نکنید. این عالی، سبک، بی نقص است و در عین حال تمام ظرافت آیفون را حفظ می کند، محافظت خوبی برای گوشی شما در برابر ضربه های معمولی است. در کل من آن را دوست دارم و از خریدم راضی هستم.,0
خیلی خوبه البته با اسانس اکالیپتوس هست بهتره نعنا بود,0
قیمت عالی,0
نسبت به قیمت پایینش عالیه,0
این شگفت انگیز است، این یک مرطوب کننده بسیار قوی است. من پوست مختلط دارم روی دست و صورتم می زنم.,0
من هنوز استفاده نکردم طبق بررسی ها خریدم,0
هیچ تاثیری نداره چون از این استفاده کردم دیگه متوجه چروک نشدم. من فقط باهاش ​​بازی کردم فقط مرطوب کننده است. با این پول یک دوربین دوچشمی بگیرید که حداقل تاثیر داشته باشد,1
من آن را پیشنهاد می کنم,0
اصلا احساس نمی کنم از مرطوب کننده استفاده کردم,1
با توجه به اینکه دو مدل OTG از دیجی کالا خریدم و از روز اول کار نکردند فقط می توانم بگویم که این OTG کار می کند.,0
اصلا نقش کرم پودر را ندارد و پوششی ندارد و عملکرد طبیعی ضد آفتاب را ندارد و در عین حال نسبت به پوست های گندمی و هنگام استفاده روی پوست رنگ بسیار روشنی دارد. گلوله می شود که باید با دستمال پاک شود اما ضد آفتاب خوبی برای استفاده است. برای زیرسازی آرایش هست و در کل ضد آفتاب آردن خیلی بهتره,1
در کل از خریدم راضی هستم با اینکه قیمتش کمی بالاست ولی ارزشش رو داره...,0
متأسفانه بعد از استفاده در حمام و شستن موهایم مقدار زیادی از موهایم ریخت. این یکی از بدترین خریدهای من از دیجی کالا بود.,1
کابل واقعا کیفیت خوبی داره,0
این یک محصول عالی است. پس از استفاده از آن، پوست شفاف و نرم می شود. من خیلی راضی هستم,0
این بهترین ماسک مو است که تا به حال استفاده کرده ام. موهای من مجعد و خشک است. پس از استفاده از این محصول موهای من بسیار نرم و دلپذیر، خوشبو و براق می شود. چندین بار خریدم عالیه,0
اصلا خوب نیست,1
من استفاده کردم خوب نبود موهام هنوز مجعده,1
مانند اکثر محصولات من، کیفیت در مقایسه با قیمت قابل قبول است. مای یکی از معدود برندهای باکیفیت ایرانی است.,0
برای پوست های چرب مناسب است. مایع رقیق است. به سرعت جذب می شود. نمی درخشد. من کاملا راضی هستم,0
کیفیت بسیار قابل اعتماد است,1
زیبا,0
رابطه جنسی خیلی بد است. این بی فایده است .,1
سلام,0
دوستانی که میگن با شماره ps مشکل دارن بهتره از این محصول برای ps عدد استفاده نکنن چون سایز عکس ps خیلی زیاده و عددش k هست و اگه میخوان از اینا استفاده کنن عکس رو کم کنن کیفیت به hd یا فول اچ دی از تنظیمات گرافیکی کنسول. برای اینکه بتونن از این سوکت استفاده کنن وگرنه باید یه سوکت گرونتر بخرن تا سایز عدد k جواب داده بشه که به نظر من گرونه.,0
با این قیمت عالیه همچین قاب فقط جهت اطلاع دوستان پلاستیک سخت نیست ژله هست,0
خوب است,0
کرم کاور خیلی خوبه چندین بار از دیجی کالا خریدم.,0
دوستان این قاب از جنس سخت و با کیفیت ساخته شده است. اما یک مشکل بزرگ وجود دارد! آینه ای است که بعد از آمدن روی گوشی دیگر نمی توانید گوشی خود را شارژ کنید. چرا الان! زیرا از ورود کامل سوکت شارژ به گوشی جلوگیری می کند!,0
بی رنگ و قابل هضم با پوست,0
من قبلا از پوسته پوسته شدن پوست رنج می بردم اما الان... هم خوشبو و هم نرم کننده خوب برای بعد از حمام,0
مارک خوبی هستش,0
خیلی خوبه با توجه به شامپوهای خارجی قیمتش مناسبه,0
بوی بسیار خوبی دارد و دهان را خوشبو می کند. قدرت پاک کنندگی بالایی دارد و واقعا کیفیت بالایی دارد. من همیشه از این نوع استفاده می کنم,0
برخلاف تصویر، خبری از پارچه و چرم مصنوعی نیست. تمام عکس ها چاپ و حک شده روی جلد!!,1
با توجه به قیمتش کیفیت خوبی داره. من قبلا پرودرما داشتم کیفیتش یکیه یا حتی بهتره. با توجه به قیمتش واقعا ارزشش رو داره,0
کیبل راک واقعا عالیه,0
من قطعا این رو پیشنهاد میدم. در اولین استفاده عالی بود,0
من آن را پیشنهاد می کنم,0
محصول بسیار خوبی است و واقعا به قیمتش می ارزد.,0
متاسفانه برای موهای چرب مناسب نیست.,1
رنگ و کیفیت خوب. قلم فوق العاده ای دارد,0
واقعا شامپوی عالیه برای موهای چرب بسیار مناسب است و موها را به خوبی تمیز می کند و حالت ابریشمی فوق العاده ای به موها می دهد. این گیاه بوی طبیعی می دهد که ممکن است برای همه خوشایند نباشد,0
کیفیت خوبی داره,0
خوب است,0
من آن را با کیفیت و عملکرد توصیه می کنم,0
متأسفانه رنگی رو سفارش داده بودم ولی بی رنگش رو تحویل گرفتم.. رنگی رو قبلا استفاده کرده بودم. کیفیتش خیلی خوبه.,0
رنگ خاص و زیبایی دارد,0
من سالهاست که از آن استفاده می کنم و هرگز چنین خمیردندانی ندیده بودم، بوی بسیار خوبی دارد و در طول روز احساس خوبی به شما می دهد.,0
استفاده از آن آسان است و بسیار ایمن است، واقعاً حتی در جابجایی نی نیز کمتر آسیب می بیند، در کل این مدل قیچی نسیت قدرت مانور بیشتری نسبت به مدل های ناخن گیر کلاسیک به شما می دهد.,0
بله با توجه به نوع پاسخگویی محصول خوب بود و جا دارد از تحویل به موقع با زمانی که انتخاب کردید تشکر کنیم.,0
من به تازگی آن را دریافت کردم، مدتی طول می کشد تا کیفیت آن مشخص شود,0
روی موهام تاثیر خوبی داره ولی بوی خوبی نمیده.,0
من قبلاً بلکین مدل F شماره Y، bt، شماره M را خریده بودم، او آن را دوست نداشت.,1
از نظر کیفیت تمیز کردن و نگهداری خمیر دندان و فوم خوب است.,0
کیفیت خوب,0
کیفیت خوبی داشت,0
نسبت به قیمتش عالیه و الکل نداره، خوبه,0
من قبلا از پارادونتکس استفاده می کردم چون الان به لطف تحریم پیدا کردنش سخت شده و گران است. من برای تعویضش خریدم من یک هفته است که استفاده میکنم و راضی هستم. خیلی خوب تمیز میکنه اگه خامه ای باشه و اسانس نداشته باشه فقط استفاده میکنم چون طعمش به مرور زمان حساسیت زا میشه و این بدون اسانس کاملا ساده است. فکر کنم همیشه همون یکی رو دوباره بخرم.,0
خوبه و استفاده میکنم و راضی هستم,0
این که پارابن نداره خیلی خوبه و نظرمو جلب کرد. نرم شدن آن متوسط ​​است,0
من این سیم به مارک خریدم به این نیت که مارک خوبی است,1
برای درمان لثه خریداری شد و تأثیر لازم را داشت,0
این محصول واقعا تخصصی بود و از دکترم که این محصول رو برام تجویز کرد ممنونم...,0
برخلاف آنچه در کامنت ها نوشته شده بود هیچ تاثیری نداشت,1
این یک نخ دندان بسیار خوب است,0
خیلی محصول خوبیه...واقعا پوست رو نرم میکنه,0
به نظر خوبه، ازش استفاده میکنم ببینم چطوره,0
کیفیت صدا خوبه و پیشنهاد میکنم,0
به نظر من اصلا خوب نیست,1
پس از مدتی رنگ گوشه های قاب محو می شود. سفید می شود.,1
نظرم رو بعد از عدد به شماره ماه استفاده مینویسم درسته... ویتامین و عصاره,1
عالی . اصلا فکر نمیکردم اینقدر خوب باشه دندان ها را تمیز و سفید می کند. بعد از یک بار استفاده، نمی خواهم آن را تغییر دهم,0
بعد از استفاده صدای دستگاهی که بهش وصل کردم پایین اومد,1
عالی,0
به نظر من بهترین خمیردندان برای لثه های ضعیف است. من خیلی راضی هستم. ممنون از دیجی کالا,0
من با تخفیف خریدم. کف و بوش خیلی خوبه,0
من کلا از این روغن درخت چای خوشم میاد، از محصول درمان آکنه ابن سینا که چند سال پیش از همدان خریدم خیلی راضی بودم، دقیقا همون بو بود، فهمیدم همون روغن درخت چای بوده و برای پوست چرب و آکنه خوبه البته من از این برای درمان اگزمای پوست استفاده کردم و خوب بود فقط یه ذره که مدت زیادی میمونه نمیدونم چرا بوی تخم مرغ میده واقعا بوی بد میده ولی اگر برای درمان استفاده می شود، اگر آن را بشویید اشکالی ندارد.,0
من اصلا راضی نیستم,1
مسواک زدن و استفاده از خمیر دندان بعد از خوردن غذاهای اسیدی مانند آب پرتقال، آب لیمو... برای دندان بسیار مضر است، اما این خمیردندان تنها خمیردندانی است که مخصوصاً برای رفع این مشکل ساخته شده است، یعنی برای مواد اسیدی در نتیجه خوردن هر یک نوع غذا، می توانید با خیال راحت از مسواک و این خمیر دندان استفاده کنید. متأسفانه اخیراً در ایران کمیاب شده است. در دیجی کالا دیدم و بلافاصله سفارش دادم.,0
قیمت عالی، کیفیت و زیبایی عالی,0
خوب است، ارزشش را دارد,0
فکر نمی کنم کار کند. تنها خوبیش اینه که بوی خوبی داره وگرنه هیچ تاثیری روی مو نداره,1
موها را نرم می کند. معطر است. طبقه مرتفع دارد. حساسیت ایجاد نمی کند. وقتی خریدم قیمتش مناسب بود.,0
بعد از یک بار استفاده متوجه شدم که با موهای من سازگار نیست و سازنده به فکر کیفیت محصول است. به خصوص در ظرف شامپو.,1
من همون روز اول نتیجه رو تجربه کردم و خستگی صورت از بین میره و پوستتون شاداب و تمیز میشه. بی نهایت راضی بودم.,0
به نظر من برای انواع پوست مناسب است. به سرعت جذب پوست می شود و احساس چربی نمی کند. استفاده از آن بسیار آسان است و مقدار آن مناسب است. حتما بخرید,0
گوشیمو بدون مشکل شارژ کرد,0
همه نظرات خوب است,0
من میخواستم اول بایودرما بخرم. خیلی خوبه ولی قیمتش بالاست من در عوض خریدم و از تمیز کردنش راضی هستم. اول اینکه روی چشمم میزنم ریمل و خط چشم رو به راحتی با پنبه پاک می کنه ولی بعد از اینکه صورتم رو نشستم نمی دونم برای پوستم ضرر داره یا نه.,0
من از ضد آفتاب های این برند کاملا راضی هستم. پوستم مختلطه در عین حال می جوشد. اما کرم های بایودرم با پوست من بسیار سازگار است. رنگ این کرم هم خوبه و پوشانندگی خوبی میده. خیلی خوب روی پوست می نشیند.,0
من چندین ساله دارم استفاده میکنم و راضی هستم.,0
یک ماه صبح و شب زدمش ولی یه ذره تغییر نکردم,1
من این کیف رو برای لپ تاپ ایسوس خریدم ولی با وجود سایز لپ تاپ به زور داخل کیف جا میشه ولی خوبه. من یک راز هستم زیرا کیف دیگری با این اندازه لپ تاپ پیدا نکرده ام.,0
این یک ماسک موی فوق العاده است. چند دقیقه روی سرم گذاشتم و بعد فرهایم خیلی زیبا می شوند. مدل های دیگه این مارک رو هم خریدم جالب نبود فقط عسل و همون پروتئین خوب بود.,0
فکر نمی کنم تاثیری داشته باشد و حتی ممکن است موها را کمی خشک کند,1
خیلی نادره وگرنه عالیه، تنها ضد آفتابیه که چند بار استفاده کردم,0
به آرامی شارژ می شود و داغ می شود,1
بهترین روغن آفتاب است و من یک عدد خریدم و از بار سوم رنگ بدن کاملا قهوه ای است و بدن شما اصلا نمی سوزد.,0
عالیه حتما توصیه میکنم,0
همه اعداد داخل یک ظرف مانند قوطی کرم هستند,1
من این شامپو را به طور جداگانه توصیه می کنم,0
برخلاف انتظارم که فکر می کردم برچسب بی کیفیت است، جنس و بافت آن بسیار خوب است و گوشی واقعا زیبا به نظر می رسد.,0
موهای طبیعی من مجعد است و حالت S بزرگ دارد. تقریباً همین چند سال است که موهایم رنگ و دکلره شده است، اما موهایم آسیب دیده و وز شده است.,0
کیفیت قابل قبول است,0
سلام,0
من تو فروش ویژه خریدم و نسبت به مقداری که خریدم واقعا عالی عمل میکنه و دیروز یکبار استفاده کردم و واقعا تاثیرش رو میبینم مخصوصا اینکه پوستم خیلی چربه و این اسکراب با یه اسکراب خیلی چربی پوستمو کم کرده استفاده کنید.,0
پیشنهاد میکنم با تخفیف خرید کنید,0
من نرمی دستانم را بعد از استفاده از کرم دوست دارم,0
محصول واقعا خوبه ولی متاسفانه من پمپ سفارش دادم به صورت عادی برام ارسال شد.,0
من این کیف را در داخل شگفت انگیز تقریباً به نصف قیمت خریدم,0
علاوه بر ضد آفتاب بودن، سفت کننده آن عالی است,0
بسیار خوب لایه برداری می کند و پوست را حساس و خشک نمی کند. نرم و پاک کننده و درخشان کننده است. حتما چند دقیقه ماساژ دهید تا به خوبی لایه برداری شود,0
من امروز صبح این کیف را دریافت کردم و واقعا از آن راضی هستم,0
به نظر من خیلی خوبه، جوش ها رو راحت از بین میبره,0
از دیجی کالا بعید بود، کیسه برنج محسن بهتر و با کیفیت تر از این محصول است، به شدت ناراضی هستیم,1
ابری خوبه ولی موقع سمپاشی کمی بیرون میریزه,0
کاور بسیار زیبا و خوش دست است. فقط حواستون باشه صبور باشید وگرنه خراب میشه. تنها نقطه ضعف آینه است، خود پوشش شیشه ای به سرعت خراش می گیرد. مال من، بعد از یک هفته استفاده، تعداد به خط کوچک کناره ها افتاده است.,0
عالی,0
همانطور که دوستان گفتند,0
از همه نظر بهترین ماسک مویی که من داشتم بین همه محصولات خارجی و ایرانی,0
در ابتدا کابل خوبی به نظر می رسد، اما پس از حدود چند روز استفاده، شل شده و از گوشی جدا می شود.,1
شروع به کار کنید,0
بسیار رنگدانه است و سریع خشک می شود,0
لنت ها ضخیم و کامل هستند وقتی لاک را پاک می کند اطراف ناخن را کثیف نمی کند و این خیلی خوب است ناخنم خشک نشد راضی هستم.,0
خیلی بد . فقط زیباست نصب ناموفق بود,1
دوستان واقعا ارزششو داره چند سالی است که کمرم درد می کند و از انواع داروهای شیمیایی و سنتی بدون نتیجه استفاده می کنم. تست زیاد و... اتفاقی در دیجی با این صابون برخورد کردم و گفتم تستش کنم. واقعا برای درمان کمردرد معجزه کرد، پوست من صاف و یکدست شده است. ممنون دیجی کالا,0
این محصول فقط یک خمیر دندان معمولی ساخت کشور آلمان است,1
من تازه تحویل گرفتم و متاسفانه نتونستم ازش استفاده کنم چون میکرو یو اس بی مشکل داره و باید با دست بگیرم تا شارژش کنم.,1
جالب نیست ارزش خرید نداره,1
من چند ماهه دارمش، کابلش خیلی با کیفیته و از شارژ سریع پشتیبانی میکنه. وقتی خریدم تردید داشتم ولی الان کاملا راضی هستم,0
قدرت پاک کنندگی عالی,0
من این Kav را مشکی گرفتم و گوشیم آبی است. وقتی جلد رو گرفتم خیلی خوشم اومد. ولی وقتی روی گوشی گذاشتم خیلی شیک بود. جنس آن به گونه ای است که در دست حس خوبی دارد.,0
من زیاد نخ دندان می کشم اکثر برندهای ایرانی و خارجی رو امتحان کردم. به نظر من با این قیمت برندهای خارجی مشابهی که در همین کالای دیجیتال موجود است بخرید مثل اورال بی مارک های ایرانی خیلی خوب هستند که ارزانتر هستند. دوستانی که میگن این تاپیک رو ناراحت نکنید و برید روش درست نخ رو یاد بگیرید باید بگم که من همیشه با همین روش نخ میزنم حتی اگه اشتباه باشه تاپیک های مشابهی هست که پاره نمیشه و دارم ازشون استفاده میکنم ولی خیلی زود است پاره شده است,1
من در حال حاضر از آن برای ترمیم سوختگی های ناشی از لیزر استفاده می کنم. من استفاده از لوله دوم را شروع کردم و از اثربخشی آن کاملا راضی هستم.,0
من واقعا راضی بودم. من نمی توانم آن را باور کنم. من تقریباً دو ماه است که از آن استفاده می کنم و کاملاً شاهد رشد مجدد آن هستم. در ضمن قرص زینک ایرانی و قرص آهن صورتی مصرف کردم. عالی بود,0
بوی خوبی داره ولی چند دقیقه بیشتر روی پوست نمیمونه. اگر پوست خشکی دارید، باید بعد از حمام از لوسیون یا روغن استفاده کنید. نسبت به قیمتش ارزش خرید داره,0
بسیار جادار و زیباست. من از خریدم راضی هستم.,0
کاملا کاربردی و مناسب برای آقایان قیمت و کیفیت مناسب,0
به سرعت جذب می شود. و پوست را چرب نمی کند. برق ساطع نمی کند. خیلی سبکه و قیمتش خیلی بالاست. کاش تخفیف میدادی,0
من به جای مو چندین بار خرید می کنم,0
این محصول را به توصیه همسرم از دی جی درخواست کردم. راضی است و اگر بخواهد دوباره بخرد همان کالا را می خرد. توجه داشته باشید که چنین محصولاتی برای همه یکسان نیست و برای همه قابل تجویز نیست. اما اگر فردی به آن حساسیت نداشته باشد، محصولی با کیفیت است.,0
کیفیت سریال اصلا خوب نیست,1
ماندگاری و کیفیت قابل قبول با توجه به قیمت آن,0
من پول زیادی برای سیم شارژر داده ام و همه را دور ریخته ام اما عالی است با نظر دوستان خریدم.,0
اصلا اذیت نکن اصلا خرید نکن پشیمون میشی,1
جنس سر مسواک پلاستیکی فوق العاده بی کیفیت است که البته با این قیمت نمی توان انتظار داشت.,1
شامپوی مغذی آن، یعنی شامپو حاوی ارزن، خاصیت با کیفیت و کف کنندگی بیشتری دارد.,0
خوب است و شانه و سشوار همگی جمع و جور و بسیار زیبا هستند,0
بعد از یک ماه استفاده، میخ های جانبی micro USB داخل من گیر کردند. باید برای هر بار شارژ این میخ ها را با چاقو بلند کنم که بیرون نزنند.,1
من اصلا راضی نیستم,1
خوب و راضی کننده است,0
محصولات Bale'a از شرکت dm بسیار با کیفیت هستند. این ماسک با توجه به قیمت آن بسیار مقرون به صرفه است. جوش های سرسیاه را از بین می برد و منافذ باز پوست را تا حدودی ترمیم می کند، در هنگام استفاده باید دقت داشته باشید که لایه مناسبی از ماسک را روی صورت قرار دهید و حتما بگذارید کاملا خشک شود سپس به آرامی کل آن را بردارید. ماسک از صورت این می شود همچنین موهای بسیار ریز بینی را از بین می برد.,0
قاب گوشی را بزرگ نمی کند، بسیار خوب و جمع و جور است.,0
برای اطمینان، به مدل آمازون نگاه کنید، متوجه خواهید شد که چقدر از Aki و دیگران محبوب تر است.,0
من دو سه کاور ژله ای مارک نیلکین برای گوشی قبلیم خریده بودم که شماره نوت بود ولی این کاور از همه بهتر بود و الان برای شماره نوت همون کاور خریدم.,0
در لوازم جانبی بدون کوچکترین تعصب، مارک انکر واقعا عالی و شماره یک است، محصولی با کیفیت واقعی و حس اصالت واقعی به شما می دهد، من همه محصولاتش را توصیه می کنم، هم پاور بانکش را دارم و هم چند مدل کابلی، این عالی,0
برای موهای آقایانی که هنگام فعالیت های روزانه و ورزشی زیاد عرق می کنند بسیار مناسب است.,0
به نظر من خیلی بهتر از تافت و ژل است,0
من بارها کابل aux خریدم و یکبار مصرف بود، می توانم بگویم این بهترین چیزی است که خریدم,0
تصویر ارائه شده توسط فروشنده با کالای ارسالی متفاوت است,1
با توجه به قیمتش خوبه,0
کیفیت و دوخت عالی,0
من خیلی ازش راضیم تمیز کردنش عالیه,0
از نظر کیفیت و قیمت خوب بود,0
واقعا کار و مد,0
عالی . ضخامت یکسان همچنین در دسته بندی,0
بسیار بی کیفیت و غیر استاندارد,1
من همیشه از این لوسیون استفاده می کنم، پوستم چرب و مستعد آکنه است، اما وقتی آن را می زنم، پوستم را آرام و نرم می کند. سبکه میتونید به راحتی روی صورتتون بزنید و بعد ضد آفتاب بدون چربی بزنید و لذت ببرید.. من خیلی دوسش دارم. یه کرم دیگه 30 تا گل داره که ترمیم کننده میموزا هستش هم خیلی خیلی عالیه. بعد از اسکراب در صورت استفاده از شب تا صبح خیلی سریع جواب می گیرید.,0
با سلام خدمت همه، بزرگترین مشکل این کابل آینه این است که سوکت نری دارای مقطع دایره ای است که با اکثر کاورهای موبایل تداخل دارد.,1
در کل قیمت هرچقدر هم بالاست بدانید محل کار لنگ است,1
نه با شارژر و نه با پاوربانک اصلا کار نمیکنه,1
من خودم دوبار استفاده کردم ولی احساس نمیکنم پوستم روشن تر شده باشه.,0
واقعا عالیه آرایش پاک میکنه و پوست رو تمیز میکنه و برای پوست آبرسانی میکنه. قیمتش نسبت به تعدادش خیلی خوبه من خیلی راضی هستم.,0
یک رایحه دلپذیر,0
جالب است که این سیم صدا را به صورت نازک پخش می کند. به طور خلاصه، کیفیت صدا را ضعیف تر از سیم دیگر منتقل می کند.,1
ضد خارش هم هست و دقیقا سه ماهه دارم استفاده میکنم و واقعا راضیم.,0
بافت ژلی کرمی دارد و اگر به دنبال کرم دور چشم آبرسان خوب هستید انتخاب خوبی است. این سومین بار است که می خرم. از سیاهی زیر چشم پس از استفاده طولانی مدت جلوگیری می کند و دور چشم با طراوت به نظر می رسد.,0
محصول خوبی است اما فقط در فروش ویژه خوب است,0
خرید عالی,0
آسان و آسان برای استفاده. ابزار خوبی است. من راضی هستم,0
عالی,0
قاب بسیار زیبا و مقاوم در برابر ضربه است و از خرید آن پشیمان نخواهید شد.,0
قیمتش تقریبا با برندهای خارجی یکی بود ولی کیفیتش خیلی کمتر از اونهاست,1
با مواد شوینده تست کردم نازلش آسیب ندیده تا حدودی مقاومت شیمیایی داره امیدوارم آسیب نبینه.,0
خیلی وقت بود استفاده نکرده بودم ولی الان که گرفتم خیلی راضیم,0
برای نتیجه بهتر می توانید بعد از حمام از این ماسک استفاده کنید تا نتیجه بهتری بگیرید,0
مقاوم بودن در برابر افتادن و ضربه,0
از قیمتش راضی بودم,0
من خریدم از روز اول مشکل داشت و بعد از دو سه روز شارژش قطع شد.,1
من از کیفیت محصول راضی هستم و به شدت توصیه می شود.,0
خیلی خوبه من مرتب از شماره ماه استفاده کردم,0
من چند روزی هست که از این شامپو استفاده میکنم و نسبت به بقیه شامپوهایی که استفاده کردم بهتره,0
پس از گذشت چند ماه کارکرد، گوشی به سرعت قبل شارژ نمی شود و دیگر انتقال اطلاعات انجام نمی شود,1
افتضاح اصلا ارزش خرید نداره,1
من برای اولین بار از فروشگاه لوازم آرایشی و بهداشتی خریدم و عاشقش شدم😂 اما این بار از دیجی کالا خریدم و امروز رسید.,0
من امروز این پولیش را دریافت کردم. رنگش اصلا بژ نیست. رنگش کاملا مسی براقه و رنگش رو دوست نداشتم,1
من از دیجی کالا کاملا راضی هستم، عالی است,0
من استفاده کردم عالیه,0
من از بسته ای که دریافت کردم شگفت زده شدم,0
گذاشتمش تو سطل زباله,1
رنگ و مدل محصول با عکس های معرفی محصول متفاوت است,1
فکر نمیکردم اینقدر خوب جواب بدی من برای لپ تاپم استفاده می کنم چون تماشای فیلم برای یک نفر بی فایده است و اگر سعی کنید یک کالای دیجیتالی را از فروشنده بخرید تا زمانی که نسخه اصلی را تهیه کنید برخی از آنها نویز دارند یا خوب کار نمی کند.,0
من یک سال است که از این محصول استفاده می کنم. من کاملا راضی هستم. مانند کابل شارژر اصلی کار می کند.,0
کیفیت ساختش واقعا خوبه، برای کسی که زود کابلشو می شکنه مفیده چون جنسش خیلی خوبه، خیلی خوبه، سریعتر از اصلش شارژ میشه. برای آیفون شماره گرفتم و خیلی راضی هستم.,0
عالی و با کیفیت,0
واقعا طراحی زیبا و محکمی دارد,0
خیلی خوبه پیشنهاد میشه,0
در طول روزهای استفاده از محصول با مشکل خاصی مواجه نشدم,0
پوسته پوسته، خوب نیست,1
عالیه الان خوب کار میکنه,0
به نظرم خوبه حالا نمی دونم نظر شما چیه,0
عالی,0
سلام . دوستان اصلا به درد نمیخوره گرفتم هنوز شماره آپدیت نشده سرش خراب شده...,1
حتما استفاده کنید,0
از خریدم راضی هستم نسبت به قیمت کیفیتش خوب بود با اینکه ایرانی بود ولی کیفیتش خوب بود,0
من خیلی وقته استفاده میکنم دقیقا برای پوست های چرب مناسبه. اگرچه پوست را کاملا تمیز می کند، اما آن را خشک نمی کند,0
این محصول را تحویل گرفتم و پلاستیک اطراف آن بعد از اولین تست شکست اما کار می کند,1
عالیه در خریدش شک نکنید,0
به نظر من این محصولی است که هر خانمی باید داشته باشد. هر نوع آرایشی را خیلی خوب و راحت پاک می کند. بویی ندارد که مزیت محسوب می شود. نیازی به آبکشی و شستشوی مجدد نیست. برای انواع پوست مناسب است,0
کابلش خوبه سریع شارژ میشه من یه بار خریدم خوب بود. من دو تا دیگر برای اعضای خانواده ام سفارش دادم,0
کیفیت خیلی خوبی نداره ولی نسبت به قیمتش بد نیست.,0
من خودم همیشه از محصولات آرایشی این برند استفاده میکنم. کرم عالیه اصلا سنگین نیست و پوشش خوبی داره. من توانستم یک فضای داخلی شگفت انگیز با قیمت بسیار خوب بخرم,0
من خیلی راضی هستم,0
لاک اصلا رنگ نشون داده شده خیلی کمرنگه و از رنگ های شیشه ای هستش و چند لایه باید زد و خیلی دیر خشک میشه.,1
سری دومی که میخرم نازک ولی خیلی چشمگیره و مشکی خیلی شیک,0
بازم مثل همیشه پیام اشتباه دادی.,1
بدترین خریدی بود که داشتم، دو هفته کار نکرد,1
امروز تحویل گرفتم کاملا اورجینال هستش و مثل کابل اصلی از شارژ سریع پشتیبانی میکنه,0
کیفیت عالی و زیبا,0
متأسفانه به آن حساسیت داشتم و باعث خشکی و قرمزی پوستم شد اما این دلیل بر بد بودن آن نیست زیرا همه از آن بسیار تعریف کردند.,1
عالی برای موهای خشک، بدون ایجاد اثر چربی,0
اگرچه قیمت این کابل میکرو یو اس بی پایین بود اما کیفیت و کارایی بالایی داشت. الان اومدم دوباره برای ماشین بخرم. دیدم این مارک موجود نیست. حیف شد البته در فروش ویژه خریدم و فروشنده هم خپاد دیجی کالا بود نه فروشگاه های مختلف.,0
متاسفانه بعد از یک ماه استفاده از کار افتاد. انتظار داشتم بیشتر از این کار کند، اتصال USB مشکل دارد.,1
توصیه می کنم به جای کرم های دور چشم ناشناخته از این کرم استفاده کنید,0
رنگ آن چیزی که من می خواستم نبود,1
کیفیتش اصلا خوب نیست یواش یواش شارژ میشه,1
عالیه خیلی مرطوب کننده هست چرب نیست ولی اینو بدونید مرطوب کننده پوست چربه آبرسان نیست ولی برای من برای آبرسانی خوب بود به پوست حس شادابی میده.,0
کیفیت معمولی,1
سایزش بزرگه و خوبه,0
واقعا منحصر به فرد است، این همان چیزی بود که سال ها به دنبالش بودم,0
در یک کلام عالی,0
من دو ماه است که از این شامپو استفاده می کنم و بعد از چند روز شوره سرم کاملا از بین رفت و موهایم صاف و نرم شد. من شخصا از این شامپو بسیار راضی هستم.,0
بوی خیلی خاصی داره تلخ است.,0
عالی بود و عطر بسیار مطبوعی داشت,0
عالی و مناسب برای خانم ها,0
جلوه خاصی ازش ندیدم. برای پولی که خرج کردم انتظار بیشتری داشتم.,1
خیلی کوچیکه نسبت به پولی که میبینی ارزش خرید نداره.,1
سری جدید این مدل در لاستیک وسط رنگ متفاوتی دارد و به رنگ صورتی یا بنفش است و تقلبی و تقلبی نیست. اونی که از انگلیس آوردم هم رنگش بنفش بود قدیمیش زرد بود.,0
اصلا کار نکرد,1
ای کاش در معاملات شگفت انگیز ارائه می شد,0
نگهبانش خوب بود,0
عالی و بی نظیر,0
اولین ضربه رفت,1
کیفیت سوکت های سیمی درجه یک است و بدون هیچ گونه شلی محکم می شود,0
یک کابل فوق العاده، هم زیبا، هم سریع و هم قوی,0
تصویر جوکر اصلا مشخص نیست.,1
رنگ قرمز کمی تیره تر از عکس است، اما قرمز است، رنگ خوبی دارد و قلم خوبی دارد.,0
عالی,0
حتما بخرید شک نکنید,0
آنقدر نازک است که از نازکی گوشی لذت می برید و در عین حال سالم است.,0
ساخت آلمان است - بوی خوبی دارد -,0
خیلی خوب بود,0
در یک کلام، عالی است,0
خوب است و دوام زیادی ندارد,0
خیلی عالیه و استفاده ازش رو پیشنهاد میکنم,0
من چندین ساله طبق دستور دکتر مصرف میکنم و بسیار راضی هستم,0
رنگ خوبی داره همچنین آرایش را بسیار زیبا می کند. برای رفع چین و چروک نیز مفید است و چین و چروک دور چشم را کاهش می دهد,0
یکی خیلی عالیه,0
من تازه کرم رو گرفتم هم قیمت و هم کیفیت مناسب است.,0
جالب نیست,1
رابطه جنسی خیلی بد است.,1
این کابل شماره آیفون، شماره s را شارژ می کرد اما آیپد را شارژ نمی کرد، در عین حال به آیتونز وصل نمی شود و اطلاعات با آن منتقل نمی شود. این فقط برای شارژ آیفون است نه iPad.,0
پوستم خشک و حساسه بعد از استفاده پوستم خشک شد به حدی که با هر روغن و پماد و مرطوب کننده ای که استفاده کردم بیشتر از یک هفته بهتر نشد پوستم رو کاملا خراب کرد.,1
قاب محکوم واقعا زیباست، رنگ آمیزی عالی است. محافظ بسیار خوب و بسیار زیبا برای گوشی است.,0
به جز کوتاه بودن، از هر نظر عالی است,0
رنگ آن زرد نیست، بیشتر شبیه خردلی است,1
گوشی من یک آیفون با شماره iOS است,0
خرید این شامپو را به شدت توصیه می کنم، با استفاده اول متوجه تفاوت خواهید شد,0
من ازش راضیم سرعت اینترنتم دو یا سه برابر شده,0
از نظر کیفیت ساخت عالی,0
راضی کننده است,0
لطفا خرید نکنید زیرا ممکن است خانه شما بسوزد,1
بسیار عالی است,0
خمیر دندان فارس واقعا برای دندان های تارتار مناسب است,0
عالی,0
من آن را به کسانی که نقاط تیره تری از بدن خود دارند توصیه می کنم. کمتر از یک هفته است که از آن استفاده می کنم و چند درجه سبک شده است.,0
قطع شد نمیدونم چرا,1
موها را نرم و براق می کند و بوی خوبی دارد,0
کیفیت خوب، قیمت مناسب,0
کیفیت عالی ولی متاسفانه قیمت بالا,0
موها بعد از خشک شدن چسبناک میشن موها مثل پشم میشن.. برای موهای وز اصلا مناسب نیست.. چون موهامو بدتر کرد.,1
اگر نمی خواهید از کرم پودر استفاده کنید این کرم کاملا روی آن را می پوشاند و پوست اصلا ترک نمی کند... فقط بعد از چند ساعت می درخشد.,0
برای کسانی که می خواهند لاک زیادی روی چشمان خود داشته باشند عالی است,0
از شارژر آمپر به راحتی شماره آمپر را به شما می دهد که از کابل اصلی گوشی من بهتر است - اتصال آن نیز بسیار خوب است.,0
واقعا برای مسافرت یا ماشین مفید است,0
کرم خوبی هست از خریدم راضیم,0
من آن را دوست دارم، برای پوست سر خشک خوب است,0
از هر نظر خوب بود,0
نسبت به قیمت در یک پیشنهاد شگفت انگیز قرار دارد. قبلا خریدمش بهترین مارک است. خیلی خوب و راحت است. کشدار نیست. از کتان ساخته شده است.,0
من تازه این شامپو رو گرفتم شامپو خوبیه ولی بوی بدی داره,0
اصلا ارزشش را ندارد. امروز دریافت کردم. من تقریبا 100 مورد سفارش دادم. هر چی گرفتم اشتباه نکن نخرید پشیمان خواهید شد.,1
با اینکه پوستم چربه بعد از حمام روی صورت و بدنم گذاشتم و مشکلی پیش نیومد. من عاشقشم و قیمتش خیلی خوبه حتما بخر,0
متاسفانه در باز نشد. مجبور شدم مایع شستن صورتش را به ظرف دیگری منتقل کنم.,0
آرایش را خیلی خوب پاک می کند,0
در یک کلام، مخصوصاً برای موهای خشک و آسیب دیده عالی است. من خیلی راضی هستم. با تشکر از دیجی کالا به دلیل بازار محدود و نوسان قیمت آن را به راحتی خریدم. برای بار دوم میخرم بازم میگم عالیه.,0
اصلا خمیر خوبی نیست و خیلی بی کیفیته اصلا نخرید,1
خیلی خوب است,0
از نظر رنگ بسیار شیک و ماندگاری خوبی دارد,0
فریم بسیار زیبا و شیک است اما دکمه ها در ابتدا سخت هستند اما بسیار بادوام هستند,0
کیفیتش خوبه ولی با وجود اینکه چندین رنگ رو انتخاب کردم رنگها شبیه هم هستن و یکی نیستن. به نظر می رسد در قسمت مولتی کالر رنگ هایی را می فرستند که کم تقاضا هستند و زیبا نیستند و من از نحوه ارسال رنگ ها راضی نیستم.,0
با کیفیت و کاربردی,0
همه چیز خوب است,0
کاملاً قابل رقابت با برندهای خارجی مانند اوریاژ و بسیار بهتر از الا,0
دور لنز در عکس گپ پوشانده شده است اما یک میلی متر با آن فاصله دارد,1
محصولات بایودرما اصولا کیفیت بالایی دارند، نمی توان با گرانی های موجود در مورد قیمت ها اظهار نظر کرد، اما محصول فوق در مقایسه با محصولات هم قیمت از کیفیت خوبی برخوردار است.,0
کیفیتش خیلی خوبه، به مرور زمان منافذ پوست رو میبنده، چربی ها رو راحت میشوره و صورت رو خیلی خوب تمیز میکنه، بوی خیلی خوبی داره، سبکه.,0
در اثر تغییرات دما سریع ترک می خورد و با کوچکترین ضربه ای می شکند. من آن را توصیه نمی کنم,1
من از آن برای اکستنشن مو استفاده کردم و عالی بود، به موهایم آسیبی نمی رساند,0
من از ژل این محصول بیشتر از ماسک راضی هستم چون واقعا ساعت ها موها رو نگه میداره ولی ماسک هم تاثیر خوبی داره ولی در حد تعداد.,0
من سالهاست استفاده میکنم و کاملا راضی هستم,0
من این محصول را خیلی دوست داشتم، علاوه بر کیفیت و حس خوب پس از شستشو با آن، بسته بندی مرتب و جالبی نیز دارد.,0
تصویر محصول در دیجی کالا برای کابل مشکی بود که پس از ارسال مشاهده کردیم که رنگ کابل usb آبی است.,1
پوست را چرب نمی کند. به سرعت جذب می شود. من راضی هستم …,0
من هر روز استفاده میکنم و به صرفه هست و پوستم خشکه ولی اصلا مشکلی ندارم,0
طعم برخی از آنها کمی ضعیف است، ارزش آن را در یک پیشنهاد ویژه دارد,0
گوشه کمی تیز است,0
من واقعا ازش راضیم، جوش های سر سیاهم رو کاملا از بین برد,0
کیف خوب و باکیفیتی است. در خرید آن شک نکنید,0
آبرسانی سبک مناسب پوست های چرب,0
دکتر من به دلیل حساسیت مینای دندان تجویز کرده است,0
واقعا مسخره! من یک هفته استفاده کردم الان شارژ نمیشه گوشیم رو خالی میکنه!,1
من خریدم و راضی بودم، استایل و رنگ خوبی روی پوست دارد.,0
قدرت جذب بالایی دارد,0
این روغن عالی است موهای من خیلی درهم است، چیزهای زیادی را امتحان کردم اما یک سال است که از این روغن استفاده می کنم فوق العاده است….. شگفت انگیز شگفت انگیز,0
رنگ بژ رو مثل عکس نگرفتم ولی راضیم و جنس و کیفیت خوبی داره,0
واقعا عالی و با کیفیت,0
اگر در حال خواندن نظرات برای تصمیم گیری هستید باید بگویم که من چندین سری از این شامپو بدن را استفاده کرده ام. ساخت ایتالیا بوده و بوی بسیار خوبی دارد. غلظتش زیاده و اصلا پوست رو خشک نمیکنه. PH طبیعی پوست را دارد. امیدوارم در تصمیم گیری به شما کمک کرده باشم,0
کیفیتش خیلی خوبه. من تقریبا یک سال است که از آن استفاده می کنم. چرمش عالیه,0
اندازه بد، رنگ متفاوت با عکس,1
من موهامو دکلره کردم خیلی خشک و وز شده. من از این اسپری قبل از سشوار استفاده می کنم و عالی است. موهای من صاف و براق است، وز نیست و به راحتی شانه می شود. حتی گاهی اوقات که وقت استفاده از سشوار را ندارم، با یک شانه معمولی اثر عالی است و موخوره را کاملا از بین می برد. همچنین موها را بسیار نرم و خوشبو می کند. من خیلی راضی هستم و حتما دوباره میخرم.,0
شارژ آهسته، ساختار ضعیف، سوکت غیر استاندارد,1
من بوش را دوست ندارم اما در کل خوب است به خصوص در شگفت انگیز,0
طبیعیه ولی بعد از استفاده هیچ نقطه ضعفی برای این شامپو پیدا نکردم.,0
خمیر دندان ظاهر خوبی دارد,0
اسپری دهان وی وان به قول دوستان زیاد ماندگاری ندارد,0
من این مبلمان را خریدم. عالی بود. یک سال استفاده کردم. چیزی نگفت حالا امروز کشیدمش شکست. لطفا آن را در دسترس قرار دهید.,0
هیچ ضرری نداره، وقتی جعبه رو باز کردم و دیدمش و انداختمش دور، یه گوشی دیدم ضرری نداره و انداختمش تو سطل زباله.,1
راحت است، امکان افتتاح حساب، طرحش خوب و قیمتش مناسب است. در بازار همان محصول با کیفیت پایین تر با قیمت بالاتر موجود است. رنگ سرمه ای گرفتم قشنگه,0
با تجربه ای که در استفاده از بیش از 20 نوع سرم مو دارم، به جرات می توانم بگویم که اگر موهای وز، مجعد و خشک دارید، عالی است. بعد از حمام از آن استفاده کنید و موهای خود را با سشوار صاف کنید.,0
من دو سه روزه دارم استفاده میکنم و خیلی راضیم. این یک مرطوب کننده عالی است و بوی بسیار خوبی دارد و مقرون به صرفه است,0
عنوان نظر توضیح من است,0
همسرم چندین سال است که از این محصول و کرم دور چشم پرایم استفاده می کند، مطمئنا کیفیت آن بهتر از محصولات گران قیمت خارجی نیست. حتما یکبار امتحان کنید,0
به خوبی جذب می شود,0
بهتر است از بسته بندی لوله استفاده کنید,0
سلام . دوستان این ماسک مانند موم عمل می کند و جوش های سر سیاه و موهای صورت را از ریشه پاک می کند. فقط وقتی میزنی اولش خنک میشه و صورتت میسوزه که به نظرم طبیعیه چون بعدش قرمزی و سوزش نداره! من خرید آن را توصیه می کنم,0
کیفیت واقعا عالیه من سفارش دادم زمان برگشت و این چیزا رو نداشتم و میشه گفت از خریدم سود واقعی نبردم ولی یکی که 14 اینچ داره لپ تاپ آن را بسیار مفید خواهد یافت.,0
سلام,1
برای موهای پرپشت و رنگ شده بسیار خوب است، شانه پذیری مو را عالی می کند,0
من از مارک دیگری استفاده می کردم که دیگر وارداتی نیست و بعد از پرس و جو این مارک را خریدم. میتونم بگم کیفیت بالایی داره و برند معروفی هست. بعد از استفاده از مدل پایه بلند همون مارک رو سفارش دادم و از خریدم راضی هستم.,0
خیلی خوبه من ازش راضیم,0
خیلی خوب است. عالی,0
من این را به عنوان اسکراب خریدم اما مانند شستشوی صورت است. صابونی بوده و دارای دانه های ریز قراضه است. اما در کل از استفاده از آن راضی هستم,0
فریمش فوق العاده شیک لطفا مشکیشو بخرید خیلی شیک,0
من از خرید راضی هستم,0
بدترین شامپوی ضد شوره بود,1
از نظر کیفیت و شارژدهی عالیه ولی اگه یه مقدار طولانی تر باشه بهتره,0
خیلی خوب,0
از همه کرم هایی که تا حالا استفاده کردم بهتره,0
من چندین بار استفاده کردم واقعا عالیه,0
باید ده دقیقه روی موها خیس شود. فکر نمی کنم کسی حوصله 10 دقیقه صبر کردن برای ماسک مو را نداشته باشد و هیچ کس ساعت ها را در حمام سپری نکند.,1
کلیدها به قدری سفت هستند که باید دستی زبردست داشته باشید، اما به گفته دوستمان ممکن است بعد از چند روز کار کند، اما من آن را امتحان نکردم و روکش پارچه ای گذاشتم.,1
قیمت مناسب و عملکرد خوب است. من از خریدم کاملا راضی هستم,0
همانطور که دوستان اشاره کردند هر چند ماه یکبار باید تعویض شود و هزینه بالایی هم دارد که کمی نگران کننده است و شاید با این هزینه بتوانید چند مسواک خوب بخرید اما باید بدانید که کار با مسواک برقی راحت تر است. ، قوی تر و سریعتر از مسواک های دستی است، پس نگران قیمت بالای آن نباشید. ارزشش را دارد,0
من اصلا پیشنهاد نمیکنم چون کیفیتش خیلی پایین تر از مارک های ایرانیه با این قیمت مارک های ایرانی مثل پونه نسیم تاج خیلی بهتره.,1
نخ دندان بسیار قوی، مشابه نخ دندان ایرانی، با کیفیت بالا، بنابراین هر بار که از آن استفاده می کنید نیاز به نخ دندان دارید تا خودتان آن را بردارید.,1
صابون خوبی است. صابون گوگردی رو قبلا از برندهای دیگه خریدم ولی تفاوتی متوجه نشدم. بوش بسیار خوب و بادوام است. پیشنهاد من این است که بعد از آن از یک شوینده دیگر استفاده کنید وگرنه کثیف می ماند. مرطوب کننده را فراموش نکنید. برای از بین بردن قارچ و جوش های پوستی بسیار مفید است,0
من چندین ساله طبق دستور دکتر مصرف میکنم و بسیار راضی هستم,0
همه کابل های Dive عالی هستند، این کابل مانند بقیه عالی است.,0
خیلی قشنگه رنگش عالیه,0
وزن کم و سبک بودن آن نکته بسیار خوبی است,0
usb c این محصول بسیار عالی است و حتی می توان گفت از نمونه فابریک خود گوشی بهتر و ماندگارتر است.,0
نصب آسان و سرعت شارژ عالی، پیشنهاد می کنم آن را تهیه کنید,0
رضایت و قیمت مناسب,0
بد بو و بی کیفیت نخرید,1
من طبق نظر دوستان خریدم ولی اثر خاصی ندیدم خمیر دندون معمولی بود,1
قیمت و کیفیت مناسب,0
من امتحان کردم، تعداد آمپر واقعی است,0
اصلا ارزشی نداره و خیلی بی خاصیته,1
پیشنهاد می کنم از کرم سینره خرید کنید چون کرم های خارجی کیفیت عالی ندارند,0
من این کابل را برای گوشی نوکیا خریدم. ظاهرش به قدری خوب بود که گفتم بعد از خرید چندین کابل تقلبی بالاخره یک کابل واقعی به دستم رسید.,1
کیفیت عالی و قیمت مناسب,0
دو ماه کار کرد,0
من یک دوربین دیجیتال کانن خریدم اما کار نکرد. من چند دوربین دیگر کانن را امتحان کردم اما نشد,1
من کاملا از الا راضیم ولی چون توی مشخصات نوشته بود رنگ کاراملی روشن بود در خریدم اشتباه کردم و فکر کردم رنگ روشن رو میخرم که تیره ترین رنگ بود و اشتباها روشن در مشخصات نوشته شده است. از آنجایی که الا سه طیف رنگی دارد، بژ روشن، بژ طبیعی یا بژ تیره است. به وضوح در مشخصات اشتباه نوشته شده است,0
سلام روکش سیلیکونی اصل نبود و کیفیت خیلی پایینی داشت,1
همین الان انداختمش تو گوشیم الان باید ببینم ازش محافظت میکنه یا نه ولی جامد به نظر میاد رنگش سرده.,0
خیلی عالیه و گوشی من که هواوی میت هست یک ربع شارژ کرد.,0
من اصلا راضی نبودم بعد از دو هفته استفاده هیچ تاثیری ندیدم.,1
رنگ مشکی که خریدم خیلی قشنگه,0
خانم ها، توجه داشته باشید که این یک لوسیون است، نه یک پاک کننده. بهتر است قبل از استفاده از هر چیزی که خریداری می کنید دستورالعمل آن را مطالعه کنید، زیرا در صورت استفاده نادرست از آن هیچ تاثیری نخواهید دید و برای چنین محصول خوبی اطلاعات اشتباهی می دهید. این لوسیون را شب بعد از شستن صورت با مواد شوینده روی صورتم می زنم و صبح می شوم. پوست را تیره و خشک نمی کند. من تا الان از شماره استفاده کردم دیجی کالا لطفا پاک کننده را از نام محصول حذف کنید,0
عالی,0
کابل بسیار خوبی با سرعت بالا است,0
عالی برای شستشوی روزانه و طراوت پوست؛ مخصوصا پوست چرب,0
چیزی که من گرفتم کاملا متفاوت است.,1
با تشکر از دیجی کالا برای تحویل سریع و مواد با کیفیت.,0
برکات,0
خیلی سریع و کاربردی و قیمتش مناسبه، تنها نقطه ضعفش کمی ضخیم و در نتیجه سنگینه ولی در عوض امیدوارم دوام بیشتری داشته باشه.,0
کیفیت این سری نسبت به مدلهای دیگه بالاتره ولی متاسفانه قیمتهاشون خیلی بالا رفته!!,0
متاسفانه به پوستم نمی رسید... با این پوست چرب... خشک می شد و پوسته پوسته می شد,1
عالی . دستی ضد ضربه در خرید آن شک نکنید,0
بقیه کامنت ها رو نمیدونم کی نوشته احتمالا از صنعتگران خودشونه ولی مخاطب محترم باید بدونن که این محصول هیچ کیفیتی نداره فقط ضخیم و سفت هستش مثل دمپایی نیکتا از نکات حساس به کاور توجهی نشد و خیلی زود در کمتر از یک هفته رنگ جلد از بین رفت. من می روم، این را به شما قول می دهم. دوم، شما واقعاً با اثر انگشت من مشکل خواهید داشت. سوم سوکت شارژ فقط میتونم بگم نخرید.,1
در رنج قیمت کابل هایی که من می خریدم با یک کشش سریع می شکند ولی این کابل خیلی خوبه چون خیلی ضخیم و کاملا سفت هست. الان دو ماهه که هر روز استفاده میکنم.,0
من هم راضی هستم، طرح بسیار شیک خود شامپو هم بوی خوبی می دهد,0
بسیار خوشبو بوده و قدرت نرم کنندگی بالایی نسبت به قیمت دارد. قطعا ارزش خرید دارد,0
روکش مناسب و با کیفیت است,0
خوب است پوست را چرب نمی کند,0
کاور خوب خیلی مناسبه پیشنهاد میکنم بخرید,0
بدون اغراق بهترین ضد آفتاب برای آقایان است که از هر ضد آفتابی که حتی چندین برابر قیمت داشت بهتر است. یکی از انتظاراتی که من و اکثر آقایان از کرم ضد آفتاب داریم این است که سریع جذب پوست شود و اثری از آن بر روی پوست باقی نماند. این کرم واقعا تمام انتظارات من را برآورده کرد.,0
سلام . الیاف این برس بسیار نرم و لطیف است و برای کسانی که لثه های حساسی دارند گزینه بسیار مناسبی است.,0
میدونم قبلا گرفته بودم خوب بود دوباره گرفتمش...عالی,0
کیفیتش اصلا خوب نیست بعد از دو هفته خراب میشه,1
ظاهرش شیک و زیباست ولی یک ماه کار نکرد و چند جا خراب شد چون موادش خشکه و سخت از گوشی جدا میشه.,1
خوبه موافقم,0
از هر نظر عالیه,0
واقعا ارزش خرید داره,0
خوبه که به این راحتی میشه ازش استفاده کرد ولی نخش اصلا خوب نیست و زود شل میشه یا میریزه. اگر کیفیت نخ بهتر شود می تواند وسیله خوبی باشد,1
من این قاب رو دیروز تحویل گرفتم اولش شک داشتم که رنگ قرمزش رو بگیرم چون توی عکس مشخص نبود ولی وقتی به دستم رسید رنگ قرمز خیلی قشنگ بود.,0
قیمت مناسب,0
کمتر از تعداد روزهای کاری حالا بعد از اتصال چند لحظه شارژ می شود و بعد قطع می شود. شارژر رو با کابل دیگه امتحان کردم درست شد. کابل های یوگرین به مراتب بهتر و با کیفیت تر هستند,1
خیلی بد و ناخوشایند,1
عالی,0
این ماسک برای موهای خشک و موج دار مناسب است و موها را حالت می دهد. من از این محصول همراه با شامپو استفاده کردم و دوستانم فکر کردند موهایم کراتینه شده است. فقط از این محصول بیش از حد استفاده کنید زیرا اگر کمتر استفاده کنید نتیجه دلخواه را نخواهید گرفت. شما دریافت نمی کنید,0
روغنش خیلی ضعیفه مانند عسل غلیظ است و به راحتی پمپاژ نمی شود.,1
شماره/شماره لپ‌تاپ داخل قسمت مخصوص نمی‌شد، در صورتی که در توضیحات گفته شد تا عدد اینچ مناسب است,1
یک هفته هست که خریدم و تا الان راضی هستم,0
خیلی خوبه شک نکن,0
نسبت به قیمتش عالیه روکش کابل پارچه ای بوده و خود کابل بسیار نرم و مقاوم در برابر کشش و له شدن می باشد. هادی کابل عالیه یک گیره کابل خوب از تکان خوردن و شکستن اتصال کابل به کانکتورها جلوگیری می کند. کانکتورها به خوبی و ایمن وصل شده اند.,0
در یک کلام عالیه,0
اصلا شارژ نمیشه من آن را پس دادم,1
سلام,0
من این محصول را از برندهای زیادی داشتم. این برند در مقایسه با همه آنها چربی کمتری دارد. خیلی سریع تمیز می شود و چشم را تار نمی کند و نمی سوزاند.,0
آنقدر مزه اش بد است که بعد از بار دوم نتونستم ازش استفاده کنم، اثر سفید کنندگیش حتی یک درصد هم نیست که توی آبکش ریختم.,1
وظیفه خود دانستم که پس از خرید این محصول نظر خود را در مورد کیفیت آن بگویم,0
سوهان زدن ناخن ها بهتر از استفاده برای مانیکور است,0
در مدت کوتاهی که از این کابل استفاده کردم واقعا از کیفیت و کارایی آن راضی هستم. اگرچه طولانی است، اما می تواند جریان زیادی را برای شارژ تلفن همراه عبور دهد. گوشی من باتری میلی آمپری دارد و با این کابل و شارژر رومیزی Raw Power مدل RP-UC به راحتی و با سرعت مناسب شارژ می شود. تو تخفیف ویژه قیمتش واقعا خوبه و دوتا خریدم. به نظر من خیلی بهتر از آینه است که هر ماه یک کابل بی کیفیت بخرید که سریع پاره شود و حتی به باتری گوشی شما آسیب برساند. علاوه بر این به دلیل جنس روکش، عمر سیم بیشتر می شود زیرا از پیچش بیش از حد سیم جلوگیری می کند.,0
پس از چندین سال استفاده، تجربه استفاده از این محصول را به اشتراک خواهم گذاشت.,0
بهترین ژل صورتی برای پوست های خشک و حساس است,0
بسیار نازک است اما پاره نمی شود,0
خوب,0
من کاملا راضی هستم، ممنون,0
سلام برای موهام مناسب بود، تمیز کننده بالا، نرم کننده، خشک نکردن مو، راضی کننده بود و فقط قیمتش نسبتا بالاست.,0
کیفیت پایین,1
خیلی بوی خوبی داره وقتی استفاده میکنم حس خنکی دارم,0
عالی بود,0
به سرعت جذب می شود,0
موهای من موج دار بود، با استفاده از این محصول موهای صافی دارم.,0
من ماسک های زیادی استفاده کرده ام، اما فریمن چیزی نمی گوید. هر مدلی که فکر کنید برای هر نوع پوستی مناسب است. عاشقشم. من تا الان از چندین نوع استفاده کردم.,0
من از این میزان نرمی این ماسک بسیار راضی هستم,0
دسته بسیار خوب و زیبا، صدای زیادی ندارد و کار با آن راحت است. در مورد شارژ نظر خاصی ندارم چون از جدید استفاده میکنم. در کل، عالی است و مسواک زدن را لذت بخش می کند.,0
این لاک پاک کن از نظر ارزش خرید بسیار مقرون به صرفه بوده و بسته بندی آن به گونه ای است که می توان برای مدت طولانی از آن استفاده کرد و خشک نمی شود.,0
پوست را نرم و صاف می کند مخصوصاً بعد از شنا در استخر یا شستن آن با صابون مخصوص صورت,0
من برای بارداری مصرف کردم ولی هنوز نمیتونم نتیجه ای که ادعا می کنه رو بگم که آیا واقعا داره یا نه تا یک ماه آینده معلوم میشه. فعلا از بسته بندی و لطافت و عطرش راضی هستم.,0
از کیفیت بالا و سازگاری با پوست کاملا راضی هستم,0
خوب است,0
قیمت محصول در زمان عرضه شگفت انگیز است، به دلیل اتاق بسیار خوب است، اما کیفیت پارچه بسیار ضعیف است و رنگ پارچه آفتاب سوخته و قهوه ای به نظر می رسد.,0
من ازش خیلی راضی بودم، وز موهام از بین رفت و بعد از سشوار صاف شد، البته برای هر مویی فرق میکنه.,0
نگهبان بسیار خوبی است. من قبلا گوشی سیلیکونی داشتم خیلی ضخیم و سنگین بود. الان حس خیلی خوبی داره و طراحی پشت گوشی دیده میشه که زیبایی خاص خودش رو داره. ضمن اینکه ضخامت آن آنقدر کم نیست که در صورت افتادن گوشی آسیب ببیند,0
رنگ پاهایش بنفش روشن است,0
سلام ممنون از زحمات شما چند ماه سرچ کردم ولی اصلا نبود و ناگهان تبلیغات شما را دیدم و بلافاصله اقدام کردم.,0
جذب پوست می شود، چربی روی پوست باقی نمی ماند، پوستم را سیاه می کند,0
فقط یه تبلیغه من طبق دستور استفاده میکنم تاثیری ندیدم هدر دادن پوله,1
شاید برخی افراد آلرژی داشته باشند زیرا آینه پلاستیکی تر از پنبه است. لایه جاذب تقریبا زرد است و طوری از آن استفاده می کنید که انگار یک پد پلاستیکی دارید!,0
داخل کیف خیلی خوبه لپ تاپ من ux هست با اینکه لپ تاپ کوچیک هست ولی این کیف سایزش ثابته.,1
و قیمت شگفت انگیز است,0
من از این استفاده کردم، خاصیت آبرسانی و مرطوب کنندگی عالی، غیر چرب، مناسب ساختار پوست آقایان و رایحه عالی، بیایید مراقب سلامتی خود باشیم.,0
خوب,0
قابش شیک و نازک و با کیفیته ولی داخل عکس یه لبه دور دوربین هست که تو چیزی که من گرفتم لبه خیلی کوچیکی بود و دوربین کمی از قاب بیرون زده، در کل قاب برای خاص زیباست در مواقعی، هیچ متن یا لوگویی در پشت قاب وجود ندارد. بسته بندی زیبایی داره,0
عالیه به محض اینکه روی پوستم گذاشتم حس میکنم پوستم نسبت به قیمتش شادابتر شده و مارک گرونش عالیه.,0
این قاب واقعا عالی بود وقتی آن را دیدم، تصمیم گرفتم برای همه صاحبان آیفون اطرافم هدیه بگیرم,0
مناسب برای پوست های خشک و واقعا عالی,0
بقیه اجناس رو تو دیجی امتحان نکردم ولی قبلا از یه جای دیگه مسواک خریده بودم که خیلی سفت و خشک بود. حتی نتونستی نصفش کنی قطرش خیلی زیاد بود و استفاده ازش سخت بود ولی این مسواک کاملا تازه و نرم بود. استفاده کردم دوباره میخوام ازش سفارش بدم,0
بعد از یک ماه از کار افتاد,1
در کل عالیه,0
این کیف ارزش خرید فوق العاده ای در پیشنهاد ویژه دارد و من را واقعا راضی کرد.,0
دکمه پاور برای من خراب شد,1
من تو تخفیف عید خریدم امتحان نکردم. الان دیدم اندازه ای که تو سایت نوشته نیست ولی بازم خوبه. دیگه چی بگم؟,0
وقتی بازش کردم زمین تا آسمون با عکس و متریال استفاده شده فرق داشت و پلاستیکش زیاد خوب نبود از تامین کننده شبکه طلایی خریدم.,1
فوق العاده زیبا و قوی. این احساس خوبی به تو می دهد.,0
با اینکه زیبا به نظر می رسد اما با تصویری که در آن است متفاوت است,0
این سومین بار است که از این محصول استفاده می کنم. فکر کنم روی پف دور چشمم موثرتر از اوسرین و لیراک باشه.,0
نظری ندارم,0
عالی,0
ارزش خرید داره,0
عالی,0
بوش رو زیاد دوست نداشتم الان شاید به بو خیلی حساسم ولی در کل وقتی به بدن و صورتم زدم راضی بودم.,0
با کمال تعجب خریدم با توجه به قیمتش کیفیت خوبی داره,0
بسیار کوچک است,1
من مقداری از این مدل را برای فروشگاه خریدم که البته رنگ مشکی آن زیباتر از سفید بود. یکی از این مدل های اتوماتیک است و برای چند ثانیه به صورت خودکار آب می پاشد,0
کاملاً خوب است,0
اسکراب خوبی است با دانه های بسیار ریز و ملایم، پوست من مختلط و حساس است. بدون اینکه خشک شود پوست را تمیز و پاک می کند. احساس طراوت می دهد، من از خرید راضی هستم.,0
حتی کپی هم نیست و سنسور نداره و مثل کیف معمولی با در نیمه شفاف و البته صفحه نمایش از در کار نمیکنه.,1
نسبت به قیمتش کیفیتش عالیه و گوشی رو کاملا درست میکنه,0
من خیلی وقته از این شامپو استفاده میکنم و تازه باهاش ​​آشنا شدم و دوتا دیگه ازش خریدم.,0
فریمش خیلی خوبه نسبت به قیمتش خوبه، ضربه گیر خوبی داره ولی صدا رو ضعیف میکنه و تشخیص اثر انگشت رو سخت میکنه.,0
اصلا خوب نیست، از خریدم پشیمان شدم,1
آستر بسیار مرتب دوخته شده است. هر سه زیپ بزرگ از پشت و جلو توسط ابر محافظت می شوند. یک ابر نازک در زیر محفظه لپ تاپ و همچنین پایین کیف وجود دارد. لپ تاپ جامیشه دارای تعداد اینچ زیبا می باشد. همچنین فضایی برای یک پد خنک وجود دارد.,0
نسبت به قیمتش عالیه,0
بسیار خوشبو است و رایحه نسبتا طولانی روی موها می ماند,0
با تعداد کابل تست کردم فقط شارژ میشه و به کامپیوتر وصل نمیشه,1
اگر از اسکراب استفاده می کنید در پیشنهاد ویژه قیمت بسیار مناسب است,0
امروز رسید. فریم سبک و زیباست. مخصوصا اینکه پشتش شیشه ای بوده و جنسش هم مثل قاب پشتی نوت 8 هست.فقط ایرادش آینه است که اگر دقت نکنید و بیفتد ممکن است گوشی سالم نباشد و از بین برود. البته پشت قاب که شیشه ای است احتمالاً قابل خراشیدن است.,0
واقعا شامپوی خوب و به صرفه ای هست و کیفیتش عالیه. موهای من را خیلی چرب می کند و باید در نظر داشت که برای سر همه چیز خاصی وجود دارد و باید آن را امتحان کنید تا متوجه شوید چه چیزی به شما می آید.,0
من این را با قیمت عالی از دیجی کالا خریدم. آنقدر خوب است که محصول اصلی و با کیفیت را با قیمتی ارزان تر از مدل های غیر اورجینال خریداری می کنید. من راضی هستم. ممنون دیجی کالا عزیز. خدا تو را حفظ کند.,0
برای موهام خوب نبود کاملا خشک کنید,1
من از این سابوت خوشم اومد,0
با توجه به این آشفته بازار، برای خرید آن عجله نکنید. من حدود شش بسته گرفتم، در کل خوب است و لانچر کار می کند. پس برای برندهای معروف و گران قیمت خرج نکنید,0
من از این کرم راضی هستم اما قبل از خواب می توان از آن به عنوان مرطوب کننده استفاده کرد اما با اینکه سن کمی دارم تاثیری در جوانی پوستم نداشته است بنابراین نمی توان آن را کرم ضد چروک دانست. ، و قیمت نسبتا بالایی دارد. خیلی روی پوست من تاثیر داره، سریع جذب میشه و پوست رو کمی روشن میکنه. سری قبلی که خریدم رایحه نداشت اما این سری رایحه بسیار ملایم و مطبوعی شبیه سیب به آن اضافه شده که دلنشین است.,0
بو می دهد و تمیز می کند، ضد باکتری است و در کل بسیار خوب است,0
سلام دوستان . در مورد این شامپو باید بگم که یک شامپوی عالی ضد شوره است. این تنها شامپویی است که از آن نتیجه می‌گیرم. شما باید آن را بخرید و از همه آن استفاده کنید تا بهترین نتیجه را بگیرید. یک توصیه این است که حتما دو عدد از آن ها را بخرید تا در وسط درمان شما وقفه ایجاد نشود. از شامپوی دیگری استفاده کنید، سپس آن را آماده کرده و دوباره استفاده کنید. برای شوره سر عالی است. شک نکن خوشحالم که به یک محصول ایرانی اعتماد کردم. زنده باد ایران.,0
بسیار خوب عمل می کند و پوست را به خوبی تمیز می کند,0
امروز رفتم از پست تحویل بگیرم,0
از هر نظر عالیه من خیلی رازدار هستم,0
من تازه از دیجی کالا خریدم. فکر نکنم از خریدش پشیمون بشی من خیلی راضی هستم,0
واقعا خوبه هرچند گرونه,0
سلام,0
من تازه گرفتم و فعلا راضیم,0
خیلی خوب و با کیفیته، سرعت شارژش خیلی بهتر از خود کابل آیفونه,0
خوب,0
با دکمه های تنظیم صدا و پاور نمی توان کار کرد,1
یعنی شانه کردنش غیر ممکنه، حیف که پولش خیلی بد بود,1
من یک رنگ سفارش دادم و یک رنگ دیگر دریافت کردم,0
محافظ برای گوشی خیلی خوبه ولی جدا شدن از گوشی خیلی خیلی سخته. به طور کلی توصیه می شود حتی هدست و شارژر نیز به راحتی از سوراخ ها عبور کنند,0
در کل خریدش رو بهتون پیشنهاد میکنم چون تنها فریمی هست که تا الان خریدم و راضی هستم,0
این کابل با کیفیت عالی و با جریان عبوری از عدد آمپر بالا برای شارژهای قوی و ولتاژ بالا می باشد، پیشنهاد می کنم یک محصول با کیفیت از این دست تهیه کنید و با خیال راحت از آن استفاده کنید.,0
مواد اورجینال و با کیفیت، ممنون دیجی,0
من حدودا چند سالی هست که از این کابل استفاده میکنم هیچ آسیبی ندیده و بسیار با کیفیت و مناسب برای شارژ سریع شماره A می باشد.,0
من صورتی رو گرفتم، رنگش خیلی قشنگه، از عکسش قشنگتره و متریال خوبی داره. اگر قسمت پایینی گوشی کاور داشت خیلی بهتر بود.,0
برای گوشی ایسوسم به یک کابل برای شارژ سریع نیاز داشتم. من هر ماه یک کابل می خریدم یا خودش خراب می شد یا از اول کار نمی کرد. من الان یک ساله این کابل رو خریدم و دیگه نیازی به کابل ندارم. حتی از کابل کارخانه بهتر بود، سریع. شارژ می شود و کیفیت خود را حفظ می کند. بعد از یک سال، این برای من که قبل از این ده دوازده کابل خریدم و هیچ کدام خوب نبودند، نعمت بود. ممنون از دیجی کالا و دوستانی که نظر دادند,0
پیشنهاد می شود مقداری از کرم دست که غلیظ تر از سایر کرم ها است جذب پوست شود,0
شیک و مقاوم است,0
سر و صدا,1
واقعا بوی خوبی داره ولی چون پمپش خراب بود پس ندادم چون مشکل داره,0
من پوستم خشکه و این دستمال تنها محصولی بود که پوستمو تحریک نکرد و عالی بود,0
خوشبو و ماندگار,0
خیلی خوبه، پوشش خیلی خوبی داره، اصلا روی پوست مالیده نمیشه و سریع جذب میشه,0
این ماسک به صورت ورقه ای از روی پوست پاک می شود که بعد از بیست دقیقه روی پوست من جدا شد و به خوبی پوستم را لایه برداری کرد.,0
اصلا خوب کار نمیکنه مخصوصا وقتی باتریش ضعیفه و اگه کمی فشار بدی کار نمیکنه.,1
این کرم برای پوست های گندمی و پوست های خشک عالی است,0
تمام قسمت های گوشی را می پوشاند و بسیار زیبا به نظر می رسد. من رنگ صورتی رو سفارش دادم رنگ دیگه رو دوباره سفارش میدم واقعا عالی بود. ممنون دیجی کالا,0
من تعدادی از این usb را برای خودم و برادرم خریدم. در ابتدا ظاهرش را خیلی دوست داشتم و به نظر می رسد که این یک چیز مادام العمر است. اما در نهایت در کمال تعجب یکی از USB ها پس از یک ماه کار از دوشاخه خود جدا شده است. طوری که اون قسمت رو تکون میدم قطع میشه و وصل میشه. در حالی که حتی در این مدت مدام از آن استفاده نکردم، آن را برای پاور بانکم گرفتم. در واقع یعنی بعد از محدودیت تعداد و دفعات استفاده، آسیب دیده است. خریدش را اصلا توصیه نمی کنم. با این سطح قیمت برای یک کابل USB، واقعاً انتظار نمی رود که اصلاً خراب شود، چه رسد به اینکه بعد از مدت زمان کوتاهی خراب شود ...,1
پیشنهاد 100% بسیار خوب است,0
از نظر اقتصادی کاملاً ارزانتر از خرید تکی است,0
من پیشنهاد نمی کنم,1
تنها نکته این است که اگر می خواهید دو متری آن را بگیرید برای شما کافی است وگرنه این کابل کیفیت و هر آنچه از یک کابل با کیفیت می خواهید را دارد.,0
من امروز از ضد آفتاب خاویار استفاده کردم خیلی خوب جذب شد و چرب نیست. نکته جالب این است که به جز محصولات تولیدی مینو فامالوقی که مدت ها نماینده لانکوم در ایران بوده است. حتی لوگوی روی کرم هم لوگوی لانکوم است که احتمالا تحت لیسانس لانکوم تولید شده است (البته مطمئن نیستم). من خرید را توصیه می کنم,0
کیفیت بسیار بالایی دارد و قدرت پاک کنندگی بالایی دارد. کاملا ضد شوره است و رایحه بسیار خوبی دارد,0
از خوبیش هر چی بگم کمتر گفتم,0
انتظار نداشتم اینقدر خوب شارژ بشه عالی بود در خرید آن شک نکنید,0
اصلا توصیه نمیشه,1
بعد از چند سال استفاده، تفاوتی با روز اول ندارد. در خرید خود تردید نکنید,0
من دو ساله هر شب از این فوم استفاده میکنم پوست رو نرم میکنه به هیچ وجه خشکش نمیکنه بعد از شستن پوستم روشن میشه راضی هستم.,0
دیجی کالا یکی از معدود مکان هایی است که این محصول را به صورت اورجینال به فروش می رساند.. خرید کنید و لذت ببرید.,0
با فشار دوبار به گوشی زدم,1
عالی بود ولی قیمتش خیلی بالا بود,0
من از خریدم بسیار راضی هستم. گوشی من اس پلاس است که با شارژ سریع کاملا سازگار است. من واقعا راضی هستم,0
هیچ تاثیری نداشت,1
انتظارم بیشتر از این بود,1
به خدا حدود یک هفته است که از این محصول استفاده می کنم، اما تغییری احساس نکردم، سفیدی ندارد، ارزش خرید ندارد، اصلا توصیه نمی کنم.,1
من چندین سال است که از لوسیون بدن اسپانول استفاده می کنم. من برای اولین بار این مدل رو گرفتم بو و غلظت خوبی دارد. اما برای پوست های معمولی مناسب است. چون پوستم خیلی خشکه روش جواب نمیده. آیا از چند بار یا تعداد دفعات آینه استفاده می کنم؟ مدل لیفتینگ آبی برای پوست های خشک مناسب است.,0
سلام . برخلاف تمام این نظرات مثبت باید بگویم که جنس این کابل مانند کابل های ارزان قیمت است,1
اصلا شارژ نمیشه یعنی سرعت شارژ یقه اش از سرعت استفاده از موبایل در مواقعی که کار نمیکنه کمتره. با چندین شارژر امتحان کردم، پول هدر رفت,1
خیلی قشنگه ولی یه کم بوی پلاستیک و روغن میداد. وقتی شستم خوب بود بوته رفته بود و عالی بود,0
سالم و بدون مشکل,0
کاور بسیار بی کیفیت است و کلیدها به گونه ای طراحی شده اند که قفل صفحه نمایش با کوچکترین فشاری قفل یا باز می شود و دکمه های تنظیم صدا مدام فشار داده می شوند.,1
قیمت و کیفیت مناسبی نسبت به محصولات مشابه دارد,0
کیفیت خوب,0
واقعا کار نمیکنه و بدون اینکه حتی یکبار استفاده کنم انداختمش دور,1
فعلا استفاده نشده,1
متاسفانه دقت نکردم و اشتباهی سفارش دادم. من فکر می کردم سر USB-C دارد، اما آن سرهایی مانند اژدها بی فایده هستند.,1
صبح که از خواب بیدار می شوم پوستم شفاف و صاف است. این دومین بار است که می خرم و از 30 سالگی مناسب سن من است و کرم غلیظی نیست.,0
من این محصول را به توصیه یکی از دوستانم خریدم. با اینکه پوستم چربه ولی بعد از شستن خیلی خشک شد. وقتی این کرم را می زنم دیگر خشک نیست. صورت من بهبود یافته و شاداب است.,0
من سالهاست که از این محصول استفاده می کنم، بسیار عالی، بسیار خوب، قوی و خوشبو است.,0
خیلی خوبه و با کیفیته و بهترین کابلی هست که داشتم، تنها نقطه ضعفش انعطاف کمش هست که نشون از کیفیتش.,0
گفتم به دلیل محدودیت گزینه های دی جی توصیه نمی کنم.,1
باید منتظر بمانید تا اثر روی پوست ایجاد شود,0
خوب,0
به نظر من یکبار امتحان کنید چون بسیار کارآمد و مفید است,0
خیلی شیک و زیباست و البته سبک! و به دلیل داشتن بندهای مختلف می توانید از آن هم به عنوان کیف اداری و هم به عنوان کوله پشتی استفاده کنید! اما محفظه لپ تاپ بسیار کوچک است و یک لپ تاپ اینچی اصلا داخل آن جا نمی شود و حتی بسیار کوچکتر! فکر نکنم دوخت قوی داشته باشه برنزه اش جاذب گرد و غبار و پرز است!,1
واقعا خوب بود یعنی بعد از یکی دو بار استفاده تاثیرش کاملا محسوسه,0
سلام,0
کیفیت خوب,0
اسکراب واقعا عالیه الان تقریبا یک ماهه دارم استفاده میکنم صورتم را نرم و شفاف می کند، آکنه را کاهش می دهد، منافذ پوست را می بندد و جوش های سر سیاه را از بین می برد. واقعا خریدش رو توصیه میکنم عالیه.,0
من لپ تاپ msi دارم لپ تاپ 1.5 اینچی خریدم ولی جا نداشتم. کیف باید بزرگتر از اندازه لپ تاپ بازی شما باشد، زیرا بازی معمولاً بدنه ضخیمی دارد.,0
بوی خیلی خوبی داره و خیلی هم کف میکنه,0
دقیقا اندازه و تناسبش خیلی وقته از شماره ماه استفاده میکنم ولی کوچکترین مشکلی ندیدم رنگش ثابته,0
من مدتیه که دارم از این شامپو استفاده میکنم واقعا راضی بودم. با یک پمپ کف می کند و خیلی خوب تمیز می شود. من بیشتر برای خارش سر گرفتم، بعد از مدتی استفاده، خارش سر از بین رفت و ریزش موم خیلی کمتر شد. بوی خیلی خوبی داره و حجم زیادش واقعا به صرفه هست. اگه موجود شد دوباره میخرم.,0
خوب بود,0
سلام,1
نسبت به قیمتش کابل خوبی است و از شارژ سریع سامسونگ پشتیبانی می کند,0
این محصول واقعا عالیه,0
من از اینکه چراغ داشت خوشم میاد.. ولی وقتی گرفتم وصلش کردم سری آیفون مدام قطع و وصل میشد و مشکل خیلی واضح بود.,1
حجم محصول بسیار ناچیز است که نسبت به کرم های سی گل قبلی این قیمت گذاری غیر منطقی می شود که با یک چهارم این مقدار همان کرم سی گل با همین عدد خریداری شد.,1
دستکش خیلی خوبه، من برای اگزمای دست همسرم گرفتم، خوب کار کرد، اما فقط دو دانه داخلش هست، سایز من خیلی بزرگ است، یعنی برای کسانی که دست بزرگی دارند مناسب است.,0
من کاملا ازش راضی هستم. این اولین بار است که خریدم. پوست من به برخی محصولات حساس است. من از Nox کاملا راضی هستم. چرب و سنگین نیست.,0
برای تثبیت رنگ مو واقعا خوب است و رنگ را ماندگار می کند,0
خیلی ضخیم است، پر کردن نخ دندان به ترمیم شما آسیب می رساند,1
ساخت ایران همیشه بهترین است.,0
در حال حاضر نمی توانم نظر بدهم. بعد از سه یا چهار ماه استفاده و حصول نتیجه مطلوب می توان نظر قطعی داد. بوی روغن زیاد جالب نیست و بسته بندی روغن میتونه بهتر باشه تا روغن راحتتر استفاده بشه.,0
موهای رنگ شده را بسیار نرم می کند و شوره سر را از بین می برد,0
مفید یک هفته کار نکرد و هد میکرو یو اس بی از کابلش جدا شد. در آن تعداد هفته دائما قطع و وصل می شد,1
برای استفاده روزانه عالی است و طعم خوبی دارد,0
نسبت به هادربازار کیفیت خوبی داره!,0
ظاهری زیبا و انعطاف پذیری نسبتا خوبی دارد.,0
تقریبا یک ماهه که این روغن رو از دیجی کالا خریدم. طبق دستور روزی دوبار استفاده کردم. من پوستم خشکه و پوست رو نرم میکنه چون قبلا چربه ولی صورتم پر از جوش های ریز و حتی بزرگه! برای اینکه مطمئن بشم علت جوش صورتم همین روغنه یا یه چیز دیگه چند روزی روغن رو قطع کردم و دیدم پوستم بهتر شده و وقتی دوباره شروع کردم دوباره آکنه گرفتم! اصلا به صورتت آسیب نمیزنه! ممکن است به عنوان یک از بین برنده لک عمل کند، اما اصلا ارزشش را ندارد زیرا باعث ایجاد آکنه های زیادی در طول درمان می شود، حتی برای فردی مثل من که پوست خشکی دارد.,1
پیشنهاد میکنم خیلی با کیفیت و عالیه,0
قیمتی ندارد و برای کارکردهای کم بسیار عالی است,0
من کاملا از خرید پشیمانم,1
نظافت و تهویه مناسب است، من پیشنهاد می کنم.,0
سه هفته از تحویل گرفتنش می گذرد و دارم استفاده می کنم. به نظر من کابلش به معنای واقعی هست، آمپر شمارش عالیه، جنسش خوبه، اتصالات جلو و پایینش خوبه و اگر درست نگهداری بشه، به نظرم عمر خوبی داره. با این قیمت قیمتش خیلی خوبه البته در پیشنهاد ویژه خریدم,0
کیفیت عالی و خرید آسان,0
من راضی هستم,0
این دومین بار است که استفاده می کنم، واقعا خوب است، سبک است و برای موهای آسیب دیده بسیار مناسب است.,0
به نظر من خوب بود. مقداری چربی وجود دارد که برای موهای خشک مناسب است,0
نسبت به قیمت خرید عالی و شیک,0
خیلی خوبه و خیلی خوشبو,0
ظاهراً باکیفیت اما فوق العاده بی کیفیت,1
نسبت به قیمتش خوب بود و کیفیتش هم خوب بود. بوی خیار خیلی خوبه,0
پیشنهاد میکنم,0
این کابل قوی و با کیفیت ساخته شده است و سرعت خوبی برای انتقال فایل دارد اما از شارژ سریع تطبیقی ​​سامسونگ پشتیبانی نمی کند.,0
خوب است و به سرعت جذب پوست می شود,0
بعد از دو یا سه روز استفاده، خیلی کند شارژ می شود. اصلا کمکی نمیکنه,1
من پیشنهاد نمی کنم,1
قیمتش بالا بود و کیفیتش معمولی بود,1
اندازه آن نیز استاندارد است,0
این محصول با گوشی های سری S سامسونگ سازگاری ندارد و این موضوع در توضیحات محصول ذکر نشده است,1
افرادی که موهایشان به دلیل رنگ ضعیف است,0
این دومین باریه که سفارش میدم ولی هنوز نیومده,0
شامپوی با کیفیتی است که یک تا دو روز استفاده می شود,0
تمیز کنندگی و بوی بسیار خوبی دارد.,0
وقتی یک پیشنهاد ویژه خریدم واقعاً چشمگیر بود,0
درست,0
من کاملا راضی هستم. خیلی خوب . این شگفت انگیزه. صورت را بدون احساس چربی آبرسانی می کند و خیلی سریع جذب می شود و آکنه ایجاد نمی کند. من حتما آن را توصیه می کنم. با تشکر از شما دیجی کالای عزیز,0
سلام من میخواهم دیجی کالا این محصول را در فروش ویژه قرار دهد,0
این بهترین سیمی است که تا به حال داشته ام و سیم های زیادی خریده و امتحان کرده ام و این بهترین سیم در بین همه آنهاست.,0
من از استفاده از این کرم بسیار راضی بودم. به سرعت جذب می شود و پوست را بسیار نرم می کند,0
با اینکه پوستم خشکه ولی خیلی خوب مرطوب میشه,0
خیلی خوب بود ولی از عکس کوچیکتره,0
جلوه خاصی ندیدم,1
ناخن گیر که تعارف چندانی ندارد. من فکر کردم که نظرات زیادی وجود دارد. کاری را انجام می دهد که ناخن گیر باید انجام دهد,0
موها رو خیلی نرم میکنه و بوی خوبی داره...وقتی موها کمی نم دارن استفاده کنین و بذارین خشک بشه. پیشنهاد میکنم بخرید,0
با عکس خیلی فرق داره، پشتش پارچه نرمی داره، خوبه ولی اصلا براق نیست,0
من پوست مختلط دارم یعنی منافذ باز دارم و پوستم فوق العاده خشکه و اگه مرطوب کننده استفاده نکنم داخل پوستم احساس کشیدگی میکنم... .. هر وقت صورتم رو با شامپو یا صابون میشورم بعد پوستم فوق العاده خشک میشه و باید دو سه بار مرطوب کننده بزنم ولی این محصول اصلا پوستمو خشک نمیکنه و نیازی به مرطوب کننده زیاد ندارم.,0
دیگران می گویند موها را خشک می کند، درست است؟,1
من فروشنده مانلی را به دلیل درصد رضایت بالای این فروشنده انتخاب کردم و خوشبختانه جلد اصلی برای من ارسال شد.,0
محصولات فیروز با این قیمت عالی هم از نظر قیمت و هم از نظر کیفیت با محصولات گران قیمت خارجی برابری می کنند. من با افتخار از محصولات ایرانی استفاده میکنم. از دیجی کالا خواهش می کنم در زمانی که چنین کالای داخلی خوبی داریم، تمامی محصولات فیروز را انبار کند. چرا؟ باید از محصولی مثل جانسون و غیره استفاده کنیم. ای کاش همه محصولات ایرانی یک کیفیت و ارزان بودند,0
کیفیت عالی، قیمت مناسب,0
من خودم کارشناس ارشد پوست و مو هستم، وقتی این محصول را دیدم و نظرات این محصول را خواندم، برای خرید آن تردید کردم، اما با توجه به اینکه نظر و انتظار مردم متفاوت است، دوباره سفارش دادم و واقعا از کارم راضی هستم. خرید استفاده از این محصول بسیار راحت است و به راحتی شسته می شود، بوی بد آن به خاطر روغن زیتونی است که دارد و بوی روغن تصفیه نشده، پس می توانید با خیال راحت از آن استفاده کنید و مراقب باشید که متضرر نشوید. از خشکی ناشی از لایه برداری. پوست را فوق العاده نرم و صاف می کند زیرا لایه شاخی اپیدرم را به خوبی از بین می برد و این نکته خوبی است که باعث می شود بعد از این محصول از هر نوع کرم و محصول مراقبتی استفاده کنید. افرادی که پوست خشک و حساس دارند بهتر است هفته ای یک بار از آن استفاده کنند اما سایر افراد به راحتی می توانند هفته ای دو بار از آن استفاده کنند. در حین ماساژ قرمز شدن و گرم شدن پوست کاملاً طبیعی است و بعد از چند دقیقه از بین می‌رود، همانطور که این محصول را در کنار سایر محصولات مراقبتی توصیه می‌کنم، اما اگر از این محصول فقط برای پوست خود استفاده می‌کنید و منتظر معجزه هستید. ، باید بگم سخت در اشتباهید!,0
عالی,0
تغییر خاصی در پوست ایجاد نمی کند و حتی رنگی کدر به پوست می دهد و بوی بدی دارد اما قیمت آن مناسب است! مدل پاکسازی جوش سر سیاه همون مارک خیلی بهتره.,1
سرم والنسیا نسبت به قیمتش واقعا عالیه و چیزی کم نداره. من قبلا از محصولات استفاده کرده ام، اما محصولات والنسیا با توجه به قیمتشان عالی هستند.,0
روغن بسیار خوبی است. دردهای عضلانی، کبودی و قولنج را خیلی سریع تسکین می دهد. من از خرید راضی هستم. پیشنهاد میکنم امتحانش کنید,0
کیفیت عالی است، اما توجه داشته باشید که بسیار کوتاه است,0
خلاصه فوق العاده بی کیفیته طوری که وقتی تحویل گرفتم پریزش متورم و شکسته بود و بعد از یک ساعت که به شارژر وصل شد درصد شارژش کمتر شد. اصلا پولت رو هدر نده,1
فوق العاده معطر و با قدرت پاک کنندگی بالا و موثر. و بدون ایجاد حساسیت. ممنونم همسرم.,0
خوب و مقرون به صرفه,0
من این را برای شماره ps گرفتم,0
خیلی خوب است. حس خوبی میده پوست را کاملا نرم و خوشبو می کند. ممنون دی جی,0
خیلی خوشم اومد ارزششو داره چون تو بازار پیداش نکردم. برچسب پشتی آبی تر از چیزی است که در تصویر می بینید، اما زیباست.,0
وقتی پشت گوشیم را لمس کردم و سپس آن را شارژ کردم، گوشیم خیلی داغ شد. آنقدر ترسیده بودم که آن را بریدم,1
اصلاً خوب نیست، من اصلاً توصیه نمی کنم پول خود را هدر دهید ...,1
معطر است و پوست را خشک نمی کند,0
عالی,0
روی پایه شارژ گوشی خوب قفل نمیشه یعنی با یه تکون ساده جدا میشه و بدی دیگه اینه که سیمش خیلی خشک و منعطف نیست و به راحتی باز نمیشه داخل بسته است,1
سلام . کسانی که مردد هستند شک نکنید و این کابل را بخرید. زیرا کیفیت بالایی دارد و به خوبی محکم می شود و قطر کم آن باعث انعطاف بیشتر آن می شود. اما طول آن کمتر از طول کابل های دیگر است که حداقل یک متر و نه بیشتر از یک سانتی متر است.,0
غلظت بالایی دارد و بوی مطبوعی دارد. حس خوبی در موردش دارم. قبلا از شامپو بدنشون استفاده کردم. این در مقایسه با آن عالی است، اما حجم آن کم است. در کل ارزش خرید داره,0
عالی,0
من پوست بسیار حساس و آتوپیک دارم,0
کرم خوبی است,0
خیلی خوب و جاداره و زیبایی و ظاهرش از عکسش بهتره. من حتما آن را توصیه می کنم,0
اصلا شارژ نمیشه چند درصد به زور شارژ میکنه؟,1
کرم پا خیلی خوبیه چند شب هم بزنید پاهاتون مثل پای بچه میشه :),0
طبق بررسی های دیجی کالا این کابل یو اس بی سه بود اما پس از خرید و باز کردن این محصول متوجه شدم که شماره یو اس بی است...,1
خوبه مواظب باشید از هفته اول استفاده تاثیرش رو میذاره,0
بدون کافئین و اندازه گوشی نبود,1
یک نقطه ضعف دارد، اما در نقاط قوتش آنقدر خوب کار کرد که من آن را ننوشتم,0
ترک های پا و زبری پوست را به سرعت برطرف می کند. عالی بود . در عرض چند ساعت، پوست بهبود یافته است.,0
خوب بود من راضی بودم,0
با کمال تعجب خریدم بوی تند اما شیرینی داره و تاریخ سال هم داره,0
من چندین بار این محصول فوق العاده را خریدم و بعد از هر بار استفاده از نتایج آن لذت می برم.,0
بسیار عالی است,0
یک کابل خوب مواد خوبی دارد، مثل کابل های دیگر کند نمی شود,0
این محصول یک کرم مو است اما باید بعد از استفاده از شامپو در حمام و زمانی که مو خیس است استفاده شود. باید روی ساقه مو مالیده شود و چند دقیقه شانه شود و سپس آبکشی شود. تاکید می کنم که باید آبکشی شود. من خیلی راضی هستم و البته با درصد F خریدم,0
سلام,0
من قبلا آن را دریافت کردم. نازک نبود و عملکرد خیلی خوبی داشت. بوی خوبی داره و خنکه,0
صورتم داشت جوش می زد و هر کاری کردم تا از شر جوش ها خلاص شوم.,0
دقیقا به اندازه گوشی و کلاهک است,0
من دو سه ماهه دارم استفاده میکنم با آب فرقی نمیکنه پولتو هدر نده,1
حجمش خیلی کمه و سرم با کلی فشار میاد بیرون! بو نداره ولی تاثیرش خوبه,0
داخل شگفت انگیز واقعا ارزش خرید دارد، این دومین بسته ای است که من مصرف می کنم,0
عالی است، این تنها چیزی است که می توانم بگویم,0
عالی است,0
خیلی مناسبه ممنون دیجی کالا,0
من آن را با یک سوم قیمت سفارش دادم، اما کاش بیشتر می خریدم. هنگام مسواک زدن احساس خوبی دارد. به طور کلی هیمالیا یک کارخانه هندی است که در تولید 100% محصولات دارویی گیاهی تخصص دارد. نظر من رو بپذیر پشیمون نمیشی,0
دیروز دریافت کردم,0
دوستش نداشتم,1
دسته بسیار ضعیف و شکننده است,1
مسواک خوبی است. به نظر من نقطه ضعفی دارد. همچنین باید دکمه پاور را نگه دارید تا لرزش کار کند. وقتی انگشت خود را از روی دکمه بردارید، خاموش می شود. جدا از این هیچ نقطه ضعفی ندارد و کاملا خوش ساخت است.,0
خوبه هم کیفیتش هم سرعت شارژش راضیم و میخوام دوباره بخرم,0
رنگش خیلی شیک و کیفیت نسبتا خوبی داره دقیقا همون چیزی که انتظار داشتم,0
سلام خیلی خوشحالم که یک لایه بردار ایرانی بدون اسید و مواد شیمیایی بر پایه موم زنبور عسل شبیه به سفید کننده های قدیمی ما ولی کاملا بهداشتی و به صورت پودر تهیه شده است. که به راحتی هم برای صورت و هم برای بدن قابل استفاده است و در مقایسه با لایه بردارهای خارجی مشابه بسیار ارزان است. بعد از استفاده برای اقوام خارج از کشور فرستادم تا از کیفیت آن مطلع شوند. آنها هم خیلی راضی بودند. امیدوارم تولیدات سنتی ما افزایش یابد و موفق باشید,0
من فکر می کنم واقعا ارزش هزینه خورشیدی را دارد,0
از همه نظر عالی بود قدرت پاک کنندگیش راضی کننده بود.. ارزش خرید داره.,0
جنس روکش پلاستیک خشک است.,1
من حتما آن را توصیه می کنم، یک مارک قابل اعتماد و یک گجت بسیار کاربردی و با کارایی بالا.,0
من مای را رنگ کرده بودم، اما فکر کردم این یکی بهتر است,0
به نظر خوبه ولی رنگ طلایی روش بعد از یک ماه شروع به کنده شدن کرده.,0
من یک ماهه دارم استفاده میکنم ریزش موها کم شده و در جاهایی که قبلا کم بود رشد موهای جدید دیده میشه. من از نمونه های خارجی استفاده کرده ام اما هیچ کدام به اندازه این نمونه موثر نبوده و نکته مثبت دیگر استفاده نکردن از محلول های دیگر مانند قرص ماینوکسیدیل و فیناستراید است. که بدون استفاده از داروهای آزید دو، ریزش مو دوباره کاهش یافته است,0
عالی لطفا موجود کنید,0
امروز گرفتم من استفاده کردم خیلی خوب بود دوستانی که میگن برای چشم استفاده نمیشه پیشنهاد میکنم از پاک کننده مخصوص چشم استفاده کنن. میسلار به مرور زمان ناحیه چشم را خشک می کند,0
روزی 2 بار عدد استفاده ماهانه رو خریدم ولی اصلا تاثیری نداره. اگر پول زیادی دارید خرید آن را توصیه نمی کنم,1
سلام . من این کابل رو خریدم و خیلی راضی هستم,0
یکی از بهترین خریدهاست,0
حداقل اگه اسم روش انرژی زا نذاریم بهتره قیمتش پایینه برای شستشوی روزانه خوبه ولی برای لایه برداری مناسب نیست.,1
دیروز به دستم رسید، خوب بود، امیدوارم برام بچرخه,0
همان محصول تحویل به موقع و عالی بود,0
برای من که موثر بود موهای ابرو را پرپشت تر می کند و باعث رشد مجدد ابروهایی می شود که قبلا ریخته بودند.,0
عالی,0
بسیار طلایی و زیباست,0
من به هیچ وجه آن را توصیه نمی کنم,1
یک ضد لک و روشن کننده عالی برای پوست,0
برای فرستادن کاور ژله ای از این سه گرم فکر کردم از آن لیوان یاس است,1
کابل خوبیه من از خریدش راضی هستم,0
فقط برای شارژ هستش دیتا رو انتقال نمیده,1
البته وقتی خریدم پنج تومن بود ولی نسبت به پولی که دیدی عالیه. دو سال پیش خریدم تا الان چیزی نگفته. طناب من خیلی بلنده که برای خرید خیلی نکته خوبیه.,0
نسبت به قیمتش ارزش خرید نداره,1
کیفیت شارژر خوب است اما سری دو طرف آن بسیار بزرگتر از شارژرهای دیگر است. من به شماره J هواوی و شماره J سامسونگ وصل کردم و گوشی پرستیژ به سختی داخل شارژر شارژ می شود. سری یو اس بیش رو هم گذاشتم توی سه شارژر به بدبختی میرسه.,1
خوب است، نرم می شود، کف می کند و به صرفه است,0
عالی بود . مقدار بسیار کمی از آن را روی موهایم زدم و سریع موهایم را گرفت. قیمتش هم عالیه به نظر من خیلی بهتر از روغن آرگان است,0
سلام من این کابل رو اول بر اساس قیمت و نظر دوستان برای برادرم خریدم. بعدش واقعا عالی بود من برای خودم خریدم. رنگ سبز آبی بسیار زیباست. برای برادرم خریدم. من برای خودم قرمز خریدم.,0
مثل خمیر دندان چسبناک بود و پاهایم ساعت ها یخ زده بود,1
برای پوست حساس پسرم مناسب بود,0
سرعت شارژ بسیار پایین است، شاید دو برابر شارژر اصلی. در اولین اتصال شارژ نمی شود، برای شروع شارژ باید چندین بار گوشی را قطع و وصل کنید.,1
به جنسیت های دیگر فکر کنید,1
خریدش رو حتما توصیه میکنم,0
کیفیتش خوبه,0
انتقال دیتا رو چک نکردم ولی برای شارژر خوبه و کیفیتش خوبه و زنجیر از گم شدنش جلوگیری میکنه.,0
من واقعا بعد از چند هفته استفاده هیچ چیز مثبتی ندیدم. بدترین خریدم بود,1
اونی که برای تیلت خریدم خیلی ضعیف بود اصلا شارژ نمیشد و نمیشد استفاده کرد,1
کاورهای نیلکین آنقدر باکیفیت و شیک هستند که هر وقت گوشیم را عوض می کنم سعی می کنم گوشی با کاور نیلکین انتخاب کنم، فرقی نمی کند...,0
من کابل رو خریدم و چند ماه استفاده کردم کیفیتش خوب نیست با این قیمت کابل های با کیفیت بهتری میدن. از کابل بافته شده استفاده کنید,1
من پوستم خیلی چربه و به محض اینکه کرم میزنم صورتم عرق میکنه و براق میشه. من کرم های زیادی را امتحان کردم اما این یکی برای پوست من عالی بود. فقط مراقب باشید که برای پوست های چرب مناسب است زیرا برای پوست های خشک بسیار خشک کننده است، احتمالا به این دلیل که واقعا بوی روغن نمی دهد.,0
به طرز فوق العاده ای دریافت کردم، بسیار راضی هستم. آن زمان بسیار ارزان تر بود.,0
با کیفیت اصلی پینتهد خریداری کنید,0
اول که بازش کردم دیدم براش خیلی نرمه. اولش واقعا ازش ناامید شدم...اما وقتی ازش استفاده کردم باورم نمیشد چقدر خوبه,0
با کیفیت و بسیار نازک,1
من این لاک رو از دیجی کالا خریدم رنگش طلایی و دقیقا مثل عکسه و همونی که میخواستم. ولی خیلی نازک هست و وقتی گرفتم نمی دونم چرا رنگش از مایعش جدا شده انگار روی آستانه ریخته شده.,0
موها را تا حد زیادی نرم می کند و بوی خوبی هم دارد اما روی موهای مجعد معجزه خاصی ندارد و به سادگی موها را تا حد زیادی نرم می کند. البته تاثیرات آن می تواند از فردی به فرد دیگر متفاوت باشد.,0
با اینکه مدت هاست با iMac number K کار می کنم اما کیفیت خوبی از بانکی می بینم. همچنین برای کسانی که می خواهند با مک (شماره پورت Thunderbolt یا USB-C) به خوبی کار کنند، بدون نقص و مشکل نرخ تازه سازی کار می کند. رنگ بندی عدد بیت هم داره که عالیه. به چشم آسیب نمی رساند (مخصوصا رنگ سفیدش). در کل خریدش رو توصیه میکنم,0
برای استفاده کوتاه مدت خوب است,0
دقیقا مشابه لوازم آرایشی که میفروشن ولی با دوبرابر قیمت ممنون,0
من شماره ایسوس n jk دارم. خیلی برام عجیبه با وجود اینکه توی مشخصات لپ تاپ اینچ به اینچ نوشته شده ولی با اینکه لپ تاپ من اینچی هستش به سختی داخلش جا میشه. الان باید تصمیم بگیرم که برگردونم یا نه!!!,0
کرم داخل صابون هیچ تاثیری در لطافت پوست ندارد و برعکس پوست را خشک می کند! به زودی تمام می شود!,1
خیلی زود رنگ آن به زرد تغییر می کند و اگر می خواهید از دکمه پاور یا افزایش صدا استفاده کنید باید خیلی فشار دهید تا کار کند. در کل ارزش قیمتش رو نداره,1
سلام . من حدود یک سال است که از این مانیتور استفاده می کنم. بعد از کلی تحقیق این مانیتور رو خریدم. من از آن بسیار راضی هستم. چشم را اذیت نمی کند.,0
از همه نظر عالی بود قدرت پاک کنندگیش راضی کننده بود.. ارزش خرید داره.,0
سلام صورت من خیلی مستعد آکنه بود. من دو تا از محصولات ضد آکنه مصرف کردم. اصلا اینطور نیست. مثل اینکه از چندین نوع ماسک استفاده کرده ام اما فایده ای نداشتند. اما وقتی این را خریدم، از همان ابتدا متوجه تغییرات شدم. قدرت پاک کنندگی بسیار بالایی دارد یا به نظر من و آکنه. به نظر من آکنه را به درصد کاهش داد و اگر جوش جدیدی روی صورت شما ظاهر شود بعد از یکی دو بار استفاده حجمش کم می شود یعنی هر جوشی هر چقدر هم که بد باشد در دو مرحله از بین می رود. یا سه روز می نویسم که دو تا قابلمه سفارش دادم,0
من قبلا جوش های بیشتری داشتم استفاده می کردم الان جوش هام کم شده و پوست صاف تر به نظر می رسد راضی هستم,0
خوب بود,0
خوب نیست,1
هر چه قیمت کمتر باشد بهتر است,0
اصلا خوب نبود، تاثیری نداشت,1
این محصول از کیفیت بالایی برخوردار است و تقریباً در بازار و داروخانه ها کمیاب است,0
من از محصولات سینره کاملا راضی هستم. این محصولی که تا الان استفاده کردم مشکلی نداره. به نظر من نکته مثبتی نیست. این یک پاک کننده ملایم روزانه است که وقتی از بیرون برمی گردم برای شستن صورتم استفاده می کنم. عطر قوی نداره که به نظرم خوبه. خیلی خشک نمیشه,0
نسبت به قیمتش خوبه,0
کیفیت ساختش عالیه,0
قیمت و تنوع طعم و بو بهتر باشد,0
تنها چیزی که دیدم فوم خوبی داره عصاره خاویار هستش، عصاره کجا بود؟,1
از تعداد دفعاتی که سفارش دادم واقعا راضی هستم,0
اصلا کرم خوبی نیست، مرطوب نمی کنه، خیلی بی کیفیته، بعد از باز شدن اول کلاهش شکست.,1
برای من که کرم زیاد دارم با مرطوب کننده هام خوبه. لبام نرم شده,0
زیاد جالب نبود,1
نسبت به قیمتش بهترین کابل هست,0
خوبه و ممنون از دیجی کالا,0
من خیلی راضی بودم. 70 درصد موهایم را از بین برده است. البته همراه ماسک استفاده میکنم,0
خوب جواب داد,0
بسیار بسیار کوچک است,1
من اینو از دیجی کالا خریدم خیلی خوبه خیلی کوچیکه واسه همین راحت میذارم تو کیفم و همیشه همراهم هست و اگر بخوام از گوشی به موبایل برای فروش یا برعکس فایل کپی کنم همیشه موجوده . من همیشه توصیه می کنم فایل های آنها را به فلش درایو یا رایانه ای که بوت لودر دارد منتقل کنید,0
از هر نظر عالیه,0
رنگ آبی کیف رو خریدم. در واقع قهوه ای تیره و بسیار شیک است. دارای تمام جیب های استاندارد و مفید است. فقط قاب لپ تاپ خیلی محکم نیست چون واقعا از لپ تاپ محافظت نمی کند و فوم و ابری ساده دارد که روی لپ تاپ را نمی پوشاند. اما در کل ارزش این قیمت را دارد,0
من حدود یکساله که از ضدآفتاب لافار استفاده میکنم و راضی هستم، پوشش دهی خیلی خوبی داره، روی پوست میخوابه و لک ها رو محو میکنه.,0
خیلی بی کیفیت بود,1
کاملا به گوشی میچسبد، لبه آن به شیشه نمیچسبد که جداکردن شیشه از روی سطح را سخت می کند. در آخر باید بگم که نازک و زیباست و ظاهر جدیدی به گوشی شما میده. من مشکی رو گرفتم,0
بعد از مدتی جدا می شود و قابل استفاده نیست. من توصیه نمی کنم پول خود را هدر دهید. از دیجی کالا بعید بود,1
کیفیت بالا,1
بد نیست، اما خیلی هم خوب نیست,0
عالی,0
سلام من این ژل رو با شک و شبهه زیاد گرفتم ولی واقعا عالیه بدون احساس خشکی روی پوست چربی رو از روی پوست پاک میکنه و واقعا پاک میکنه بعد از استفاده صورتم براق و تمیز میشه .,0
لطفا خرید کنید. زیباست و سریع شارژ می شود. اما زود خراب شد و دیگر شارژ نمی شود.,1
به نظر من کرم خوبی بود نسبت به کرم پودرش رنگ خوبی داشت به نظرم بهتر بود.,0
من نزدیک به یک سال است که این کاور را از دی جی خریدم و بسیار راضی هستم.,0
تنها مشکل کابل است که با تکان دادن می شکند، اما در کل عالی است,0
من دو تا از این سری خریدم سرخابی و مشکی. و من می خواستم به یکی از دوستانم هدیه بدهم. چون خیلی زیبا بودند. اما موچین و ناخن گیر این پک اصلا کار نمی کند. درسته که خیلی ارزون بودن ولی نخریدنش بهتر از خریدنشه. کار بی کیفیتی بود,1
از نظر ساخت سیم و کابل خوب است. کیفیت سوکت ها عالیه انتقال داده بالاست. من خرید آن را توصیه می کنم.,0
من تازه دریافت کردم، همه چیز عالی است. در خرید آن شک نکنید. حیف که دیگه موجود نیست وگرنه دوتا دیگه میخریدم,0
موهای شما در اولین استفاده تاثیر خود را نشان خواهند داد,0
بسیار بسیار کوچک است,1
من این رنگ قرمز را برای j plus number گرفتم، عالی است، داخل آن مخملی است. رنگ قرمز طرح چوبه دار Fit Fit است,0
من یک مقدار از این شامپو از دی جی خریدم فوق العاده است,0
دقیقاً همان طراحی مارک نانسی. طراحی باله مشکل دارد. باله ها خیلی بزرگ هستند و با لباس همخوانی ندارند. چسب استحکام چسب خیلی کمه خیلی...,1
هنگامی که دو یا سه بار از آن استفاده کنید، متوجه تغییری که روی موهایتان ایجاد می کند، خواهید شد. من واقعا راضی هستم,0
نسبت به قیمتش خوبه، جنس قابش نرمه و در دست حس خوبی داره، اما خیلی محافظ نیست,0
من در شگفت انگیز خرید کردم و ای کاش بیشتر می خریدم، سال هاست که از کرم های مختلف پا استفاده می کنم، این بهترین، بهترین کرم پا است که تا به حال دیده ام، واقعا عالی با تاثیر شگفت انگیز,0
به نظر من محصول بسیار خوبی است و پوست را کاملا تمیز می کند. من از Amazing خریدم و معامله بسیار خوبی بود,0
عالیه حتما توصیه میکنم,0
این کیف را با اعتماد همیشگی به توضیحات دیجی کالا خریدم و هدیه دادم. متاسفانه این کیف برای لپ تاپ خیلی کوچک است و اصلا در سپر جا نمی شود. البته قرار شد با تماس با پشتیبانی بررسی و برگشت داده شود,1
نخرید ضرر میکنید,1
با تخفیف ویژه خریدم. واقعا کار می کند. پوستمو خیلی نرم میکنه براش هم عالیه,0
کار آسان و بسیار خوب است,0
من برای مادرم خریدم و نسبتا کم است و بعد از چند بار استفاده تاثیر چندانی ندیده است.,1
عالی,0
من بعد از شستن موهام تو حموم استفاده میکنم موها رو خیلی نرم و لطیف میکنه ولی برسش کمی تند هست که بعد از حمام موها رو ترک میکنه شاید برای کسانی که به بو حساس هستن مناسب نباشه.,0
اگر دستتان عرق کرده است، آن را بگیرید,0
برای مصرف روزانه مناسب است، قدرت جذب آن بالاست,0
سرعت اثرش خیلی کمه تاثیر خاصی روی سفت شدن نداره فقط کمی پوست رو نرم میکنه! در کل خیلی معمولی است,1
با این قیمت عالی بود من راضیم,0
حتی بعد از یک بار استفاده می توانید لطافت پاهای خود را مشاهده کنید,0
با توجه به اینکه این محصول رو برای پاک کردن آرایش صورتم گرفتم کاملا راضی بودم و به خوبی صورت چربم رو تمیز میکنه.,0
واقعا کیفیت خوبی داره من قبلا از مارک GUM استفاده می کردم اما این خیلی بهتر است و به زبان صدمه نمی زند.,0
خوب است,0
بسیار معطر است. اولین بار بود که از این مدل صابون لوکس استفاده کردم. بهترین تجملات این مدل بنفش و آبی است. البته یه نکته منفی کوچیک داره و اون آینه که نسبت به صابون های لوکس عربی کیفیت بو و ماندگاری خیلی پایین تری داره ولی قیمتش نصف میشه.,0
من عاشقشم از همه نظر مخصوصا بسته بندیش خیلی باکیفیت و کاربردی و زیبا و خوش رنگه,0
با اینکه وسواس زیادی برای نگهداری کابل دارم، در عرض یک هفته خراب شد,1
بسیار زیباست. دقیقا مثل عکس عاشقشم,0
من آن را با یک پیشنهاد شگفت انگیز خریدم، خوشحالم و فکر می کنم ارزشش را دارد,0
برای کیف هم کرمش خیلی خوبه و اصلا چرب نیست,0
طراحی زیبا و کارآمد,0
من راضی هستم باعث هوس نشد. این یک نکته بسیار خوب است.,0
من امروز این محصول به دستم رسید کیفیتش خوب بود ولی میخواستم تلویزیون رو به اسپیکر لومیکس که از اینجا خریدم وصل کنم صدای اپتیکال نمیومد همه تنظیمات رو صفر کردم ولی داخل اسپیکر صدا نمیده حالت عملیات بالاخره مجبور شدم از کابل فیشی تماس بگیرم. ولی من هم میگم داخل این کابل قرمز بود یعنی وصل بود.,0
بسیار خوب و بادوام است و طراحی زیبایی دارد,0
به نظرم عالیه.. بار اول که استفاده کردم سفید شد ولی زیاد نزنید چون مینای دندون رو از بین میبره. همچنین به طور متوسط ​​روزی یک بار و هر بار چند دقیقه آن را روی نواحی زرد شده بمالید.,0
متاسفانه الان باید دنبال شامپویی باشم که اثر استفاده از شامپو آزید رو خنثی کنه! خیلی با خودم کلنجار رفتم تا با این موضوع کنار بیایم که برندهای ایرانی ممکن است شامپو و کرم های خوبی داشته باشند. متاسفانه با گرانی شامپوهای خارجی، مجبور به استفاده از جایگزین های خارجی با چنین محصولات باکیفیتی هستیم. چرا موهای من همیشه صاف و نرم بود، بعد از یک هفته استفاده موهایم خشک و وز می شود و قابل کنترل نیست. ای کاش مدیران فنی این کارخانه نظرات را مطالعه می کردند، از دیجی کالا تشکر می کنم که نظرات را درج می کند تا دیگران بتوانند با احتیاط و آگاهی، بازخوردها را مطالعه کرده و محصولات را انتخاب کنند.,1
من شنیده ام که روغن هسته انگور برای موهای ریز آسیب دیده یا خشک از روغن آرگان سبک تر است. الان هم به نظرم کیفیتش خوبه,0
قویه ولی اگه با نگهدارنده طراحی میشد بهتر بود.,0
سرعت شارژ و انتقال اطلاعات بالایی دارد,0
بوی خیلی خوبی داره...و بعد از یک بار مصرف واقعا التهاب رو کم میکنه...ولی چشمام حساسه...اول که میزنم چشمام میسوزه...با اینکه دور چشم نمیزنم ... در کل خوب است,0
من تازه خریدم رایگان ارزشش رو نداره پولتون رو هدر ندید,1
به نظرم کاملا معمولی و بی اثر بود. در عین حال به خوبی روی مسواک نمی نشیند. یک مارک معمولی بخرید و همین کار را می کند. به نظر من طعم نعنا بهتر از وانیل است.,1
مثل کابل است، اورجینال است، اپل است,0
من این کیف را یک سال پیش خریدم. من از کیفیتش کاملا راضی هستم حتی گوشی حدود یک کیلومتر روی سقف ماشین مانده بود اما گوشی تا مقصد حرکت نکرد. و من بیش از صد بار گوشی ام را انداختم، اما با وجود این کیف، دستت درد نکند.,0
بسیار عالی و با کیفیت لپ تاپ تعداد آن به راحتی داخل آن جا می شود,0
مشکی رو سفارش دادم وقتی سفارش دادم مردد بودم اما وقتی به دستم رسید عالی بود. هم زیباست و هم قوی. محیط اطراف را به خوبی پوشش می دهد و مهمتر از همه اینکه آینه دیگر از دوربین گوشی بیرون نیست، بنابراین کاور هم سطح دوربین است و من نگران دوربین نیستم. حتماً پیشنهاد می کنم آن را دریافت کنید,0
اما کوچک بود,0
برای من خوب نبود که دو هفته بیشتر کار نکرد,1
نازک و عالی ولی بوی پلاستیک میده,1
من بر اساس بررسی ها خرید کردم اما کمتر از دو ماه دوام آورد,1
من از آن راضی هستم,0
خیلی سریع تاثیر داشت، موها را از بین می برد و موها را براق و لطیف می کرد، اما به نسبت قیمت، پمپاژ آن بسیار خوب است.,0
گوشی رو راحت میکنه و اصلا بزرگش نمیکنه خیلی نرمه و رنگ زردش خیلی با مشکی همخوانی داره,0
یک هفته اس خریدم خراب شد,1
فوقالعاده بود,0
با اینکه ظاهر بسیار جذابی داره ولی پیشنهاد نمیکنم,1
من این محصول را توصیه می کنم زیرا واقعا خوب است. حدود یک ماه بود که داشتمش و متاسفانه گمش کردم و مجبور شدم دوباره بخرم. در خرید این محصول شک نکنید.,0
بد نیست,0
اصلا کار نمیکنه موتور آن به قدری ضعیف است که به محض تماس با دندان متوقف می شود. سریال های او نیز به زودی سقوط می کنند,1
من هم برای تشویق بچه های فامیل خریدم، به آنها جایزه دادم. همه آن را دوست داشتند. اگه برند واقعا ایرانیه حتما حمایتش کن بذار رشد کنه حیف.,0
من بر اساس نظرات خریدمش ولی نسبت به نقدها خیلی خوب نبود. ضد آفتاب قبلی من لافارر (ایرانی) بود. عالی بود ولی قیمتش خیلی بالا بود به نظر من این مدل پرمیوم بیشتر برای پوست های خشک مناسب است. برای پوست چرب من مناسب نبود چون چند دقیقه تا چند ساعت طول می کشد تا کاملا جذب شود.,0
کابل بسیار مقاوم است زیرا روکش آلومینیومی و محل اتصال کابل به پورت ها در حالتی ایجاد می شود که از اتصال خم نمی شود و این باعث می شود کابل از درگاه جدا نشود، سرعت شارژ بالاست و کابل از نظر ظاهری خیلی خوبه، من این نوع کابل ها را دوست دارم,0
من این فوم صورت را برای برادرم که صورتش جوش داشت خریدم اما واقعاً انتظار نداشتم در این مدت کوتاه معجزه کند. تقریبا بعد از یک هفته، جوش ها ناپدید شدند. هرگز فکر نمی کردم که آکنه صورت با یک فوم ساده در عرض یک هفته از بین برود. فقط میتونم بگم واقعا عالیه و معجزه کرد. من آن را به همه توصیه می کنم، به هیچ وجه صورت خشک و پوسته پوسته نمی شود. پوست نمی کند. محصولات ما واقعا عالی هستند,0
لرزش سر مسواک ملایم است و بدنه مسواک به شدت می لرزد، گرونتر بخرید حداقل ارزش پولی که می دهید را دارد.,1
مناسب برای افراد بالای یک سال,0
الان بیشتر از یکساله که مدام سه تا گوشی باهاش ​​شارژ میکنم ولی کیفیتش مثل روز اوله.,0
خیلی خوبه پیشنهاد میکنم,0
همه چی خوبه ولی رنگش مثل عکسها نیست کاملا یکدسته ولی در کل کیفیت و متریال و کارایی خوبی داره و با چند پیکسل زیبا میتونید رنگ یکنواخت رو حذف کنید.,0
برای من که سه بعدی کار میکنم میتونم بگم عالیه,0
سفارش دومم بود قیمتش بهترینه تو این رنج...ولی در پیشنهاد ویژه خریدمش! باز هم ارزشش را داشت,0
کیفیت صدا واقعا بالاست بسته بندیش هم خیلی زیباست.,0
من خیلی راضیم مخصوصا موهای دکلره شده و رنگ شده و خیلی لخت و صاف و نرم میکنه.,0
قیمت محصول بسیار بالاست,1
عالیه، رطوبتی که روی پوست ایجاد میکنه خیلی خوبه. احساس چربی و چسبندگی ندارم برای پوست های حساس خیلی مناسبه و هر بار که از این کرم استفاده کردم پوستم خیلی شفاف شد و اصلا جوش نمیزد. او حرفی ندارد,0
من خیلی راضی بودم,0
بسیار عالی و کاربردی,0
الان دوباره استفاده کردم ولی هم جوش ها و هم جوش های سر سیاه بهتر شده,0
بهترین ضد آفتاب موجود در بازار برای پوست های چرب,0
اما پیامبر بدی نیست,0
من روی دستم اگزمای شدید داشتم واقعا پوست رو نرم میکنه فقط سنگینه,0
کرم خوبیه، اصلا عرق نمیکنه، خیلی سبکه، اصلا آزار دهنده نیست و با توجه به بی رنگ بودنش اصلا نگران نباشید که با رنگ پوستتون هماهنگ میشه یا نه.,0
کابلش خیلی خوبه و می تونی مشخصاتش رو از نزدیک ببینی، اگه برای دستگاه دیجیتالی بخوای قیمتش کمتره ولی برای ps واقعا عدد عالیه.,0
عالیه من خیلی راضیم,0
عالی,0
نسبت به قیمتش عالیه,0
اصلا ارزش خرید نداره رنگ طلاییشو خریدم بعد از یک هفته سیاه شد,1
کیف زیبا و با کیفیت است.,0
در مقایسه با کالاهای خارجی رقیب قدرتمندی است. آفرین به سینره,0
من پوستم خشکه و این دستمال تنها محصولی بود که پوستمو تحریک نکرد و عالی بود,0
عالیه و کیفیت خوبی داره,0
سرعت شارژش خیلی پایینه و پیشنهاد نمیکنم.,1
خیلی بد بود، شک دارم اصل باشه چون چند تا پولیش بورژوا داشتم، همشون عالی بودن، خیلی بی کیفیت بود.,1
خنک کننده هم هست و به نظر من کف مناسبی برای تمیز کردن بدن دارد,0
ماسک آلوئه ورا سودا را از دیجی کالا خریدم. این ماسک در ترکیبات خود از روغن زیتون استفاده می کند و بوی ماسک را کاملا می توان حس کرد. بوی عطر نمیده. به همین دلیل از آن خوشم آمد. رنگش سبزه و البته خیلی چسبنده. پس از استفاده روی پوست، باید بیست دقیقه صبر کنید تا خشک شود. سپس لایه را بردارید. البته به راحتی بلند نمی شود و باید پوست را یکی یکی مالش دهید تا تکه تکه کنده شود. سپس با آب گرم بشویید. صورت را کمی نرم و درخشان می کند.,0
خیلی خوب بود مرطوب کننده لبم عالیه,0
من از محصولات سی گل راضی هستم,0
خداییش همون میکرودرما هول نکن همین میکرودرما رو بگیر همین کارو میکنه با هزینه کمتر,0
خیلی زود کثیف نمیشه,0
بر خلاف نظر بعضی از دوستان موهام بعد از استفاده خیلی نرم شد و کمتر وز شد. البته به نظر من میزان کف کم بود و رایحه بسیار معمولی بود. …,0
در کل خوب است,0
سلام,0
پوست را شفاف و چربی های صورت را از بین می برد و برای استفاده روزانه مناسب است,0
این کابل از نظر کیفیت ساخت و کارایی چیزی کم نگذاشته است و آمپلی فایر بالایی دارد که با نرم افزار تست کردم پاس بالا و پایدار بود که تعجب کردم.,0
تاثیری نداشت متاسفانه,1
در داخل شگفت انگیز است، واقعا ارزش خرید دارد,0
در اولین استفاده تاثیرش را می بینید، واقعا تارتار را از بین می برد، اما در مورد مضرات آن اطلاعی ندارم.,0
من راضیم.. کاش زودتر می خریدمش,0
موها را کمی تیره می کند اما در کل خیلی خوب است.,0
خوبه دیدم با توجه به قیمتش چه انتظاری ازش داشتم...پیشنهاد میکنم,0
من خیلی راضی هستم من همیشه از این برند استفاده میکنم قدرت پاک کنندگی خیلی خوبی نسبت به قیمتش داره میتونم بگم با یک پد هم ناخن دستم و هم ناخن پا پاک میکنم عطرش خیلی خوبه به لطف دیجی کالا,0
عالی,0
کیفیتش اصلا خوب نیست و زود میشکنه... یک هفته هم دوام نمیاره,1
در این رنج قیمت بهترین و به صرفه ترین ماده خارجی بود که دکتر تجویز کرد. حجم و اثربخشی خوبی دارد,0
راضی بودم چشم و سایر قسمت های صورت رو خوب تمیز کرد,0
پوشش خوب نسبت به قیمت,0
با htc u play امتحان کردم درسته ارور میده ولی با برنامه audio router با روشن کردن قسمت جک خوب کار میکنه.,0
سریع شارژ می شود و سیم محکمی دارد,0
من این کرم را بر اساس نظرات مثبت دوستان تهیه کردم و بسیار راضی هستم,0
دوستانی که می گویند بند های شانه خیلی کوتاه است و برای افراد قد بلند یا درشت اندام مناسب نیست، اشتباه می کنند زیرا چنین کیف بزرگی باید روی شانه بالایی قرار گیرد زیرا حالت استاندارد این است.,0
کاملا مناسب است و مشکلی در این مورد وجود ندارد.,0
کیفیت خوب و عالی,0
من آن را با قیمت فوق العاده ای خریدم، تا به حال از شامپو بدن مای استفاده نکرده ام، اما خوشحالم که این کار را کردم، بوی فوق العاده ای دارد و بدنم را چسبناک یا خشک نمی کند.,0
عالی است. پیشنهاد میکنم بخرید,0
با توجه به قیمتش خوبه و خوب کار میکنه.,0
خیلی خوبه و کاملا از گوشی محافظت میکنه، خیلی راضیم,0
رنگ بسیار زیبا، قلم پهنای مناسبی دارد و با یک بار زدن کل ناخن را می پوشاند و نیازی به زدن مجدد آن نیست.,0
کیفیتش خوبه ولی با توجه به قیمت حجمش خیلی کمه,0
اصلا مرطوب کننده خوبی نیست هرچقدر هم قوی باشه من قبلا از این مارک و رنگ صورتیش استفاده کردم و خیلی ازش راضی بودم ولی این یکی افتضاح نیست بوی خیلی بدی هم داره.,1
این کیف لپ تاپ نسبت به قیمت و نمونه های مشابه بسیار مناسب است. تنها عیب این کیف این است که برای لپ تاپ های 1 اینچی مناسب است و برای لپ تاپ های بزرگتر مناسب نیست. من این کیف رو خریدم و از خریدم راضی هستم چون نسبت به مبلغی که پرداخت کردم واقعا عالیه.,0
کیفیتش نسبت به قیمتش واقعا خوبه و ارزش خرید داره,0
قدرت پاک کنندگی خوبی دارد و در عین حال ساقه مو را خشک نمی کند,0
برای بعد از آفتاب عالی بود,0
من مشکی رو گرفتم ولی اصلا مشکی نیست بیشتر خاکستری هست تا مشکی...از نظر جنس و کارایی قابل قبوله,0
احساس چسبندگی بسیار زیادی به پوست می دهد، ماندگاری زیادی ندارد.,1
کسانی که موهای مجعد دارند در خرید آن تردید نکنند. سریع جذب میشه بوی خوبی داره موها رو چرب و سنگین نمیکنه من راضیم,0
فریمش خوبه ولی اولا خیلی قویه.,0
خوبه ولی قیمتش بالاست,0
خرید این کابل رو اصلا توصیه نمیکنم چون بعد از سه ماه کاملا خراب شد چراغش روشن میشه ولی کار نمیکنه.,1
پلاستیک شانس خوبی داره زیبا.. واقعاً خوب با قیمت شگفت انگیز,0
کابل کنتور را تحویل گرفتم که کیفیت خوبی دارد و با وجود اینکه از خطوط برق رد کردم، نه صدایی شنیدم و نه افت سرعت یا قطع اینترنت یا شبکه. در صورت نیاز برای مصارف خانگی یا اداری مناسب است. قیمت مناسبی دارد,0
من این کابل رو آبان ماه تحویل گرفتم دقیقا مثل تصویر دور نگهدارنده پلاستیکی، کیفیت ساخت بالا، سوکت های بسیار قوی، قابلیت شارژ سریع (روی گوشی های سونی و ایسوس تست کردم) از همه مهمتر سرعت انتقال اطلاعات بالا. هم موجوده، طول، عدد متریک و قیمت مناسب، فقط اگه رنگ مشکی داشت حتما میخرمش. من از دیجی کالا برای تهیه این کابل با کیفیت تشکر می کنم.,0
بسیار خوب و موثر است.,0
در کل کیفیت مناسب و خوبی است,0
من چندین ساله دارم استفاده میکنم و راضی هستم ولی الان قیمتشون خیلی بالا رفته...,1
برندهای خوبی مثل جردن و...,0
بوی خیلی خوبی داره,0
کرم سبک و خوب و نرم است. اما اصلا بژ نیست. فقط مشخص است. برای پوست سفید اروپایی خوب است. پوستم روشنه و همیشه بژ روشن میخریدم البته از برندهای دیگه. اما این یک صفحه نیست و کاملا با رنگ سایت متفاوت است,0
رنگ روشن و زیبایی دارد و در عین حال زیاد جلب توجه نمی کند و روی دست بسیار زیباست. ماندگاری هم با زدن دو لایه نازک روی هم بدون تاپ کوت خوبه، در عین حال با آب زیاد کار میکنم ولی زود لبامو پر نکرد.,0
صابون فوق العاده پوست من حساس است و به شدت مستعد آکنه است. زیر پوستم جوش های دردناکی میزنه که خیلی بزرگ و متورم هستن ولی این صابون تو هفته اول جواب داد، در کمال تعجب واقعا عالی بود.,0
بعد از یک سال و نیم استفاده باید بگم که کیفیت بسیار بالایی داره,0
به نظرم خوبه چون میشه به شارژر اندروید وصل کرد و آیفون رو باهاش ​​شارژ کرد چون شارژرهای اندروید سیم کشی خیلی محکمی دارن که خراب نمیشه ولی آیفون نرمه و سیمش زود قطع میشه. حتما بخرید.,0
من از شامپو خارجی استفاده می کردم. اما چه مدت است که از این محصول استفاده می کنم؟ حجم زیادی دارد و برای موهای خشک مفید است.,0
در یک کلام عالیه,0
بهترین سرم کریستال واقعا مقرون به صرفه است، دو قطره کل مو را نرم می کند,0
این محصول نیز مانند بقیه محصولات برند معروف «دیو» - که من حداقل از تعدادی از آنها استفاده کرده ام - کیفیت بسیار خوبی دارد.,0
دوستانی که موهای آسیب دیده دارند در خرید آن شک نکنید. موهای من کاملا سوخته و درهم بود اما با استفاده از این محصول کاملا حالت خود را به دست آورد. کاش زودتر او را ملاقات کرده بودم.,0
هر محصولی که پایه سیلیکونی داره بدید.. ناخودآگاه اینو شکستم و بعدا متوجه شدم حالت مو و چرب بودن مصنوعیش در دراز مدت تاثیر بدی داره...,1
هر 10 دقیقه یک درصد شارژ می شود,1
بی کیفیت ترین قاب موجود در بازار است,1
سلام من این محصول رو از دیجی کالا با 50 درصد تخفیف خریدم و با این همه تخفیف هم ارزش نداشت. اولش خیلی خوب شارژ می شد ولی در کمتر از سه ماه خراب شد. در این مدت پورت میکرو یو اس بی گوشی بزرگ شده بود که مجبور شدم خودم این کار را انجام دهم. گوشی رو برداشتم و دوباره پورت رو بستم ولی بیشترین آسیب به شارژر وارد شد چون سرش صافه و محفظه گرد نداره (برای اینکه از دو طرف گوشی رو بزنه) شارژر رو خراب میکنه مثل یک اهرم نیم متری نیستی را چنگ زدم,1
جادار و محکم است از عکس من بهتر است و قیمتش هم خوب است,0
خوبه پیشنهاد میکنم حتما بگیری,0
عالی,0
من این کاور رو با درصد تخفیف خریدم و واقعا ازش راضیم. کاور تمام لبه های گوشی را می پوشاند و گوشی را زشت نمی کند، همچنین می توانید از ویژگی های Edge استفاده کنید.,0
به نظر من بسیار با کیفیت و عالی است,0
واتر جت عالی است و دندان ها را خیلی تمیز می کند و مسواک بسیار قوی و بسیار خوبی است,0
من برای پرینتر اچ پی خریدم، کابلش خوبه، طولش 1.5 سانت و مقاومتش در کل، کابل کیفیت خوبی داره.,0
آنها شامپوهای بسیار خوبی هستند، مخصوصاً خرید آنها از Amazing بسیار مقرون به صرفه است,0
من یک هفته پیش این محصول را از دیجی کالا خریدم و هنوز نتیجه اش را ندیدم اما قبلا بعد از برداشتن کاشت مژه از آن استفاده کردم، مثل معجزه بود، همه مژه هایم برگشتند. امیدوارم این بار هم کیفیتش خوب باشه,0
بسته بندی ضعیف است و درب ژل بسته نمی شود,1
از هر نظر عالی هستند. فقط سیم ها دو دسته به هم وصل می شوند و از هم جدا نیستند.,0
اگر از قیمت آن مهم نیست، از خرید آن پشیمان نخواهید شد,0
من نقدها را خریدم، متاسفانه تعداد زیادی از آنها را خریدم، اما باید آنها را دور بریزم. موها را کاملاً کرکی و شکننده می کند. حتی من روغن بادام بهش اضافه کردم بازم قابل استفاده نیست,1
من برای j یک عدد gn گرفتم اندازه نبود و مال گوشی های سری قدیمی بود و اصلا شماره j نبود برای s بود.,1
من این کرم رو تازه از نظرات بقیه خریدم تقریبا همه راضی هستن چه اینجا چه تو اینستاگرام امیدوارم نتیجه بگیرم,0
نسبت به قیمتش عالیه موها رو خیلی نرم میکنه,0
من بعد از یک بار استفاده از آن راضی هستم، عالی است,0
ضد آفتاب خوبی است، سریع جذب پوست می شود، عالی است.,0
کمی پوست را خشک می کند اما به دلیل ایرانی بودنش عالی است,0
از هر نظر عالی بود,0
دوستان فریم اصلا خوب نیست فقط ایرادش آینه هست که خودش دکمه ولوم رو فشار میده و صدای گوشی کم و زیاد میشه و اصلا قوی نیست.,1
من بعد از یک بار استفاده از آن تفاوت را احساس کردم,0
خیلی خوبه، مزایای محافظ و محافظ خوب رو داره,0
با اینکه موهام سوخته بود راضی بودم ولی در اولین استفاده خیلی نرمش کرد,0
یکی از با کیفیت ترین هاست,0
این شامپو برای کسانی که از ماینوکسیدیل استفاده می کنند مناسب است.,0
من از کرم ساعت پرایم استفاده کردم و بسیار راضی هستم. پوست من خشک و کم آب است و ترک نمی زند و چون این کرم علاوه بر آبرسانی خوب، چربی کمی دارد، برای من مناسب بود.,0
اصلا ماسک خوبی نیست,1
البته من حدود یک سال است که سنسودا کار می کنم,0
من اینو خریدم واقعا خوب بود جا میخوره و کیفیتش بالاست اگه قیمتش یه ذره پایین تر بود عالی میشد.,0
محصول دریافتی با تصویر موجود در اپلیکیشن متفاوت است. لطفا تصویر واقعی محصول را قرار دهید.,0
وقتی رسید امتحانش کردم از هر نظر مناسب بود. البته برای دسته ایکس باکس وان خریدم که از باتری استفاده نکنم. جنس سیم بسیار خوب و با کیفیت است. در عین حال امکان شارژ سریع گوشی نیز وجود دارد. من خودم با شماره شیائومی mi امتحان کردم دقیقا مثل کابل اصلی شارژ میشه. در کل از قیمتش راضی هستم.,0
مطمئناً مبدل های ارزان تری پیدا می شود. اما اگر نگران کیفیت هستید، باید بگویم که این مبدل را به عنوان یک گزینه جدی در نظر بگیرید. خوش ساخت و با کیفیت است. برای شما کار می کند.,0
سلام اسپری خیلی خوبیه و وقتی ازش استفاده میکنم واقعا حس میکنم دستام تمیزه بوی ضد عفونی کننده خیلی خوبی داره ولی به محض اینکه درو باز کردیم باید ظرف چند دقیقه تمومش کنید روز یا چیزهای دیگر می پرد و این خیلی بد است. من دوتا خریدم و فکر کردم اولی مشکل داره و نشتی داره ولی متاسفانه دومی اینطوری شد. با تشکر از همه شما عزیزان,1
عالیه حتما استفاده کنید,0
عالی . من خیلی راضی هستم. برای دومین بار از دیجی کالا میخرم.,0
به قیمتش می ارزه,0
همچنین کار خود را بسیار خوب انجام می دهد. به نظر من خیلی مبارک است. من پوستم چربه و باهاش ​​جوش نزدم. چند سری ازش خریدم پیشنهاد میکنم .,0
برای موهای آسیب دیده توصیه میکنم,0
الان گرفتم ظاهرش خوبه و رنگش هم خوبه من آن را دوست دارم (من آن را در صورتی خاکستری خریدم). در مورد مقاومت ضربه ای آن به نظرم قابل قبول است. یه نقطه ضعف داره که زیر گوشی رو نمیپوشونه ولی در کل شیک و تمیزه. به طرز شگفت آوری خوب است,0
کاور خوب و جالبی که خریدش رو توصیه میکنم خوشم اومد. فقط کمی نازک است و فکر نمی کنم بتواند از گوشی در برابر ضربه محافظت کند و ممکن است به مرور زمان شل شود، اما در کل خیلی خوب است.,0
من خیلی راضی هستم. من سرخابی سفارش دادم خیلی قشنگه,0
پوست نفس می کشد,0
هنگامی که گوشی شما به طور کامل شارژ می شود، جریان را قطع می کند,0
تمامی این لوازم جانبی دارای کیفیت بالایی هستند، چسب ها دارای چسبندگی عالی و فایل ها عالی هستند,0
کابلش عالیه و شارژش هم خوبه سر که به شارژر متصل می شود دو حالته است. فقط یکم کوتاه ولی کیفیتش عالیه,0
سلام,0
این خمیر دندان بسیار مرغوب و گیاهی است,0
این کاور یا قاب را سفارش دادم چون برند نیلکین همیشه از نظر طراحی ساده و زیبا از آن استفاده می کند. البته من شخصا تا الان کاور نیلکین نداشتم ولی اولین بار که سفارش دادم به محض اینکه گوشی رو داخل قاب گذاشتم از گوشه بالا سمت راست جدا شد. قاب ترک خورده است، به همین دلیل سفارش قاب هایی که خم نمی شوند را توصیه نمی کنم. با تشکر از دیجی کالا,1
سلام . خرید واقعا زیبا و با کیفیت است. برخی به قیمت نگاه می کنند و می گویند ارزان است و خوب نیست، اما اشتباه می کنند. بخرید خوب و با کیفیت است. با تشکر از دیجی کالا که محصولات را به بهترین نحو ارسال می کند.,0
لطفا اگر تا به حال از محصولی استفاده نکردید نظر ندهید، مردم را گمراه نکنید، من دو سه هفته است که این مبدل را گرفتم و کاملا ازش راضی هستم. با تشکر !!!,0
سلام کابل با کیفیت و بسته بندی عالی می باشد. سوکت های آن به خوبی بسته می شود و شل نیست. سرعت شارژش با کابل اصلی گوشی من فرقی نداره و خیلی خوبه. من دوتا خریدم البته فوق العاده هستن و خیلی راضیم.,0
عالی است، ممنون دیجی کالا,0
شماره قبل از اینکه بخرم کار می کرد، بعد قطع شد، حتی اطلاعات را انتقال نمی داد، از من شارژ نمی کرد,1
اولین بار که به دستم رسید فکر می کردم خیلی سبک و کوچک و بی فایده است اما بعد از اینکه طبق دستور از آن استفاده کردم به طرز عجیبی ناخن ها را صاف و جلا می داد!,0
من چندین سال است که از این مسواک استفاده می کنم و واقعا از آن راضی هستم,0
من با توجه به نظرات مثبت دوستان سفارش دادم و بسیار راضی هستم، مرطوب کننده عالی اصلا چرب نیست و سریع جذب می شود و پوست را نرم و لطیف می کند.,0
نسبت به قیمتش کیفیت قابل قبولی داره، از پلاستیک نرم ساخته شده که البته به دلیل ضخامت قاب گوشی زیاد شل نیست. برای توصیه به خرید آن، باید به قیمت آن نگاهی بیندازید.,0
توصیه نمی شود,1
امروز دریافت کردم. از هر نظر نگهبان فوق العاده ای است,0
برای پوست های چرب مناسب است,0
در زمان تخفیف قابل قبول و به صرفه است.,0
توصیه میکنم خرید نکنید,1
همین و آنهایی که گوشی اندرویدی دارند، چه جدید چه قدیمی، از آن لذت می برند...,0
دیگر نمی توان سری مسواک های برقی را با این قیمت نامعقول خرید، خود مسواک اکنون بی مصرف است.,1
متأسفانه خوب و سریع شارژ نمی شود,1
سلام نگران نباشید من اصلا از این محصول راضی نیستم در عرض یک هفته خراب شد,1
موهایم چرب بود و به دلیل شرایط آلوده محیط کارم پوست سرم پوسته می شد و می افتاد. من شامپوهای زیادی را امتحان کردم حتی با قیمت بالاتر از این. اما تصادفاً وقتی این شامپو را خریدم، واقعاً برای موهای من خوب کار کرد. هم پوسته پوسته شدن ناپدید شد و هم ریزش بسیار کاهش یافت. نکته جالب این است که بعد از چند روز، چربی روی سر و موهای من کاملا طبیعی می شود (در حالی که یک دسته شامپوی موهای چرب، موها و پوست سرم را کاملا خشک می کنند).,0
پوست را خشک نمی کند! نظافت مناسب ...,0
کابل مواد بسیار خوبی دارد، حداکثر سرعت شارژ آمپر است. بسته بندی مناسب قیمت عالی,0
برخلاف نظر برخی دوستان نه بوی بدی داشت و نه بلافاصله از بین رفت. واقعاً حتی بعد از شستن دست ها باز هم پوست دست ها می تواند اثر رطوبت و لطافت خودش را حس کند. نسبت به قیمتش خوبه و من ازش راضی هستم.,0
خیلی خوش رنگه و کیفیتش خوبه من آن را توصیه می کنم,0
من این ماسک و اسکراب را خیلی دوست داشتم. بوی خیلی خوبی داره برای یک بار استفاده مناسب است. طراوت پوست پس از استفاده احساس می شود. به هر حال نه قیمتش بالاست و نه حجمش بالاست. ارزش تلاش را دارد :),0
که در,0
محصولی بسیار خوب و باکیفیت است. من چندین بار از این ماسک استفاده کردم. بار دوم که از حمام بیرون آمدم و منافذ پوستم باز بود زدم که به نظرم موثرتر بود.,0
کابل مبدل آیفون 7 رو گم کردم و این کابل رو خریدم ولی متاسفانه بعد از حدود دو دقیقه ارور میده.,1
این تنها خمیردندانی است که پس از استفاده از آن احساس خوبی به شما می دهد,0
ایرادی نداره ... قطع و وصل یا چیز دیگه ای نداره ... خیلی خوب شارژ میکنه ... میخوام یکی دیگه بخرم ...,0
خیلی خوبه حتما پیشنهاد میکنم,0
من قبل از خرید نظرات را خواندم,0
راستش تصمیم گرفتم این کرم را به خاطر برچسب زیبای روی قوطی برای میز کارم که گاهی دستانم خشک می شود بخرم.,0
زیبا، شیک و با کیفیت,0
سلام خدمت دوستان عزیز. دوستان حدود یک ماه است که قسمتی از پیشانی ام نکروز شده بود که عمل کردم و دو سانت بافت پوست را برداشتند که کمی گود شده بود و بسیار دردناک بود. دکتر برام کرم تجویز کرد. رفتم و گرفتم. یک هفته استفاده کردم من این کرم رو تو دیجی کالا دیدم وسوسه شدم بخرم. خدایا بعد از چند ماه یه تفاوتی احساس کردم. خدا را شکر کاملاً بهبود یافته است و فقط یک اثر بسیار جزئی باقی مانده است. دکتر گفت این کار را ادامه بده، قطع نکن، کاملا از بین می رود. وظیفه خودم می دانستم که این را بگویم. من تجربه کردم و نتیجه گرفتم ولی میخوام به دوستانی که دنبال کرم احیا کننده هستن کمک کنم تا راحت از این کرم استفاده کنن.. ممنون..,0
بسیار زیبا و مناسب پوست سفید است,0
عالی,0
بدون فیبر اسفنجی به خوبی کف نمی کند,0
سلام . من حدود یک سال است که از این مانیتور استفاده می کنم. بعد از کلی تحقیق این مانیتور رو خریدم. من از آن بسیار راضی هستم. چشم را اذیت نمی کند.,0
این محصول برند مورد تایید اپل قرار گرفته است (این اتفاق برای چند محصول می افتد),0
با این قیمت و این کارایی حتما پیشنهاد میکنم. کیفیتشم خیلی خوبه البته کیفیتش به قدری خوبه که فکر میکنم به مرور این نرمی کار رو خراب کنه.,0
مثل کاورهای ژلی معمولی ولی با این تفاوت که رنگش مشکیه و تغییر رنگی نداره حداقل و در نهایت راضی هستم.,0
از نظر طعم و اسانس که جالب نیست حالت رب به گونه ای است که حس خوبی نمی دهد و در نهایت تغییری در سفید شدن و پوسته پوسته شدن مشاهده نشد.,1
من از پاکسازی خوبش راضی بودم و تا زمانی که استفاده کنید تاثیر نسبتا خوبی در رفع و از بین بردن جای جوش داره.,0
من xs max دارم و چون جک شماره نداره مجبور شدم اینو بخرم. وقتی آن را به ماشین وصل می کنید بعد از چند دقیقه گوشی پیغام می دهد که آیفون از این سیم پشتیبانی نمی کند و صدا قطع می شود. یعنی طول عمر آن یک عدد دقیق است,1
کاملا بی رنگ و بی کیفیت. مثل یک مرطوب کننده است,1
مواد و کیفیت خوب، دقت در تولید,0
به دلیل نازکی که دارد ضد ضربه نیست و قیمت آن نسبت به کیفیتش گران است,1
من دو ماهه از این کرم استفاده کردم لک های پوست رو روشن تر میکنه و کل پوست صورت رو روشن میکنه. برای من هیچ حساسیتی ایجاد نکرد اما نکته اینجاست که اگر مدتی استفاده از آن را قطع کنید و در معرض آفتاب قرار بگیرید دوباره لک ها تیره می شوند. استفاده مداوم بسیار موثر است.,0
سلام . من این کرم را برای همسرم گرفتم. او از کیفیت آن شگفت زده شد.,0
عالیه کیفیت خوبی داره,0
من از شامپو و این کرم استفاده کردم خیلی کمک کرد موهام خشک بشه ازش راضیم,0
من یک محصول از دیجی خریدم و الان سه هفته است که از آن استفاده می کنم. من راضی هستم.,0
مخصوصا برای کسانی که دندان های حساسی دارند عالی است,0
عالی,0
بسیار با کیفیت و زیبا,0
خیلی خوبه من به اکثر خمیردندان ها حساسیت دارم اما این یکی خیلی ملایم و با مخاط دهانم سازگار است و اصلا نمی سوزد و خیلی خوب تمیز می شود.,0
زیبا و با کیفیت بود,0
بسیار بی کیفیت است.,1
من واقعا از این همه نظرات مثبت تعجب کردم. من بعد از دیدن همه نظرات مثبت خریدم. تا زمانی که خیلی صاف بود و یک بار خم نشد کار می کرد اما دو سه بار داخل کیفم گذاشتم بدون اینکه چیزی نشان دهد از کار افتاد. یک ماه تمام برای من کار نکرد,1
من الان حدود یک ماهه که از این محصول استفاده میکنم قبلا کابلهای زیادی خراب کردم ولی این تقریبا بهترین کابلی هست که داشتم فقط مشکلش اینه که فنرهای کانکتور ضعیفه و الان بعد از مدتی در استفاده، مثل قبل سفت نمی شود.,0
این محصول را نخرید، برای من بسیار بی فایده است، زیرا روی قاب آن خراشیده شده بود. بالاخره اون خوشگل نیست من گول ظاهرش رو خوردم,1
پوست را عمیقا تمیز می کند,0
کابلش خوبه وقتی وصلش میکنم سریع بالا میاد ولی مشکل اینه که آینه کوتاهه,0
به نظر من این ماسک واقعا خیلی خوبه. من همیشه از ماسک نوشابه زغال چوب استفاده می کنم. واقعا کیفیت خوبی داری آنهایی که می گویند ما از آن استفاده کردیم پوستمان سوخت، حواسشان باشد که شاید ماسک زغال اصلا مناسب پوستشان نیست و باید از ماسک دیگری، هر ماسکی استفاده کنند. برای پوست های خاص مناسب است. اگر پوست خیلی خشک است، این ماسک برای آنها چندان مفید نیست,0
نسبت به قیمت و اندازه اش محصول خوبی است,0
پاکسازی و رطوبت کافی,0
بهترین خمیر دندان برای دندان های حساس. پس از تعداد دفعات استفاده، شاهد تاثیر مطلوبی هستیم. البته بهتر است مقداری روی دندان باقی بماند.,0
بسیار ضعیف و بی کیفیت. سرعتش خوبه ولی خیلی زود خراب شد. بیست تومان روی پولت بگذار و ماندگار بخر.,1
من این پولیش را در یک پیشنهاد ویژه با قیمت بسیار مناسب خریدم. اما من اصلا توصیه نمی کنم. ماندگاری بسیار کمی دارد. تنها پس از چند ساعت، لبه های لاک پاک می شود,1
من سه ساله از کرم مرطوب کننده کامان استفاده میکنم و به نظرم واقعا کیفیت خوبی داره,0
به درد نخور,1
تا حالا دویست بار استفاده کردم و راضی بودم.. چیز بدی ندیدم,0
من چندین بار استفاده کردم واقعا عالیه,0
عالی,0
اصلا با عکس همخوانی نداره,1
کیفیت بالا,0
من تا زمانی که این کرم را بدست آوردم از کرم های مختلف استفاده کردم. من واقعاً فکر نمی کردم که یک کرم با این قیمت برای پوست من اینقدر خوب باشد در حالی که پول زیادی را برای کرم های مرطوب کننده، کرم هایی مانند Clinique و Stilader خرج کردم. من واقعا از این کرم راضی هستم و به خوبی پوستم را آبرسانی و جوان می کند. من همیشه منتظر تخفیف شگفت انگیز در دیجی کالا هستم و تعدادی سفارش می دهم. نسبت به قیمتش واقعا ارزش خرید داره ممنون از دیجی کالا,0
عادی بود,0
به نظر من کیفیتش خیلی خوبه عالیه من تجهیزات شوفاژ رو هم از این مارک خریدم خوب بود این هم خیلی خوبه عالیه از خریدش پشیمون نمیشید.,0
من واقعا ازش راضی هستم. بدون بو و بدون چربی. به راحتی جذب پوست می شود و هیچ اثری از خود باقی نمی گذارد.,0
این کابل از نظر قیمت بسیار عالی است. و کیفیت خوبی داره فقط برای کسانی که مثل من در ابتدا مشکل پرش تصویر در لپ تاپ دارند هنگام وصل شدن به تلویزیون ابتدا ورودی تلویزیون را به hdmi مورد نظر تغییر دهند سپس به لپ تاپ وصل کنند مشکل حل می شود. حل می شود و تصویر دیگر رد نمی شود.,0
بسیار زیبا، ساده و نرم است,0
نسبت به قیمتش ارزش خرید داره.. نمیتونم بگم عالیه.. خیلی معمولی.. برای کسانی که پوست خیلی خشکی دارن توصیه نمیشه.. فقط نیم ساعت مرطوب میمونه. حجم بالایی داره و قیمتش هم مناسبه,0
سلام من به تازگی این کابل را دریافت کردم. نسبت به کابل های تبدیل یک به دو aux بسیار خوب و با کیفیت تر است و بسیار کوچک و قابل حمل است. بین دو ورودی فقط کمی فاصله وجود دارد. اما بدون کاهش بیس صدا را به خوبی منتقل می کند. و کیفیت صدا بسیار بسیار بهتر است، زیرا برای موقعیت هایی که می خواهم فیلم را با کسی تماشا کنم و از هدفون استفاده کنم بسیار خوب است. یا از سینمای خانواده با اسپیکر کامپیوترتون با هم استفاده کنید یا دو تا اسپیکر و ... که میخواد دوتا بشه خیلی مناسبه. از اینکه برای خواندن این مقاله وقت گذاشتید بسیار سپاسگزارم.,0
اولش کابل خوبی بود ولی یک روز کار نکرد بدون دلیل چند بار وصلش کردم دوبار کار کرد و شارژ شد ولی بازم کار نمیکنه.,1
همکارم از این اسپری استفاده کرد و به من پیشنهاد داد. از ضد آفتاب و Pedi Lafarre هم استفاده کردم. محصولات کیفیت خوبی دارند. راستی به خاطر اونا تصمیم گرفتم اسپری موشو امتحان کنم.,0
هم یک دستبند زیبایی است و هم یک کابل عالی و هم ضمانت عالی بودن.,0
متأسفانه گارد قبلی که قیمتش بیشتر بود خراش های کوچکی روی پشت گوشی گذاشت. این نسبت به قیمت خوب است.,0
مناسب پوست من است و بعد از استفاده خشکی و قرمزی ندارد. غلظت خوبی دارد و مقرون به صرفه است.,0
این پک مخصوص پوست های چرب و مختلط نسبت به قیمت آن بسیار مقرون به صرفه است. رنگ کرم ضد آکنه برای من که پوستی روشن و گندمگون دارم مناسب بود و برای آرایش بسیار سبک پوشش خوبی دارد. حتی بعد از بدنسازی و تعریق هم اصلا به پوست دست نمی زد و درخشندگی خیلی کمی داشت. این کرم بافت بسیار سبکی دارد و به راحتی روی پوست پخش می شود. البته این یک محصول آرایشی نیست و نباید مانند کرم پودر به آن نگاه کنید. میسلار واتر برای پاکسازی و تنظیم PH پوست نیز بسیار مفید است.,0
برای صورت خشک من عالی بود,0
بوی خوب و نرم کنندگی بالا,0
عالیه من برای بار دوم میخرم و تنها ضد آفتابی هست که فکر میکنم برای همیشه بخرم. برای پوست های مختلط عالی است، رنگ آن را تغییر نمی دهد، پوست چرب نمی شود,0
بعد از پاک کننده چشم آیوروش که به دلیل افزایش قیمت ترجیح میدم نخرم از این استفاده کردم و پاکسازیش هم کاملا همینطوره. آرایش چشم و لب را با مقدار بسیار کم پاک می کند و به دلیل روغنی که دارد به پوست اطراف چشم آسیبی نمی رساند. اگر این باعث افزایش قیمت نشد، توصیه می کنم آن را امتحان کنید.,0
بسیار بی کیفیت,1
عالی بود,0
با اینکه قشنگه ولی متاسفانه خیلی زود میشکنه,1
از هر نظر عالیه مشکلی نداره من حدود دو ماهه دارم استفاده میکنم خیلی خوبه و سریع توصیه میکنم.,0
طبق نظرات خرید کردم. برای نرم کردن مو بسیار خوب است. موهای من خیلی زبر بود اما ابریشمی نبود. از همون اول تاثیر گذاشت و بوی خوبی داره,0
کیفیت بسیار بالا,1
من مدت زیادی است که از آن استفاده می کنم و پس از ماه ها استفاده از آن، این بررسی را می نویسم. واقعا زیباست مثل عکس کاملاً جا می شود، اما قسمت بالای قاب بسیار بسیار شل است. در ابتدا این موضوع بسیار محسوس است اما پس از ماه ها استفاده جا افتاده است و در واقع به نظر می رسد که تازه نصب شده است. در کل نسبت به قیمتش خرید خوبیه.,0
پوستم سبزه ولی خیلی کدر بود ولی الان پوستم شفاف و روشن شده حتی روی منافذ باز صورتم تاثیر مثبت داره. پیشنهاد میکنم امتحانش کنید همچنین پوست من بعد از استفاده خشک نمی شود. در کل راضی هستم,0
بعد از عدد ماه قطع و وصل شد. گارانتی رو گرفتم برام عوض کردند.,1
با توجه به قیمت، تاثیر خوبی دارد,0
برای پوست خشک عالیه من راضیم ولی خیلی زود تموم میشه. نسبتاً کوچک است,0
موها را خشک و زبر می کند، باعث شوره سر می شود. من اصلا راضی نبودم و بعد از استفاده شوره زیادی بهم داد و مجبور شدم از شامپوی ضد شوره استفاده کنم با اینکه تا حالا شوره سر نزده بودم.,1
در مورد تاثیر جراحی بسیار موثر بوده است,0
متاسفانه برخلاف نظر دوستان این رابط از کیفیت پایینی برخوردار است. رابط آیفون اصلا کار نمی کرد و رابط سامسونگ بسیار شل است و با کوچکترین تکانی قطع می شود. متاسفانه دیر تست کردم و امکان برگشت وجود نداشت.,1
نکته ای که در هنگام خرید این محصول باید به آن توجه کنید، مناسب نبودن آن برای افراد مسن است! این محصول یک محصول پیشگیرانه و ضد پیری برای دور چشم است و به نظر من برای افراد زیر گروه سنی گزینه بسیار مناسبی است. برای افراد مسن، زمانی که پوست کمتر چرب می شود و بیشتر مستعد چین و چروک می شود، باید از محصولات قوی تر دور چشم استفاده شود.,0
به جای تاخیر، باید داروی بیهوشی بنویسید,1
خیلی خوبه ریزش مو رو قطع نمیکنه ولی چربی موهام رو هم کنترل میکنه..کلا برای پوست و موی چرب استفاده میکنم..,0
قاب زیبا، بسیار لوکس,0
من راضی بودم,0
من حدود یک سال است که از محصول آزید استفاده می کنم. در این مدت هر روز چندین بار از آن استفاده کردم و نظرات خود را به شرح زیر با شما در میان می گذارم:,0
من راضی هستم,0
چون در شهر ما یافتن آن آسان است، نه این است که آنجا نیست، کافی نیست. شامپو خوبیه، ارزش خرید اینترنتی رو داشت,0
اگر برای دستگاه های اپل خود کابل روشنایی می خواهید، شک نکنید که حتما باید این را بخرید، حتی در مقایسه با کابل های به اصطلاح اورجینال موجود در بازار، این کار با وقار است...,0
به عنوان یک محصول طراحی عالی,0
موم ندارد و بین دندان ها گیر می کند و می شکند.,1
سلام دوستان همونطور که بقیه دوستان اشاره کردند نظرشون رو تایید و تاکید میکنم. این کابل در نوع خود بهترین است. درود بر دیجی کالا و یاران پاک و باوفایش,0
من فکر می کنم این برنامه برای کسانی که زمان کافی برای خرید ندارند بسیار خوب و عالی است,0
سیم خوبیه من مدتی است که از آن استفاده می کنم. من از آن راضی هستم,0
لنز و فلاش توسط بریج پوشانده نمی شود و دسترسی به لنز و فلاش آسان است,1
اندازه گوشی نیست,1
من از زمانی که این محصول را خریدم دقیقاً دو ماه است که از آن استفاده می کنم. چشمام بعدش میسوزه تحمل . انجام میدهم . و . تا الان هیچ تاثیری نداشته است,1
عالی بود . من ماسک های زیادی را امتحان کردم، بسیار گران تر، اما این یکی واقعا عالی بود,0
اصلا سنگین نیست و بوشش عالیه,0
بسیار زیبا و محکم با قیمتی ارزانتر از بازار,0
نسبت به قیمتش خوبه,0
عالی بود و به پاهام حس خوبی داد,0
کیفیتش خوبه,0
دوستان من به پیشنهاد دکتر پوستم این ضد آفتاب رو گرفتم...پوستم چربه و به دلیل درمان خیلی حساسه...این ضد آفتاب عالیه...تا چند ساعت نیاز به تجدید نداره چون محافظت بالا و عالی داره... اونایی هم که میگن باعث درخشندگی پوست میشه. باید بگم که این ضد آفتاب بدون چربی است اما خاصیت مرطوب کنندگی آن باعث درخشندگی کمی پوست می شود که اگر چند دقیقه صبر کنید کاملا جذب و مات می شود و درخشش نمی کند...,0
میتونم بگم افتضاح بود خیلی خوشم اومد انتظار نداشتم,1
فقط چند ماه کار کرد بعدش خراب شد و سرعت شارژ خیلی کم شد.,1
با سلام متاسفانه یک ماه از قطع کامل آن نمی گذرد. من دو سیم دارم یکی در محل کار و یکی در خانه. من از این سیم فقط شب ها که از سر کار می آمدم استفاده می کردم. که متاسفانه به خودی خود متوقف شد,1
به طرز شگفت انگیزی، واقعا ارزش خرید دارد,0
اصلا خرید نکنید,1
سلام,0
کیفیتش عالیه و من واقعا راضیم چون بدون افت ولتاژ برق میده,0
رنگش برای پوست روشن خوبه...پوشش خوبی داره غلیظه بعد از چند ساعت پوست رو تیره نمیکنه مشکلی که با ضدآفتاب داشتم و پوستم چرب نمیشه...گرفتم راش در ابتدای استفاده چون قبلا از نرم کننده استفاده می کردم اما استفاده از آن به تنهایی مشکلی نداشت.,0
رنگارنگ است، اما باید دائماً تجدید شود,1
برخلاف سایر تبدیل ها، این تبدیل هم داده ها و هم هزینه ها را منتقل می کند. می توانید از آن برای انتقال فایل ها به کامپیوتر از طریق کابل micro usb و برای انتقال فایل ها به فلش از طریق otg که micro usb است استفاده کنید.,0
به نظر می رسد که قیمت آن در مقایسه با سایر کرم ها کمی بالا باشد، اما کیفیت بسیار بالایی دارد و مقدار کم آن سطح وسیعی از پوست را پوشش می دهد که باعث می شود آن را مقرون به صرفه کنید.,0
من چند سالی هست که از این کرم استفاده میکنم و خیلی خوبه و روی صورتم لک نداره. پوشانندگی بسیار خوبی دارد، جای جوش، لک یا هر چیز دیگری را تا حد زیادی می پوشاند و پوست را صاف می کند.,0
من بعد از استفاده از آن احساس بسیار خوبی روی پوستم دارم,0
من در مورد مواردی که طی دو ماه از خرید من گذشته است نظر می دهم:,0
نسبت به پولی که می بینید خوب است,0
آیفون شماره را شارژ نمی کند,1
سلام . من این کالا را با تخفیف شگفت انگیز خریدم و واقعا از آن راضی هستم. در مقایسه با یک مسواک معمولی، دندان ها خیلی بهتر تمیز و سفید می شوند و اصلا قابل مقایسه نیستند. فقط ای کاش می توانستید شارژ باقی مانده دستگاه را نمایش دهید، زیرا کاربر هیچ ایده ای در مورد شارژ باقی مانده و چند بار دیگر نمی تواند استفاده کند و همچنین وقتی دستگاه را شارژ می کنید، نمی دانید چه زمانی خواهد بود. زمان کافی برای شارژ کامل باتری، که بیش از حد متصل است. به پریز برق وصل نکنید.,0
من به شخصه خیلی راضی هستم بر خلاف کابل های خود اپل که خیلی ضعیفه و زود میشکنه، این کابل خیلی محکمه، طولش مناسبه و خوب بسته میشه و سری ال ای دی واقعا کاربردیه. من آن را به شما توصیه می کنم.,0
من راضی بودم,0
این مارک خیلی خوبه,0
فقط دو ماه استفاده شده خیلی بی کیفیت,1
از همه لحاظ برای پوست و مو عالی است,0
از نظر کیفیت در سطح عالی و بهتر از کابل فابریک سامسونگ است.,0
واقعا بی نظیر است,0
ایرانی بخر,0
شامپو خیلی خوبیه من خیلی راضی هستم. من آن را به همه پیشنهاد میکنم,0
من حتما توصیه می کنم، مرطوب کننده روغن آرگان بهتر از سایر مرطوب کننده ها است,0
من این محصول را از دیجی کالا برای همسرم خریدم. (البته قبلا از دیجی مالا خرید کرده بودم که عالی بود) متاسفانه این بار فروشنده یک محصول (گالری شقایق) ارسال کرده بود که دو ماه قبل از تاریخ انقضا بود. در حالی که تخفیف تعجب آور نبود. از آنجایی که همیشه تاریخ ها را چک می کنم، بلافاصله با پشتیبانی تماس گرفتم و محصول را برگرداندم. کمتر از یک ساعت بعد هزینه را دریافت کردم، البته اگر محصول را با تاریخ انقضای مناسب تحویل گرفته بودم، برایم قابل قبول بود.,0
در کل چیز خوبیه و الان یک ماهه دارمش و راضی هستم,0
من آن را به همه پیشنهاد میکنم,0
خوب است,0
چند ماه به من توصیه شد که ازش استفاده کنم ولی الان چند روزه دارم استفاده میکنم.,0
یک ماهه که خریدم و خیلی راضیم,0
عالیه و بوی خیلی خوبی داره، حس خنکی به پوست میده,0
بسیار خوب و موثر است,0
غیر قابل مقایسه با برندهای داخلی و کیفیت فوق العاده بالا,0
در عرض چند روز جوش شدیدی پیدا کردم، دیگر نمی خواهم از آن استفاده کنم، بعد از استفاده پوستم نرم و صاف شد، لب هایم خوب شد، اما جوش زدم.,1
عالیه,0
بعضی از دوستان گفتند که بوش زیاد است ولی به نظر من مناسب است. بوی ادکلن میده سریع جذب می شود و آبرسانی خوبی دارد. من بعد از حمام از آن برای تمام بدنم استفاده می کنم و تاثیر آن شگفت انگیز است,0
جنسش خوبه,0
صابون های خوب زیاد هستند اما بهتر است بیشتر برای بدن استفاده شود تا صورت,0
من تازه دریافت کردم. کیف خوبی است. نسبت به قیمتش مناسبه البته من از فروش خریدم. مشکل این است که داخل بند ها باریک است، جادار و سنگین بودن کوله نامناسب است و مقاومت خوبی ندارند.,0
شارژدهی خوبی داره,0
در مقایسه با هزینه آن، محصول ارزشمندتری دریافت می کنید,0
به دلیل نوع سیلیکونی نرم پلاستیکی، درب به خوبی بسته نمی شود,1
من به تعداد گرم هم وزن گرفتم و همون تعداد گرم هر دو عالی هستند,0
قاب بسیار ساده و در عین حال شیک و استفاده آسان است. از همه مهمتر رنگ دور قاب دقیقاً همرنگ بدنه آیفون است و به نظر می رسد که هیچ قاب روی گوشی وجود ندارد. واقعا فوق العاده است.,0
تاریخ انقضا نزدیک است,1
وقتی استفاده میکنم پوستم تا چند ساعت نرم میمونه و بوی خیلی خوبی میده,0
برای خونه خوبه و عالیه ولی برای حرفه ای ها خوب نیست و یه اسباب بازی تو مغازه... قیمت نداره و ارزونه و برای آدم عالیه.,0
خیلی خوب است. ما راضی هستیم. بوی ملایم و خوبی دارد و روغن آن آزاردهنده نیست. من چند تا از آن را برای خودم و دیگران خریدم,0
برای پدرم خریدم، بعد از چند بار استفاده، دندان مصنوعی اش را کاملا سیاه کرد. نخر,1
گفتم خدانگهدار,1
نگران حجم کمش بودم ولی وقتی به دستم رسید و استفاده کردم دیدم مقدار خیلی کمی از اون قسمت زیادی رو میگیره و برای کل صورت حداکثر دو پمپ کامل (دو قطره) استفاده میشه.,0
قاب شیک و عالی,0
محصولی شناخته شده و باکیفیت. با تشکر از دیجی کالا عزیز بابت این محصول با کیفیت.,0
برای افرادی که دندان مصنوعی دارند دستگاه خوبی است,0
تعداد ماسک موی معمولی از بقیه ماسک ها بهتر است اما آیا این قیمت است یا شاید تعداد آن کمتر باشد، می توانید شماره بهتری بخرید؟,0
مشکی خریدم واقعا از همه نظر عالیه,0
بعد از یک هفته استفاده منظم و روزانه از دونووت کم کم دندان هایم کمرنگ و رنگ پریده شدند...,0
کیفیت عالی,0
واقعا عالی است البته من از درون شگفت انگیز شدم,0
من هنوز از کرم استفاده نکردم ولی بعد از باز کردنش هوای زیادی بیرون اومد. ولی رنگش همونی بود که میخواستم چون پوستم سفیده و دوست ندارم کرم ضد آفتاب خیلی سفیدم کنه. من هنوز از آن استفاده نکردم تا بدانم پیشنهادش خوب است یا نه,0
این محصول جذب بالایی دارد و تاثیر خوبی دارد. پوست را چرب نمی کند و نسبت به قیمت و حجم آن بسیار تمیز لایه برداری می کند.,0
فکر نمیکردم اینقدر کیفیت داشته باشه و قیمتش عالیه.,0
بسیار به صرفه است,0
این مدل از حفاظ های شفاف بسیار شیک و کمیاب در بازار هستند.,0
فریمش خوبه حفاظ نداره ولی اندازه سیلیکون نیست,0
من دیروز تحویل گرفتم، در یک پیشنهاد ویژه خریدم، واقعا ازش راضی هستم، راحت است و جنسش نسبت به قیمتش عالی است، محفظه موبایل بزرگ و خوب است، در کل از خریدم راضی هستم.,0
شما باید به طور مداوم از آن استفاده کنید تا متوجه تغییرات شوید,0
محکمه . مانند سایر تبدیل ها شل و ضعیف نیست,0
خیلی خوبه و نسبت به قیمتش عالیه، گوشی رو خراب نمیکنه,0
کیفیت خوب,0
به درد نخور . آشغال,1
سلام,0
عالی بود موهامو نرم میکنه,0
این اندازه بسیار مقرون به صرفه تر از اندازه های کوچکتر است. پیشنهاد می کنم اگر از نرم کننده زیاد استفاده می کنید این سایز را تهیه کنید,0
قدرت پاک کنندگی خوبی دارد. به خصوص اگر با برس های صورت استفاده شود.,0
خوب است عالی من راضی هستم زیبا و سنگین. خوب بنظر می رسد. مخصوصا مشکیش,0
اگر فاکتور قیمت را در کنار همه چیز قرار دهیم، عالی است. رایحه خوب، ماندگاری طولانی، قدرت پاک کنندگی بالا و لطافت پوست حاصل استفاده از این صابون است. اگر می توانید با قیمت بالای آن کنار بیایید، در خرید آن تردید نکنید.,0
یک کاور زیبا و منعطف برای گوشی,0
سلام به همه دوستان,1
کیفیت خوبی دارد و چون سر کابل زاویه دارد کار با آن در هنگام شارژ راحت است و سرعت شارژ خوبی دارد.,0
مقدار آن کم است و خیلی سریع روی صورت خشک می شود اما کیفیت قابل قبولی دارد. علاوه بر این منافذ پوستم را تغییر نداد.,0
او هیچ حرفی در مورد قیمت ندارد,0
شارژ سریع نیست,1
کرم تقریبا خوبه من برای بار دوم سفارش دادم,0
بسیار عالی، قطعاً نسبت به قیمت پیشنهاد می شود,0
با حالت چسبی پوشانده شده بود که قابل برداشتن نیست، فقط از شانس من بود,0
طبق سلیقه من بوی خوبی داره,0
عالی، بسیار قدرتمند و با صدای بلند,0
برای موهای سفید شده بسیار مفید است,0
قیمت عالی,0
واقعا محصول بی کیفیتی است,1
خوب بود .,0
گوشی رو اصلا شارژ نمیکنه و قطع و وصل میشه,1
اصلا چیز خوبی نیست و قدرت شستشوش به قدری بالاست که باعث سوزش و خارش می شود، برای من مشکل ایجاد کرد که یک هفته درگیر دکتر و دارو بودم، باعث اگزمای شدید می شود و بعد از یک بار استفاده از آن یا دو بار، آن را دور انداختم و پولم را هدر دادم.,1
واقعا کیفیت بالایی داره,0
در رفع چین و چروک دور چشم بسیار موثر است,0
من یک کرم خوب و کاربردی با کیفیت خوب را نسبت به قیمت پیشنهاد می کنم,0
به نظر می رسد ریزش مو کمتر باشد,0
من چندین ماهه که از این مسواک استفاده میکنم و به نظرم خوبه,0
این محلول با استفاده از یک ماه یا بیشتر نتایج خود را نشان می دهد و نباید به طور ناگهانی قطع شود اما نتیجه عالی است.,0
بسیار عالی است,0
خرید این مسواک واقعا اشتباه بزرگی بود,1
کیفیتش خیلی پایینه و سایزش استاندارد نیست و پلاستیکی هستش که به سختی نصب میشه و خود به خود روی لپ تاپ خش میزنه. من اصلا راضی نبودم و وقتی خواستم از لپ تاپم بردارم به خاطر مواد خیلی خشکش خراب شد.,1
ریزش شدید مو داشتم یکبار استفاده کردم خیلی خوب بود انگار سرم راحت شد,0
اندازه محصول کاملا نامناسب و غیر معمول است,1
یک کرم سبک است,0
حتما امتحانش کن,0
گرون بود ولی راضی بودم,0
اگر تازه باشد شامپوی خوبی است چون اگر زیاد بماند تغییر رنگ می دهد و قابل استفاده نیست. باید مدت کوتاه تری روی موها بماند.,0
عالی نیست,1
محصولات سی گل در مقایسه با سایر برندها از کیفیت قابل قبول و قیمت مناسبی برخوردار هستند. من شخصا مشتری این برند هستم و آن را به همه توصیه می کنم.,0
عالیه حتما بخرید برای پوست های چرب و کم آب مناسبه,0
خوب,0
به گفته برند ایرانی، محصولات آدرها کیفیت خوبی دارند و مشابه نمونه های خارجی، رایحه ملایمی دارند.,0
به راحتی روی ناخن پخش می شود و به سرعت خشک می شود.,1
مواد بسیار بی کیفیت است,1
من تازه تحویل گرفتم و در یک خرید فوق العاده خریدم، از نظر قیمت بسیار مناسب بود و الان که دست من است از هر نظر کیفیت خوبی دارد و به هرکسی پیشنهاد می کنم.,0
به نظر من کسانی که دنبال یک مبدل جمع و جور و راحت و ارزان هستند در خرید آن تردید نکنند... برای گوشی عالی است.,0
من دو روزه دارم استفاده میکنم و دیدم پوشانندگی و ماندگاری خوبی داره. وقتی از سر کار به خانه می آیم، پوستم هنوز سالم است. تنها چیزی که احساس کردم این بود که پوستم تیره شده بود تا اینکه فهمیدم دسته گل یک کالای دیجی است!! رنگ بژ روشن رو سفارش دادم بژ صورتی برام فرستادند!! در بالا به جای نام محصول، عدد برای پوست های مختلط و چرب به وضوح نوشته شده است، اما دیجی عدد را برای پوست های خشک ارسال کرده است. من به بازار اعتماد زیادی داشتم و قبل از بررسی باز کردم متاسفانه وگرنه برمیگشتم. در عین حال این که بگوییم ضد تعریق است یکسان نیست. یعنی علیرغم اینکه دی ماه است و نسبتا سرد است. پس از چند ساعت برخی از قسمت های پوست مانند پیشانی و بینی شروع به درخشش می کنند.,0
سوکت های دو سر کابل کاملا بی کیفیت هستند به طوری که اصلا به گوشی من نمی خورد و شارژ نمی شد.,1
من خیلی وقته از این اسپری استفاده می کنم و قبلا هم به سختی پیداش می کردم. کیفیتش عالیه و به سرعت تاثیرش رو میبینید,0
من این کیف رو تازه خریدم جنسش عالیه فوق العاده سبکه مخصوصا وقتی لپ تاپمو میذارم تو کیف اصلا احساس ناراحتی و سنگینی نمیکنم. در کل عالی بود ممنون از دیجی کالا,0
بسیار مناسب,0
بسیار زیبا و ظریف و متناسب با دستگاه بود اما احتمالاً به زودی در مقابل ضربه می شکند,0
من شش ماهه دارم استفاده میکنم سالم هست,0
به نظر من اگر اثر انگشت و وزن قاب برای شما مهم نیست بهترین گزینه برای خرید است. من خودم خریدم خیلی خوبه من آن را برای ورزشکاران توصیه می کنم.,0
پیشنهاد میکنم ،,0
کابل اسپیکر رو تست کردم صدا برابر صدای بلوتوث بود با خود کابل صداش درست نبود.,0
کیفیت بالا و قیمت مناسب,0
مهم نیست.. عالیه با تشکر از دیجی کالا,0
کیفیت محصول,0
کیفیت بالا,0
جنسش واقعا خوبه ولی قیمتش کمی بالاست. پیشنهاد شگفت انگیز آن ارزش خرید دارد,0
بهترین نخ دندانی که تا به حال استفاده کردم، بسیار نازک و محکم,0
خیلی شیک است و نسبت به قیمتش واقعا ارزشش را دارد,0
سلام من بخاطر سفید شدنش گرفتم ولی واقعا تاثیری ندیدم!,1
نچرالز سرعت و قدرت دستگاه های سالن را ندارد اما برای مصارف خانگی عالی است همیشه ناخن و دست صاف و تمیز داشته باشید و خودم کاشت با ناخن مصنوعی انجام می دهم و کار و تمیزی ام شروع شده و کاملا راضی هستم ، خیلی خوب است.,0
توصیه نمیکنم... استفاده و عدم استفاده ازش فرقی نداره حتی در درازمدت...,1
خیلی خوبه..کمی هم بزنید تغییر رنگ پوست رو میبینید..نمیدونم چقدر طول میکشه.,0
سوکت کابل کاملاً غیر استاندارد است,1
شامپوهای اکتیو خوب و کاملا طبیعی هستند,0
بد نیست,0
من اصلا توصیه نمی کنم,1
من راضی هستم,0
خیلی قشنگه بچه ها نظر دادند از اینی که تو عکس هست خوشگلتره واقعا همینطور بود مطمئن باش ارزش خرید داره,0
من حدود یک ماه پیش این کرم را گرفتم و طبق دستور شستن صورت و خشک کردن آن هر شب از آن استفاده کردم,1
من از نوارهای بهداشتی برندهای مختلف استفاده کردم و به همه آنها حساسیت داشتم به جز محصولات سپتونا که فوق العاده بود و متاسفانه دیگر موجود نیست.,0
نسبت به قیمتش عالیه البته از Amazing خریدم. اما بدون تخفیف ارزش دارد.,0
اندازه جلد را با شماره / شماره x به علاوه تلفن ها بررسی کنید,1
به نظرم عالی بود و باعث افزایش رشد موهام شد و بوی خوبی هم داشت. با تشکر از شرکت,0
من یک تخفیف شگفت انگیز و یک جایزه گرفتم. با توجه به تخفیف بسیار مناسب است. کیفیتش هم خیلی خوبه,0
وقتی نظرات این ضد آفتاب رو خوندم اکثرا نظرات خوبی دادند و ازش تعریف کردند. من خریدم ولی الان چند بار استفاده کردم. بهترین ضد آفتابی بود که تا حالا خوردم. اول اینکه وقتی آن را روی پوست می گذارید، پوست را مانند نور ماه می درخشد! بعدا که میری بیرون یه ذره ی عبوری جویده میشه و از صورتت میریزه!! انقدر صورتمو چرب میکنه که نمیتونم بگم! اصلا ارزش خرید ندارد، پولتان را هدر ندهید! …,1
با توجه به میزان کالای خریداری شده، باید چند اقلام هدیه به مشتری معرفی شود تا خودش یکی از آنها را انتخاب کند.,0
خوب بود,0
قیمت مناسب,0
متشکرم,0
خوبه با این قیمت صداها عالیه,0
شامپو بادام، تمیز کننده و تمیز کننده بسیار خوب کف,0
کابل عالی کیفیت عالی سرعت عالی گارانتی عالی,0
با توجه به سری آلومینیومی آن در حالت شارژ سریع بسیار داغ می شود و این عمل باعث شد کابل پس از چند روز استفاده به طور کامل از کار بیفتد. در مقایسه با کابل های ریمکس باید بگم که اصلا ارزش خرید نداره. اصلا ارزش خرید نداره!!!,1
به نظر می رسد که در برابر استرس بسیار مقاوم است و به احتمال زیاد در نزدیکی سوکت ها پاره می شود.,0
این کابل از شارژ سریع پشتیبانی می کند و کیفیت بسیار بالایی دارد.,0
کابلی با کیفیت و خوش ساخت با قیمت مناسب.,0
خیلی خوب,0
من از خریدم راضی هستم,0
من قطعا توصیه می کنم,0
من این شامپو را از دیجی خریدم. شامپوی خوبی است. زردی مو را بعد از استفاده تا حد زیادی از بین می برد. برای نتیجه بهتر فقط باید حدود نیم ساعت روی سر بماند. در کل راضی هستم,0
"من به نظر دیگران اعتماد کردم و این کرم را سفارش دادم، دو سه بار استفاده کردم و از این همه تعارف تعجب کردم. اصلا پوشانندگی خوبی نداره و اگر کم یا زیاد بمالید صورت رو گچ می کنه ""واقعا پولم رو هدر دادم",1
من سالهاست از این شامپو برای جلوگیری از ریزش مو استفاده میکنم فوق العاده است.,0
کاملا بی کیفیت,1
برای او بسیار خوب است و رنگ ها بسیار زیبا هستند، این رنگ یک رنگ ملایم بسیار زیبا است,0
من از محصولات زیادی استفاده کردم اما متاسفانه هیچ تاثیری از این ندیدم.,1
کابل شارژ مناسب، با طول مناسب، قابلیت شارژ سریع، کیفیت خوب، ظاهر زیبا... تا حالا بدی ندیدم.,0
چسبوندمش و بعد از چند ثانیه انداختمش بیرون.,1
قدرت ضد شوره عالی,0
سلام من این لاک ناخن رو از دیجی کالا خریدم با اینکه خیلی ارزونتر از بیرون بود کیفیتش عالی بود,0
کرم خیلی خوبیه و من ازش راضیم,0
عالی و با کیفیت,0
جنسش خیلی بد بود، اولین بار که خواستم گوشی رو قطع کنم گوشه های دلش شکست,1
نسبت به قیمتش بد نیست,0
طراحی بسیار زیبایی دارد و کاملا مقاوم است,0
برای درب ماشین خریدم تا در مواقع لزوم برای هر سرنشین ماشین استفاده بشه و از انتخابم راضی باشم و کیفیت قابل قبولی داره.,0
کیفیت خوب با بسته بندی خوب,0
من همیشه از خرید محصولات Carefree راضی بودم. از نظر کیفیت خیلی بهتر از ایرانی هاست. اصلا جمع نمی شود و باقیمانده آن به لباس نمی چسبد.,0
چون خیلی تیز بود خیلی راحت ناخن هایم را کوتاه می کردم,0
کابل خوب و سرعت شارژ بالاست، در کل محصولات Task کیفیت خوبی دارند.,0
درود بر شما,1
از چیزی که تو سایت دیدم ضعیفتر بود ولی در کل راضیم,0
بعد از یک ماه خیلی دیر شارژ میشه واقعا پشیمونم,1
رنگ بسیار خوبی دارد و بافت آن نرم و سازگار با پوست است,0
من خیلی راضی هستم. هم زیبا و خوش رنگ است و هم ظریف و نازک. با نصف قیمت شگفت انگیز واقعا ارزشش را دارد,0
همین الان دریافت کردم، گوشیم را زدم تا شارژ شود و در عرض ده دقیقه درصد شارژ شد. کیفیتش عالیه مثل بقیه مواد موجود در بازار نازک نیست. دی جی یه پیشنهاد ویژه بده تا شماره رو بخرم,0
من از خریدم بسیار راضی هستم. سپاسگزار,0
مواد بسیار مرغوبی دارد و برس ها به تمام نقاط دندان می رسد,0
تو سایت نوشتی شارژ سریع ولی اصلا شارژ نمیشه,1
کمی گرونه ولی کیفیت خوبی داره و راضی هستم. من این مواد را برای گوشی های مختلف خریدم. دو بار از دی جی و دو بار از مغازه های شهر. دو موردی که از دی جی گرفتم هنوز سالم و با کیفیت هستند اما لبه های دو تای دیگر پر از ترک و شکستگی بود. با اینکه همون مارکه ولی دلیلش رو نمیدونم. شاید اصل یا تقلبی باشد,0
من این کرم شگفت انگیز را خریدم. خیلی خوب . کوچکترین احساس چربی روی پوست باقی نمی گذارد. و به سرعت خشک می شود. با این حجم می توان به جای لوسیون بدن از آن استفاده کرد. واقعا عالیه من به تولید ملی افتخار می کنم.,0
واقعا هم جنس و هم سایز و هم زیبایی خیلی جالبه,0
کیفیت نداره,1
باید از خانم ها بپرسید اما طبق تجربه من محصول عالی است,0
محصولات جدید بسیار عالی و مقرون به صرفه هستند,0
من این محصول را دوبار خریدم اما از دو فروشگاه مختلف از هخامنش خرید کنید کیفیت بسیار بهتری دارد هنگام خرید به اسم فروشگاه توجه کنید.,0
امروز رسید عالی بود پوستم چربه الان احساس میکنم کاملا متعادل شده عطرش عالیه,0
من پوست خشکی دارم و این محصول خیلی چرب نبود اما چسب خوبی بود و بسیار راضی هستم,0
دوستان یک سمباده روی مقوا بچسبانید دقیقا همینطوره!!,1
شماره برای ipad و iphone مناسب نیست.,1
ارزان و با کیفیت,0
اصلا از لاک ناخنم محافظت نکرد,1
کیفیت خوبی داره,0
این به نظر عالی می آید. بعد از اینکه گوشی رو گذاشتم روز دوم با دقت به چهار گوشه اش نگاه کردم دیدم ترک خورده البته بدون کوچکترین ضربه ای. بین دو طرف پشت و روی گوشی یک لایه لاستیک داشت که دو سه روز اولی که دیدمش پاره شد و مجبور شدم خودم با چسب فوری بچسبونمش. بعد از حدود ده روز استفاده، گوشی من در جیب کتم بود که کت را گرفتم و دقیقا از فاصله 20 سانتی متری به کف پارکینگ افتاد و کیف از دو قسمت نگهدارنده سمت راست شکست و کاملا بی مصرف شد. شانس آوردم با اینکه گوشیم ازش جدا شده بود به دلیل فاصله کم از زمین اینطور نشد. خلاصه اگه بخری حتما پولت رو هدر میدی. با وجود ظاهر فوق العاده زیبا، کاملا بی مصرف و بی کیفیت است.,1
من از همه برندها سپتونا، الویز، تافته و ... استفاده کردم این محصول از هر نظر عالیه. به هیچ وجه باعث حساسیت، سوزش و خارش نمی شود. سایز بزرگ خیلی بهتره چون سایز کوچیک خیلی موثر نیست. واقعا برای روزهای آخر قاعدگی مناسب است.,0
خیلی خیلی سبک و عالی روی پوست می نشیند، آکنه ایجاد نمی کند، اما آنقدر پوشش ندارید، قیمتش نسبت به جاهای دیگر خیلی خوب است.,0
طراحیش خیلی جذابه البته با سلیقه,0
خیلی سریع جذب می شود و واقعاً ارزش پولی خوبی دارد,0
سلام دوستان. این قاب باعث می‌شود در محافظت از گوشی خود احساس راحتی کنید.,0
اصلا خوب نیست به زور در نیم ساعت شارژ می شود. این خوب نیست,1
پس از اولین استفاده از آن، پاسخی دریافت خواهید کرد. به سرعت ترک ها، پوسته ها و زبری ها را ترمیم می کند,0
با آنچه در سایت گذاشته شده بود کاملاً متفاوت بود,1
با تشکر از شما برای کالا,0
ابتدا گوشی من شناسایی نشد,0
موها را خیلی چرب می کند، برای تقویت خوب است,1
کف دست را می مالد,1
عصاره چای موجود در این محصول علاوه بر خاصیت ضد چربی، یک ضدعفونی کننده طبیعی نیز می باشد که از عفونت های پوستی جلوگیری کرده و به بهبود آنها کمک می کند. من شخصا از این کرم برای از بین بردن کنه های پوستی استفاده می کنم و روی پوستم خیلی خوب عمل می کند.,0
با توجه به قیمت و کیفیت محصول خوبی است و ارزش خرید دارد,0
این کابل رو با نرم افزار آمپرمتر تست کردم، آمپر خیلی بالاست و عالیه,0
سلام به همه,0
ظاهرش پر از خش خش است,0
عالی,0
متاسفانه هر دو مسواک به یک رنگ ارسال شد,0
واقعا عالیه، علاوه بر بهترین اسکراب ها، حس خنکی خوبی هم داره. رنگ صورت را باز می کند,0
زیبا، جادار، قابل اعتماد، مواد خوب، دوخت عالی,0
واقعا کرم خوبیه من شبها استفاده کردم و صبح که بیدار شدم الان دو هفته است. واقعا عالیه میبینم که انشالله لکه های پوستم رو از بین برده.,0
من تازه تحویل گرفتم ازش راضی هستم سرعت شارژش از کابل اصلی بیشتره به خاطر سایزش ولی خیلی قوی و خوبه واقعا با ارزشه.,0
از بسیاری از کابل ها بهتر است. با توجه به نظرات مثبت آماده کردم,0
عالیه حتما بخرید و در خریدتون شک نکنید,0
به نظر من به لطف بچه های سخت کوش دیجی کالا ارزش قیمتش را دارد,0
کابل عالی است و یک چیز جالب: اگر کابل را از هر طرف به گوشی وصل کنید، فرآیند شارژ را انجام می دهد و بسیار محکم به گوشی ثابت می شود.,0
شگفت انگیز وارد شدم در کل از قیمتش خیلی راضی بودم موهام هایلایت و خیلی خشکه و این محصول برای موهام خوب جواب داد. من خرید آن را توصیه می کنم,0
کار می کند,0
خوب بود,0
خیلی سریع و کاربردی و قیمتش مناسبه، تنها نقطه ضعفش کمی ضخیم و در نتیجه سنگینه ولی در عوض امیدوارم دوام بیشتری داشته باشه.,0
کیفیت محصول بسیار خوب,0
کیفیت خوبی داره پیشنهاد میکنم بخرید,0
در ضمن خیلی خوب و با کیفیته انشالله رنگش به این زودی ها عوض نمیشه,0
ارزش خرید داره,0
من حدود یکساله دارم استفاده میکنم راضیم,0
این گوشی را بسیار زیبا جلوه می دهد، حتما بخرید,0
سلام . من این کابل را به عنوان هدیه برای شوهرم خریدم. متأسفانه زود خراب شد واقعا ناراحت شدم...,1
من دوتا از این روغن خریدم و استفاده میکنم. از هر نظر عالیه من آن را برای خرید توصیه می کنم,0
عالی بود,0
من چندین سال است که از آن استفاده می کنم. پس از استفاده، نیازی به نرم کننده در حمام نیست.,0
من تازه پرداختم را دریافت کردم,0
با تشکر از دیجی کالا، این یک محصول عالی است,0
خمیردندان Sensodyne عالی است و از دندان ها به خوبی محافظت می کند، بخرید مخصوصا سفید کننده های آن ساعت ها موثر است. این محصول که توسط دیجی کالا به فروش می رسد ساخت نیوزلند است اما نگران نباشید زیرا این برند در کشورهای مختلف تولید می شود.,0
کرم ایرانی با بهترین کیفیت و تاثیر. متریال ایرانی با پرداخت مبلغ مناسب چندین برابر متریال خارجی گرانتر است. حتما برای درمان آکنه آن را امتحان کنید، پشیمان نخواهید شد.,0
من این لاک را در یک پیشنهاد ویژه خریدم، بسیار رنگدانه است و به سرعت روی ناخن ها خشک می شود. خوشم می آید. ممنون دی جی,0
ماسک های لورآل یکی از بهترین ماسک های مو هستند، من هر بار از یکی از ماسک های لورآل استفاده می کنم.,0
ترکیب رویایی عسل و زعفران پوست را بسیار نرم می کند,0
بهترین دهانشویه ای که تا به حال داشتم,0
من سه ساله دارم استفاده میکنم. البته الان خیلی گرونه ولی بازم خیلی با ارزشه. من تقریبا یک سال یک لپ تاپ اینچی داشتم، به سختی در آن جا می شد، اما بعد به اینچ تغییر کرد. هفته ای چند بار استفاده کردم. یک لپ تاپ با دو کتاب و یک تبلت. من خیلی راضی هستم. طراحی,0
متأسفانه بعد از شستن موها به حالت اول برگشت و بی فایده است.,1
کار شگفت انگیزی بود که دریافت کردم. موهای من راحت و آسیب دیده است و همیشه بهترین مارک ها را می خرم. نسبت به قیمتش عالی بود من واقعا آن را توصیه می کنم. البته برای موهای معمولی من خیلی خوب جواب داد,0
چیز خوبیه واقعا پیشنهاد میکنم بخری,0
تاثیر چندانی ندارد اما از صابون مایع و لوسین صورت بهتر است.,0
من خیلی راضی بودم,0
اصلا کار نمیکنه برگشتم کار نکرد اصلا به گوشی وصل نمیشد و مدام میافتاد,1
فکر می کنم تاثیرگذار بود,0
خیلی عالیه موهامو خیلی نرم و براق میکنه فقط دلیل قیمتش رو نمیدونم با اینکه از ایران هستش ولی عالیه و به شدت پیشنهاد میشه.,0
بسیار راحت، زیبا و بادوام,0
از همه راه حل هایی که قبلا استفاده کردم این محلول نتیجه خیلی بهتری داد...حداقل بعد از بیست الی چهل روز نتیجه را به چشم خود خواهید دید...,0
من با نظر دوستان خرید کردم و در اولین دفعات استفاده تحت تاثیر قرار گرفتم و هیدراته شدم. ممنون دوستان,0
من دو تا از اینها گرفتم که هر دو در ماه اول خراب شدند. یکی از جوی استیک ها و دکمه های جهت هر دو شکست,1
خیلی وقته دنبالش گشتم و بالاخره اینجا پیداش کردم,0
نسبت به قیمتش عالیه,0
کیفیت خوبی دارد و مبدل شارژ و OTG بدون مشکل است و به راحتی جا می شود,0
عالیه حتما توصیه میکنم,0
کیفیت خوبی داره کیفیت سیمش عالیه سرعت شارژش بالاست,0
من خیلی راضی هستم. من همیشه از آن استفاده می کنم. پوست من چرب و مستعد آکنه است و این کرم خیلی خوب بود. اصلا سنگین نبود و سریع جذب می شود.,0
من چند ساله از این شامپو استفاده میکنم و کاملا راضی هستم,0
خیلی خوب,0
کیفیت خوبی داره با این قیمت راضی کننده است,0
من پارگی مینیسک و ساییدگی زانو دارم و هر شب موقع خواب استفاده میکنم دردش خیلی کمتره. به همه پیشنهاد میکنم استفاده کنن,0
اما اگر برای سالن نمی خواهید چون سرعت و قدرت دستگاه های شوفاژ را ندارد محصولی خانگی است با اینکه با آن ناخن کاشتم اما سرعت آدم را می گیرد اما هست بسیار مفید است و کار به روش درست انجام می شود. راضی بودم چون می دانستم هدفم چیست. زیاد دارد,0
محصول خوبی است، تاثیر آن در اولین استفاده قابل مشاهده است.,0
برای افرادی که موهای برهنه و نازک دارند مناسب است,0
محصول با کیفیت عالی,0
مثل نظرات بقیه دوستان عالیه. درسته که چینیه ولی عالیه,0
این بهترین خمیر دندانی است که می توانید بخرید,0
چوب آن شل نیست و می توانید به راحتی از آن استفاده کنید. کیفیتشم خیلی خوبه,0
خوب,0
خیلی عالیه حتما بخری ولی من تو پیشنهاد ویژه تومن خریدم,0
چند ماهی هست که خریدمش. من از خریدم کاملا راضی هستم. مواد با کیفیتی داره اثر انگشت باقی نمی ماند. دست عرق نمی کند. خلاصه کاملا راضی هستم.,0
توضیح ندادن عجیبه ولی حتی روشی هم جایی ذکر نشده که میشه ازش برای شارژ استفاده کرد و این کابل فقط برای انتقال دیتا هست... حتی پاور بانک هم شارژ نمیکنه!!! و فستی که نوشته ربطی به فست شارژ نداره و برای انتقال اطلاعات نوشته شده!!! لطفا توضیحات را اصلاح کنید,1
من پوست چرب دارم و با استفاده از این محصول احساس خیلی خوبی داشتم چون چربی پوستم رو از بین میبرد و اصلا خشکش نمیکرد.,0
کاور Payid قطعه ای است که به جای پورت USB می رود که در سایر کاورها ندیدم,0
مسواک بسیار خوبی است و قیمت آن واقعا مقرون به صرفه است. تنها عیبش این است که این مسواک آینه ای که شبیه ژله است هنگام مسواک زدن خم می شود. اما به طور کلی، اگر به دنبال یک مسواک عالی با قیمت پایین هستید، این دقیقاً همان چیزی است,0
خیلی خوبه من همیشه از این استفاده میکنم پیشنهاد میکنم استفاده کنید,0
من موهای بسیار وز و خشکی داشتم که بعد از استفاده از این شامپو واقعاً نرم و کمتر گره خورده بودند,0
در کل با این قیمت خوبه، جوش ها سر سیاه میشن، پوست نرم میشه. من بهش حساسیت نداشتم...این شماره سایز که نوشتم که متوجه نشدم هم اندازه میل هست ولی خوبه. آن را بخر.,0
خوب و عالی,0
من مدتی هست که استفاده میکنم واقعا کیفیت خوبی داره و بعد از نصف روز استفاده حس خیلی خوبی به دندان میده که با لمس دندون ها با زبان حس میشه.,0
من از خرید این کرم کاملا راضی هستم، نرم کنندگی خوبی دارد و بوی خوبی هم دارد، اما ای کاش یک تیوپ از این محصول بود که می شد داخل کیف گذاشت.,0
من یه کابل گرونتر خریدم تو این رنج قیمت که بعد از مدت کوتاهی خراب شد ولی این دومین کابلی هست که از این مدل خریدم و خیلی راضیم.,0
من دو ساله از این کرم استفاده میکنم و واقعا راضی هستم,0
من اصلا توصیه نمی کنم، نرم کننده های بسیار ارزان و معمولی خیلی بهتر از این کار می کنند، حتی با یک پیشنهاد ویژه ارزشش را ندارند.,1
بسته بندی نامناسب، پیچیدن قوطی دور یک پلاستیک، انگار که مقدار ماده داخل ظرف کمتر از میلی لیتر باشد.,1
عالی بود,0
با تشکر از تولید کننده محصول و دیجی کالا بابت کیفیت و سهولت خرید,0
تمیز کردن و بوی خوب عالی بود و ارزش خرید را داشت,0
کیفیت خوبی داره من از خریدم راضی هستم مخصوصا اینکه این محصول رو با تخفیف خریدم,0
فکر می کردم خیلی بهتر از اینها باشد، خیلی راضی نبودم و به نظرم یک چیز پیش پا افتاده است.,1
عالی,0
رنگ مشکیش عالیه,0
خوب و مناسب است.,0
عالی بود,0
واقعیت آینه که به کابل اصلی نمی رسد. پوشش کابل کمی خشک است,0
خیلی خوبه که ریزش مو کم شده,0
خیلی خوب,0
اگر می خواهید اثر سفید کنندگی خمیردندان را به طور واقعی احساس کنید، آن را امتحان کنید,0
مواد بسیار خوبی است. من قبلا چند تا از اینا خریدم زود خراب شد. این تا اینجا خیلی خوبه,0
متاسفانه لامپی که این محصول را برای دخترم سفارش دادم کار نمی کند,1
این کابل کابل بسیار خوبی است,0
من قبلا از این کابل ها استفاده می کردم و بعد تعداد دقیقه ها قطع می شد اما این قطع نمی شود,0
با تشکر از تلاش شما,0
من تا الان تعداد فریم های گوشی رو عوض کردم ولی با اختلاف بهترین و سبک ترین و مناسب ترین قاب همین قاب هست.,0
عالیه خیلی مرطوب کننده هست چرب نیست ولی اینو بدونید مرطوب کننده پوست چربه آبرسان نیست ولی برای من برای آبرسانی خوب بود به پوست حس شادابی میده.,0
به نام دو متر به ما فروختند، اما این چیز را به من دادند، حداکثر طولش چند متر است,1
خوبه من راضیم,0
عالی,0
طراحی خیلی خوبی داره مخصوصا برای آخرین دندان,0
خیلی خوبه فقط مشکلش اینه که از نظر ساختار ضعیفه و چرخ گوشت دور فنر میخکوبی زود میشکنه ولی با یه وسیله دیگه قابل تعویضه.,0
در یک کلام عالی,0
اصلا کار نمیکنه تا وارد دندون میشه پاره میشه و اذیت میکنه,1
بوی ادکلن میده نسبت به قیمت آن در مقایسه با مرطوب کننده های گران قیمت مناسب است. سریع جذب می شود و خیلی چرب نیست.,0
کرم خوبی است و اثر آن ماندگار است,0
پوششی بسیار زیبا و بادوام است,0
داخل اطلاعات طول سیم در صورت اجبار به تعداد سانتی متر نوشته شده و شارژ سریع نباشد.,1
سلام,0
خرید این محصول را به هیچ وجه توصیه نمی کنم. مثل چسب است. موها خیلی سنگین می شود و انگار کلاه گذاشته اید روی سرتان.,1
فکر نمیکردم اینقدر خوب باشه من از خریدم راضی هستم,0
کیفیت خوب,0
بهترین ماسک موی ایرانیه و واقعا از نمونه های مشابه ایرانی بهتره,0
با توجه به قیمت، کیفیت خوب است، طول نیز بلند است,0
سرعت شارژ خوبی داره و اگه قیمتش مناسب باشه سیم محکم و خوبی داره. من کاملا راضی بودم,0
. خیلی خوب است,0
برای من که پوست چرب دارم خوبه چون باعث براق شدن پوستم نمیشه واقعا چربی کمتری داره و خوب روی پوست میمونه.,0
خیلی قشنگه پیشنهاد میکنم بخرید گوشی شما به چیز دیگری تبدیل می شود.,0
از آنجایی که گاهی می بینم که تعریف رنگی یا بی رنگ برای برخی افراد متفاوت است، به زبان ساده گفتم این کرم سفید رنگ است و جذب قابل قبولی دارد یعنی افرادی که پوست سبز روشن دارند می توانند از آن استفاده کنند.,0
اصلا ارزشش را ندارد، نخرید,1
بسیار خوشبو و کاملا کارآمد. با پمپ تمام صورت کاملا شسته می شود,0
نسبت به شامپوهای دیگه عالی بود,0
هیچ تاثیری نداشت,1
خیلی سریع جذب میشه مثل اینکه اصلا چیزی نپوشیدید، اصلا عرق نمیکنه و پوست رو چرب و براق نمیکنه، کاملا بی رنگه، بوی خوب و ملایمی داره، بسیار غلیظ و مقدار کمی برای کل صورت کافی است.,0
این کرم برای زخم ها، کبودی ها و سوختگی ها معجزه می کند و ترمیم کننده واقعی است,0
قیمت و کیفیت مناسب,0
دندان های من هم از همین نوع هستند، زود زرد می شوند و همیشه نمی توانم سراغ جرم گیری بروم,0
برای من قابل استفاده نیست زیرا با کنترل از راه دور پهپاد من مناسب نیست. احتمالا اشتباه سفارش دادم ولی کیفیتش واقعا بالاست.,0
یکی از بهترین و موثرترین ژل های ضد آکنه، پوست صورت اصلا خشک نمی شود,0
نسبت به قیمتش خوبه,0
بعد از چند بار استفاده به وضوح می توانید تاثیر فوق العاده آن را در کاهش ریزش مو مشاهده کنید. فقط اینکه حتما باید از نرم کننده هم همراهش استفاده کنید چون به تنهایی موها کاملا خشک میشن و شانه زدنشون خیلی سخت میشه.,0
این یکی از بهترین کرم های مرطوب کننده است,0
مشکلی ندارد و با همه دستگاه ها سازگار است. خیلی خوب است که عاشق دیجی کالا شدم.,0
بعد از سه ماه استفاده هیچ تاثیری نداشت، نه لکه را سفید کرد و نه از بین برد,1
من راضی هستم,0
من از این کرم به عنوان زیرسازی استفاده می کنم که به پوست آسیبی نمی رساند,0
من فقط درب شارژر را برش دادم عالی بود.,0
کیفیت خوبی داره,0
کابلش خوبه کیفیتش مناسب و خوبه ولی کمی خشکه که فکر کنم کم کم بهش عادت کنم.,0
یک بند داخل جعبه برای وصل بود، خیلی خوب جا می گرفت، کیفیتش خیلی خوب است، نسبت به قیمتش عالی است، انتظار یک چیز خیلی معمولی را داشتم، اما این خیلی خوب است.,0
وقتی می خواستم ASUS Zenfone number ZE number ML را با این کابل شارژ کنم، با این پیام مواجه شدم:,1
در مقایسه با قیمت، بسیار مفید است، مخصوصا برای کسانی که نیاز به استفاده مداوم از نرم کننده دارند.,0
واقعا خیلی راضی بودم. برای کسانی که پوست چرب و جوش دارند بسیار مفید است,0
من تقریبا یک ماه پیش خریدم. صبر کردم تا استفاده کنم و بعد نظر بدهم. واقعا از هر نظر خوبه بعد از کابل فابریک، این محصول گزینه خوبی است. اصلا قطعی نیست,0
عالی عالی عالی,0
من توصیه نمی کنم که مو به شدت خشک شود,1
ضد شوک . زیبا,0
من دو ماهه این محصول رو خریدم و مدام ازش استفاده میکنم. نسبت به برند سریتا که دوستان استفاده میکنن تاثیری ازش ندیدم متاسفانه!,1
نسبت به قیمتش خوبه، قاب های زیادی برای Mi Max در بازار پیدا نمی کنید,0
آقا من دو مدل خریدم این یکی از بقیه ارزونتر بود ولی کیفیتش از بقیه بهتر بود,0
روی جوش های خواب اثر خوبی دارد,0
این بدترین پاک کننده لاک ناخن است که تا به حال دیده ام,1
امروز گرفتم,0
من 400 مایل برای خانه خریدم و این را برای داخل کیف خریدم. من افتخار می کنم که یک کالای ایرانی خریدم,0
قیمت بالا و طعم تند. زبان را به شدت می سوزاند.,1
کیفیت عالی. بهترین گزینه برای پوست های حساس است.,0
من کاملا راضی هستم,0
بهتر بود قسمت u شکل کمی پهن تر و اتصال نخ دندان محکم تر طراحی می شد.,1
در یک کلام عالی,0
تومن هم که باشه اصلا ارزش خرید نداره!!,1
از هر نظر خوب است و کیفیت خوبی ارائه می دهد. با تشکر از دیجی کالا,0
هیچ نظری ندارم . و اینکه زیبا بود,0
من کاملا راضی هستم، ممنون,0
این محصول عالی است,0
این بی فایده است,1
من خیلی وقته از این شامپو استفاده میکنم موهام واقعا عالیه موهام خشک و مجعده و با استفاده از این شامپو نرم و لطیف میشه و حوصله شانه زدن ندارم.,0
خیلی خوبه با تخفیف فوق العاده,0
حالت دهنده خوبی است,0
واقعا عالیه خیلی خوبه از وقتی این اسکراب رو زدم واقعا تاثیرش رو دیدم,0
خوب و زیبا,0
من برای یک بچه یک ماهه خریدم و اصلا به درد نمیخوره. این همان ناخن گیر برای بزرگسالان است، اما روش چسباندن عروسک حتی برای یک کودک یک یا دو ساله بسیار بزرگ است و ممکن است به دست او آسیب برساند.,1
قیمت مناسب، کیفیت خوب,0
"من از فروشنده ""گالری مانیسا"" سفارش دادم امروز به دستم رسید کیفیتش خیلی خوبه دیتا رو هم ساپورت میکنه ولی سیمش خشکه شاید به مرور بهتر بشه.",0
با توجه به قیمت، ارزش خرید دارد. درسته که ممکنه شانسی باشه ولی من در زمان دلار قدیم کابل خریدم و قیمت بالاتر به من جواب نداد.,0
با توجه به قیمت محصول خوبی است و نباید انتظار زیادی داشت,0
من خرید آن را توصیه می کنم,0
به طرز عجیبی روی صورت می خوابد و بی نظیر است. ای کاش می توانستید دوباره این محصول را شگفت انگیز بسازید. من کرم ضد آفتاب اودین را خیلی دوست دارم، رنگش کاملاً با من هماهنگ است، کاملاً می آید و اصلاً پوستم را چرب یا خشک نمی کند. من همیشه از خرید از دیجی کالا لذت می برم و راضی هستم. با تشکر از بنیانگذاران محترم و کارکنان فوق العاده دیجی کالا,0
خوب کار می کند,0
واقعا چیز خوبیه، برای مراسم هم میشه استفاده کرد و برای دست تپل هم خوبه چون سرش گرد و قشنگه.,0
اگر می خواهید یک مرطوب کننده واقعی داشته باشید که به موهای شما آسیبی نرساند، باید از آن استفاده کنید. به خصوص افرادی که موهای سالمی دارند، زیرا با این کرم سبک می توانند موهای خود را از آسیب و خشکی احتمالی بیمه کنند.,0
یک کشوی بسیار جادار در زیر این استند وجود دارد. این پایه برای کسانی که قصد دارند کل کشو خود را جا بدهند مناسب نیست. اما در مقایسه با آنچه که از این محصول انتظار داشتم، عالی بود.,0
اصلا کیفیت نداره نخرید,1
من خیلی راضی هستم چربی قابل قبولی داره و به سرعت تاثیرش رو روی پوست پا نشون میده,0
من خرید آن را توصیه می کنم,0
یک روز بعد از قرار دادن تمام گوشه های قاب، ترک خورد و مجبور شدم یک قاب برای تعویض آن بخرم.,0
فتاحه یعنی اگر از اپسیلون به عنوان مرطوب کننده استفاده کنید حیف است از کرم ترک پا سیگال استفاده کنید.,1
کیفیتش افتضاحه اصلا کار نمیکنه,1
زود رنگ شد رنگم خوشگل بود پوستم گندمی رنگم با این بهتر شد راضیم سه چهار ساعت دیگه رنگ شد امیدوارم طولانی باشه,0
شامپو خیلی خوبیه من موهای چرب دارم خیلی خوب تمیز میکنه راضی هستم ممنون از آویدرم و دی جی کالای عزیز. خرید این محصول را توصیه می کنم.,0
ضد آفتاب خوبی است. البته اولین بار است که استفاده می کنم اما رنگش برای من روشن است. دفعه بعد شماره میخرم,0
سلام,0
مثل آب می ماند. من عادت دارم ابتدا از کل محصول استفاده کنم و سپس نظر بدهم. با اینکه دقیقا طبق روش مصرف استفاده کردم تاثیری ازش ندیدم.,1
خوب ... این یک سیگنال است.,0
به محض اینکه افرادی که می گویند پوست را خشک می کند باید بعد از استفاده از کرم مرطوب کننده استفاده کنید. کاملا لایه برداری می کند و جوش های سر سیاه را از بین می برد تا دو یا سه روز پوستی صاف داشته باشید. حتی موهای ریز صورت را از بین می برد. افرادی که می گویند کار نمی کند. شاید این محصول با پوست آنها سازگاری نداشته باشد اما من مشکلی نداشتم به راحتی جوش های سر سیاه و موهای ریز صورت را از بین می برد و کاملا راضی هستم.,0
باعث ریزش مو میشه اصلا توصیه نمیکنم,1
کیفیت ساخت و جنس سیم و کانکتورهای نری و مادگی خوب به نظر می رسد. ولی وقتی دادم رسید و تست کردم. صدا را فقط به صورت مونو منتقل می کند!,1
کیفیتش خوبه من آن را با مارک های دیگر با قیمت های بالاتر مقایسه کردم.,0
من حدود یک سال پیش این کرم را کشف کردم و در آن زمان پیدا کردن آن آسان بود. من به آن عادت کردم. یه مدت نتونستم پیداش کنم تا اینکه این کرم رو تو دیجی کالا دیدم. برای انواع مو مناسب است. بوی فوق العاده ای داره و من خیلی راضی هستم. موها را براق می کند,0
برای پوست های چرب هست چون من از پوست خشک راضی نیستم,1
خوب بود,0
در جلوگیری از وز شدن موها تاثیر بسزایی دارد و حتی روی موهای خشک تا حدودی آنها را واقعا نرم و براق می کند اما ماندگاری زیادی روی موها ندارد اما در استفاده از آن تاثیر بسیار خوبی دارد. ! و البته در طول روز حتما دوباره از لطافت موها کم میشه و همچنین تا حدودی بوی جالبی نمیده که البته سلیقه ایه...,0
سرعت بازی را فوق العاده افزایش می دهد و می توانید به جای عدد به انگشت از عدد به استفاده کنید، اما این مدل دارای نقطه ای است که باعث می شود کلیدها به درستی کار نکنند یا گاهی اوقات از کار بیفتند که این به دلیل مواد فلزی زیر است. دکمه. وقتی خریدمش خریدم. ورق فلزی زیر دکمه رو برداشتم و یه ورقه نازک فویل غذا رو سرجاش برش دادم و گذاشتم و الان کاملا کار میکنه.,0
خیلی خوب، قوی و سریع، راضی هستم و بهتون پیشنهاد میکنم که خیلی خیلی خوبه,0
بعد از استفاده از بوی خوبش و لطافت پوستم خوشم میاد. پوست من مختلط است و بعد از شستن احساس کشیدگی به پوستم نمی دهد و از خرید راضی هستم.,0
بهترین کابل برای کانکتورها type_c است,0
این شامپو بوی خوبی داره و این بو تا چند روز روی موها میمونه، قدرت پاک کنندگی زیادی داره و فکر کنم برای موهای معمولی هم قابل استفاده باشه.,0
موهام تقریبا نابود شد، رسما نجاتشون داد، جدا از اینکه حرفی نداره,0
پوست را به خوبی تمیز می کند,0
این کابل فقط برای ماه اول خوبه بعدش نباید جابجاش کنید وگرنه قطع میشه,1
جنس خوبی دارد، سبک است و از گوشی کاملا محافظت می کند، هرچند در برابر ضربه های سنگین ضعیف است,0
دکمه ها بسیار ضعیف هستند و قسمت بالایی آن اصلا با بدنه قفل نمی شود,1
درب جعبه پاره شده بود,1
در کنار روکش شیاری وجود دارد که (کاور شیشه ای مغناطیسی اصلی اپل) داخل آن تعبیه شده است,0
واقعا محصول خوبی است. من ازش راضی بودم این اثر در عرض چند روز پس از استفاده کاملاً قابل مشاهده است. قیمت در فروش ویژه بسیار مناسب است.,0
قیمت نسبت به سایر سایت ها بالاست. صورتم پر از جوش بود,1
افتضاح است که عدد روزه خراب شود,1
داخل شماره تاشو شگفت انگیز خریدم متاسفانه دوتاش خراب بود و شارژ نشد میدونم گاهی شارژ میشه!!!,1
از نظر ظاهر و کیفیت بسیار قابل اعتماد است,1
خوب است، نرم می شود، کف می کند و به صرفه است,0
بافت این ضد آفتاب چیزی شبیه کرم زینک اکساید است و طبق نوشته های خودش یک محصول کاملا گیاهی است اما حجم کرم بسیار کم و بسیار گران است.,1
بهترین مرطوب کننده مخصوصا این مدل زیتون که بوی عالی میده,0
دوستش دارم قشنگه میدونی لیوان هم باهاش ​​بود,0
کاملا چرب است,1
نسبت به قیمت و کیفیتش خوب کار میکنه، نمیشه گفت مثل مسواک برقی گرونه ولی داخلش باتری خوبی داره و قدرت تمیز کردنش کافیه. به هیچ وجه ضرر نخواهید کرد.,0
خوبه پیشنهاد میکنم,0
کیف خیلی شیک و زیبایی هست حتما خریدش رو بهتون توصیه میکنم لپ تاپ من بیشتر از اینچ بود ولی راحت جا میشد و جای کتاب و جزوه کافی هست. من خودم دانشجو هستم خیلی مفیده و سنگین نیست. تا حالا با دست بگیریدش تو محیط کثیف نذارید چون همه چیز رو به خودش میگیره جیر هست و مدت زیادی بو میده.,0
استفاده از این محصول را به دیگران توصیه می کنم.,0
من حدود یک ماهه این کابل رو خریدم، از کیفیتش راضی هستم، نسبت به قیمت و نسبت به کابل های دیگه خیلی گرونه. امکان استفاده همزمان از هر دو سری وجود دارد، من یک گوشی سامسونگ S و یک گوشی اپل را همزمان با آن شارژ کردم، قبلا یک کابل غیر اورجینال برای اپل خریده بودم که شارژ گوشی با آن کابل حدودا دوبرابر کابل اصلی ولی با این کابل تست کردم زمان شارژ برابر با کابل اصلی بود، سری لایتینگ هم قابلیت شارژ و هم قابلیت انتقال داره ولی سری micro usb فقط قابلیت شارژ داره و میتونه انتقال بده، در کل من من از آن راضی هستم و به کسانی که نیاز دارند به شدت توصیه می کنم دو کابل همراه خود داشته باشند.,0
پوشش نسبتا خوبی دارد و کاملا روی پوست می آید,0
موهای من نازک و چرب است و بعد از استفاده از این محصول هرگز شوره سر ندارم. بوی عالی داره پاک کننده خوبی است. ریزش موهام کم شده طول می کشد. من قطعا راضی هستم. برای موهام خوب بود ممنون,0
بسیار مناسب برای مواقعی که تصمیم به آرایش ندارید. برای پوست های خشکی مثل پوست من بسیار مناسب است. برای استفاده قبل از آرایش مناسب نیست. قیمتش نسبت به بیرون خیلی مناسب بود. من از اینجا تقریبا نصف قیمت بیرون خریدم. من واقعا این مارک را دوست دارم,0
دوستان عالی برای پوست خشک,0
سلام دوستان وقتی این مورد به دستم رسید قسمت پایینش ترک خورده بود. در ضمن جنس شلوار خیلی بد است و دکمه های شلوار گشاد است. من اصلا راضی نیستم.,1
خرید عالی بود، ممنون دی جی جان,0
کوتاه بودن سیم با مشخصات اعلام شده. طول سیم یک عدد است. عدد اعلام شده ولی طول سیم چند متر است.,1
دوستان لطفا توجه کنید بر خلاف عکس که ممکنه فکر کنید فریم فلزی هست اصلا اینطور نیست کاملا پلاستیکیه. وقتی رسید بازش کردم دیدم پلاستیکیه.,1
در کل خیلی خوب و خوبه...خیلی سبکه، صورتت بعد از یه روز شلوغ که از این ژل استفاده میکنی نفس میکشه. به هیچ عنوان پوست صورت را خشک نمی کند و لطافت خاصی به آن می بخشد.,0
اصلا تاثیری نداره,1
قدرت نرم کنندگی خوبی داره ولی زیاد از ریزش کم نمیکنه در کل طبیعیه. فقط قیمتش نسبت به سایزش خوبه,0
خیلی خوش رنگه و جنسش خوبه، خوشم اومد.,0
اصلا... حتی نمیتونه نصف لیسترین با طراوت و قوی باشه، من همه مدلهای سنسودن و همه مدلهای لیسترین رو دارم و میگم خمیر دندون سنسودن خوبه ولی,1
مانند یک اسانس جلوه خاصی ندارد,1
خیلی زیباست رنگش بین بنفش و آبی هستش تو نور تغییر رنگ میده,0
بی جهت گران است، ارزش خرید با این قیمت را ندارد,1
سلام من در فروش ویژه دوتا خریدم ولی تاریخ انقضاشون کمه جدا از ماندگاری کوتاهشون خوبن,0
کابلش قویه ولی متاسفانه خیلی کند شارژ میشه,1
نوع موی من معمولی است و کمی شوره دارد، بعد از اولین استفاده موثر بود، شامپوهای زیادی استفاده کردم اما عالی بود.,0
خیلی چیزها کارآمد و خوب هستند,1
کابل خوب و خوش ساختی است,0
هیچ تاثیری در ریزش مو ندارد. وقتی مو شروع به ریزش کرد، نه، این شامپو کار نمی کند,1
خیلی بهتر از شامپوی تخم مرغ ایرانی ماست. من قبلا از مرز ترکیه خریده بودمش، با دیدن دیجی سریع خریدمش. کیفیتش نسبت به تخم مرغ ایرانی عالیه! عالیه...مو رو هم خشک نمیکنه.,0
اندازه این قاب یک عدد اینچ است، یعنی برای آیفون x/xs بزرگ است که یک عدد اینچ است. این قاب احتمالاً برای آیفون xr است که دیجی کالا با x/xs اشتباه کرده است.,1
سلام,0
خیلی خوبه حتما بخرید و شک نکنید بوی خوبی داره,0
واقعا عالیه,0
برای ps شماره اصلا کار نمی کرد,1
من این کاور را دو روز پیش خریدم,1
عالی,0
خیلی خوب به گوشی میچسبه و لیز نمیخوره,0
کاپریس خیلی خوبه، در کمال تعجب قیمتش هم عالی بود,0
خریدم خرابه... ازم پس نمیگیرن...,1
من این محصول را یک بار از داروخانه و یک بار از دیجی کالا خریدم. من الان پنج ماهه که از این محصول استفاده میکنم. من هیچ بهبودی در موهایم ندیدم، بنابراین از آن همراه با شامپو سینره استفاده کردم. البته می توانم بگویم که ریزش مو را کاهش می دهد. نمی دانم اثر آینه است یا اثر شامپو. تاثیر استفاده ازش ولی بازم میگم اصلا تاثیری روی تقویت مو نداره. نظر مهم است,1
گلبهی گرفتم خیلی خوبه و خوب به گوشی میاد پیشنهاد میکنم بخرید,0
کلر کیفیت عالی و بسیار خوبی دارد,0
بوی خوبی داره ولی موها رو چرب میکنه,0
از نظر رنگ، کیفیت، چین و چروک، نوع مدل با مدل ارسال شده و ... کاملاً با تصویر ارسال شده برای این محصول متفاوت بود.,1
بسیار عالی است زیرا خوشبو است و به خوبی کف می کند، ملایم است و بهترین انتخاب برای استفاده روزانه و پوست های حساس است. من از قیمت شگفت انگیز خریدم بسیار راضی هستم,0
من الان از شماره روزه استفاده کردم ولی تا الان نتیجه خوبی ندیدم,1
من دو تا کابل آزید خریدم هر دو بعد از یک ماه استفاده از کار افتاد یکی موقع استفاده خیلی داغ بود و یکی کاملا قطع شده بود عمرش خیلی کوتاهه پولتون رو برای این محصول هدر ندهید.,1
من خرید را توصیه می کنم. خوب است,0
واقعا به عنوان یک شامپوی روزانه عالی است و موها را درخشان می کند,0
رازی م,0
سلام دوستان عزیز,0
قیمتش خوبه,0
من این ماسک پو را خریدم و خیلی خوب بود و ازش راضی هستم که چند تا دیگه هم سفارش دادم. خیلی ممنون دی جی,0
با توجه به قیمتش ارزش درصد سرعت USB رو داره,0
برای یکی از آشناها خریدم، دوام زیادی نداشت,0
سلام این محافظ پشتی بسیار ظریف و در عین حال بادوام است و به نظر می رسد چیزی روی گوشی نیست,0
من ماه پیش بذر گرفتم فکر کنم خوب بود. دوتا دیگه سفارش دادم فرانسوی بودن آن با این قیمت مناسب به نظر می رسد,0
نسبت به اندازه اش گران است,0
واقعا خشکی پوستم را درمان کرد به همین دلیل جوش نزدم.,0
اگر آن را بخرید در حال هدر دادن پول هستید,1
با اینکه دیر اومدم رسید ولی واقعا انتظار چنین متریال خوبی رو نداشتم واقعا کیفیت عالی.,0
عالی,0
برکات,1
رنگ بنفش آن بوی خوبی نمی دهد. غلظتش متوسطه ولی ارزش خریدن داره,0
این ابزار فقط برای چند روز برای من کار کرد,1
حقیقتش زیاد استفاده نکردم ولی وقتی استفاده میکنم خیلی سریع و بدون داغ شدن کار خودش رو انجام میده و حتی در فریم های بالا هم تصویر رو با کفایت کامل و وضوح بالا میبینم.,0
امروز این کیف به دستم رسید,0
خیلی راحت بین دندون ها میره و ضخامتش خیلی خوبه نه ضخیم نه نازک خیلی استاندارده,0
در خرید آن شک نکنید,0
نسبتا خوبه، دکمه هاش راحته و کاملا روی گوشی ثابت میشه,0
کاور خیلی خوبیه...فقط ورودی دستشویه کمی اضافه بود که خودم اصلاحش کردم,0
خوب است به بدن می چسبد، برعکس به لباس خوب می چسبد. دوامش هم خوبه,0
برای خودم و مادربزرگم گرفتم,0
خیلی خوبه متشکرم. دیجی کالا خیلی خوبه من باهاش ​​جی تی ای بازی میکنم,0
