text,label
چه زمانی سفارشم را دریافت خواهم کرد؟,discount
به جای 4 شانه شیر لطفا 9 شانه تخم مرغ به من بدهید,editting
برای بودجه بندی باید قیمت دقیق کاهو رو بدونم.,inquiring
چه مقدار مواد شیمیایی در خیار استفاده می شود؟,inquiring
آیا محصول هویج گارانتی دارد؟,inquiring
فروشگاه شما چند سال تاسیس شده است؟,inquiring
کیفیت مرغ چطوره؟,inquiring
آیا می توان سیب زمینی را با سیب زمینی ترکیب کرد؟,inquiring
سفارش من را ساعت 4 ارسال کنید.,scheduling
آیا شیر در رنگ های دیگر موجود است؟,inquiring
آیا می توانید سفارش من را قبل از ساعت 10 شنبه تحویل دهید؟,scheduling
آیا می توانید مرغی را که در حال حاضر به آن نیاز ندارم از سبد خریدم حذف کنید؟,editting
نوبت من است که شام ​​بپزم، به 14 شانه شیر زیر نیاز دارم,buying
به دلیل تخفیف ویژه ای که دیدم قصد دارم سیب را جایگزین پنیر کنم.,editting
سفارش من را ساعت 1 ارسال کنید.,scheduling
من الان سفارشم رو دریافت کردم ولی با توجه به اتمام تاریخ انقضای محصولات از شما میخوام که سفارشم رو پس بدید,returning
لطفا سفارش شماره 874 را برای تاریخ 10/3/1401 تهیه نمایید.,scheduling
آیا می توانم با کد رهگیری 1024 زمان تخمینی رسیدن بسته خود را استعلام کنم؟,discount
من به دلایلی که می گویم: اشتباه وارد کردم سفارشم را لغو می کنم.,deleting
سفارش دهید,finishing
آیا قیمت گوشت از بهار تغییر کرده است؟,inquiring
من به دنبال پیشنهادات ویژه برای سیب زمینی هستم، آیا پیشنهادی دارید؟,tracking
تعریف برنج در مغازه شما بسیار پیچیده است، لطفا 8 عدد برای من ارسال کنید.,buying
در سفارشم اشتباه کوچکی کردم. آیا می توانم قبل از پردازش آن را به روز کنم؟,inquiring
ممنون، این تمام چیزی بود که می خواستم,finishing
سفارش من را چهارشنبه ساعت 3 ارسال کنید.,scheduling
کالای ارسالی بسیار آسیب دیده است لطفا مرجوع کنید,returning
من می خواهم از تخفیف تعطیلات تابستانی استفاده کنم، آیا پنیر شامل تخفیف می شود؟,tracking
برای مهمانی لطفا سفارش شماره 1411 را در تاریخ 1403/3/14 تحویل دهید.,scheduling
لطفا سفارش من را تا چهارشنبه ارسال کنید.,scheduling
آیا می توانم زمان تحویل مشخصی را برای سفارش خود درخواست کنم؟,inquiring
آیا می توانم کالایی را در صورت استفاده از آن اما هنوز در شرایط خوبی برگردانم؟,inquiring
جعبه سورپرایز تخفیف دار برای محصول کاهو برای جشن سال نو دارید؟,tracking
اگر اطلاعات رهگیری من نشان دهد که سفارش من برگردانده شده است، چه؟,inquiring
من می خواستم کل سفارشم را حذف کنم زیرا آن را دوست ندارم,deleting
من منتظر تحویل سفارش شماره 333 در اولین ساعت روز یکشنبه هستم.,scheduling
میشه به جای خیار 4 برش پنیر بهم بدی؟,editting
آیا می توانید وضعیت فعلی سفارش شماره 2076 را توضیح دهید؟,discount
من می خواهم یک دستور جدید را امتحان کنم که 2 پرتقال می خواهد.,buying
من به دنبال اطلاع از وضعیت فعلی سفارش با شناسه 380 هستم.,discount
آیا می توانم موارد مربوط به سفارش معلق خود را اصلاح کنم؟,inquiring
اجناس ارسال شده خیلی آسیب دیده لطفا تعویض کنید,returning
به دلیل خرابی کالا به شماره 1359 سفارش دریافت کرده ام. من می خواهم آن را برگردانم.,returning
خوبی,chitchat
سفارش من کجاست؟,discount
من می خواهم 4 بطری گوشت دریافت کنم.,buying
سفارش من را ساعت 5 ارسال کنید.,scheduling
من می خواستم سفارشم را تغییر دهم زیرا اشتباه کردم,returning
من برای کوچولویم شیرینی می خواستم، پرتقال دارید؟,buying
آیا برای تعطیلات تابستانی تخفیف دارید؟,tracking
من 10 کیلو مرغ میخواستم.,buying
از شما تقاضا دارم سفارش 825 را لغو کنید چون میخواهم از جای دیگری خرید کنم.,deleting
من می خواهم سفارش شماره 2052 را که در تاریخ 1401/1/28 محصول شیر را خریداری کرده ام برگردانم.,returning
اسمت رو بگو,chitchat
سفارش من را حذف کنید، من آن را 9 روز پیش ثبت کردم.,deleting
به زودی میبینمت,chitchat
من اشتباه کردم، می توانید سفارش 54 را تحویل بگیرید؟,deleting
تفاوت بین گوشت و گوشت چیست؟,inquiring
من یکی از مشتریان مجموعه شما هستم، می توانید برای خرید شیر به من تخفیف بدهید؟,tracking
متشکرم,chitchat
من خیلی وقته از شما خرید می کنم، آیا می توانید برای محصول نان به من تخفیف بدهید؟,tracking
در سبد خریدم پرتقال را با سیب زمینی عوض کنید.,editting
آیا برای جشن سال نو تخفیف دارید؟,tracking
لطفا زمان انتظار برای تکمیل تحویل سفارش 169 کی خواهد بود؟,discount
متأسفانه باید از شما خواهش کنم که خرید من را حذف کنید، زیرا آن را اشتباه وارد کردم.,deleting
برای تهیه سالاد شیرازی 2 عدد سیب زمینی می خواستم.,buying
به جای گوجه فرنگی در سبد خرید من کره بریزید.,editting
متأسفانه باید از شما خواهش کنم که خرید من را لغو کنید زیرا اندازه را اشتباه انتخاب کردم.,deleting
میخواستم بدونم سفارشی که دادم تا جمعه به دستم میرسه یا نه؟,discount
من یک پرتقال می خواستم.,buying
راه های پرداخت سفارشات چیست؟,inquiring
آیا این روزها پیشنهاد ویژه ای برای خرید گوجه فرنگی دارید؟,tracking
لطفاً فرآیند لغو سفارش 702 را شروع کنید.,deleting
میخواستم سفارشم رو ساعت 7 بفرستید.,scheduling
در روزهای اخیر بازار تخفیف سیب زمینی داغ است؟,tracking
از شما تقاضا دارم سفارش من را لغو کنید زیرا بودجه کافی ندارم.,deleting
من می خواهم سفارش خود را حذف کنم,deleting
من میخوام کره رو به صورت عمده بخرم قیمت بهتری پیشنهاد میدین؟,tracking
آیا می توانید هویج را از سفارش من لغو کنید؟,editting
درخواست تغییر سفارش 694 دارم.,returning
مقدار کره را به 11 لیتر برسانید,editting
لطفا سفارش شماره 1052 را برای تاریخ 20/6/1403 تهیه نمایید.,scheduling
بدلیل بروز خطای ناخواسته به شماره 526 ثبت گردید. لطفا آن را لغو کنید.,deleting
سفارش شماره 428 که فرآورده گوشتی را در تاریخ 24/11/1401 خریدم را میخواهم برگردانم.,returning
من گوشت اشتباهی خریدم، آیا می توانم آن را برگردانم؟,returning
آیا محصول نان گارانتی دارد؟,inquiring
من قصد دارم سیب را با برنج جایگزین کنم، لطفا راهنمایی کنید.,editting
آیا پاستا گارانتی یا خدمات پس از فروش دارد؟,inquiring
ظاهر خوب,chitchat
آیا می توانید سفارش من را برگردانید؟ چون از خریدم پشیمون شدم,returning
من منتظر تحویل سفارش شماره 493 در اولین ساعت روز پنجشنبه هستم.,scheduling
ساعت کاری فروشگاه چقدر است؟,inquiring
من باید قبل از نهایی کردن، چند چیز را در سفارش خود تغییر دهم. ممکن است؟,inquiring
به دلیل تغییر در رژیم غذایی من می خواهم سیر را از سبد خرید حذف کنم.,editting
سلام حال شما چطور؟,chitchat
برای بازگرداندن محصول چه مراحلی را باید طی کنم؟,inquiring
قیمت آب میوه با توجه به نوسانات اخیر بازار چگونه تغییر کرده است؟,inquiring
چطور هستید,chitchat
کره چطوره,inquiring
من به روغن زیتون محلی علاقه دارم، آیا می توانم 14 شانه از آنها داشته باشم؟,buying
آیا در صورت گم شدن بسته بندی اصلی می توانم کالایی را برگردانم؟,inquiring
آیا می توانید خرید من را پنجشنبه تا ساعت 3 ارسال کنید؟,scheduling
به دلایلی که می‌آورم، سفارشم را حذف می‌کنم: دیگر به آن نیازی ندارم.,deleting
من می خواهم سفارش خود را لغو کنم,deleting
به جای 12 شانه پاستا، لطفا 12 شانه پنیر بدهید.,editting
سفارش من را پیگیری کنید,discount
هلو,chitchat
چگونه می توانم سفارش خود را لغو کنم؟,inquiring
قیمت روز سیر رو میخوام بدونم میشه راهنمایی کنید؟,inquiring
من میزبان یک مهمانی بزرگ هستم و به 5 کیلوگرم هویج نیاز دارم.,buying
لطفا سفارش من را تا دوشنبه ارسال کنید.,scheduling
من قصد دارم سیب زمینی های خریداری شده در تاریخ 1301/05/02 را به دلیل اینکه این محصول را دوست نداشتم برگردانم.,returning
من می خواستم برای سفارشم درخواست بازپرداخت کنم زیرا محصولات ارسال شده با سفارشی که داشتم متفاوت است,returning
کالاهای من را برای ساعت 4 روز پنجشنبه برنامه ریزی کنید.,scheduling
درخواست تغییر سفارش شماره 1553 دارم.,returning
من الان سفارشمو گرفتم ولی بخاطر بسته بندی ارسال خیلی بد بود. از شما می خواهم سفارش من را تغییر دهید,returning
من اشتباه کردم، می توانید سفارش 1679 را تحویل بگیرید؟,deleting
آیا می توانم سفارش شماره 1626 را برای تحویل ساعت 11 صبح رزرو کنم؟,scheduling
آیا خرید بالای 11 کیلوگرم گوشت تخفیف دارد؟,tracking
میشه بهم تخفیف بدی,tracking
سفارش شماره 1084 برای نانی که 13 روز پیش دریافت کردم میخواهم اظهارنامه کنم.,returning
دستور پخت من شامل 9 برش خیار است، آیا آنها در دسترس هستند؟,buying
بررسی کنید تا ببینید سفارش 976 کجاست؟,discount
من باید ظرف خانه ام را با 4 سر کاهو پر کنم.,buying
تعریف هویج در مغازه شما بسیار پیچیده است، لطفا 10 شانه برای من ارسال کنید.,buying
من می خواهم خریدی را که به تازگی انجام داده ام حذف کنم، پول کافی ندارم.,deleting
من در مورد محصولات گوجه فرنگی سوال دارم.,inquiring
قیمت هویج در مقایسه با هویج چگونه است؟,inquiring
من یکی از مشتریان مجموعه شما هستم، می توانید برای خرید پیاز به من تخفیف بدهید؟,tracking
من می خواهم سفارش شماره 195 را که محصول تخم مرغ را در تاریخ 20/10/1402 خریده ام برگردانم.,returning
مقدار محصول روغن زیتون را از 2 کیلوگرم به 2 کیلوگرم تغییر دهید.,editting
سلام، آیا می توانید سفارش من را که به تازگی ثبت شده است لغو کنید؟,deleting
آیا امکان پیگیری سفارش شماره 91 وجود دارد؟,discount
به مناسبت سال نو سفره تخفیف های کاهو پهن است؟,tracking
خستهت کردم خداحافظ,chitchat
سلام، آیا می توانید سفارش من را که به تازگی ثبت شده است لغو کنید؟,deleting
آیا می توانم با کد رهگیری 572 زمان تخمینی رسیدن بسته خود را استعلام کنم؟,discount
آیا می توانم هویج را که قبلاً در سبد گذاشته بودم با خیار جایگزین کنم؟,editting
گوجه فرنگی شما در چه کشوری تولید می شود؟,inquiring
آیا می توانید سفارش من را برگردانید؟ چون از خریدم پشیمون شدم,returning
سفارش من را قبل از ساعت 6 روز جمعه تحویل دهید,scheduling
آیا گوشت در طیف وسیعی از مدل ها و طرح ها موجود است؟,inquiring
چگونه می توانم سفارش خود را به صورت اقساطی پرداخت کنم؟,inquiring
محصول هویج را از سفارش من لغو کنید,editting
آیا سفارش شماره 1293 در راه است؟,discount
من 7 تکه ماهی می خواستم.,buying
لغو سفارش 1355.,deleting
سفارش من را تا ساعت 7 ارسال کنید.,scheduling
لطفا سفارش شماره 1768 من را حذف کنید.,deleting
من می خواهم سفارش #1888 را برای تحویل در روز دوشنبه تنظیم کنم.,scheduling
آیا برای اولین خرید من از محصولات هویج کوپن تخفیف دارید؟,tracking
ما یک شب مهمانی داریم، من آب میوه می خواستم.,buying
آیا سیر در حال حاضر موجود است؟,inquiring
آیا می توانید سفارش من را تغییر دهید؟ چون از خریدم پشیمون شدم,returning
شما می توانید سفارش 452 را پیگیری کنید.,discount
خرید من را جایگزین کنید,returning
لطفا تعداد هویج های موجود در سبد خرید من را از 8 عدد به 8 عدد تغییر دهید.,editting
به جای سیر در سبد خرید من پنیر بریزید.,editting
من به اشتباه سیب را به سبد خرید اضافه کردم، لطفا آن را حذف کنید.,editting
آیا محصول گوجه فرنگی گارانتی دارد؟,inquiring
پشیمان شدم، گوجه فرنگی را از سفارش من لغو کنید,editting
از ماهی بگو,inquiring
آیا سفارش 1983 در حال حاضر در راه است؟,discount
آیا برای کریسمس تخفیف دارید؟,tracking
آیا اقلام سفارش با توجه به اینکه انجام و پرداخت هنوز تکمیل نشده است مجاز به اصلاح هستند؟,inquiring
می توانید توضیح دهید که چگونه کاهو از نظر فنی برتر از کاهو است؟,inquiring
به دلیل تخفیف ویژه ای که دیدم قصد دارم برنج را با هویج جایگزین کنم.,editting
من نیاز به توضیح دارم، آیا محدوده تغییر پیش پرداخت سبدهای باز را پوشش می دهد؟,inquiring
من می خواهم برنج را از سفارشم لغو کنم.,editting
هویج را به سبد خرید من اضافه کنید.,buying
می خواستم کل سفارشم را کنسل کنم چون اشتباه کردم,deleting
آیا این روزها پیشنهاد ویژه ای برای خرید نان دارید؟,tracking
آیا سفارش شماره 1551 که شامل شیره است آماده ارسال است؟,discount
چه خبر؟,chitchat
آیا می توانم آب میوه ای را که قبلاً در سبد گذاشته بودم با روغن زیتون جایگزین کنم؟,editting
من میخواهم پیاز را به صورت عمده بخرم قیمت بهتری پیشنهاد میکنید؟,tracking
من الان سفارشم رو دریافت کردم ولی با توجه به اتمام تاریخ انقضای محصولات از شما میخوام که سفارشم رو پس بدید,returning
ممنون عزیزم,chitchat
آیا سیب در انبار دارید؟,inquiring
من می خواهم یک دستور غذای جدید را امتحان کنم که به 4 قاشق غذاخوری روغن زیتون نیاز دارد.,buying
سفارش من را لغو کنید، من آن را 2 روز پیش ثبت کردم.,deleting
من به دنبال گزینه های گیاهی هستم، به خصوص 4 برنج,buying
سفارش من را قبل از ساعت 11 روز پنجشنبه تحویل دهید,scheduling
اگر از کیفیت محصول راضی نباشم چه؟,inquiring
آیا برای بازگرداندن کالا به رسید نیاز دارم؟,inquiring
بررسی کنید تا ببینید سفارش 1873 کجاست؟,discount
من به دنبال گزینه های گیاهی هستم، به خصوص 5 بطری خیار,buying
پس چرا سفارش من نمی رسد؟ باید تا جمعه به من تحویل بدی,discount
آیا محصولات ارگانیک ارائه می دهید؟,inquiring
آیا می توانید وضعیت فعلی سفارش شماره 805 را توضیح دهید؟,discount
لطفا تعداد پنیرهای سبد خرید من را از 13 به 9 تغییر دهید.,editting
تو به من لطف کردی,chitchat
در روزهای اخیر بازار تخفیف کره داغ است؟,tracking
میشه به جای تخم مرغ 10 عدد شیر بهم بدی؟,editting
آیا می توانید سفارش من را برگردانید؟ چون از خریدم پشیمون شدم,returning
میخواستم بدونم در سال جدید سیب زمینی هم تخفیف میدین؟,tracking
می خواهم آب میوه را از سبد خریدم حذف کنم و به جای آن کاهو اضافه کنم.,editting
نان خاتون در چه کشوری تهیه می شود؟,inquiring
اگر سفارش من هنوز ارسال نشده است، آیا می توانم محصولاتی را که انتخاب کرده ام تغییر دهم؟,inquiring
من میخواهم سفارش شماره 484 را که 13 روز پیش برای کالای کره ای ثبت شده است برگردانم زیرا این کالا را دوست نداشتم.,returning
من خیلی وقته از شما خرید می کنم، می توانید برای محصول روغن زیتون به من تخفیف بدهید؟,tracking
آیا نان گارانتی یا خدمات پس از فروش دارد؟,inquiring
بعد از چه مدت باید یک کالا را برگردانم؟,inquiring
من در تاریخ 1403/12/15 سفارش شماره 104 را ثبت کردم، وضعیت آن چگونه است؟,discount
قیمت سیر در حال حاضر چقدر است؟,inquiring
لطفا سفارش شماره 1419 را برای تاریخ 1402/11/30 تهیه نمایید.,scheduling
پشیمانم لطفا سفارشم را حذف کنید,deleting
خرید من را حذف کنید,deleting
سفارش من برای سه شنبه بفرستید چون من دیگر در خانه نیستم.,scheduling
آیا باید قبل از بازگرداندن کالا با پشتیبانی مشتری تماس بگیرم؟,inquiring
آیا امکان تحویل سفارش شماره 1171 در روز دوشنبه وجود دارد؟,scheduling
آیا می توانم شناسه خرید خود را تغییر دهم زیرا هنوز پرداخت انجام نشده است؟,inquiring
لطفا آخرین سفارش من را حذف کنید، من تغییراتی در برنامه داشتم.,deleting
من می خواهم اسموتی درست کنم و به 5 شانه ماهی مخلوط نیاز دارم.,buying
گوجه فرنگی را از سفارش من لغو کنید,editting
میشه به جای سیب 10 سر کاهو به من بدی؟,editting
میشه بگید تخم مرغ از کدوم کشور وارد میشه؟,inquiring
من درخواست تغییر سفارش 218 را دارم.,returning
متاسفم، لطفا سفارش من را لغو کنید,editting
متأسفانه باید از شما خواهش کنم که خرید من را لغو کنید زیرا آدرس را اشتباه وارد کردم.,deleting
بطری 2 گوجه فرنگی را برای من بگذارید,buying
به دلیل قدیمی بودن و آسیب دیده بودن محصولات، ماکارونی خریداری شده در تاریخ 28/1/1402 را می خواهم برگردانم.,returning
به دلیل تخفیف ویژه ای که دیدم قصد دارم کاهو را با سیب جایگزین کنم.,editting
سلام. چطوری؟,chitchat
خوبی؟ خوشحال؟,chitchat
آیا خرید ماهی در روز دوشنبه تخفیف دارد؟,tracking
به جای برنج در سبد خریدم سیب زمینی بریزید.,editting
آیا خرید بالای 14 لیتر سیب تخفیف دارد؟,tracking
حذف سفارش شماره 1121,deleting
آیا سیب زمینی شما تازه است؟ من 11 بطری می خواهم.,buying
آیا می توانید وضعیت فعلی سفارش شماره 489 را توضیح دهید؟,discount
من منتظر تحویل سفارش شماره 1563 در اولین ساعت یک شنبه هستم.,scheduling
من قصد دارم سفارشم را حذف کنم، به دلایلی که می گویم: اندازه اشتباهی را انتخاب کردم.,deleting
پشیمانم لطفا سفارشم را حذف کنید,deleting
من فقط شنبه این هفته در خانه هستم، لطفا سفارشم را ارسال کنید.,scheduling
من به دنبال پیشنهادات ویژه برای تخم مرغ هستم، آیا چیزی برای ارائه دارید؟,tracking
ما یک شب مهمانی داریم، من تخم مرغ می خواستم.,buying
میشه 8 لیتر کاهو بفرستید؟,editting
من می خواهم از حراج هالووین استفاده کنم، آیا مرغ شامل تخفیف می شود؟,tracking
می‌خواهم بدانم سفارش #1780 در کجا در حال انجام است.,discount
آیا امکان تعویض نانی که قبلا انتخاب کرده ام وجود دارد؟,editting
می توانم نام شما را بپرسم,chitchat
آیا می توانم سفارش خود را در صورت انتخاب حمل و نقل استاندارد پیگیری کنم؟,inquiring
قیمت خیار با توجه به نوسانات اخیر بازار چگونه تغییر کرده است؟,inquiring
بررسی کنید تا ببینید سفارش 2308 کجاست؟,discount
وضعیت سفارش شماره 1417 چگونه است؟,discount
میشه قیمت شیر ​​رو بدونم؟,inquiring
خرید من را با شماره رهگیری 50 پیگیری کنید.,discount
آقا من اومدم دوباره مزاحمتون بشم,chitchat
می خواهم بدانم شیر در مقایسه با محصولات مشابه چه مزایایی دارد.,inquiring
برنجی که ۱۱ روز پیش خریدم الان کجاست؟ پس کی ارسال میشه؟,discount
لطفا مراحل لغو سفارش 1064 را شروع کنید.,deleting
من این هفته فقط سه شنبه هستم، لطفا سفارشم را ارسال کنید.,scheduling
سفارش من را تا ساعت 1 ارسال کنید.,scheduling
من برنج می خواستم,buying
من می خواهم یک دستور جدید را امتحان کنم که به 8 کیلوگرم تخم مرغ نیاز دارد.,buying
روز خوب و خوشی داشته باشید,chitchat
آیا پس از 6 بار مصرف باز هم امکان برگشت هویج وجود دارد؟ من چند روز پیش اجناسم را تحویل گرفتم اما به دلیل نظرم میخواهم برگردانم.,returning
آیا برای اولین خرید من از محصولات سیب زمینی کوپن تخفیف دارید؟,tracking
سفارشم را ثبت کنید و به من بگویید چگونه باید هزینه خریدم را پرداخت کنم.,finishing
من به 6 تخم مرغ علاقه دارم.,buying
میخوام بدونم سفارش شماره 715 کی به دستم میرسه.,discount
برکات,chitchat
قصد دارم کره مربوط به سفارش شماره 879 خریداری شده در 11/2/1402 را برگردانم.,returning
من به سیب نیاز دارم، به خصوص 8.,buying
من یک معلم آشپزی هستم، آیا شما 6 بطری خیار دارید؟,buying
من می خواهم سفارش #1885 را برای تحویل یکشنبه تنظیم کنم.,scheduling
کالای ارسالی بسیار آسیب دیده است لطفا مرجوع کنید,returning
امروز چکار می کنید؟,chitchat
درخواست برگشت سفارش شماره 1529 دارم.,returning
دلیل این همه تاخیر چیست؟  وضعیت دقیق آب میوه الان چگونه است؟,discount
بچه های من عاشق سیب زمینی شما هستند، آیا می توانید 1 کیلوگرم برای من در نظر بگیرید؟,buying
خیار را از سفارش من حذف کنید,editting
من می خواهم یک وعده سوپ سبزیجات درست کنم، من به 13 شانه شیر درجه یک نیاز دارم.,buying
5 کیلوگرم ماکارونی را به سبد خرید من اضافه کنید,buying
من باید سفارش 559 را روز دوشنبه حذف کنم.,deleting
ممنون,chitchat
به دلیل قدیمی بودن و خرابی محصولات میخواهم شیر خریداری شده مورخ 25/4/1403 را برگردانم.,returning
من سیب زمینی اشتباهی خریدم، آیا می توانم آن را برگردانم؟,returning
من قصد دارم سفارش خود را لغو کنم، به دلایل زیر: تغییرات برنامه داشتم.,deleting
ارسال سفارش 1931 در تاریخ 21/8/1402.,scheduling
چند روز باید کالای خریداری شده خود را برگردانم؟,inquiring
شغل شما چیست؟,chitchat
من اشتباه کردم می توانید سفارش 2330 را تحویل بگیرید؟,deleting
آیا روغن زیتون در راستای پایداری و مسئولیت های اجتماعی شرکت تولیدکننده طراحی شده است؟,inquiring
میشه مواردی که گفتم رو تهیه کنید و برام بفرستید,finishing
در صورت تاخیر در عرضه کالا چگونه اطلاع رسانی کنیم؟,inquiring
سفارش من را تا ساعت 11 ارسال کنید.,scheduling
میخواستم بدونم سفارشی که دادم تا سه شنبه به دستم میرسه یا نه؟,discount
لطفا مراحل لغو سفارش 1462 را شروع کنید.,deleting
مرغ چه ویژگی هایی دارد و آیا برای نداشتن مواد مضر غیر طبیعی مناسب است؟,inquiring
متشکرم,chitchat
من باید سفارش 353 را روز سه شنبه حذف کنم.,deleting
من به 7 کیلو نان علاقه دارم.,buying
من می خواهم سفارشم را با شماره 1194 برگردانم,returning
سفارش من با شماره 264 باید لغو شود چون اشتباه وارد کردم.,deleting
آیا بازبینی سفارش من به دلیل اینکه به طور کامل پردازش نشده است مطابق دستورالعمل ها خواهد بود؟,inquiring
آیا خرید بیشتر از 8 لیتر هویج تخفیف دارد؟,tracking
من مشتاقم بدانم آیا سفارش 2137 ارسال شده است یا خیر.,discount
امروز چطوری؟,chitchat
اشتباه بود به جای 13 کیلو پاستا 6 کیلو می خواستم.,editting
چون نظرم عوض شد، تصمیم گرفتم سفارش شماره 153 را برگردانم.,returning
من می خواهم گوشت را از سفارشم حذف کنم.,editting
میخواستم بدونم برای پرتقال در سال جدید تخفیف میدین؟,tracking
سلام من کمک میخواستم,chitchat
من می خواهم سفارش شماره 414 را برای تحویل در روز جمعه تنظیم کنم.,scheduling
موجودی خیار شما چقدر است؟,inquiring
قیمت گوشت نسبت به گوشت چگونه است؟,inquiring
خرید من را لغو کنید,deleting
آیا می توانید سفارش شماره 1953 را ساعت 4 تحویل دهید؟,scheduling
سفارش دهید و محصولاتی را که اطلاع دادم ارسال کنید.,finishing
من باید دستور 2050 را روز پنجشنبه پاک کنم.,deleting
میخوام بدونم سفارش شماره 1604 کی به دستم میرسه.,discount
سفارشم را برای جمعه بفرستید چون دیگر در خانه نیستم.,scheduling
من مشتاقم بدانم آیا سفارش 394 ارسال شده است یا خیر.,discount
عصر بخیر,chitchat
چند وقته که از سفارشم خبر دارم، پس کجاست؟,discount
قبل از تکمیل سفارش، می خواهم نان را از سبد خریدم حذف کنم.,editting
گوشت را برای من کنار بگذارید,buying
آیا جعبه سورپرایز محصول پاستا با تخفیف برای هالووین دارید؟,tracking
آیا می توانید سیری را که در حال حاضر به آن نیاز ندارم از سبد خریدم حذف کنید؟,editting
پنیر را اشتباهی به سبد اضافه کردم، لطفا آن را حذف کنید.,editting
من می خواستم کاهو را به سبد خریدم اضافه کنم، اما به نظر نمی رسد در لیست قرار گیرد، لطفا آن را اضافه کنید.,buying
من را به مرحله پرداخت ببرید زیرا خریدهای من تمام شده است.,finishing
تفاوت بین برنج و برنج چیست؟,inquiring
من می خواهم به روز رسانی در مورد وضعیت سفارش 1825 دریافت کنم. آخرین وضعیت سفارش چگونه است؟,discount
میشه اسمتون رو بگید و خودتون رو معرفی کنید؟,chitchat
من میخوام سوپ سبزیجات درست کنم، به 7 عدد گوجه فرنگی درجه یک نیاز دارم.,buying
سبد خرید من پر است، لطفا مراحل پرداخت را توضیح دهید.,finishing
آیا می توانم برای خرید هفتگی 8 کیلوگرم کاهو رزرو کنم؟,buying
لطفا به جای 9 کیلوگرم پیاز، 9 کیلوگرم هویج بدهید.,editting
آیا پس از 4 بار استفاده باز هم امکان برگشت پاستا وجود دارد؟ من چند روز پیش اجناسم را تحویل گرفتم اما به دلیل نظرم میخواهم برگردانم.,returning
من می خواستم 12 لیتر پیاز بخرم,buying
اشتباه بود به جای 2 لیتر شیر 9 لیتر می خواستم.,editting
اسم شما چیست؟,chitchat
آیا سفارش شماره 1530 ارسال شده است؟,discount
من میزبان یک مهمانی بزرگ هستم و به 8 بطری سیر نیاز دارم.,buying
آیا می توانم پرتقال هایی را که 5 روز پیش خریده ام پس بدهم؟,returning
قیمت محصولات مقابل را می خواستم بدانم: نان 7 کیلو و نان 7 کیلو,inquiring
من می خواهم خریدی را که انجام دادم حذف کنم، اذیتم نمی کند.,deleting
آیا گوشت مطابق با استانداردهای BRC است و آیا گواهی طبیعی و بدون مواد شیمیایی دارد؟,inquiring
من برای کوچولویم غذا می خواستم، پنیر داری؟,buying
سلام میشه سفارش من که تازه ثبت شده رو حذف کنید؟,deleting
لطفا فرآیند تسویه حکم 1649 را شروع کنید.,deleting
لطفا سفارش من را تا شنبه ارسال کنید.,scheduling
پشیمانم لطفا سفارشم را کنسل کنید,deleting
آیا گوجه فرنگی در رنگ های دیگر موجود است؟,inquiring
محصولی که دریافت کردم معیوب است، می خواستم آن را برگردانم,returning
من برای کوچولویم غذا می خواستم، ماکارونی دارید؟,buying
چطوری شریف؟,chitchat
از شما می خواهم سفارش من را لغو کنید زیرا دیگر به آن نیاز ندارم.,deleting
مقدار مرغ را 13 عدد کنید,editting
قیمت پیاز نسبت به پیاز چگونه است؟,inquiring
در سبد خریدم نان را با برنج جایگزین کنم.,editting
شما خسته شدید، من عذرخواهی می کنم. خداحافظ,chitchat
آیا می توانید سفارش من را قبل از ساعت 11 روز سه شنبه تحویل دهید؟,scheduling
چرا به کد رهگیری نیاز داریم؟,inquiring
من به دنبال اطلاع از وضعیت فعلی سفارش با شناسه 2325 هستم.,discount
می تونم اسم شما را بدونم,chitchat
لطفا سفارشم را برگردانید حمل و نقل به دلیل بسته بندی بسیار بد بود,returning
گوشتی که 14 روز پیش تحویل گرفتم نیاز به تعویض دارد و از شما می خواهم آن را برای من برگردانید.,returning
آیا سفارش شماره 906 ارسال شده است؟,discount
آیا شماره سفارش 1659 ارسال شده است؟,discount
سفارش شماره 572 من باید لغو شود زیرا آدرس را اشتباه وارد کردم.,deleting
کاهوی سفارشی 1965 که روز سه شنبه خریداری شده نیاز به تعویض دارد.,returning
من علاقه مند به برنامه ریزی برای تحویل سفارش شماره 1143 برای تاریخ 9/7/1401 هستم.,scheduling
لطفا ماهی در سبد خرید من را با تخم مرغ به روز کنید.,editting
آیا مواردی وجود دارد که قابل بازگشت نباشد؟,inquiring
سفارش من را برای یکشنبه ارسال کنید زیرا من دیگر در خانه نیستم.,scheduling
خداوند دوست و همراه شماست,chitchat
آیا می توانید 14 لیتر تخم مرغ بفرستید؟,editting
لطفا سفارش شماره 1852 را برای تاریخ 21/5/1401 راس ساعت 5 تهیه نمایید.,scheduling
سفارش شماره 1567 برای پنیر خریداری شده در روز شنبه مطابق انتظار نبود، می خواهم آن را برگردانم.,returning
سفارش من را ساعت 10 ارسال کنید.,scheduling
من اشتباه کردم می توانید سفارش 263 را تحویل بگیرید؟,deleting
آیا می توانم در مورد زمان تخمینی رسیدن بسته خود با کد رهگیری 1803 استعلام بگیرم؟,discount
آیا می توانید برای من 13 آب میوه سفارش دهید؟,buying
قبل از تکمیل سفارش، می خواهم نان را از سبد خریدم حذف کنم.,editting
می خواستم بپرسم آیا تنظیم سفارش فعلی من یک فعالیت مجاز است؟,inquiring
چقدر سهام دارید؟,inquiring
من می خواهم سفارش شماره 340 را که 13 روز پیش برای محصول تخم مرغ ثبت شده است، پس بدهم زیرا نظرم تغییر کرده است.,returning
ممنون از لطف شما,chitchat
آیا می توانید وضعیت فعلی سفارش شماره 2041 را توضیح دهید؟,discount
می‌خواستم تأیید کنم که آیا اصلاح موارد سبد خرید من در حال حاضر یک ویژگی در دسترس است یا خیر.,inquiring
سلام حالت خوبه؟,chitchat
اقلام من را بفرست,finishing
مقدار محصول پیاز را از 8 لیتر به 10 لیتر تغییر دهید.,editting
حالت خوبه؟,chitchat
من خرید داشتم,buying
لطفا 1 کیلوگرم کره به من بدهید.,buying
محصولی که دریافت کردم معیوب است، می خواستم آن را برگردانم,returning
پودر لباسشویی من تمام شده است، برای من سیب بفرست,buying
ما یک شب مهمانی داریم، من سیر می خواهم.,buying
میشه زمان تقریبی تحویل سفارش شماره 487 رو بگید؟ من این سفارش را 6 روز پیش ثبت کردم,discount
من می خواهم خرید خود را لغو کنم زیرا می خواهم از جای دیگری خرید کنم.,deleting
من کنجکاو هستم که از مجموعه تخم مرغ خود چه چیزی دارید، آیا می توانم 7 بطری را امتحان کنم؟,buying
لطفا فرآیند تسویه حکم 840 را شروع کنید.,deleting
آیا برای اولین خرید محصولات سیر من کوپن تخفیف دارید؟,tracking
از شما می خواهم زمان تحویل سفارش شماره 1074 را برای 8/6/1400 تعیین کنید.,scheduling
می خواهم بدانم آیا گوجه فرنگی را می توان در آینده ارتقا داد یا توسعه داد؟,inquiring
من الان سفارشمو گرفتم ولی به خاطر اقلامی که ارسال کردید خراب شد. از شما می خواهم سفارش من را تغییر دهید,returning
لطفا تعداد پیازهای سبد خرید من را از 14 به 9 تغییر دهید.,editting
من از خریدی که روز دوشنبه انجام دادم پشیمانم، آن را لغو کنید.,deleting
قبل از تکمیل سفارش، می خواهم گوشت را از سبد خرید خود لغو کنم.,editting
میشه 10 کیلو پنیر بفرستید؟,editting
سفارش من را ساعت 8 ارسال کنید.,scheduling
در سبد خریدم پیاز را با مرغ عوض کنید.,editting
در مورد محصولات سیب زمینی به من بگویید,inquiring
پشیمانم، برنج را از سفارش من کنسل کنید,editting
آیا می توانید کره ای را که در حال حاضر به آن نیاز ندارم از سبد خریدم حذف کنید؟,editting
فراموش کردم، لطفا سیب زمینی را به سبد خرید من اضافه کنید.,buying
به جای 8 بطری سیب زمینی، لطفا آن را 1 بطری سیب زمینی کنید,editting
از شما می خواهم زمان تحویل سفارش شماره 1203 را برای 28/11/1400 تعیین کنید.,scheduling
چه کار می کنی؟,chitchat
از خریدی که روز چهارشنبه انجام دادم پشیمانم، حذف کنید.,deleting
سفارش من را برای دوشنبه ارسال کنید زیرا من دیگر در خانه نیستم.,scheduling
میخواستم خریدم ساعت 7 ارسال بشه.,scheduling
آیا امکان پیگیری سفارش شماره 1047 وجود دارد؟,discount
من می خواهم از حراج هالووین استفاده کنم، آیا برنج شامل تخفیف می شود؟,tracking
کالای ارسالی بسیار آسیب دیده است لطفا مرجوع کنید,returning
لطفا سفارش شماره 1045 را برای تاریخ 5/2/1403 تهیه نمایید.,scheduling
آیا سفارش شماره 425 ارسال شده است؟,discount
خدا قوت,chitchat
سفارش من را سه شنبه ساعت 3 ارسال کنید.,scheduling
به مناسبت هالووین سفره تخفیف های کاهو پهن است؟,tracking
میشه زمان تقریبی تحویل سفارش شماره 1243 رو بگید؟ من این سفارش را 2 روز پیش ثبت کردم,discount
من مرغ میخواستم,buying
نارنجی چطوره,inquiring
ممنون میشم کمک کنید,chitchat
من 13 کیلو پاستا نیاز دارم.,buying
من می خواهم به درک عمیق تری از ویژگی های متمایز و منحصر به فرد ماهی دست پیدا کنم.,inquiring
من کنجکاو هستم که از مجموعه تخم مرغ خود چه چیزی دارید، آیا می توانم 10L را امتحان کنم؟,buying
من 6 کیلو پنیر می خواستم.,buying
لطفا نان در سبد خرید من را با ماهی به روز کنید.,editting
می خواستم ساعت کاری فروشگاه شما را بدانم.,inquiring
قیمت روز آب میوه رو میخوام بدونم میشه راهنمایی کنید؟,inquiring
ارسال سفارش من در تاریخ 1301/6/26,scheduling
من می خواهم شماره سفارش 2053 خود را برگردانم,returning
آیا امکان سفارشی کردن سفارش در انتظار من با اصلاح موارد وجود دارد؟,inquiring
آیا جعبه سورپرایز آبمیوه تخفیف دار برای جشن گرفتن فروش زمستانی دارید؟,tracking
من برای کوچولویم شیرینی می خواستم، سیب زمینی دارید؟,buying
می توانید پیگیری کنید تا ببینید سفارش من دقیقا کجاست. شماره سفارش من: 995,discount
من درخواست برگشت سفارش 1075 را دارم.,returning
میشه زمان تقریبی تحویل سفارش شماره 2181 رو بگید؟ من این سفارش را 3 روز پیش ثبت کردم,discount
آیا برای اولین خرید محصولات شیر ​​من کوپن تخفیف دارید؟,tracking
من از خرید پنیر پشیمانم، لطفا سبد خرید من را لغو کنید.,editting
پیاز مربوط به سفارش 308 را که در تاریخ 18/3/1301 خریداری شده است را پس می فرستم.,returning
در روزهای اخیر بازار کاهو با تخفیف داغ است؟,tracking
سفارش من را قبل از ساعت 8 روز سه شنبه تحویل دهید,scheduling
درخواست حذف سفارش شماره 2030 دارم چون سایز رو اشتباه انتخاب کردم.,deleting
ارسال سفارش من در تاریخ 1401/3/17,scheduling
لطفاً برنج را در سبد خرید من با نان به روز کنید زیرا تازه تر است.,editting
من می خواستم کل سفارشم را لغو کنم زیرا دیگر به آن نیاز ندارم,deleting
برنج خریداری شده 11 معیوب است و می خواهم آن را برگردانم.,returning
آیا در کریسمس روی پنیر تخفیف می دهید؟,tracking
من قصد دارم گوشت را با تخم مرغ جایگزین کنم، لطفا راهنمایی کنید.,editting
لطفا شیر داخل سبد خریدم را با ماهی به روز کنید چون تازه تر است.,editting
من تصادفاً با شماره 1887 سفارش دادم. لطفاً آن را حذف کنید.,deleting
آیا می توانید برای 7 شانه آب میوه سفارش دهید؟,buying
اذیتت کردم خسته شدی,chitchat
من اشتباهی شماره سفارش 697 خریدم میخوام عوضش کنم.,returning
متأسفانه باید از شما خواهش کنم که خرید من را حذف کنید، زیرا می خواهم از جای دیگری خرید کنم.,deleting
داریم مهمونی داریم، من گوجه می‌خواستم.,buying
آیا جعبه سورپرایز محصول ماهی با تخفیف برای هالووین دارید؟,tracking
من به گوشت محلی علاقه دارم، آیا می توانم 5 لیتر از آنها را داشته باشم؟,buying
من می خواهم برنجی را که در سبد خریدم گذاشته ام لغو کنم.,editting
پس از ثبت سفارش 270 در تاریخ 1401/6/17، کنجکاو هستم که چگونه پیشرفت می کند. آخرین گزارش چیست؟,discount
به دلیل تخفیف ویژه ای که دیدم قصد دارم شیره را با نان جایگزین کنم.,editting
از کجا می توانم شماره پیگیری خود را پیدا کنم؟,inquiring
قصد دارم مرغ مربوط به سفارش شماره 425 را که در تاریخ 1400/10/5 خریداری شده است برگردانم.,returning
برای مشتریان همیشگی مثل من برای گوجه فرنگی تخفیف ویژه ای دارید؟,tracking
پس از ثبت سفارش 348 در تاریخ 4/8/1401، کنجکاو هستم که چگونه پیشرفت می کند. آخرین گزارش چیست؟,discount
آیا می توانید توضیح دهید که پاستا چگونه می تواند به بهبود رژیم غذایی و تناسب اندام برای ورزشکاران کمک کند؟,inquiring
آیا ماکارونی در راستای پایداری و مسئولیت های اجتماعی شرکت سازنده طراحی شده است؟,inquiring
لطفا به جای 2 کیلوگرم نان، 1 کیلوگرم پرتقال به من بدهید,editting
آیا سفارش شماره 1121 که شامل کره است آماده ارسال است؟,discount
من می خواهم سفارش شماره 949 خود را برگردانم,returning
چگونه یک کالا را برگردانم؟,inquiring
لطفا خیار را در سبد خرید من با خیار به روز کنید.,editting
آیا امکان تحویل سفارش شماره 773 در روز شنبه وجود دارد؟,scheduling
من تخم مرغ می خواستم,buying
از شما تقاضا دارم سفارش 2174 را حذف کنید زیرا کالای مورد نظر را در جای دیگری پیدا کردم.,deleting
روز خوبی داشته باشید,chitchat
من میخواهم سیر را به صورت عمده بخرم قیمت بهتری پیشنهاد میکنید؟,tracking
برای مهمانی که قرار است جشن بگیریم، سفارش من باید روز سه شنبه ارسال شود.,scheduling
خدا حافظ,chitchat
لطفا سفارش شماره 347 را برای تاریخ 24/1/1401 راس ساعت 9 تهیه نمایید.,scheduling
آیا می توانم موارد انتخابی خود را به روز کنم زیرا سفارش من هنوز ارسال نشده است؟,inquiring
آیا می توانید 2 لیتر گوجه فرنگی را بسته بندی کنید و برای من بفرستید؟,buying
من علاقه مند به زمانبندی تحویل سفارش شماره 2179 برای تاریخ 24/2/1403 هستم.,scheduling
میخواستم بدونم 3 تا بطری کاهو موجود هست؟,inquiring
آیا می توانم سیب زمینی هایی را که قبلاً در سبد گذاشته بودم با آب میوه جایگزین کنم؟,editting
محصول ماکارونی را از سفارش من حذف کنید,editting
سفارش من را لغو کنید، من آن را 13 روز پیش ثبت کردم.,deleting
آیا می توانم با کد رهگیری 1234 زمان تخمینی رسیدن بسته خود را استعلام کنم؟,discount
من میخوام سوپ سبزیجات درست کنم، 1 عدد گوشت پرایم نیاز دارم.,buying
من می خواستم برای سفارشم درخواست بازپرداخت کنم زیرا این محصول را دوست نداشتم,returning
متشکرم,chitchat
من می خواهم سفارش شماره 1453 را که 6 روز پیش برای محصول روغن زیتون ثبت شده است برگردانم زیرا تاریخ مصرف محصول به پایان رسیده است.,returning
چه کاری می توانی انجام بدهی؟,chitchat
من می خواهم اطلاعات بیشتری از شما بدانم.,inquiring
لطفا 5 شانه پیاز به من بدهید.,buying
ساعات کاری پشتیبانی مشتری چقدر است؟,inquiring
لطفا شماره سفارش 1848 من را حذف کنید.,deleting
من یک معلم آشپزی هستم، آیا شما 7 بطری برنج دارید؟,buying
لطفا آخرین سفارش من را حذف کنید، من بودجه کافی ندارم.,deleting
میخواستم سفارشم رو ساعت 10 بفرستید.,scheduling
آیا می توانم سفارش خود را در وب سایت شما پیگیری کنم؟,inquiring
سپاسگزار,chitchat
لطفا فرآیند تسویه حکم 825 را شروع کنید.,deleting
سفارش شماره 1026 من باید حذف شود، زیرا تغییرات برنامه داشتم.,deleting
آیا این روزها پیشنهاد ویژه ای برای خرید آب میوه دارید؟,tracking
وضعیت سفارش شماره 96 چگونه است؟,discount
متأسفانه باید از شما خواهش کنم که خرید من را لغو کنید زیرا اندازه را اشتباه انتخاب کردم.,deleting
آیا امکان دریافت سفارش شماره 2290 در تاریخ 23/7/1402 وجود دارد؟,scheduling
آیا می توانید توضیح دهید که خیار از نظر فنی نسبت به خیار برتری دارد؟,inquiring
من می خواهم مقداری کره 12 کیلوگرمی انتخاب کنم.,buying
آیا می توانید تخم مرغ را از سفارش من لغو کنید؟,editting
من تصادفا با شماره 2208 سفارش دادم لطفا حذفش کنید.,deleting
آیا می توانید سفارش من را قبل از ساعت 10 صبح دوشنبه تحویل دهید؟,scheduling
اشتباه بود به جای 6 کیلو سیر 13 کیلو می خواستم.,editting
من یک خطایی می بینم که باید آن را اصلاح کنم. آیا امکان تغییر سبد باز من برای رفع آن وجود دارد؟,inquiring
میخواستم سفارشم رو ساعت 11 بفرستید.,scheduling
از شما تقاضا دارم سفارش 841 را لغو کنید زیرا بودجه کافی ندارم.,deleting
آیا می توانید 2 کیلوگرم سیب بفرستید؟,editting
میخواستم خریدم ساعت 9 ارسال بشه.,scheduling
آیا این روزها پیشنهاد خاصی برای خرید پیاز دارید؟,tracking
به مناسبت سال نو سفره تخفیف سیب زمینی پهن است؟,tracking
بعد از ثبت سفارش 57 در تاریخ 22/6/1400 کنجکاو هستم که چگونه پیشرفت می کند. آخرین گزارش چیست؟,discount
لطفا سفارشم را برگردانید من این کالاها را نمی خواهم، این کالاهایی که شما فرستادید خراب بود.,returning
من از خرید کره پشیمان هستم، لطفا آن را از سبد خرید من حذف کنید.,editting
خیلی زحمت کشیدی,chitchat
سلام. چطوری؟,chitchat
می خواهم بدانم آیا در کریسمس برای نان تخفیف می دهید؟,tracking
محصولی که دریافت کردم معیوب است، می خواستم آن را برگردانم,returning
آیا این روزها پیشنهاد ویژه ای برای خرید کره دارید؟,tracking
من تمام مواردی را که می خواهم انتخاب کرده ام.,finishing
من می خواهم از حراج هالووین استفاده کنم، آیا روغن زیتون شامل تخفیف می شود؟,tracking
من باید سفارش 205 را در روز یکشنبه لغو کنم.,deleting
من به دنبال تخم مرغ هستم، آیا آنها را به تعداد حمل می کنید؟,buying
اشتباه بود به جای 1 شانه پیاز 4 شانه می خواستم.,editting
من 11 بطری پاستا می خواستم.,buying
وضعیت سفارش شماره 2041 چگونه است؟,discount
چه خبر؟,chitchat
آیا می توانید خرید من را چهارشنبه تا ساعت 9 ارسال کنید؟,scheduling
آیا می توانید وضعیت فعلی سفارش شماره 1859 را توضیح دهید؟,discount
من ماکارونی را اشتباهی به سبد خرید اضافه کردم، لطفا لغو کنید.,editting
ارسال سفارش من در تاریخ 1402/1/18,scheduling
آیا سفارش شماره 97 که شامل سیب بود آماده ارسال است؟,discount
سفارشم تموم شد این چیزی است که من می خواستم.,finishing
من باید چهارشنبه سفارش 261 را پاک کنم.,deleting
در مورد کار و زندگی چطور؟,chitchat
نوبت من است که شام ​​بپزم، به اقلام زیر نیاز دارم: 11 کیلوگرم پنیر,buying
من این هفته فقط چهارشنبه در خانه هستم، لطفا سفارشم را ارسال کنید.,scheduling
روغن زیتون برام بفرست,buying
آیا می توانم گوشتی را که 4 روز پیش خریده ام برگردانم؟,returning
قیمت روز کاهو رو میخوام بدونم میشه راهنمایی کنید؟,inquiring
چگونه سفارش خود را نهایی کنم؟,inquiring
برای گوجه فرنگی عید تخفیف میدین؟,tracking
من 13 عدد آبمیوه می خواستم.,buying
برای مشتریان همیشگی مثل من تخفیف ویژه ای برای خیار دارید؟,tracking
مقدار روغن زیتون را شانه کنید,editting
من سفارشم را الان دریافت کردم اما چون محصولات قدیمی و آسیب دیده هستند از شما می خواهم سفارشم را پس دهید,returning
لطفاً پرتقالی که به تازگی به سبد اضافه شده است را با یک سیب جایگزین کنید.,editting
چه خبر؟,chitchat
من یکی از مشتریان شما هستم، برای خرید خیار به من تخفیف بدهید؟,tracking
مقدار اجناس هویج را از 7 لیتر به 9 لیتر تغییر دهید.,editting
ممنون خوب صحبت کردیم,chitchat
لطفا پرتقال هایی که به تازگی به سبد اضافه شده اند را با پیاز جایگزین کنید.,editting
پیاز رو اشتباهی به سبد اضافه کردم لطفا حذفش کنید.,editting
قیمت سیر با 4 حبه را می خواهم بدانم.,inquiring
من باید ظرف آشپزخانه ام را با 1 کیلوگرم کاهو پر کنم.,buying
وضعیت فعلی سفارش شماره 1934 را می خواهم بدانم.,discount
من می خواهم پاستا را از سبد خریدم حذف کنم و به جای آن خیار اضافه کنم.,editting
لطفا به جای 7 کیلوگرم گوشت، 7 کیلوگرم هویج بدهید.,editting
من می خواهم سفارش خود را تکمیل کنم,finishing
موجودی سیب شما چقدر است؟,inquiring
از شما می خواهم زمان تحویل سفارش شماره 1907 را برای 17/7/1400 تعیین کنید.,scheduling
با درود,chitchat
کره ای که 9 روز پیش به دستم رسید نیاز به تعویض دارد و خواهش می کنم آنها را برای من برگردانید.,returning
آیا جعبه سورپرایز محصول برنج با تخفیف برای جشن گرفتن تعطیلات تابستانی دارید؟,tracking
خیار خاتون در کدام کشور درست می شود؟,inquiring
متأسفانه باید از شما خواهش کنم که خرید من را لغو کنید زیرا بودجه کافی ندارم.,deleting
من میخوام 9 عدد سیب زمینی سفارش بدم,buying
سفارش من را تا ساعت 8 ارسال کنید.,scheduling
من می خواهم یک دستور جدید را امتحان کنم که به 9 سر کاهو نیاز دارد.,buying
من تخفیف میخواستم,tracking
من به دنبال پیشنهادات ویژه برای پرتقال هستم، آیا پیشنهادی دارید؟,tracking
کره ای که 2 روز پیش خریدم کجاست؟ پس کی ارسال میشه؟,discount
آیا امکان تحویل سفارش شماره 612 در روز چهارشنبه وجود دارد؟,scheduling
برای مشتریان همیشگی مثل من برای مرغ تخفیف ویژه ای دارید؟,tracking
سفارش من را ثبت کنید,finishing
من قصد دارم سفارشم را لغو کنم، به دلایلی که می‌گویم: می‌خواهم از جای دیگری خرید کنم.,deleting
من به دنبال اطلاع از وضعیت فعلی سفارش با شناسه 2185 هستم.,discount
من 9 کیلو ماهی می خواستم.,buying
من مشتاقم بدانم آیا سفارش 2275 ارسال شده است یا خیر.,discount
من می خواهم نانی را که در سبد خریدم گذاشته ام حذف کنم.,editting
سفارش شماره 1553 برای برنج خریداری شده در روز جمعه مطابق انتظار نبود، می خواهم آن را برگردانم.,returning
لطفا شماره سفارش من 1936 را حذف کنید.,deleting
آیا امکان تحویل سفارش شماره 38 در روز یکشنبه وجود دارد؟,scheduling
می خواستم از مغازه شما لباس بخرم,buying
آیا خرید بیش از 3 عدد تخم مرغ تخفیف دارد؟,tracking
من منتظر تحویل سفارش شماره 1567 در اولین ساعت یک شنبه هستم.,scheduling
من باید سفارش 427 را روز دوشنبه حذف کنید.,deleting
ماکارونی مربوط به سفارش 1039 که روز سه شنبه خریداری شده نیاز به تعویض دارد.,returning
آیا جعبه سورپرایز تخفیفی برای محصول کره ای برای جشن سال نو دارید؟,tracking
من می خواهم در مورد مواد و مواد مورد استفاده در پیاز بدانم.,inquiring
میشه قیمت سیر رو بدونم؟,inquiring
مقدار محصول پنیر را از 2 لیتر به 7 لیتر تغییر دهید.,editting
یک رزمنده خسته نباشید,chitchat
من می خواهم گوشت موجود در سبد خریدم را حذف کنم.,editting
اگر سفارشم خراب شد چه کار کنم؟,inquiring
لطفاً روند حذف سفارش 1824 را شروع کنید.,deleting
برای مشتریان همیشگی مثل من برنج تخفیف ویژه ای دارید؟,tracking
متأسفانه باید از شما خواهش کنم که از خرید من انصراف دهید زیرا کالای مورد نظر را در جای دیگری پیدا کردم.,deleting
من اشتباه کردم می توانید سفارش 1594 را تحویل بگیرید؟,deleting
من میخوام کاهو 12 لیتری سفارش بدم,buying
آیا گزینه پشتیبانی فوری برای مسائل مهم وجود دارد؟,inquiring
من می خواهم کاهویی را که در سبد خریدم گذاشته ام حذف کنم.,editting
تعریف شیر در مغازه شما بسیار پیچیده است، لطفا 13 بطری برای من ارسال کنید.,buying
من میخوام روغن زیتون رو به صورت عمده بخرم قیمت بهتری پیشنهاد میدین؟,tracking
من می خواهم سفارش شماره 465 را که 11 روز پیش برای محصول برنج ثبت شده است برگردانم زیرا شما کالا را اشتباه ارسال کرده اید.,returning
چه کار می کنی,chitchat
آیا می توانم آبی را که قبلاً در سبد گذاشته بودم با سیب جایگزین کنم؟,editting
آیا جعبه سورپرایز تخفیفی برای محصولات خیار برای هالووین دارید؟,tracking
چه مدت می توانم کالای خود را برگردانم؟,inquiring
لطفا زمان انتظار برای تکمیل تحویل سفارش 1083 چه زمانی خواهد بود؟,discount
برای مشتریان همیشگی مثل من کاهو تخفیف ویژه ای دارید؟,tracking
12 کیلوگرم سیب زمینی نیاز دارم.,buying
آیا می توانم ماکارونی را که 5 روز پیش خریده ام برگردانم؟,returning
من می خواهم خرید خود را لغو کنم زیرا کالای مورد نظر را در جای دیگری پیدا کردم.,deleting
از شما تقاضا دارم سفارش من را لغو کنید زیرا اشتباه کردم.,deleting
من می خواهم خریدی را که انجام دادم حذف کنم، اذیتم نمی کند.,deleting
با توجه به تاریخ انقضای محصولات میخواهم کره خریداری شده در تاریخ 1301/3/15 را تعویض کنم.,returning
کیفیت هویج چطوره؟,inquiring
آیا می توانم با کد رهگیری 1440 زمان تخمینی رسیدن بسته خود را استعلام کنم؟,discount
من به 2 کیلو خیار علاقه دارم.,buying
من باید سفارش 848 را برگردانم,returning
آیا برای مشتریان عادی مثل من برای کره تخفیف ویژه ای دارید؟,tracking
ثبت سفارش 387 در تاریخ 1403/12/30.,scheduling
من به دنبال اطلاع از وضعیت فعلی سفارش با شناسه 496 هستم.,discount
برای مهمانی لطفا سفارش شماره 521 را تا تاریخ 19/10/1400 تحویل بگیرید.,scheduling
من می خواهم خریدی را که به تازگی انجام داده ام لغو کنم، اذیتم نمی کند.,deleting
میخواستم بدونم جوجه 14 لیتری موجوده؟,inquiring
حذف سفارش 450.,deleting
سلام. چطوری؟,chitchat
می توانید 8 عدد کاهو برای من سفارش دهید؟,buying
من به دنبال اطلاع از وضعیت فعلی سفارش با شناسه 1251 هستم.,discount
فروشگاه شما از چه روش های پرداخت پشتیبانی می کند؟,inquiring
سیاست بازگشت شما چیست؟,inquiring
من منتظر تحویل سفارش شماره 252 در اولین ساعت روز جمعه هستم.,scheduling
آیا سفارش 895 آماده ارسال است یا هنوز در مرحله پیش ارسال است؟,discount
سلام چطوری شریف؟,chitchat
من مشتاقم بدانم آیا سفارش 1573 ارسال شده است یا خیر.,discount
بدلیل بروز خطای ناخواسته به شماره 1151 ثبت گردید. لطفا آن را لغو کنید.,deleting
لطفاً روند حذف سفارش 16 را شروع کنید.,deleting
به مناسبت عید سفره تخفیف گوشت پهن است؟,tracking
کاهو را از سبد خرید من حذف کنید,editting
من قصد دارم سفارشم را لغو کنم، به دلایلی که می‌آورم: پول کافی ندارم.,deleting
آیا امکان تغییر زمان تحویل برای سفارشات حضوری وجود دارد؟,inquiring
میخواستم سفارشم رو ساعت 4 بفرستید.,scheduling
به دلیل تخفیف ویژه ای که دیدم قصد دارم کره را با کره جایگزین کنم.,editting
لطفا سفارشم را برگردانید اشتباهی خریدمش,returning
آیا خرید بالای 9 شانه از کره تخفیف دارد؟,tracking
پودر لباسشوییم تموم شده برام گوجه بفرست,buying
آیا کاهو در رنگ های دیگر موجود است؟,inquiring
دستت درد نکنه,chitchat
ما یک شب مهمانی داریم، من ماکارونی می خواستم.,buying
میشه اسمتون رو بگید یا حتی خودتون رو معرفی کنید؟,chitchat
آیا قیمت پنیر از پاییز تغییر کرده است؟,inquiring
سیر گارانتی یا خدمات پس از فروش دارد؟,inquiring
چقدر طول می کشد تا بتوانم سفارشم را برگردانم؟,inquiring
آیا می توانم آبمیوه ای را که 7 روز پیش خریده ام برگردانم؟,returning
میخواستم بدونم پاستا 12 لیتری موجوده؟,inquiring
آیا پس از 2 بار مصرف باز هم امکان برگشت هویج وجود دارد؟ من چند روز پیش کالای خود را دریافت کردم، اما می خواهم این محصول را پس بدهم زیرا آن را دوست نداشتم.,returning
من 12 عدد از کره میخواستم.,buying
لغو سفارش 1075.,deleting
آیا می توانید سفارش شماره 161 را ساعت 9 تحویل دهید؟,scheduling
آیا خرید بالای 11 شانه شیره تخفیف دارد؟,tracking
من قصد دارم روغن زیتون را از سفارش شماره 2017 خریداری شده در تاریخ 6/12/1301 برگردانم.,returning
خرید بالای 3 عدد خیار تخفیف داره؟,tracking
موفق باشی خداحافظ,chitchat
آیا امکان تحویل سفارش شماره 922 در روز شنبه وجود دارد؟,scheduling
من به خیار احتیاج دارم، مخصوصاً 14 شانه.,buying
آیا امکان پیگیری سفارش شماره 1343 وجود دارد؟,discount
از خرید سیب پشیمانم، لطفا آن را از سبد خریدم حذف کنید.,editting
برای مواردی که انتخاب کرده ام سفارش دهید,finishing
لطفا سفارش شماره 361 را برای تاریخ 14/8/1400 تهیه نمایید.,scheduling
من تمایل زیادی به پاستا دارم لطفا 8 عدد برام بفرستید.,buying
سیب زمینی چه ویژگی هایی دارد و آیا برای طبیعی بودن و بدون مواد شیمیایی مناسب است؟,inquiring
آیا می توانید سفارش من را برگردانید؟ چون محصولات ارسالی با سفارشی که من داشتم متفاوت است,returning
من قصد دارم ماهی مربوط به سفارش شماره 178 را که در تاریخ 28/6/1300 خریداری شده است برگردانم.,returning
لغو سفارش شماره 1850,deleting
خرید 2 روز پیش من به دلیل انتخاب نادرست باید حذف شود لطفا اقدام لازم را انجام دهید.,deleting
من مسئول تنقلات مهمانی اداری هستم، 1 بطری ماهی می خواستم.,buying
خرید من را برگردانید,returning
آیا می توانید سفارش شماره 1230 را ساعت 11 تحویل دهید؟,scheduling
از شما می خواهم زمان تحویل سفارش شماره 2212 را برای تاریخ 6/6/1403 تعیین کنید.,scheduling
آیا سفارش شماره 506 ارسال شده است؟,discount
من به دنبال اطلاع از وضعیت فعلی سفارش با شناسه 1661 هستم.,discount
با تشکر,chitchat
اسمت را به من بگو,chitchat
شغل شما چیست؟,chitchat
آیا خرید بیش از 3 بطری گوجه فرنگی تخفیف دارد؟,tracking
من فقط دوشنبه این هفته در خانه هستم، لطفا سفارش من را ارسال کنید.,scheduling
در صورت امکان این لیست اقلام را برای من ارسال کنید,finishing
سلام عزیزم,chitchat
من می خواهم به روز رسانی در مورد وضعیت سفارش 1339 دریافت کنم. آخرین وضعیت سفارش چگونه است؟,discount
من علاقه مند به زمانبندی تحویل سفارش شماره 1812 برای تاریخ 6/5/1403 هستم.,scheduling
میخواستم خریدم ساعت 11 ارسال بشه.,scheduling
1 آب شانه را به سبد خرید من اضافه کنید,buying
آیا می توانید سفارش من را لغو کنید؟ محصول مورد نظر را در جای دیگری پیدا کردم.,deleting
سفارش شماره 1406 من باید لغو شود زیرا من تغییر برنامه داشتم.,deleting
من دارم میروم,chitchat
قیمت محصولات مقابل را می خواستم بدانم: تخم مرغ 10 لیتر و تخم مرغ 10 لیتر,inquiring
از شما تقاضا دارم که سفارش من را لغو کنید، زیرا برنامه ام را تغییر داده ام.,deleting
آیا پس از 7 بار استفاده همچنان امکان برگشت پنیر با شماره سفارش 1387 وجود دارد؟,returning
ممکن است لازم باشد یک چیز را تغییر دهم - آیا اکنون امکان تنظیم محتوای سفارش وجود دارد؟,inquiring
به نان مخصوصا 1 بطری نیاز دارم.,buying
خرید من را لغو کنید,deleting
لطفا سفارش شماره 1831 را برای تاریخ 25/2/1403 تهیه نمایید.,scheduling
آیا ماهی را در دسترس دارید؟,inquiring
آیا می توانید سفارش شماره 1464 را ساعت 7 تحویل دهید؟,scheduling
کالاهای من را برای ساعت 9 روز یکشنبه برنامه ریزی کنید.,scheduling
من اشتباه کردم می توانید سفارش 1589 را تحویل بگیرید؟,deleting
روز خوب,chitchat
آیا شما شاد و سلامت هستید؟,chitchat
من می خواهم سفارش 239 را برگردانم,returning
چطوری عزیزم,chitchat
دلیل این همه تاخیر چیست؟ الان نارنجی من دقیقا چطوره؟,discount
آیا می توانم تخم مرغی را که قبلاً در سبد گذاشته ام با آب میوه جایگزین کنم؟,editting
نوبت من است که شام ​​بپزم، به 3 لیتر شیر زیر نیاز دارم,buying
شغل شما در اینجا چیست و چه کار می کنید؟,chitchat
من می خواهم ماهی را که در سبد خریدم گذاشته ام لغو کنم.,editting
آبمیوه خریداری شده در تاریخ 1302/07/13 را به دلیل اینکه کالا آسیب دیده رسیده است را پس می گیرم.,returning
ثبت سفارش 393 در تاریخ 1400/5/11.,scheduling
آیا فروش ویژه ای برای شیر کریسمس دارید؟,tracking
گوشت خریداری شده در تاریخ 1303/01/19 را به دلیل اتمام تاریخ مصرف کالای ارسالی برگردانم.,returning
به جای 13 لیتر شیر لطفا 13 لیتر برنج بدهید.,editting
میخواستم بدونم 6 تا خیار موجوده؟,inquiring
آیا برنامه ای برای فروش پرتقال در این فصل دارید؟,tracking
من می خواهم به درک عمیق تری از ویژگی های متمایز و منحصر به فرد پرتقال دست پیدا کنم.,inquiring
من هوس شدیدی برای مرغ دارم، لطفا 10 بطری برای من بسته بندی کنید. و ارسال کنید,buying
آیا می توانید سفارش شماره 240 را ساعت 6 تحویل دهید؟,scheduling
لطفا تعداد کاهوهای سبد خرید من را از 6 به 8 تغییر دهید.,editting
من می خواهم از حراج هالووین استفاده کنم، آیا هویج شامل تخفیف می شود؟,tracking
من می خواهم سیری را که فراموش کرده ام به سبد خرید اضافه کنم.,buying
من یکی از مشتریان مجموعه شما هستم، می توانید برای خرید روغن زیتون به من تخفیف بدهید؟,tracking
لطفا سفارشم را برگردانید من این کالاها را نمی خواهم، نظرم تغییر کرد.,returning
سلام,chitchat
آیا پشتیبانی مشتری در تعطیلات آخر هفته در دسترس است؟,inquiring
من باید ظرف آشپزخانه ام را با 8 لیتر پیاز پر کنم.,buying
روش های پرداخت شما چیست؟,inquiring
آیا می توانی به جای ماهی به من گوشت بدهی؟,editting
من می خواهم یک به روز رسانی در مرحله ای که سفارش 2270 در آن است. آخرین وضعیت سفارش چگونه است؟,discount
جعبه سورپرایز تخفیف دار برای محصول هویج برای جشن سال نو دارید؟,tracking
سفارش شماره 1717 برای برنج خریداری شده در روز شنبه آنطور که انتظار می رفت نبود، می خواهم وجه را پس بدهم.,returning
خرید پنیر شنبه تخفیف داره؟,tracking
من معلم آشپزی هستم، آیا شما 3 عدد هویج دارید؟,buying
من به دنبال پیشنهادهای ویژه برای سیب هستم، آیا پیشنهادی دارید؟,tracking
شما سفارش شماره 1913 را به دلیل برخی مواد ارسال کردید، آنها آسیب دیده بودند، می خواهم آنها را پس بدهم.,returning
اشتباه کردم میشه سفارش 1316 رو تحویل بگیرید؟,deleting
خرید من را با شماره رهگیری 2173 پیگیری کنید.,discount
من تصادفاً با شماره 366 سفارش دادم. لطفاً آن را حذف کنید.,deleting
بچه های من عاشق تخم مرغ های شما هستند، آیا می توانید 5 تا برای من بگذارید؟,buying
آیا می توانید وضعیت فعلی سفارش شماره 1353 را توضیح دهید؟,discount
سفارش من را یکشنبه ساعت 11 ارسال کنید.,scheduling
این چیزی است که من خریدم. سفارش من را ثبت کنید,finishing
من نان می خواستم.,buying
من می خواهم به درک عمیق تری از خواص متمایز و منحصر به فرد هویج دست پیدا کنم.,inquiring
بعد از ثبت سفارش 2304 در تاریخ 1401/12/23 کنجکاو هستم که ببینم چگونه پیشرفت می کند. آخرین گزارش چیست؟,discount
متوجه شدم محصول سیب زمینی آن چیزی نیست که من می خواهم، چگونه می توانم آن را برگردانم؟,returning
آیا می توانید 1 لیتر تخم مرغ بفرستید؟,editting
من اشتباهی شماره سفارش 2310 را خریدم، چگونه آن را برگردانم؟,returning
من می خواهم سفارش شماره 1499 را که 6 روز پیش برای فرآورده گوشتی ثبت شده است برگردانم، زیرا بسته بندی ارسال بسیار بد بود.,returning
من یکی از مشتریان مجموعه شما هستم، می توانید برای خرید آب میوه به من تخفیف بدهید؟,tracking
خرید من را با شماره رهگیری 953 پیگیری کنید.,discount
آیا سیب در رنگ های دیگر موجود است؟,inquiring
من آمدم,chitchat
من 5 لیتر کاهو میخواستم شما داری؟,buying
من می خواهم از تخفیف تعطیلات تابستانی استفاده کنم، آیا شیر شامل تخفیف می شود؟,tracking
آیا می توانید خرید من را دوشنبه تا ساعت 3 ارسال کنید؟,scheduling
برای بودجه بندی باید قیمت دقیق هویج را بدانم.,inquiring
سفارش من را ساعت 11 ارسال کنید.,scheduling
برای مهمانی لطفا سفارش شماره 1544 را تا تاریخ 18/4/1400 تحویل بگیرید.,scheduling
تفاوت بین تخم مرغ و تخم مرغ چیست؟,inquiring
چند تا جوجه داری؟,inquiring
اشتباه بود به جای 3 عدد پیاز 1 عدد می خواستم.,editting
خستهت کردم دستت درد نکنه,chitchat
قیمت محصولات مقابل رو میخواستم بدونم تخم مرغ 8 کیلو و تخم مرغ 8 کیلو,inquiring
آیا می توانید 12 لیتر هویج بفرستید؟,editting
می توانی به من قرض بدهی یعنی بعداً پرداخت خواهم کرد.,inquiring
برای مهمانی لطفا سفارش شماره 498 را تا تاریخ 17/7/1300 تحویل بگیرید.,scheduling
مرغ شما تازه است؟ من 13 کیلو میخوام,buying
من خیلی وقته از شما خرید می کنم، آیا می توانید برای محصول آبمیوه به من تخفیف بدهید؟,tracking
آیا می توانید سفارش من را حذف کنید؟ آدرس اشتباهی وارد کردم,deleting
من متوجه شدم که محصول هویج آن چیزی نیست که من می خواهم، چگونه می توانم آن را برگردانم؟,returning
آیا اکنون اجازه دارم کالایی را در سبد خرید فعلی خود تغییر دهم؟,inquiring
من به خیار احتیاج دارم مخصوصاً 3 کیلوگرم.,buying
زمان تخمینی تحویل سفارش من چقدر است؟,inquiring
مقدار گوجه فرنگی را از 7 شانه به 13 شانه تغییر دهید.,editting
آیا امکان تحویل سفارش شماره 910 در روز پنجشنبه وجود دارد؟,scheduling
من می خواستم برنج را به سبد خریدم اضافه کنم، اما به نظر می رسد در لیست نیست، لطفا آن را اضافه کنید.,buying
لطفاً نانی که به تازگی به سبد اضافه شده است را با شیر جایگزین کنید.,editting
آیا در سال جدید برای نان تخفیف می دهید؟,tracking
من میخوام از حراج عید استفاده کنم کاهو شامل تخفیف میشه؟,tracking
میخواستم سفارشم رو ساعت 5 بفرستید.,scheduling
آیا این روزها پیشنهاد ویژه ای برای خرید پرتقال دارید؟,tracking
با توجه به تاریخ انقضای محصولات، میخواهم شیر خریداری شده را به تاریخ 11/4/1401 برگردانم.,returning
خرید من را حذف کنید,deleting
برای مشتریان همیشگی مثل من برای پرتقال تخفیف ویژه ای دارید؟,tracking
می خواهم بدانم آیا می توان مرغ را در آینده ارتقا داد یا توسعه داد؟,inquiring
سیر موجود دارید؟,inquiring
بهترین زمان برای بازگرداندن خریدهایم چه زمانی است؟,inquiring
آیا می توانید سفارش من را لغو کنید؟ برام مهم نیست,deleting
آیا می توانید سفارش من را برگردانید؟ چون بعضی از اقلام را ارسال کردید، خراب شده بودند,returning
من می خواهم نام تو را داشته باشم,chitchat
لطفا سفارشم را برگردانید آنها به دلیل محصولات قدیمی و آسیب دیده هستند,returning
وضعیت سفارش شماره 247 چگونه است؟,discount
حذف سفارش شماره 1787,deleting
میشه بگید نان از کدوم کشور وارد میشه؟,inquiring
اگر بخواهم چیزی مبادله کنم، آیا می توانم محصولات انتخابی را در سبد خریدم تغییر دهم؟,inquiring
لطفاً روند حذف سفارش 834 را شروع کنید.,deleting
چگونه می توانم از کد تخفیف خود استفاده کنم؟,inquiring
من فقط یک شنبه این هفته در خانه هستم، لطفا سفارش من را ارسال کنید.,scheduling
می توانید پیگیری کنید تا ببینید سفارش من دقیقا کجاست. شماره سفارش من: 830,discount
لطفا سفارش شماره 646 را برای تاریخ 7/1/1403 ساعت 10 صبح آماده کنید.,scheduling
چه خبر؟,chitchat
از شما تقاضا دارم سفارش من را لغو کنید، زیرا از خرید پشیمان هستم.,deleting
آیا سفارش 2206 در حال حاضر در راه است؟,discount
من یکی از مشتریان شما هستم، می توانید برای خرید سیب زمینی به من تخفیف بدهید؟,tracking
سفارشم را حذف کنید، 10 روز پیش ثبت نام کردم.,deleting
جوجه چطوره,inquiring
سلام میشه سفارش من رو که تازه ثبت شده حذف کنید؟,deleting
من می خواهم به روز رسانی در مرحله ای که سفارش 770 در آن است بشنوم. آخرین وضعیت سفارش چگونه است؟,discount
من تصادفاً با شماره 1823 سفارش دادم. لطفاً آن را لغو کنید.,deleting
آیا می توان شیری را که قبلا انتخاب کردم با ماهی جایگزین کرد؟,editting
به دلیل تخفیف ویژه ای که دیدم قصد دارم نان را با گوشت جایگزین کنم.,editting
فروش ویژه کاهو در تخفیف های زمستانی دارید؟,tracking
آیا می توانم سفارش شماره 812 را برای تحویل ساعت 10 صبح رزرو کنم؟,scheduling
به دلیل تخفیف ویژه ای که دیدم قصد دارم شیر را با پیاز جایگزین کنم.,editting
آیا خرید نان چهارشنبه تخفیف دارد؟,tracking
12 کیلوگرم گوشت را به سبد خرید من اضافه کنید,buying
به آبمیوه مخصوصا 14 لیتری نیاز دارم.,buying
لطفا سفارش شماره 291 من را حذف کنید.,deleting
آیا سفارش شماره 1109 که شامل گوشت بود آماده ارسال است؟,discount
من علاقه مند به برنامه ریزی برای تحویل سفارش شماره 651 برای تاریخ 13/4/1300 هستم.,scheduling
در صورت تحویل ناقص سفارش امکان پیگیری وجود دارد؟,inquiring
آیا برای بازگشت کالا باید مدارکی ارائه کنم؟,inquiring
محصولی که دریافت کردم معیوب است، می خواستم آن را برگردانم,returning
آیا خرید نان سه شنبه تخفیف دارد؟,tracking
می خواستم خریدم را برگردانم و روند بازپرداخت سفارشم را شروع کنم.,returning
من 10 کتف مرغ می خواستم.,buying
ببخشید که اینقدر مزاحمتون شدم,chitchat
من معلم آشپزی هستم، شما 13 نان دارید؟,buying
من می خواهم سفارش شماره 1451 را که محصول آب میوه را در تاریخ 13/8/1402 خریده ام برگردانم.,returning
من می خواهم تخم مرغی را که در سبد خریدم گذاشته ام حذف کنم زیرا نظرم تغییر کرده است.,editting
دوباره اومدم,chitchat
خداحافظ,chitchat
من مسئول تنقلات مهمانی دفتر هستم، 10 کیلو پیاز می خواستم.,buying
آیا می توانید سفارش شماره 735 را ساعت 5 تحویل دهید؟,scheduling
مقدار سیب را به 8 لیتر افزایش دهید,editting
شغلت را بگو,chitchat
من اشتباهاً سفارش شماره 2334 را خریداری کردم، چگونه می توانم اظهارنامه کنم؟,returning
آیا می توانید سفارش من را حذف کنید؟ محصول مورد نظر را در جای دیگری پیدا کردم.,deleting
به مناسبت تخفیف های زمستانی سفره تخفیف برنج پهن است؟,tracking
من میل شدید به مرغ دارم لطفا 14 شانه برای من بفرستید.,buying
من اشتباه کردم، می توانید سفارش 33 را تحویل بگیرید؟,deleting
من به اشتباه مورد اشتباهی را انتخاب کردم. آیا می توانم اکنون سبد خرید خود را تغییر دهم؟,inquiring
من باید سفارش 974 را جایگزین کنم,returning
آیا می توانید ماهی را که به اشتباه به سبد خرید اضافه شده است حذف کنید؟,editting
از شما می خواهم زمان تحویل سفارش شماره 1950 را برای 8/12/1400 تعیین کنید.,scheduling
من 10 بطری مرغ می خواستم.,buying
می خواهم بدانم آیا در کریسمس بر روی گوشت تخفیف می دهید؟,tracking
13 تکه پنیر دارید؟,buying
ممکن است نام شما را بدانم,chitchat
سفارشم تموم شد,finishing
امروز چه کار کردی؟,chitchat
بدلیل بروز خطای ناخواسته، سفارش به شماره 549 ثبت گردید. لطفا آن را لغو کنید.,deleting
من قصد دارم خیار را با روغن زیتون جایگزین کنم، لطفا راهنمایی کنید.,editting
آیا روغن زیتون در حال حاضر موجود است؟,inquiring
پودر لباسشوییم تموم شده برام آب میوه بفرست,buying
آیا می توانم اطلاعات موجودی و محصول کره را بدانم؟,inquiring
انتخاب من تمام شده است. لطفا سفارش من را ارسال کنید,finishing
درخواست لغو سفارش با شماره 650 دارم چون اشتباه وارد کردم.,deleting
اوضاع کاری شما چطور است؟,chitchat
درود بر شما دوست عزیز,chitchat
درخواست کنسل کردن سفارش با شماره 1500 دارم چون خوشم نمیاد.,deleting
متشکرم,chitchat
خداوند شما را حفظ کند,chitchat
مقدار شیر را به 5 عدد برسانید,editting
بدلیل بروز خطای ناخواسته به شماره 811 ثبت گردید. لطفا آن را لغو کنید.,deleting
انشاالله سلامت باشید,chitchat
بررسی کنید تا ببینید سفارش 988 کجاست؟,discount
آیا می توانید توضیح دهید که چگونه شیر با نداشتن مواد مضر غیرطبیعی می تواند به بهبودی کمک کند؟,inquiring
سیاست بازگشت شما چیست؟,inquiring
میخوام بدونم قیمت پرتقال 12 لیتری چقدر میشه؟,inquiring
من درخواست تغییر سفارش 479 دارم.,returning
آیا خرید مرغ در روز یکشنبه تخفیف دارد؟,tracking
سفارش شماره 990 برای پرتقال خریداری شده در روز جمعه مطابق انتظار نبود، می خواهم آن را برگردانم.,returning
من می خواهم خریدی را که به تازگی انجام داده ام حذف کنم، پول کافی ندارم.,deleting
میخواستم خریدم ساعت 3 ارسال بشه.,scheduling
جعبه سورپرایز تخفیف گوشتی برای جشن عید دارید؟,tracking
آیا امکان دریافت سفارش شماره 1500 در تاریخ 18/3/1401 وجود دارد؟,scheduling
من مشتاقم بدانم آیا سفارش 1173 ارسال شده است یا خیر.,discount
من علاقه مند به برنامه ریزی تحویل سفارش شماره 1947 برای تاریخ 7/3/1402 هستم.,scheduling
من می خواستم کل سفارشم را لغو کنم زیرا در جای دیگر قیمت بهتری پیدا کردم,deleting
لطفا نام خود را به من بگویید,chitchat
خداحافظ,chitchat
به دلیل تخفیف ویژه ای که دیدم قصد دارم کاهو را جایگزین سیب کنم.,editting
من قصد دارم سیب را با ماکارونی جایگزین کنم، لطفا راهنمایی کنید.,editting
آیا می توانم ۷ بطری سیب را برای خرید هفتگی خود رزرو کنم؟,buying
پس چرا سفارش من نمی رسد؟ باید تا سه شنبه به من تحویل بدی,discount
آیا سفارش شماره 2006 که شامل نان بود آماده ارسال است؟,discount
من منتظر تحویل سفارش شماره 1161 در اولین ساعت روز شنبه هستم.,scheduling
سفارش من را تا ساعت 6 ارسال کنید.,scheduling
چه کاری می توانید برای من انجام دهید؟,chitchat
داریم مهمونی داریم برنج میخواستم.,buying
آیا تخم مرغ برای افرادی که شرایط خاصی مانند داشتن 0 درصد چربی دارند مناسب است؟,inquiring
می‌خواهم سیبی را که فراموش کرده‌ام به سبد خریدم اضافه کنم، آیا هنوز ممکن است؟,buying
از شما تقاضا دارم که سفارش 2233 را لغو کنید چون دیگر به آن نیازی ندارم.,deleting
پنیری که در تاریخ 28/4/1402 خریدم را میخواهم برگردانم.,returning
سفارش من را قبل از ساعت 8 روز چهارشنبه تحویل دهید,scheduling
از شما می خواهم این کالاها را بفرستید,finishing
میزان اجناس هویج را از 9 لیتر به 12 لیتر تغییر دهید.,editting
من منتظر تحویل سفارش شماره 562 در اولین ساعت روز شنبه هستم.,scheduling
خرید من تمام شد لطفا آن را نهایی کنید و قیمت کل را به من بگویید.,finishing
آیا می توانید سفارش من را برگردانید؟ زیرا کیفیت کالای ارسالی بسیار پایین است,returning
لطفا زمان انتظار برای تکمیل تحویل سفارش 275 کی خواهد بود؟,discount
شرایط گارانتی خریدار چیست؟,inquiring
آیا خرید بالای 4 لیتر گوشت تخفیف دارد؟,tracking
من اشتباهی نان را به سبد اضافه کردم، لطفا آن را حذف کنید.,editting
متأسفانه باید از شما خواهش کنم که خرید من را حذف کنید زیرا بودجه کافی ندارم.,deleting
من 10 تا سیب زمینی می خواستم.,buying
آیا خرید سیب در روز سه شنبه تخفیف دارد؟,tracking
سلام حال شما چطور؟,chitchat
میشه قیمت سیب رو بدونم؟,inquiring
آیا شماره سفارش 1192 ارسال شده است؟,discount
من قصد دارم خیار را با خیار جایگزین کنم لطفا راهنمایی کنید.,editting
مقدار محصول سیب زمینی را از 13 به 10 تغییر دهید.,editting
ارسال سفارش من در تاریخ 29/2/1401,scheduling
بچه های من عاشق نان شما هستند، آیا می توانید 7 لیتر برای من بگذارید؟,buying
صبح بخیر,chitchat
من میل شدید به خیار دارم لطفا 13 بطری برای من بفرستید.,buying
حذف سفارش شماره 402,deleting
می توانید پیگیری کنید تا ببینید سفارش من دقیقا کجاست. شماره سفارش من: 1906,discount
خریدم را عوض کنم,returning
اشتباهی خریدم خیار مورخ 17/7/1403 را میخواهم برگردانم.,returning
من می خواهم خیار را که در سبد خریدم گذاشته ام لغو کنم زیرا نظرم تغییر کرده است.,editting
سفارش من را سه شنبه ساعت 4 ارسال کنید.,scheduling
آیا در تعطیلات تابستان برای نان تخفیف می دهید؟,tracking
کره را از سبد خرید من حذف کنید,editting
آیا محصول آبمیوه گارانتی دارد؟,inquiring
پس از ثبت سفارش 2272 در تاریخ 2/10/1402، کنجکاو هستم که چگونه پیشرفت می کند. آخرین گزارش چیست؟,discount
من می خواهم فرآیند پرداخت سفارش را شروع کنم، چه مراحلی باید طی شود؟,inquiring
درود بر شما,chitchat
حذف سفارش 841.,deleting
14 عدد روغن زیتون نیاز دارم.,buying
به دلیل تغییر در برنامه غذایی من می خواهم سیر را از سبد خرید حذف کنم.,editting
آیا می توانم ۱۱ لیتر گوشت برای خرید هفتگی خود رزرو کنم؟,buying
بررسی کنید تا ببینید سفارش 92 کجاست؟,discount
من اشتباها هویج را به سبد خرید اضافه کردم، لطفا لغو کنید.,editting
لطفا تعداد سیب زمینی های سبد خرید من را از 10 به 4 تغییر دهید.,editting
آیا خرید بالای 10 کیلوگرم گوجه فرنگی تخفیف دارد؟,tracking
چگونه می توانم سوالات متداول بپرسم؟,inquiring
آیا می توانم سفارش شماره 1852 را برای تحویل در 5 رزرو کنم؟,scheduling
من الان سفارشم رو دریافت کردم ولی با توجه به اتمام تاریخ انقضای محصولات از شما میخوام که سفارشم رو پس بدید,returning
برای عید تخفیف داری؟,tracking
از شما می خواهم زمان تحویل سفارش شماره 460 را برای تاریخ 1401/1/30 تعیین کنید.,scheduling
من به دنبال کره هستم، آیا آنها را در شانه حمل می کنید؟,buying
مقدار محصولات سیب را از 10 بطری به 14 بطری تغییر دهید.,editting
من میزبان یک مهمانی بزرگ هستم و به 8 لیتر تخم مرغ نیاز دارم.,buying
من در تاریخ 1403/04/14 به شماره 1825 ثبت کردم، وضعیت آن چگونه است؟,discount
وقت خوش,chitchat
میخوام بدونم سفارش شماره 1267 کی به دستم میرسه.,discount
من میخوام سوپ سبزیجات درست کنم، به 1 عدد گوجه فرنگی درجه یک نیاز دارم.,buying
تخم مرغ خریداری شده در 9 ام معیوب است و می خواهم آن را برگردانم.,returning
لطفا سفارش من را جایگزین کنید از خریدم پشیمان شدم,returning
آیا می توان کره ای را که قبلا انتخاب کردم با سیب جایگزین کرد؟,editting
من مدت زیادی است که از شما خرید می کنم، آیا می توانید برای محصول پنیر به من تخفیف بدهید؟,tracking
قیمت فعلی کره چقدر است؟,inquiring
من انتخاب هایم را کامل کرده ام و می خواهم سفارش بدهم، مرحله بعدی چیست؟,finishing
من می خواهم به روز رسانی در مرحله ای که سفارش 668 در آن است بشنوم. آخرین وضعیت سفارش چگونه است؟,discount
موفق باشید,chitchat
پشیمانم، پرتقال را از سفارشم حذف کن,editting
مرسی که اذیتم کردی,chitchat
متشکرم,chitchat
از شما می خواهم زمان تحویل سفارش شماره 1475 را برای 9/4/1402 تعیین کنید.,scheduling
خوبید شما؟,chitchat
آیا می توانید 13 شانه بفرستید؟,editting
لطفا سفارش شماره 1912 را برای تاریخ 7/11/1403 تهیه نمایید.,scheduling
سفارشم را برای شنبه بفرستید چون من دیگر در خانه نیستم.,scheduling
می خواهم بدانم سفارش شماره 2093 در کجا در حال انجام است.,discount
من یک درخواست بازگشت برای سفارش 1517 دارم.,returning
کیفیت روغن زیتون چگونه است؟,inquiring
لطفا هویج را در سبد خرید من با سیب به روز کنید زیرا تازه تر است.,editting
لطفاً تخم مرغ را در سبد خرید من با مرغ به روز کنید زیرا تازه تر است.,editting
من کنجکاو هستم که از مجموعه شیر خود چه چیزی دارید، می توانم 8 شانه را امتحان کنم؟,buying
خرید من را برگردانید,returning
آیا امکان پیگیری سفارش شماره 1355 وجود دارد؟,discount
میشه اسمتو بگی,chitchat
پس از ثبت سفارش 1915 در تاریخ 1402/8/14، کنجکاو هستم که چگونه پیشرفت می کند. آخرین گزارش چیست؟,discount
ارسال رایگان دارید؟,inquiring
من میخوام از حراج عید استفاده کنم پرتقال شامل تخفیف میشه؟,tracking
من می خواهم از مزایده کریسمس استفاده کنم، آیا سیب شامل تخفیف می شود؟,tracking
آیا تخم مرغ دارای تاییدیه های بین المللی مانند IFS است؟,inquiring
مقدار محصول سیب زمینی را از 3 شانه به 1 شانه تغییر دهید.,editting
من می خواهم خریدی را که به تازگی انجام داده ام لغو کنم، پول کافی ندارم.,deleting
آیا می توانید تخم مرغی را که به اشتباه به سبد اضافه شده است بردارید؟,editting
آیا امکان تحویل سفارش شماره 1143 در روز چهارشنبه وجود دارد؟,scheduling
آیا خرید بیش از 14 بطری خیار تخفیف دارد؟,tracking
من یک محصول معیوب دریافت کردم. باید چکار کنم؟,inquiring
برای تهیه سالاد شیرازی 7 عدد شانه هویج می خواستم.,buying
آیا سفارش 2060 در حال حاضر در راه است؟,discount
خرید 7 روز پیش من به دلیل انتخاب نادرست باید لغو شود، لطفا اقدام لازم را انجام دهید.,deleting
مغازه شما چقدر باز است؟,inquiring
ماه که 10 روز پیش خریدم کجاست؟ پس کی ارسال میشه؟,discount
وظیفه شما چیست,chitchat
مقدار پرتقال را 13 کیلوگرم کنید,editting
من یک درخواست برای تغییر ترتیب سال 2016 دارم.,returning
من می خواهم سفارش شماره 1381 را برای تحویل در روز سه شنبه ترتیب دهم.,scheduling
دستور من 11 لیتر پنیر می خواهد، آیا موجود است؟,buying
من 4 تکه پنیر می خواستم.,buying
لطفا آخرین سفارش من را حذف کنید، من بودجه کافی ندارم.,deleting
میشه اسمشو بگی,chitchat
در سبد خریدم نان را با آب میوه عوض کن.,editting
چگونه می توانم سفارش خود را پیگیری کنم؟,inquiring
من یک درخواست برای تغییر سفارش 2020 دارم.,returning
من یکی از مشتریان شما هستم، آیا می توانید برای خرید سیب به من تخفیف بدهید؟,tracking
موارد من را ثبت کنید,finishing
چه خبر؟ آیا همه چیز خوب پیش می رود؟,chitchat
من باید یک مورد را مبادله کنم، آیا هنوز برای ویرایش جزئیات سفارشم موجود است؟,inquiring
گوجه فرنگی چه ویژگی هایی دارد و آیا برای کاهش وزن و تناسب اندام مناسب است؟,inquiring
من می خواستم 9 بطری سیب بخرم,buying
من میخوام از مزایده عید استفاده کنم، آیا گوجه فرنگی شامل تخفیف می شود؟,tracking
با سلام و عرض ادب,chitchat
من باید سفارش 1705 را در روز یکشنبه حذف کنم.,deleting
آیا سفارش شماره 966 که شامل کاهو بود آماده ارسال است؟,discount
قصد دارم روغن زیتون مربوط به سفارش شماره 429 را که در تاریخ 1300/4/17 خریداری شده است پس بدهم.,returning
می توانید پیگیری کنید تا ببینید سفارش من دقیقا کجاست. شماره سفارش من: 272,discount
لطفا هویج را که به تازگی به سبد اضافه شده است با یک پرتقال جایگزین کنید.,editting
آیا شماره سفارش 1697 ارسال شده است؟,discount
هویج رو اشتباهی به سبد اضافه کردم لطفا حذفش کنید.,editting
پنیری را که در تاریخ 19/8/1301 خریده ام می خواهم برگردانم.,returning
من می خواهم سفارش شماره 1130 را برای تحویل در روز چهارشنبه تنظیم کنم.,scheduling
من کنجکاو هستم که از مجموعه سیب زمینی خود چه چیزی دارید، آیا می توانم 14L را امتحان کنم؟,buying
بررسی کنید تا ببینید سفارش 364 کجاست؟,discount
من رژیم دارم و به 7 لیتر شیر کم چرب نیاز دارم.,buying
آیا می توانید برنجی را که به اشتباه به سبد خرید اضافه شده است بردارید؟,editting
من می خواهم پنیری را که در سبد خریدم گذاشته ام حذف کنم زیرا نظرم تغییر کرده است.,editting
آیا می توانم 5 بطری روغن زیتون داشته باشم؟,buying
من یک درخواست مرجوعی برای سفارش شماره 447 دارم.,returning
من علاقه مند به زمانبندی تحویل سفارش شماره 488 برای تاریخ 28/6/1402 هستم.,scheduling
آیا می توانید سفارش من را قبل از ساعت 5 روز چهارشنبه تحویل دهید؟,scheduling
من میخواهم سفارش شماره 1742 را که 8 روز پیش برای محصول سیب ثبت شده است به دلیل قدیمی بودن و خرابی محصولات برگردانم.,returning
به دلیل تخفیف ویژه ای که دیدم قصد دارم مرغ را با آب میوه جایگزین کنم.,editting
آیا می توانید وضعیت فعلی سفارش شماره 1788 را توضیح دهید؟,discount
من می خواهم خرید خود را لغو کنم زیرا پول کافی ندارم.,deleting
لطفا سفارش شماره 163 را برای تاریخ 5/2/1301 ساعت 13 تهیه کنید.,scheduling
لطفا تعداد نان های سبد خرید من را از 3 به 11 تغییر دهید.,editting
اخیرا چه خبر؟,chitchat
میخواستم بدونم 14 شانه گوشت موجوده؟,inquiring
آیا خرید بیش از 1 عدد پنیر تخفیف دارد؟,tracking
نقل و انتقالات؟,chitchat
سلام، امروز حال شما چطور است؟,chitchat
متوجه شدم محصول کره ای آن چیزی نیست که من می خواهم، چگونه می توانم آن را برگردانم؟,returning
سفارش من را لغو کنید، من آن را 9 روز پیش ثبت کردم.,deleting
فراموش کردم، لطفا آب میوه را به سبد خرید من اضافه کنید.,buying
قیمت آب میوه در مقایسه با آب میوه چقدر است؟,inquiring
من می خواهم ماه را که در تاریخ 29/2/1403 خریده ام برگردانم.,returning
خوبی؟,chitchat
کالاهای من را برای ساعت 9 روز پنجشنبه برنامه ریزی کنید.,scheduling
آیا می توانید خرید من را یکشنبه تا ساعت 9 ارسال کنید؟,scheduling
لطفا نان سبد خرید من را با روغن زیتون به روز کنید زیرا تازه تر است.,editting
برای بودجه بندی باید قیمت دقیق مرغ را بدانم.,inquiring
کاهو را از سبد خرید من لغو کنید,editting
آیا می توانم قبل از نهایی کردن معامله، کالاهای سبد خرید خود را تغییر دهم؟,inquiring
من می خواهم از حراج کریسمس استفاده کنم، آیا پرتقال ها شامل تخفیف می شوند؟,tracking
آیا امکان دریافت سفارش شماره 700 در تاریخ 28/11/1402 وجود دارد؟,scheduling
بعد از ثبت سفارش 294 در تاریخ 1402/10/14 کنجکاو هستم که چگونه پیشرفت می کند. آخرین گزارش چیست؟,discount
من منتظر تحویل سفارش شماره 2024 در اولین ساعت دوشنبه هستم.,scheduling
من به پیاز نیاز دارم، به طور خاص 9.,buying
من خیلی وقته از شما خرید میکنم میشه برای محصولات مرغ تخفیف بدید؟,tracking
اینها خریدهای من هستند لطفا برای من ارسال کنید.,finishing
لطفاً فرآیند حذف سفارش 101 را شروع کنید.,deleting
میخوام بدونم سفارش شماره 58 کی به دستم میرسه.,discount
می خواستم خریدم را تعویض کنم و روند بازپرداخت سفارشم را شروع کنم.,returning
قیمت روز گوشت رو میخوام بدونم میشه راهنمایی کنید؟,inquiring
سفارش من را حذف کنید، من آن را 5 روز پیش ثبت کردم.,deleting
قبل از تکمیل سفارش، به دلیل تغییر قیمت، می خواهم مرغ را از سبد خرید خارج کنم.,editting
آیا می توانم محتویات سبد خرید خود را قبل از تسویه حساب یا بسته شدن نهایی تغییر دهم؟,inquiring
خرید 6 روز پیش من به دلیل انتخاب نادرست باید لغو شود، لطفا اقدام لازم را انجام دهید.,deleting
آیا هویج را می توان با هویج ترکیب کرد؟,inquiring
من می خواهم خریدی را که به تازگی انجام داده ام حذف کنم، پول کافی ندارم.,deleting
فروش ویژه سیر در سال جدید دارید؟,tracking
سفارش من را لغو کنید، من 1 روز پیش ثبت نام کرده بودم.,deleting
من می خواهم از حراج هالووین استفاده کنم، کاهو شامل تخفیف می شود؟,tracking
من الان سفارشم را دریافت کردم، اما چون کالای اشتباهی ارسال کردید، می‌خواهم سفارشم را برگردانید,returning
آیا این روزها پیشنهاد ویژه ای برای خرید کاهو دارید؟,tracking
آیا تیم پشتیبانی مشتری اختصاصی برای مسائل فنی وجود دارد؟,inquiring
آیا می توانم سیب زمینی هایی را که قبلاً در سبد گذاشته بودم با ماهی جایگزین کنم؟,editting
آیا می توانید سیبی را که در حال حاضر به آن نیاز ندارم از سبد خریدم حذف کنید؟,editting
می خواهم بدانم آیا پنیر را می توان در آینده ارتقا داد یا توسعه داد؟,inquiring
از شما تقاضا دارم که سفارش 1899 را لغو کنید، زیرا من دیگر به آن نیاز ندارم.,deleting
چه مدت طول می کشد تا اطلاعات ردیابی به روز شود؟,inquiring
آیا برنامه ای برای فروش آب میوه خاص در این فصل دارید؟,tracking
آیا این روزها پیشنهاد ویژه ای برای خرید برنج دارید؟,tracking
چطوری؟,chitchat
من می خواهم پیاز را از سبد خریدم حذف کنم و به جای آن سیب اضافه کنم.,editting
به جای 12 بطری سیب زمینی، لطفا 12 بطری برنج بدهید.,editting
سلام. چطوری؟,chitchat
میخواستم خریدم ساعت 5 ارسال بشه.,scheduling
نوبت من است که شام ​​بپزم، من به 6 لیتر پرتقال زیر نیاز دارم,buying
مرغ را از سفارش من حذف کنید,editting
من می خواهم خیار را که فراموش کرده ام به سبد خرید اضافه کنم.,buying
آیا شماره سفارش 2276 ارسال شده است؟,discount
من تصمیم گرفتم سفارش شماره 919 را پس بدهم زیرا اشتباهاً آن را خریدم.,returning
من اشتباه کردم، می توانید سفارش 1512 را تحویل بگیرید؟,deleting
آیا می توانم 12 بطری نان رزرو کنم؟,buying
آیا خرید بالای 12 عدد روغن زیتون تخفیف دارد؟,tracking
برنج را از سفارش من حذف کنید,editting
می توانید دستور 38 را دنبال کنید.,discount
لطفا سیب زمینی را که به تازگی به سبد اضافه شده با کره جایگزین کنید.,editting
من باید انبارم را با 11 عدد سیب زمینی پر کنم.,buying
به مناسبت هالووین سفره تخفیف پیاز پهن است؟,tracking
چه خدماتی ارایه میدهید؟,chitchat
به دلیل بسته بندی بد می خواهم سفارش شماره 623 را برگردانم.,returning
من قصد دارم گوجه فرنگی را با شیر جایگزین کنم، لطفا راهنمایی کنید.,editting
پس چرا سفارش من نمی رسد؟ باید تا دوشنبه تحویلم بدی,discount
تخم مرغ را به سبد خرید من اضافه کنید.,buying
من قصد دارم برنج را با ماهی جایگزین کنم لطفا راهنمایی کنید.,editting
خوبی؟,chitchat
آیا سفارش شماره 1664 که شامل ماهی بود آماده ارسال است؟,discount
صبح بخیر,chitchat
من 5 بطری آب میوه می خواستم.,buying
من 9 لیتر هویج می خواستم.,buying
من یه سفارش داشتم,buying
چگونه برای هر سفارش پرداخت کنیم؟,inquiring
لطفا مرغ را در سبد خرید من با مرغ به روز کنید زیرا تازه تر است.,editting
شما می توانید سفارش 872 را پیگیری کنید.,discount
میخواستم خریدم ساعت 6 ارسال بشه.,scheduling
اگر پس از تحویل از خرید منصرف شدم، آیا می توانم آن را پس بدهم؟,inquiring
سیب زمینی های خریداری شده با شماره سفارش 2134 را در تاریخ 28/4/1300 میخواهم به دلیل تغییر عقیده برگردانم.,returning
برای من هویج بفرست,buying
من می خواهم هویج را به صورت عمده بخرم، قیمت بهتری پیشنهاد می کنید؟,tracking
من باید یک چیز را تغییر دهم - آیا سیاست پیش خرید سبدهای ویرایش را پوشش می دهد؟,inquiring
لطفا تعداد سیب زمینی های سبد خرید من را از 12 به 5 تغییر دهید.,editting
پنیر را از سبد خرید من لغو کنید,editting
میشه به جای پرتقال 7 کیلو مرغ به من بدید؟,editting
گوجه ای که ۱۱ روز پیش خریدم الان کجاست؟ پس کی ارسال میشه؟,discount
میخوام 7 کیلو روغن زیتون سفارش بدم,buying
میخوام بدونم سفارش شماره 400 کی به دستم میرسه.,discount
آیا می توانید سفارش من را لغو کنید؟ من جای دیگه قیمت بهتری پیدا کردم,deleting
آیا سفارش 1740 در حال حاضر در راه است؟,discount
آیا برنامه ای برای فروش سیب زمینی در این فصل دارید؟,tracking
بچه های من جوجه شما را دوست دارند، آیا می توانید 14 را از من بگذرانید؟,buying
آیا می توانم ۷ بطری پاستا را برای خرید هفتگی خود رزرو کنم؟,buying
ارسال سفارش من در تاریخ 9/4/1402,scheduling
من به دنبال پیشنهادات ویژه برای مرغ هستم، آیا پیشنهادی دارید؟,tracking
میخواستم بدونم در تعطیلات تابستان برای مرغ تخفیف هم میدین؟,tracking
من خیلی وقته از شما خرید میکنم میشه برای محصولات کره ای تخفیف بدید؟,tracking
آیا سفارش شماره 1188 در راه است؟,discount
آیا می توانید به جای خیار 8 بطری پیاز به من بدهید؟,editting
پودر لباسشوییم تموم شده برام تخم مرغ بفرست,buying
اسمت رو بگو,chitchat
کدام شرکت حمل و نقل برای حمل و نقل استفاده می شود؟,inquiring
من علاقه مند به برنامه ریزی تحویل سفارش شماره 1876 برای تاریخ 6/10/1403 هستم.,scheduling
شماره سفارش 1841 را که محصول پنیر را در تاریخ 12/4/1401 خریده ام می خواهم برگردانم.,returning
من باید سفارش 504 را برگردانم,returning
گوشت مربوط به سفارش شماره 1795 که در تاریخ 21/5/1403 خریداری شده است را برمی گردانم.,returning
من الان سفارشمو گرفتم ولی به خاطر اقلامی که ارسال کردید خراب شد. از شما می خواهم سفارشم را برگردانید,returning
آیا شماره سفارش 1445 ارسال شده است؟,discount
آیا می توانم کالایی را که با اعتبار فروشگاه خریداری کرده ام برگردانم؟,inquiring
آیا می توانید وضعیت فعلی سفارش شماره 276 را توضیح دهید؟,discount
من می خواهم خریدی را که به تازگی انجام داده ام حذف کنم، محصول مورد نظر را در جای دیگری پیدا کردم.,deleting
من می خواستم برای سفارشم درخواست بازپرداخت کنم زیرا محصول منقضی شده است,returning
من می خواستم خریدم را به عنوان برگشتی ثبت کنم و روند بازپرداخت سفارشم را شروع کنم.,returning
چه زمانی شماره پیگیری خود را دریافت خواهم کرد؟,inquiring
موفق و پیروز باشید,chitchat
خریدم تموم شد,finishing
از آنجایی که شما کالا را اشتباه ارسال کردید، تصمیم گرفتم سفارش شماره 1184 را برگردانم.,returning
من یکی از مشتریان مجموعه شما هستم، برای خرید کره به من تخفیف بدهید؟,tracking
میشه قیمت مرغ رو بدونم؟,inquiring
سلام حال شما چطور؟,chitchat
آیا می توانم از موجودی و اطلاعات محصول نان مطلع شوم؟,inquiring
میشه زمان تقریبی تحویل سفارش شماره 409 رو بگید؟ من این سفارش را 14 روز پیش ثبت کردم,discount
آیا خرید کره در روز چهارشنبه تخفیف دارد؟,tracking
لطفا زمان انتظار برای تکمیل تحویل سفارش 720 کی خواهد بود؟,discount
لطفا آخرین سفارش من را کنسل کنید، من در جای دیگر قیمت بهتری پیدا کردم.,deleting
من میخوام گوشت رو به صورت عمده بخرم قیمت بهتری پیشنهاد میدین؟,tracking
مشخصات لطفا؟,chitchat
برای تهیه سالاد شیرازی 5 بطری هویج می خواستم.,buying
آیا شماره تلفنی وجود دارد که بتوانم برای پیگیری سفارش خود با آن تماس بگیرم؟,inquiring
آیا می توانید سفارش من را برگردانید؟ چون از خریدم پشیمون شدم,returning
آیا می توانید خرید من را دوشنبه تا ساعت 9 ارسال کنید؟,scheduling
لطفا سفارشم را برگردانید من این کالاها را نمی خواهم، تاریخ انقضای کالاهای ارسالی گذشته است.,returning
آیا پس از 1 بار استفاده هنوز امکان بازگشت تخم مرغ وجود دارد؟ من چند روز پیش اجناسم رو تحویل گرفتم ولی به دلیل تاریخ انقضای محصولات میخوام برگردونم.,returning
آیا شماره سفارش 2058 ارسال شده است؟,discount
پنیر خریداری شده با شماره سفارش 1890 را در تاریخ 12/5/1301 میخواهم به دلیل اشتباه خریدم برگردانم.,returning
لطفا سفارش شماره 408 من را حذف کنید.,deleting
هویجی که 12 روز پیش خریدم کجاست؟ پس کی ارسال میشه؟,discount
آیا محصول روغن زیتون گارانتی دارد؟,inquiring
سفارشمو بفرست منم همین چیزا رو میخواستم,finishing
چه چیز دیگری؟,chitchat
آیا خرید آب میوه در روز یکشنبه تخفیف دارد؟,tracking
من میخواهم سیبی را که در تاریخ 9/8/1403 خریدم به عنوان مرجوعی ثبت کنم.,returning
سفارش من را در تاریخ 1400/02/21 ارسال کنید,scheduling
آیا خرید پیاز بالای 7 لیتر تخفیف دارد؟,tracking
چه مدت می توانم محصول معیوب را پس بدهم؟,inquiring
سفارش من را در تاریخ 1400/06/11 ارسال کنید,scheduling
از شما می خواهم این موارد را برای من ارسال کنید,finishing
کیفیت ماکارونی چطوره؟,inquiring
بعد از ثبت سفارش 675 در تاریخ 20/8/1400 کنجکاو هستم که چطور پیشرفت می کند. آخرین گزارش چیست؟,discount
با توجه به اتمام تاریخ انقضای کالای ارسالی تصمیم به برگشت سفارش شماره 405 دارم.,returning
قیمت کاهو در حال حاضر چقدر است؟,inquiring
لطفاً پرتقال موجود در سبد خرید من را با نان به روز کنید زیرا تازه تر است.,editting
از دست طلایی تو خوشحال شدم,chitchat
من قصد دارم نان را با تخم مرغ جایگزین کنم، لطفا راهنمایی کنید.,editting
آیا می توانید 11 شانه آب میوه را بسته بندی کنید و برای من بفرستید؟,buying
آیا جعبه سورپرایز محصولات گوشتی تخفیف دار برای هالووین دارید؟,tracking
ارسال سفارش 1263 در تاریخ 1401/1/18.,scheduling
در روزهای اخیر بازار تخفیف تخم مرغ داغ است؟,tracking
برنج موجود دارید؟,inquiring
آیا می توانید بگویید سیب زمینی از کدام کشور وارد می شود؟,inquiring
من میخواهم سفارش شماره 2014 را برای نانی که 10 روز پیش دریافت کردم تغییر دهم.,returning
آیا سفارش 1646 در راه است؟,discount
من قصد دارم سفارشم را حذف کنم، به دلایلی که می‌گویم: می‌خواهم از جای دیگری خرید کنم.,deleting
از شما می خواهم سفارش من را لغو کنید زیرا اندازه را اشتباه انتخاب کردم.,deleting
من می خواهم سفارش شماره 1950 را که 14 روز پیش برای محصول سیب زمینی ثبت شده است برگردانم زیرا از خرید خود پشیمان شدم.,returning
اصل بده,chitchat
سلام روز بخیر,chitchat
آیا می توانید برای من 14 قطعه ماهی سفارش دهید؟,buying
برای کباب کردن به 1 بطری کاهو نیاز دارم,buying
من گوجه فرنگی اشتباه خریدم، آیا می توانم آن را برگردانم؟,returning
آیا برنامه ای برای فروش ماکارونی خاص در این فصل دارید؟,tracking
از ماهی بگو,inquiring
می خواستم بدانم آیا در هالووین برای گوجه فرنگی تخفیف می دهید؟,tracking
برنجی که 14 روز پیش خریدم کجاست؟ پس کی ارسال میشه؟,discount
چه زمانی می توانم سفارشی را که انجام داده ام برگردانم؟,inquiring
من به شما درود می فرستم,chitchat
آیا می توانید به جای برنج 3 بطری پاستا به من بدهید؟,editting
من می خواهم از مزایده هالووین استفاده کنم، آیا گوجه فرنگی شامل تخفیف می شود؟,tracking
آیا پس از 9 بار استفاده همچنان امکان برگشت پنیر با شماره سفارش 271 وجود دارد؟,returning
من می خواهم سفارش شماره 111 را برگردانم زیرا این محصول را دوست نداشتم.,returning
آیا خرید بیش از 14 بطری گوشت تخفیف دارد؟,tracking
من میخوام اسموتی درست کنم و به 6 عدد خیار مخلوط نیاز دارم.,buying
به جای گوشت، خیار را در سبد خرید من قرار دهید.,editting
آیا برای سیر در عید تخفیف می دهید؟,tracking
با توجه به کالای آسیب دیده تصمیم گرفتم سفارش شماره 2261 را برگردانم.,returning
من تصادفاً با شماره 58 سفارش دادم. لطفاً آن را لغو کنید.,deleting
خودتان را معرفی کنید,chitchat
آیا پس از 12 بار استفاده همچنان امکان برگشت سیب با شماره سفارش 1330 وجود دارد؟,returning
من می خواهم در مورد روغن زیتون شما بیشتر بدانم.,inquiring
من متوجه شدم که محصول هویج آن چیزی نیست که من می خواهم، چگونه می توانم آن را برگردانم؟,returning
آیا محصول نارنجی گارانتی دارد؟,inquiring
از خرید مرغ پشیمانم لطفا آن را از سبد خریدم حذف کنید.,editting
آیا سفارش 601 آماده ارسال است یا هنوز در مرحله پیش ارسال است؟,discount
من می خواهم درک عمیق تری از ویژگی های متمایز و منحصر به فرد گوجه فرنگی به دست بیاورم.,inquiring
به چه اسمی صدات کنم؟,chitchat
لطفا پنیری را که به تازگی به سبد اضافه کرده اید با گوشت جایگزین کنید.,editting
آیا فروش ویژه سیر در تخفیف های زمستانی دارید؟,tracking
شغلت را بگو,chitchat
میشه زمان تقریبی تحویل سفارش شماره 2000 رو بگید؟ من این سفارش را 9 روز پیش ثبت کردم,discount
آیا می توانید سفارش من را لغو کنید؟ اشتباه ثبت نام کردم,deleting
گارانتی محصول شامل چه مواردی می شود؟ چگونه می توانم از خدمات گارانتی استفاده کنم؟,inquiring
چگونه می توانم سفارش خود را پیگیری کنم؟,inquiring
مرغی که 13 روز پیش خریدم کجاست؟ پس کی ارسال میشه؟,discount
من می خواستم تخم مرغ را به سبد خریدم اضافه کنم، اما به نظر می رسد در لیست نیست، لطفا آن را اضافه کنید.,buying
آیا خرید سیب روز شنبه تخفیف دارد؟,tracking
من به دنبال پیشنهادات ویژه برای سیر هستم، آیا پیشنهادی دارید؟,tracking
آیا می توانم 8 بطری ماهی رزرو کنم؟,buying
برای بودجه بندی باید قیمت دقیق سیب زمینی را بدانم.,inquiring
من به دنبال پیشنهادات ویژه برای آبمیوه هستم، آیا پیشنهادی دارید؟,tracking
آیا می توانید 1 شانه پرتقال را بسته بندی کنید و برای من بفرستید؟,buying
من باید سفارش 1089 را در روز سه شنبه لغو کنم.,deleting
آیا می توانید سفارش شماره 938 را ساعت 8 تحویل دهید؟,scheduling
خداحافظ,chitchat
به مناسبت سال نو سفره تخفیف گوجه فرنگی پهن است؟,tracking
بعد از ثبت سفارش 1066 در تاریخ 1401/4/17 کنجکاو هستم که بدانم چگونه پیشرفت می کند. آخرین گزارش چیست؟,discount
آیا خرید مرغ بالای 3 کیلو تخفیف دارد؟,tracking
می خواستم خریدم را برگردانم و روند بازپرداخت سفارشم را شروع کنم.,returning
من مسئول تنقلات مهمانی شرکت هستم، 5 بطری گوشت می خواستم.,buying
اسم شما چیست؟,chitchat
به جای ۶ تکه شیر لطفا ۶ تکه برنج بدهید.,editting
آیا برنامه ای برای فروش مرغ در این فصل دارید؟,tracking
آیا برای مشتریان دائمی مثل من تخفیف ویژه ماهی دارید؟,tracking
ارسال سفارش 1747 در تاریخ 9/3/1402.,scheduling
آب میوه را با گوشت در سبد خرید من جایگزین کنید.,editting
سلام و عرض ادب,chitchat
من می خواهم در مورد مواد تشکیل دهنده و مواد مورد استفاده در کره بدانم.,inquiring
محصولی که دریافت کردم معیوب است، می خواستم آن را برگردانم,returning
آیا در صورت آسیب دیدن کالا، سفارش مرجوعی را می پذیرید؟,inquiring
چه کاری می توانی انجام بدهی,chitchat
پس از ثبت سفارش 1720 در تاریخ 1400/2/19، کنجکاو هستم که چگونه پیشرفت می کند. آخرین گزارش چیست؟,discount
خیلی زحمت کشیدی,chitchat
می خواهم بدانم که آیا Onion را می توان در آینده ارتقا داد یا توسعه داد؟,inquiring
پشیمونم کاهو رو از سفارشم حذف کن,editting
خدا حافظ,chitchat
شب بخیر سلام,chitchat
وضعیت سفارش شماره 1611 چگونه است؟,discount
فروش ویژه آب میوه در عید دارید؟,tracking
آیا این روزها پیشنهاد ویژه ای برای خرید ماکارونی دارید؟,tracking
خداحافظ,chitchat
من سیب اشتباهی خریدم، آیا می توانم آن را برگردانم؟,returning
من می خواهم هویجی را که فراموش کرده ام به سبد خرید اضافه کنم.,buying
من می خواهم سفارش 2228 را برگردانم,returning
انصراف از سفارش شماره 1475,deleting
آیا سفارش شماره 834 ارسال شده است؟,discount
من قصد دارم شیر خریداری شده را در تاریخ 1402/10/14 برگردانم زیرا شما کالا را اشتباه ارسال کرده اید.,returning
من رژیم دارم و به 1 کیلوگرم آبمیوه کم چرب نیاز دارم.,buying
من می خواهم یک دستور غذای جدید را امتحان کنم که به 13 کیلوگرم روغن زیتون نیاز دارد.,buying
من تصادفاً با شماره 1922 سفارش دادم. لطفاً آن را حذف کنید.,deleting
من یکی از مشتریان شما هستم، می توانید برای خرید پنیر به من تخفیف بدهید؟,tracking
قیمت روغن زیتون در مقایسه با روغن زیتون چگونه است؟,inquiring
آیا در تعطیلات تابستانی هویج را تخفیف می دهید؟,tracking
سلام تو کی هستی,chitchat
آیا می توانید سفارش من را قبل از ساعت 4 روز شنبه تحویل دهید؟,scheduling
از شما می خواهم زمان تحویل سفارش شماره 840 را برای تاریخ 18/11/1403 تعیین کنید.,scheduling
شنیدم بهترین ماهی شهر رو داری لطفا 7 لیتر برام بذار.,buying
من مشتاقم بدانم آیا سفارش 37 ارسال شده است یا خیر.,discount
من علاقه مند به زمانبندی تحویل سفارش شماره 386 برای تاریخ 2/9/1401 هستم.,scheduling
سفارش من را تا ساعت 5 ارسال کنید.,scheduling
چقدر طول می کشد تا کالا برسد؟,inquiring
اگر محصول اشتباهی دریافت کردم چه باید بکنم؟,inquiring
من باید سفارش 1451 را برگردانم,returning
آیا برنامه ای برای فروش ماهی در این فصل دارید؟,tracking
سلام مجدد در خدمتم,chitchat
درخواست برگشت سفارش شماره 523 دارم.,returning
برای تهیه سالاد شیرازی 9 عدد خیار می خواستم.,buying
محصولی که دریافت کردم معیوب است، می خواستم آن را برگردانم,returning
اسم شما چیست؟,chitchat
من می خواهم سفارش شماره 1192 را برای تحویل در روز دوشنبه تنظیم کنم.,scheduling
لطفا مراحل حذف سفارش 1174 را شروع کنید.,deleting
من می خواهم چیزی کوچک را تغییر دهم، آیا هنوز امکان تغییر جزئیات سفارش وجود دارد؟,inquiring
من علاقه مند به برنامه ریزی برای تحویل سفارش شماره 998 برای تاریخ 28/4/1402 هستم.,scheduling
یا برای خرید عمده تخفیف دارید؟ من به 1 لیتر تخم مرغ علاقه دارم.,buying
من می خواهم یک وعده سوپ سبزیجات درست کنم، به 10 شانه آب میوه مرغوب نیاز دارم.,buying
آیا شما خوشحال هستید؟,chitchat
بدلیل بروز خطای ناخواسته به شماره 882 ثبت گردید. لطفا حذفش کن,deleting
من کنجکاو هستم که از مجموعه سیر خود چه چیزی دارید، می توانم 9 شانه را امتحان کنم؟,buying
باید یک خطای کوچک در خریدم برطرف کنم. آیا امکان ویرایش سفارش من در این زمان وجود دارد؟,inquiring
سفارشم را قبل از ساعت 1 روز چهارشنبه تحویل دهید,scheduling
آیا می توانید سیب زمینی را که به اشتباه به سبد خرید اضافه شده است بردارید؟,editting
آیا می توانم سفارش خود را در صورتی که پردازش نشده است اصلاح کنم؟,inquiring
آیا مرغ در راستای پایداری و مسئولیت های اجتماعی شرکت تولیدکننده طراحی شده است؟,inquiring
می توانید دستور 1780 را دنبال کنید.,discount
آیا شیر برای افرادی با شرایط خاص مانند طبیعی و بدون مواد شیمیایی مناسب است؟,inquiring
آیا می توانم هویج هایی را که قبلاً در سبد گذاشته بودم با پنیر جایگزین کنم؟,editting
آیا می توانم از طریق پیام رسان به پشتیبانی مشتری دسترسی داشته باشم؟,inquiring
کالاهای من را برای ساعت 1 روز دوشنبه برنامه ریزی کنید.,scheduling
قصد دارم هویج مربوط به سفارش شماره 1145 را که در تاریخ 1403/5/14 خریداری شده است برگردانم.,returning
لطفا سفارش شماره 1155 را برای تاریخ 1/8/1403 تهیه نمایید.,scheduling
به اقلام زیر نیاز دارم: 8 عدد مرغ.,buying
بررسی کنید تا ببینید سفارش 155 کجاست؟,discount
لطفا زمان انتظار برای تحویل سفارش 812 چقدر است؟,discount
آیا می توانید 2 کیلوگرم هویج را برای من بسته بندی کنید و برای من بفرستید؟,buying
از شما می خواهم زمان تحویل سفارش شماره 895 را برای تاریخ 18/3/1301 تعیین کنید.,scheduling
آیا می توانم سفارش خود را از نسخه موبایل وب سایت شما پیگیری کنم؟,inquiring
من می خواهم خرید خود را به دلیل کمبود بودجه لغو کنم.,deleting
من می خواهم سفارش خود را لغو کنم,deleting
من علاقه مند به برنامه ریزی برای تحویل سفارش شماره 1165 برای تاریخ 26/11/1403 هستم.,scheduling
ارسال به دلیل بسته بندی بسیار بد بود، می خواهم برنج خریداری شده در تاریخ 25/3/1402 را تعویض کنم.,returning
من میخواهم سفارشم را با شماره 2279 تغییر دهم,returning
پشیمانم، پاستا را از سفارش من لغو کنید,editting
برای بودجه بندی باید قیمت دقیق پرتقال را بدانم.,inquiring
من در تاریخ 1403/8/6 به شماره 1757 ثبت کردم وضعیتش چطوره؟,discount
ممنون از حضور گرم شما,chitchat
شما می توانید سفارش 239 را پیگیری کنید.,discount
آیا پس از 3 بار استفاده باز هم امکان برگشت نان با شماره سفارش 1639 وجود دارد؟,returning
چه کارهایی می توانید انجام دهید؟,chitchat
حذف سفارش 851.,deleting
میخواستم بدونم سفارشی که دادم تا شنبه به دستم میرسه یا نه؟,discount
میخواستم سفارشم رو ساعت 9 بفرستید.,scheduling
آیا برای مشتریان دائمی مثل من تخفیف ویژه ای برای پنیر دارید؟,tracking
آیا در تعطیلات تابستان فروش ویژه سیب دارید؟,tracking
من می خواهم خرید خود را لغو کنم زیرا کالای مورد نظر را در جای دیگری پیدا کردم.,deleting
سفارشم را حذف کنید، 2 روز پیش ثبت نام کردم.,deleting
موجودی سیب زمینی شما چقدر است؟,inquiring
من تصادفاً اندازه اشتباه سفارش دادم. آیا می توانم آن را تغییر دهم,inquiring
من می خواهم مرغی را که در سبد خریدم گذاشته ام حذف کنم زیرا نظرم تغییر کرده است.,editting
آیا می توانید سفارش من را برگردانید؟ چون این محصول را دوست نداشتم,returning
لغو سفارش 2100.,deleting
از شما می خواهم زمان تحویل سفارش شماره 2031 را برای تاریخ 18/1/1400 تعیین کنید.,scheduling
من علاقه مند به زمانبندی تحویل سفارش شماره 1596 برای تاریخ 19/5/1403 هستم.,scheduling
سلام حال شما چطور؟,chitchat
من یک درخواست مرجوعی برای سفارش شماره 417 دارم.,returning
آیا امکان دریافت سفارش شماره 976 در تاریخ 1400/10/5 وجود دارد؟,scheduling
می خواهم در مورد فلسفه تولید و زنجیره تامین گوشت اطلاعاتی کسب کنم.,inquiring
من به دنبال گزینه های گیاهی هستم، به خصوص مرغ 12 لیتری,buying
لطفا به جای 3 لیتر کره از 12 لیتر کره استفاده کنید,editting
سلام دوست عزیز,chitchat
میخواستم بدونم 8 شانه سیب آماده سفارش دارید؟,inquiring
قیمت محصولات مقابل را میخواستم بدانم: ماکارونی 14 کیلویی و ماکارونی 14 کیلویی,inquiring
سفارش من را در تاریخ 1403/12/18 ارسال کنید,scheduling
بازپرداخت چقدر طول می کشد؟,inquiring
لطفا آخرین سفارش من را لغو کنید، من بودجه کافی ندارم.,deleting
سلام میشه سفارش من رو که تازه ثبت شده حذف کنید؟,deleting
خودتان را معرفی کنید؟,chitchat
چه کار میکنی؟,chitchat
لغو سفارش 1469.,deleting
برای مهمانی لطفا سفارش شماره 71 را در تاریخ 12/2/1401 تحویل بگیرید.,scheduling
لطفا سفارش شماره 445 را برای 7/3/1400 تهیه کنید.,scheduling
آیا می توانم محصول اشتباهی را برگردانم؟,inquiring
آیا خرید هویج در روز دوشنبه تخفیف دارد؟,tracking
محصولات شما از کدام کشور وارد می شود؟,inquiring
آیا پس از 13 بار مصرف باز هم امکان برگشت گوجه فرنگی با شماره سفارش 39 وجود دارد؟,returning
سفارش #2076 برای خیارهای خریداری شده در روز جمعه مطابق انتظار نبود، می خواهم آن را برگردانم.,returning
وظیفه شما در اینجا چیست؟,chitchat
سفارش من را تا ساعت 4 ارسال کنید.,scheduling
بچه های من عاشق روغن زیتون شما هستند، آیا می توانید 6 کیلوگرم برای من بگذارید؟,buying
تفاوت بین خیار و خیار چیست؟,inquiring
متأسفانه باید از شما خواهش کنم که خرید من را لغو کنید زیرا اشتباه کردم.,deleting
من باید سفارش 60 را چهارشنبه حذف کنم.,deleting
پشیمونم پیاز رو از سفارشم حذف کن,editting
بررسی کنید تا ببینید سفارش 641 کجاست؟,discount
من دستور اشتباهی دادم، چه کار کنم؟,inquiring
متأسفانه باید از شما بخواهم که خرید من را حذف کنید زیرا بودجه کافی ندارم.,deleting
سفارشاتم رو بفرست,finishing
قیمت محصولات مقابل را می خواستم بدانم: پرتقال 14 بطری و پرتقال 14 بطری,inquiring
مرغ را از سبد خرید من حذف کنید,editting
من میزبان یک مهمانی بزرگ هستم و به 5 بطری پنیر نیاز دارم.,buying
سبد خرید من آماده است,finishing
می خواهم از وضعیت فعلی سفارش شماره 983 مطلع شوم.,discount
آیا گوجه فرنگی شما تازه است؟ من 1 شانه می خواهم.,buying
چگونه می توانم از شما تشکر کنم؟,chitchat
یک خطای کوچک برای تصحیح می بینم - آیا هنوز هم اجازه به روز رسانی جزئیات سفارش من وجود دارد؟,inquiring
آیا شما شاد و سرحال هستید؟,chitchat
سفارش من را تا ساعت 9 ارسال کنید.,scheduling
از شما تقاضا دارم سفارش من را لغو کنید زیرا می خواهم از جای دیگری خرید کنم.,deleting
ASL لطفا,chitchat
آیا می توانم چیزی را در خرید خود تغییر دهم زیرا به طور کامل پردازش نشده است؟,inquiring
آیا می توانید پنیری را که به اشتباه به سبد اضافه شده است بردارید؟,editting
من می خواهم به روز رسانی در مورد وضعیت سفارش 1578 دریافت کنم. آخرین وضعیت سفارش چگونه است؟,discount
آیا می توانید سفارش شماره 2228 را در 7 تحویل دهید؟,scheduling
سفارش من را ساعت 10 ارسال کنید.,scheduling
میخوام بدونم سفارش شماره 891 کی به دستم میرسه.,discount
من می خواهم شیری را که فراموش کرده ام به سبد خریدم اضافه کنم، آیا هنوز ممکن است؟,buying
چطور هستید؟,chitchat
آیا روحیه خوبی دارید؟,chitchat
مقدار فرآورده های گوجه فرنگی را از 11 به 13 تغییر دهید.,editting
چه مقدار مواد شیمیایی در روغن زیتون استفاده می شود؟,inquiring
برای بودجه بندی باید قیمت دقیق تخم مرغ را بدانم.,inquiring
من به موارد زیر نیاز دارم: 11 شانه آب میوه.,buying
بدلیل بروز خطای ناخواسته به شماره 2034 ثبت گردید. لطفا حذفش کن,deleting
لطفا سفارش شماره 2240 را برای تاریخ 1400/6/12 تهیه نمایید.,scheduling
امیدوارم حالتون خوب باشه,chitchat
پنیر اشتباهی خریدم، آیا می توانم آن را پس بدهم؟,returning
آیا سفارش شماره 117 ارسال شده است؟,discount
مقدار مرغ را 2 عدد افزایش دهید,editting
سفارش من را چهارشنبه ساعت 7 ارسال کنید.,scheduling
من تمام اقلام مورد نیاز خود را به سبد خرید اضافه کردم، لطفا مراحل بعدی را برای تکمیل سفارش به من بگویید.,finishing
من قصد دارم سفارش مربوط به سفارش شماره 345 را که در تاریخ 1402/5/18 خریداری شده است برگردانم.,returning
آیا شماره سفارش 1811 ارسال شده است؟,discount
کالای ارسالی بسیار آسیب دیده است لطفا تعویض کنید,returning
من قصد دارم سفارش خود را به دلایل زیر حذف کنم: آدرس را اشتباه وارد کردم.,deleting
من می خواهم سفارش 1622 را برگردانم,returning
به مناسبت تعطیلات تابستان سفره تخفیف آب میوه ها پهن است؟,tracking
من معلم آشپزی هستم، شما 3 تا کره دارید؟,buying
من می خواهم سفارش 1567 را برگردانم,returning
لطفا سفارش شماره 2272 را برای تاریخ 21/6/1402 ساعت 11 صبح تهیه نمایید.,scheduling
آیا کره گارانتی یا خدمات پس از فروش دارد؟,inquiring
می توانید پیگیری کنید تا ببینید سفارش من دقیقا کجاست. شماره سفارش من: 1296,discount
آیا می توانید وضعیت فعلی سفارش شماره 892 را توضیح دهید؟,discount
چه مدت می توانم محصول را برگردانم؟,inquiring
شیر را از سبد خرید من لغو کنید,editting
درخواست حذف سفارش شماره 1228 دارم چون میخوام از جای دیگه خرید کنم.,deleting
سفارش دهید. سفارشم تموم شد,finishing
من باید سفارش 684 را برگردانم,returning
آیا امکان پیگیری سفارش شماره 1902 وجود دارد؟,discount
10 کیلو خیار نیاز دارم.,buying
آیا سفارش 766 آماده ارسال است یا هنوز در انتظار ارسال است؟,discount
من باید سفارش 1572 را در روز جمعه حذف کنم.,deleting
دلیل این همه تاخیر چیست؟ الان دقیقا وضعیت سیب من چطوره؟,discount
چطور هستید؟,chitchat
متأسفانه باید از شما بخواهم که خرید من را لغو کنید زیرا من توان خرید آن را ندارم.,deleting
به مناسبت هالووین سفره تخفیف های نارنجی پهن است؟,tracking
گوجه های خریداری شده در تاریخ 1402/8/14 را به دلیل خراب بودن انواعی که ارسال کردید برمی گردم.,returning
لطفا سفارش شماره 1533 را برای تاریخ 1403/11/1 ساعت 4 تهیه نمایید.,scheduling
قبل از تکمیل سفارش، به دلیل تغییر قیمت، می خواهم سیب را از سبد خرید خود حذف کنم.,editting
من یکی از مشتریان شما هستم، آیا می توانید برای خرید ماکارونی به من تخفیف بدهید؟,tracking
آیا امکان پیگیری سفارش شماره 2224 وجود دارد؟,discount
آیا پنیر در دسترس دارید؟,inquiring
به جای 12 سیب، لطفا آن را 10 سیب کنید,editting
می خواهم بدانم امتیازات کره برای کالاهای مشابه چیست؟,inquiring
شنیدم بهترین سیر شهر رو داری، لطفا 13 شونه برام بذار.,buying
لطفا سفارش من را تا جمعه ارسال کنید.,scheduling
من می خواهم یک دستور پخت جدید را امتحان کنم که شامل 4 هویج است.,buying
لطفا مراحل لغو سفارش 765 را شروع کنید.,deleting
آیا امکان پیگیری سفارش شماره 2152 وجود دارد؟,discount
من می خواهم سفارش 1378 را برگردانم,returning
من می خواهم به روز رسانی در مرحله ای که سفارش 72 در آن است بشنوم. آخرین وضعیت سفارش چگونه است؟,discount
برنج خریداری شده در تاریخ 1400/3/20 را به دلیل اینکه این محصول را دوست نداشتم برمی گردم.,returning
میخواستم بدونم برای برنج عید تخفیف میدین؟,tracking
من می خواستم کل سفارشم را لغو کنم زیرا آن را دوست ندارم,deleting
متشکرم,chitchat
از شما می خواهم زمان تحویل سفارش شماره 2331 را برای 10/3/1401 تعیین کنید.,scheduling
لطفا مرغ را در سبد خرید من با تخم مرغ به روز کنید زیرا تازه تر هستند.,editting
فکر می کنم انتخاب اشتباهی کردم. آیا می توانم انتخاب سفارش خود را در صورت کامل نشدن تغییر دهم؟,inquiring
سیب زمینی های خریداری شده مورخ 10/6/1402 را به دلیل مغایرت محصولات ارسالی با سفارشی که داشتم می خواهم برگردانم.,returning
آیا می توان پیازی را که قبلا انتخاب کردم با هویج جایگزین کرد؟,editting
سفارش من را قبل از ساعت 5 روز شنبه تحویل دهید,scheduling
مقدار محصول گوجه فرنگی را از 14 لیتر به 1 لیتر تغییر دهید.,editting
من اشتباه کردم می توانید سفارش 2222 را تحویل بگیرید؟,deleting
آیا می توانید خیار را که به اشتباه به سبد خرید اضافه شده است بردارید؟,editting
آیا می توانید سفارش من را قبل از ساعت 10 روز پنجشنبه تحویل دهید؟,scheduling
آیا محصول برنج گارانتی دارد؟,inquiring
من می خواهم نانی را که در سبد خریدم گذاشته ام حذف کنم زیرا نظرم تغییر کرده است.,editting
در سبد خرید من خیار را با نان جایگزین کنید.,editting
تحویل سریع چیست؟,inquiring
من می خواهم خرید خود را لغو کنم زیرا اندازه را اشتباه انتخاب کردم.,deleting
من تصادفا با شماره 2305 سفارش دادم لطفا حذفش کنید.,deleting
اشتباه بود به جای 7 لیتر هویج 10 لیتر می خواستم.,editting
لطفا خیار موجود در سبد خرید من را با پاستا که تازه تر است به روز کنید.,editting
آیا می توانم 10 بطری گوجه فرنگی رزرو کنم؟,buying
یا برای خرید عمده تخفیف دارید؟ من به 12 شانه ماهی علاقه مند هستم.,buying
لطفا مراحل حذف سفارش 1534 را شروع کنید.,deleting
آیا می توانید پنیر را از سفارش من حذف کنید؟,editting
آیا می توانم سبد خرید خود را تغییر دهم زیرا سفارش به طور کامل پردازش نشده است؟,inquiring
از شما تقاضا دارم سفارش 1068 را حذف کنید زیرا از خرید پشیمان هستم.,deleting
آیا امکان دریافت سفارش شماره ۲۲۹۴ در تاریخ ۲۶/۵/۱۳۰۰ وجود دارد؟,scheduling
به مناسبت تخفیف های زمستانی آیا جدول تخفیف سیب زمینی پهن است؟,tracking
از خریدی که در روز سه شنبه انجام دادم پشیمانم، آن را لغو کنید.,deleting
آیا می توانید به جای خیار به من گوجه فرنگی بدهید؟,editting
خسته نباشید از همکاری با شما لذت بردم,chitchat
لطفا سفارش شماره 1654 من را لغو کنید.,deleting
اگر بعد از استفاده از محصولات نظرم تغییر کرد، آیا می توانم کالایی را برگردانم؟,inquiring
برای ثبت سفارش چه کاری باید انجام دهم؟,inquiring
سفارش من را دوشنبه ساعت 8 ارسال کنید.,scheduling
آیا خرید کاهو در روز یکشنبه تخفیف دارد؟,tracking
پس چرا سفارش من نمی رسد؟ باید تا پنجشنبه به من تحویل بدی,discount
آیا می توانید سفارش من را تغییر دهید؟ چون اشتباهی خریدم,returning
چگونه می توانم یک حساب کاربری ایجاد کنم؟,inquiring
آیا می توانید توضیح دهید که چگونه یک تخم مرغ از نظر فنی برتر از تخم مرغ است؟,inquiring
من می خواهم کاهویی را که فراموش کرده ام به سبد خریدم اضافه کنم، آیا هنوز امکان پذیر است؟,buying
سفارش شماره 513 برای کره خریداری شده در روز سه شنبه آنطور که انتظار می رفت نبود، من می خواهم یک بازگشت ارائه کنم.,returning
من هوس شدیدی برای برنج دارم، لطفا 2 شانه برای من ببندید. و ارسال کنید,buying
من خیلی وقته از شما خرید می کنم، می توانید برای محصولات شیر ​​به من تخفیف بدهید؟,tracking
آبمیوه ای که 7 روز پیش خریدم الان کجاست؟ پس کی ارسال میشه؟,discount
من می خواهم مراحل تایید و ثبت سفارش را دنبال کنم، از کجا شروع کنم؟,inquiring
من می خواهم کمی سیب زمینی بچینم، 11.,buying
من می خواهم خریدی را که به تازگی انجام داده ام حذف کنم، می خواهم از جای دیگری خرید کنم.,deleting
من می خواهم سفارش خود را حذف کنم,deleting
لطفا شماره سفارش من 1686 را حذف کنید.,deleting
میشه قیمت کاهو رو بدونم؟,inquiring
من منتظر تحویل سفارش شماره 1153 در اولین ساعت روز شنبه هستم.,scheduling
سفارش من را پنجشنبه ساعت 10 ارسال کنید.,scheduling
آیا می توانید یک شراب خوب توصیه کنید؟ برای یک موقعیت خاص به 5 شانه نیاز دارم.,buying
آیا برنج حاوی موادی است که ممکن است در افراد دارای شرایط کاهش وزن و تناسب اندام باعث ایجاد حساسیت شود؟,inquiring
لطفا فرآیند تسویه حکم 901 را شروع کنید.,deleting
سفارشم با شماره 1414 لغو بشه چون خوشم نمیاد.,deleting
دوست دارم اسمت را بدانم,chitchat
لطفا زمان انتظار برای تکمیل تحویل سفارش 2027 چه زمانی خواهد بود؟,discount
آیا سفارش شماره 2115 که شامل تخم مرغ است آماده ارسال است؟,discount
پاستا را از سفارش من حذف کنید,editting
پس از ثبت سفارش 215 در تاریخ 21/5/1401، کنجکاو هستم که چگونه پیشرفت می کند. آخرین گزارش چیست؟,discount
ارسال سفارش من در تاریخ 1301/12/16,scheduling
پشیمانم لطفا سفارشم را کنسل کنید,deleting
خرید 4 روز پیش من به دلیل انتخاب نادرست باید لغو شود، لطفا اقدام لازم را انجام دهید.,deleting
سفارش من را ثبت کنید,finishing
می‌خواهم بدانم سفارش #306 در کجا در حال انجام است.,discount
من می خواهم ماهی را که در تاریخ 27/10/1400 خریدم را برگردانم.,returning
من می خواهم شیر را از سفارشم حذف کنم.,editting
من کره اشتباهی خریدم، آیا می توانم آن را به عنوان مرجوعی ثبت کنم؟,returning
آیا می توانید خرید من را در روز سه شنبه تا ساعت 11 ارسال کنید؟,scheduling
من اشتباه کردم، می توانید سفارش 619 را تحویل بگیرید؟,deleting
من میخواهم سفارش شماره 1097 را که 9 روز پیش برای محصول کاهو ثبت شده است تغییر دهم چون از خریدم پشیمان شدم.,returning
گوجه هایی که در تاریخ 12/10/1402 خریدم را میخواهم برگردانم.,returning
لیست خریدی که ذکر کردم برای من ثبت نام کنید,finishing
آیا گزینه ای برای ویرایش سفارش وجود دارد تا بتوانم برخی از انتخاب هایم را تنظیم کنم؟,inquiring
لطفا سفارش شماره 2177 من را حذف کنید.,deleting
من سفارش شماره 524 را اشتباهی خریدم، چگونه می توانم اظهارنامه کنم؟,returning
آیا می توانید سفارش شماره 442 را ساعت 3 تحویل دهید؟,scheduling
کاهوی شما تازه است؟ من 9 عدد میخوام,buying
من می خواهم خریدی را که انجام داده ام حذف کنم، آدرس را اشتباه وارد کردم.,deleting
پشیمانم، خیار را از سفارش من لغو کنید,editting
من می خواهم سفارش شماره 882 خود را برگردانم,returning
برای کباب کردن به 2 لیتر کاهو نیاز دارم,buying
11 کیلو کاهو نیاز دارم.,buying
من با شما خداحافظی می کنم,chitchat
من باید سفارش 1208 را پس بدهم,returning
من میزبان یک مهمانی بزرگ هستم و به 7 بطری پیاز نیاز دارم.,buying
مقدار محصول پنیر را از 14 بطری به 14 بطری تغییر دهید.,editting
سفارش من را ساعت 9 ارسال کنید.,scheduling
آیا می توانید یک شراب خوب توصیه کنید؟ برای یک موقعیت خاص به 5 لیتر نیاز دارم.,buying
سفارش من را قبل از ساعت 11 روز شنبه تحویل دهید,scheduling
آیا می توانم با کد رهگیری 203 زمان تخمینی رسیدن بسته خود را استعلام کنم؟,discount
محصولی که دریافت کردم آسیب دیده است، چه کار کنم؟,inquiring
آیا می توان کره ای را که قبلا انتخاب کردم با خیار جایگزین کرد؟,editting
من منتظر تحویل سفارش شماره 2269 در اولین ساعت روز سه شنبه هستم.,scheduling
نوبت من است که شام ​​بپزم، به 7 کیلوگرم گوشت زیر نیاز دارم,buying
آیا می توانید سفارش شماره 817 را در 7 تحویل دهید؟,scheduling
در روزهای اخیر بازار ماکارونی با تخفیف داغ است؟,tracking
لطف داری,chitchat
آیا محصول شیر گارانتی دارد؟,inquiring
قیمت روز سیب زمینی رو میخوام بدونم میشه راهنمایی کنید؟,inquiring
می‌خواهم بدانم سفارش شماره ۲۹۷ در کجا در حال انجام است.,discount
لطفا سفارش شماره 1381 من را حذف کنید.,deleting
چه مدت می توانم چیزی را که خریده ام برگردانم؟,inquiring
بدلیل بروز خطای ناخواسته به شماره 1698 ثبت گردید. لطفا حذفش کن,deleting
متشکرم,chitchat
من 12 بطری سیب زمینی می خواستم، آیا آنها را دارید؟,buying
آیا می توانید پیازی را که به اشتباه به سبد اضافه شده است بردارید؟,editting
آیا می توانم زمان تخمینی رسیدن بسته خود را با کد رهگیری 2261 استعلام کنم؟,discount
بدلیل بروز خطای ناخواسته به شماره 1696 ثبت گردید. لطفا حذفش کن,deleting
از خرید کاهو پشیمانم لطفا سبد خرید من را کنسل کنید.,editting
من می خواهم تخم مرغ را از سبد خریدم حذف کنم و به جای آن شیر اضافه کنم.,editting
من میخوام 8 کیلو سیب زمینی سفارش بدم,buying
خرید من تمام شد لطفا اینها را نهایی کنید.,finishing
لطفا سفارش شماره 665 را برای تاریخ 26/6/1403 تهیه نمایید.,scheduling
من فقط جمعه این هفته در خانه هستم، لطفا سفارش من را ارسال کنید.,scheduling
آیا خرید مرغ چهارشنبه تخفیف دارد؟,tracking
آیا خیار در رنگ های دیگر موجود است؟,inquiring
آیا می توانید 7 کیلوگرم از کره بفرستید؟,editting
من می خواهم در مورد ماکارونی شما بیشتر بدانم.,inquiring
برای کباب کردن به 8 کیلوگرم پرتقال نیاز دارم,buying
می خواهم بدانم سفارش شماره 791 در کجا در حال انجام است.,discount
آیا پس از 14 بار مصرف باز هم امکان برگشت کاهو وجود دارد؟ من چند روز پیش اجناسم را تحویل گرفتم اما بسته بندی آن بسیار بد بود، بنابراین می خواهم آن را برگردانم.,returning
آیا رنگ پرتقال برای افراد دارای شرایط خاص مانند رژیم غذایی و برای ورزشکاران مناسب است؟,inquiring
شغل شما چیست؟,chitchat
من می خواهم سفارش شماره 5 را برای گوجه فرنگی که 13 روز پیش دریافت کردم، برگردانم.,returning
من یک درخواست برای تغییر سفارش 2068 دارم.,returning
نان را از سفارش من حذف کنید,editting
من به دنبال اطلاع از وضعیت فعلی سفارش با شناسه 2036 هستم.,discount
چون از خرید خود پشیمانم میخواهم برنج خریداری شده مورخ 23/4/1403 را برگردانم.,returning
من خیلی وقته از شما خرید میکنم میشه محصول هویج رو بهم تخفیف بدید؟,tracking
آیا خرید بیشتر از 9 کیلو هویج تخفیف دارد؟,tracking
ممنون از کاری که برای من کردی,chitchat
آیا سفارش 272 آماده ارسال است یا هنوز در انتظار ارسال است؟,discount
نام شریف خود را بفرمایید,chitchat
من قصد دارم کاهو را با پنیر جایگزین کنم، لطفا راهنمایی کنید.,editting
به مناسبت تخفیف های زمستانی، آیا جدول تخفیف های ماهی پهن است؟,tracking
سفارش من را یکشنبه ساعت 7 ارسال کنید.,scheduling
از شما می خواهم سفارش من را لغو کنید زیرا اندازه را اشتباه انتخاب کردم.,deleting
شما می توانید سفارش 993 را دنبال کنید.,discount
می توانید 8 شانه سیب را بسته بندی کنید و برای من بفرستید؟,buying
سفارشم را حذف کنید، 13 روز پیش ثبت نام کردم.,deleting
من می خواهم گوشت را از سبد خریدم حذف کنم و به جای آن پاستا اضافه کنم.,editting
لطفا 3 کیلوگرم گوجه فرنگی به من بدهید.,buying
ممنون از زحمت شما,chitchat
لطفا سفارش من را تغییر دهید به دلیل تاریخ انقضای محصولات بود,returning
لطفا فرآیند تسویه حکم 2093 را شروع کنید.,deleting
خدا تو را حفظ کند,chitchat
آیا سفارش 850 آماده ارسال است یا هنوز در مرحله پیش ارسال است؟,discount
گوجه هایی که 9 روز پیش به دستم رسید نیاز به تعویض دارند و خواهشمندم آنها را به من برگردانید.,returning
من به تخم مرغ نیاز دارم مخصوصا 11 لیتر.,buying
من مشتاقم بدانم آیا سفارش 748 ارسال شده است یا خیر.,discount
آیا می توانید یک شراب خوب توصیه کنید؟ برای یک موقعیت خاص به 10 لیتر نیاز دارم.,buying
آیا می توانید خرید من را در روز سه شنبه تا ساعت 4 ارسال کنید؟,scheduling
من اشتباه کردم می توانید سفارش 1022 را تحویل بگیرید؟,deleting
لطفا سفارش شماره 1733 من را حذف کنید.,deleting
ممنون از لطف شما,chitchat
من گوشت اشتباهی خریدم، آیا می توانم آن را برگردانم؟,returning
آیا می توانید پنیری را که در حال حاضر به آن نیاز ندارم از سبد خریدم حذف کنید؟,editting
آیا می توانید سفارش من را حذف کنید؟ من دیگه بهش نیاز ندارم,deleting
من خیلی وقته از شما خرید می کنم، می توانید برای محصولات تخم مرغ به من تخفیف بدهید؟,tracking
لطفا سفارش شماره 690 را برای تاریخ 1403/3/10 تهیه نمایید.,scheduling
اشتباه بود به جای 8 تکه گوشت 11 عدد می خواستم.,editting
من می خواهم سیب را به صورت عمده بخرم، آیا شما قیمت بهتری ارائه می دهید؟,tracking
من میل شدید به پاستا دارم لطفا 6 لیتر برام بفرستید.,buying
جوجه مربوط به سفارش شماره 1027 که روز پنجشنبه خریداری شده نیاز به تعویض دارد.,returning
سیبی که 7 روز پیش تحویل گرفتم نیاز به تعویض دارد و از شما میخواهم آنها را برای من جایگزین کنید.,returning
برای تهیه سالاد شیرازی 1 شیر می خواستم.,buying
پس از ثبت سفارش 2011 در 3/10/1402، کنجکاو هستم که چگونه پیشرفت می کند. آخرین گزارش چیست؟,discount
سلام,chitchat
از مرغ بگو,inquiring
روغن زیتون چطوره,inquiring
من می خواهم خرید خود را به دلیل تغییر برنامه لغو کنم.,deleting
من به 11 لیتر سیب نیاز دارم.,buying
آیا می توانید سفارش من را قبل از ساعت 5 روز جمعه تحویل دهید؟,scheduling
می خواستم کل سفارشم را کنسل کنم چون اشتباه کردم,deleting
چون این محصول را دوست نداشتم تصمیم گرفتم سفارش شماره 2022 را پس بدهم.,returning
من می خواهم کره را از سبد خریدم حذف کنم و به جای آن هویج اضافه کنم.,editting
برای مهمانی لطفا سفارش شماره 1540 را تا تاریخ 1/11/1400 تحویل دهید.,scheduling
اگر تاریخ انقضای محصول تمام شده باشد چه باید بکنم؟,inquiring
مقدار کره را از 2 به 6 تغییر دهید.,editting
آیا می توانم زمان تخمینی رسیدن بسته خود را با کد رهگیری 1677 استعلام کنم؟,discount
میانگین زمان پاسخگویی به سوالات پشتیبانی مشتری چقدر است؟,inquiring
چه کار میکنی؟,chitchat
من کنجکاو هستم که از مجموعه نان خود چه چیزی دارید، آیا می توانم 11L را امتحان کنم؟,buying
به دلیل کیفیت بسیار پایین کالای ارسالی میخواهم سفارش شماره 1847 را برگردانم.,returning
لطفا راهنمایی کنید که چگونه می توانم سفارش را نهایی کنم.,inquiring
من می خواهم خریدی را که به تازگی انجام داده ام لغو کنم، در جای دیگری قیمت بهتری پیدا کردم.,deleting
آیا می توانید سفارش من را تغییر دهید؟ زیرا کیفیت کالای ارسالی بسیار پایین است,returning
من علاقه مند به برنامه ریزی برای تحویل سفارش شماره 1230 برای تاریخ 5/9/1403 هستم.,scheduling
وضعیت سفارش شماره 644 چگونه است؟,discount
من تمایل زیادی به شیر دارم، لطفاً 7 شیشه برای من بفرستید.,buying
آیا می توانید به جای پنیر به من تخم مرغ بدهید؟,editting
می خواستم 10 لیتر گوجه بخرم,buying
آیا فروش ویژه ای در سال جدید گوجه فرنگی دارید؟,tracking
درخواست تغییر سفارش 1228 دارم.,returning
آیا می توانید یک شراب خوب توصیه کنید؟ برای یک موقعیت خاص به 13 شانه نیاز دارم.,buying
من باید ظرف آشپزخانه ام را با 7 کیلوگرم گوجه فرنگی پر کنم.,buying
چون از این محصول خوشم نیومد میخوام شیره ای که در تاریخ 28/12/1402 خریدم رو پس بدم.,returning
لطفا سفارشم را برگردانید من این کالاها را نمی خواهم، کیفیت کالاهای ارسالی بسیار پایین است.,returning
من علاقه مند به برنامه ریزی تحویل سفارش شماره 1986 برای تاریخ 8/2/1403 هستم.,scheduling
آیا سفارش شماره 207 که شامل گوجه فرنگی بود آماده ارسال است؟,discount
می خواهم روغن زیتونی را که فراموش کرده ام به سبد خرید اضافه کنم.,buying
آیا امکان دریافت سفارش شماره 1538 در تاریخ 9/4/1401 وجود دارد؟,scheduling
آیا پنیر برای افرادی با شرایط خاص مانند طبیعی و بدون مواد شیمیایی مناسب است؟,inquiring
من انتخاب های خود را انجام داده ام، چگونه می توانم سفارش خود را ثبت کنم؟,finishing
