text,label
تمایل دارم از به‌روزرسانی‌های مربوط به مرحله‌ای که سفارش 1673 در آن قرار دارد مطلع شوم. آخرین وضعیت سفارش چیست؟,tracking
ایا درگاه پشتیبانی مشتری وجود دارد ؟,customer-service
میخوام بدونم قیمت پنیر 14 چقدر میشه؟,inquiring
آیا می‌توانم در مورد زمان تقریبی رسیدن بسته‌ام با کد پیگیری 14 جویا شوم؟,tracking
لطفا فرآیند تسویه حکم 1538 را شروع کنید.,deleting
من به کمی تجدید نظر نیاز دارم، آیا دامنه تغییر پیش پرداخت سبدهای باز را پوشش می دهد؟,inquiring
سفارشم را حذف کنید، 4 روز پیش ثبت نام کردم.,deleting
آیا برای رویداد تخفیف زمستانی تخفیف دارید؟,inquiring
آیا برای مشتریان دائمی مانند من، تخفیف خاصی برای ماهی در نظر گرفته‌اید؟,inquiring
آیا Delaster در دسترس دارید؟,inquiring
آیا می‌توانید وضعیت کنونی سفارش با شماره 489 را روشن سازید؟,tracking
میشه سفارشم رو عودت کنید؟ چون از خریدم پشیمان شدم.,returning
تمایل دارم از به‌روزرسانی‌های مربوط به مرحله‌ای که سفارش 1717 در آن قرار دارد مطلع شوم. آخرین وضعیت سفارش چیست؟,tracking
کالاهایی که ارسال شده است بسیار آسیب دیده اند، لطفا عودت کنید,returning
گوجه فرنگی رو به سبد خریدم اضافه کنید.,buying
من تصادفا با شماره 2208 سفارش دادم لطفا حذفش کنید.,deleting
می‌تونم اسمتو بدونم؟,chitchat
می‌خواهم بدانم برنج چه امتیازاتی نسبت به کالاهای مشابه دارد.,inquiring
سفارشم را در تاریخ 1400/5/7 بفرستید,scheduling
سفارش من را ساعت 5 ارسال کنید.,scheduling
سفارشم به دستم رسید الان، اما به خاطر نظرم عوض شد میخواهم سفارشم رو عودت بزنید,returning
سفارش شماره 79 را به اشتباه خریداری کرده‌ام، چگونه می‌توانم آن را پس بفرستم؟,returning
آیا محصولات ارگانیک ارائه می دهید؟,inquiring
آیا سفارش شماره 1622 ارسال شده است؟,tracking
از خرید هویج پشیمان شدم، لطفا از سبد خریدم پاک کن.,editting
انتخاب هام تموم شد. پاسخ را ارسال کنید لطفا.,finishing
آیا روش های پرداخت جدید مانند ارز دیجیتال را می پذیرید؟,inquiring
میشه به جای برنج بهم 3 تا روغن سرخ کردنی بدی؟,editting
پس چرا سفارش من نمی رسد؟ باید تا سه شنبه به من تحویل بدی,tracking
سفارش من با شماره 1931 باید حذف شود، چون به دردم نمیخوره.,deleting
چگونه میتوانم با یک نفر حرف بزنم,customer-service
آیا ماهی را می‌توان با ماهی ترکیب کرد؟,inquiring
بررسی کنید ببینید سفارش 1477 کجاست؟,tracking
سفارشم تموم شد این چیزی است که من می خواستم.,finishing
میخواستم بدونم سفارشی که دادم تا چهارشنبه به دستم میرسه یا نه؟,tracking
سفارش من را در تاریخ 1400/1/16 ارسال کنید,scheduling
می‌خواهم اطلاعاتی در مورد فلسفه تولید و زنجیره تامین برنج به دست آورم.,inquiring
میخواهم با یک متخصص صحبت کنم,customer-service
به جای 7 عدد شیر لطفا 7 عدد پرتقال بدهید.,editting
آیا گوشت حاوی موادی است که ممکن است در افراد دیابتی باعث ایجاد حساسیت شود؟,inquiring
در مورد روغن زیتون به من بگویید,inquiring
شرایط گارانتی خریدار چیست؟,inquiring
من می خواهم 13 تا از پرتقال ها را دریافت کنم.,buying
میشه به جای ماهی بهم ماست بدی؟,editting
آیا امکان پیگیری سفارش شماره 2016 وجود دارد؟,tracking
من علاقه مند به برنامه ریزی تحویل سفارش شماره 1084 برای تاریخ 8/10/1401 هستم.,scheduling
من می خواهم به درک عمیق تری از ویژگی های متمایز و منحصر به فرد کره دست پیدا کنم.,inquiring
میشه به جای مرغ بهم 14 گرم هویج بدی؟,editting
تخم مرغ را به اشتباه خریداری کرده‌ام، آیا می‌توانم آن را برگشت بزنم؟,returning
چگونه برای هر سفارش پرداخت کنیم؟,inquiring
کالایی که به دستم رسیده معیوب است، میخواستم که پس بدهم,returning
به جای نوشابه ماست را در سبد خریدم قرار بده.,editting
من می خواهم خرید خود را لغو کنم زیرا اندازه را اشتباه انتخاب کردم.,deleting
می‌توانید سفارش شماره 1316 را در ساعت 4 تحویل دهید؟,scheduling
می خواستم کل سفارشم را کنسل کنم چون پول کافی ندارم,deleting
آیا می‌توانم سفارش شماره 111 را برای تحویل در ساعت 5 رزرو کنم؟,scheduling
خرید 5 روز پیش من به دلیل انتخاب اشتباه باید حذف شود لطفا اقدام لازم را انجام دهید.,deleting
میخوام سفارش شماره 910 کاهویی که 7 روز پیش تحویل گرفتم رو برگردونم.,returning
لطفا سفارش من را برگردانید من این محصولات را نمی خواهم، تاریخ انقضای محصولات گذشته است.,returning
آیا سفارش شماره 468 ارسال شده است؟,tracking
من تمایل زیادی به دلاستر دارم، لطفا 1 بطری برای من ارسال کنید.,buying
لطفاً فرایند دیلیت سفارش  1174 را آغاز کنید.,deleting
کالای ارسالی بسیار آسیب دیده است لطفا تعویض کنید,returning
چگونه با پشتیبانی تماس بگیرم؟,customer-service
من به دنبال اطلاع از وضعیت فعلی سفارش با شناسه 1603 هستم.,tracking
گوشت که 6 روز پیش تحویل گرفته‌ام، نیاز به تعویض دارد و دوست داشتم که برای من آن ها را مرجوع بدهید.,returning
خریدم تموم شد ، لطفا همینارو نهایی کنین و قیمت کل رو بهم بگید.,finishing
لطفا سفارش شماره 1831 را برای تاریخ 25/2/1403 تهیه نمایید.,scheduling
سفارشم را قبل از ساعت 7 روز دوشنبه تحویل دهید ,scheduling
سفارش من رو قبول کن,finishing
من می خواهم اسموتی درست کنم و به 1 کیلوگرم آبمیوه نیاز دارم.,buying
آیا برای عیب یابی مشکلات شبکه یا اتصال پشتیبانی وجود دارد؟,customer-service
در صورت امکان این لیست اقلام را برای من ارسال کنید,finishing
من به موارد زیر نیاز دارم: 9 عدد نوشابه.,buying
با توجه به تاریخ انقضای محصولات میخواهم ماهی خریداری شده در تاریخ 2/8/1301 را برگردانم.,returning
آیا کوپن تخفیفی برای اولین خریدم از کالای هویج دارید؟,inquiring
آیا روحیه خوبی دارید؟,chitchat
اشتباه بود به جای 11 کیلو مرغ 7 کیلو می خواستم.,editting
میخواهم ماهی را از سفارشم لغو کنم.,editting
میخواستم سفارشم رو ساعت 9 بفرستید.,scheduling
می‌توانید کیک را که در حال حاضر نیازی به آن ندارم از سبد خریدم بردارید؟,editting
آیا سفارش 895 برای ارسال آماده شده است، یا هنوز در مرحله پیش‌ارسال معطل مانده است؟,tracking
بررسی کنید تا ببینید سفارش 987 کجاست؟,tracking
سفارشم تموم شده. همینارو میخواستم.,finishing
من هوس شدید کاهو دارم لطفا 13 کیلو برام ببندید. و ارسال کنید,buying
من میل شدید به ماهی دارم لطفا برای من 5 لیتر بسته بندی کنید. و ارسال کنید,buying
حال و روزت بخیر,chitchat
پس از ثبت سفارش 333 در تاریخ 1402/10/14 کنجکاو هستم که بدانم چگونه پیشرفت می کند. آخرین گزارش چیست؟,tracking
میل شدیدی به خیار دارم لطفاً 4 کیلو برای من بفرستید .,buying
من به دنبال گزینه های وگان هستم، به خصوص 5 شیشه پوشک بچه,buying
می‌توانید سفارشم را لغو کنید؟ به دردم نمیخوره.,deleting
لطفا سفارش من را جایگزین کنید به دلیل اجناس آسیب دیده به دست من رسیده است,returning
به دلیل یک خطای ناخواسته، سفارشی با شماره  722 ثبت شده است. خواهشمند است آن را دیلیت فرمایید.,deleting
انتخاب‌ هایم را به پایان رسانده‌ام و مایل به ثبت سفارش هستم، مرحله بعدی چیست؟,finishing
لطفاً تعداد پیاز در سبد خریدم را از 6 به 11 تغییر دهید.,editting
من نیاز به پشتیبانی دارم، در مورد سفارشم چه باید بکنم؟,customer-service
آیا 10 بطری از نان دارید ؟,buying
میشه از برنج 12 گرم بفرستی؟,editting
به طور تصادفی یک سفارش با شماره 538 ثبت کردم. لطفاً آن را دیلیت کنید.,deleting
آیا تنظیم محتویات سبد خرید من هنوز امکان پذیر است زیرا هنوز پردازش نشده است؟,inquiring
از دست طلایی تو خوشحال شدم,chitchat
آیا امکان پس دادن روغن زیتون با سفارش شماره 386 پس از 8 استفاده هنوز وجود دارد؟,returning
لطفا 3 بطری روغن زیتون به من بدهید.,buying
پس چرا سفارش من نمی رسد؟ باید تا دوشنبه تحویلم بدی,tracking
سیب هایی که 10 روز پیش دریافت کردم نیاز به تعویض دارند و از شما می خواهم آنها را برای من برگردانید.,returning
سفارش من با شماره 1304 را پیدا کنید.,tracking
من می خواهم سفارش شماره 13 را که در تاریخ 3/3/1403 محصول خود را خریده ام برگردانم.,returning
بعدش 6 لیتر بده,buying
برای مهمانی که قرار است جشن بگیریم، سفارش من باید روز سه شنبه ارسال شود.,scheduling
میشه برام 8 تا پیاز ثبت سفارش کنی.,buying
اگر میشه این لیست از اجناس رو بفرست برای من,finishing
خرید های شما همینا بود لطفا برایم ارسال کنید.,finishing
آیا امکان دارد شیر را که پیش‌تر انتخاب کرده‌ام با ماهی تعویض کنم؟,editting
14 تا,buying
من قصد دارم سفارشم را دیلیت کنم، به خاطر دلایلی که می گم: محصول مورد نظر را در جای دیگری یافتم.,deleting
پشیمون شدم پنیر رو از سفارشم حذف کن,editting
یه سری اجناس برای خرید داشتم.,buying
من تصادفا با شماره 1249 سفارش دادم لطفا حذفش کنید.,deleting
آیا می توانم سفارش شماره 760 را برای تحویل در ساعت 9 رزرو کنم؟,scheduling
می خواهم بدانم برنج چه مزیتی نسبت به کالاهای مشابه دارد؟,inquiring
سلام، احوالت؟,chitchat
مقدار کالای هویج را از 13 کیلوگرم به 8 کیلوگرم اصلاح کنید.,editting
درخواست عوض سفارش شماره 654 رو دارم.,returning
یک سفارش داشتم,buying
قبل از تکمیل سفارش، می‌خواهم رب را از سبد خریدم کنسل کنم.,editting
متوجه شدم محصول ماهی مورد نظرم نیست، چگونه می‌توانم آن را مرجوع کنم؟,returning
برای بودجه بندی باید قیمت دقیق پاستا رو بدونم.,inquiring
ماهی مربوط به سفارش شماره 367 که روز دوشنبه خریداری شده نیاز به تعویض دارد.,returning
لطفا سفارش شماره 2272 را برای تاریخ 21/6/1402 ساعت 11 صبح تهیه نمایید.,scheduling
سفارش من را شنبه ساعت 6 ارسال کنید.,scheduling
سیر خریداری شده در تاریخ 3/6/1402 را به دلیل تغییر عقیده برگردانم.,returning
بررسی کنید ببینید سفارش 1441 کجاست؟,tracking
6 کیلو تخم مرغ,buying
سفارشم رو روز جمعه ساعت 2 ارسال کنید.,scheduling
تخم مرغ را از سبد خرید من خارج کنید,editting
لطفاً سفارش شماره 1831 را برای تاریخ 1403/2/25 آماده کنید.,scheduling
آیا اکنون اجازه دارم کالایی را در سبد خرید فعلی خود تغییر دهم؟,inquiring
من می خواهم آبمیوه ای را که در سبد خریدم گذاشته ام لغو کنم.,editting
2 لیتر از آبمیوه میخواستم .,buying
من منتظر تحویل سفارش شماره 739 در اولین ساعت روز شنبه هستم.,scheduling
من فقط پنجشنبه این هفته در خانه هستم، لطفاً سفارش من را ارسال کنید.,scheduling
من به تخم مرغ محلی علاقه‌ مندم، می‌توانم 5 لیتر از آن‌ها را بگیرم؟,buying
لطفا 8 کیلو کره به من بدهید.,buying
آیا می‌توانم سفارش خود را پس از ثبت تغییر دهم؟,inquiring
من را به پزشک متخصص وصل کن,customer-service
آیا می توانید خرید من را دوشنبه تا ساعت 9 ارسال کنید؟,scheduling
میل شدیدی به شیر دارم لطفاً 10 عدد برای من بفرستید .,buying
می‌خواهم بدانم تخم مرغ چه امتیازاتی نسبت به کالاهای مشابه دارد.,inquiring
من می خواهم سفارش خود را لغو کنم,deleting
آیا برای جشن سال نو، جعبه‌ی سورپرایز تخفیفی برای محصول روغن سرخ کردنی دارید؟,inquiring
سبد خرید من آماده است,finishing
آیا می‌توانید وضعیت کنونی سفارش با شماره 892 را روشن سازید؟,tracking
وضعیت فعلی سفارش شماره 1930 را می خواهم بدانم.,tracking
حتما باید با یک کارشناس تخصصی حرف بزنید,customer-service
آیا گزینه پشتیبانی فوری برای امور مهم وجود دارد؟,customer-service
پس چرا سفارشم نمیرسه؟ باید حتما تا شنبه به دستم برسونیدش.,tracking
باید از پشتیبانی محصول صحبت کنم ، سفارشم اشتباه ارسال شده است.,customer-service
عصر بخیر,chitchat
آیا امکان مرجوع کردن کاهو بعد از 14 استفاده هنوز وجود دارد؟ من کالاهایم را چند روزه که دریافت کردم ولی به دلیل بسته بندی ارسال بسیار بد بود میخواهم پس بدهم.,returning
ارسال سفارش من در تاریخ 10/11/1403,scheduling
اصل بده,chitchat
ایا پشتیبانی مشتری برای تعطیلات اخر هفته یا تعطیلات در دسترس است ؟,customer-service
برای مهمانی، لطفاً سفارش شماره 593 را در 1402/6/17 تحویل دهید.,scheduling
من می خواهم شماره سفارش 1087 را که محصول پیاز را در تاریخ 8/7/1402 خریده ام برگردانم.,returning
سفارشم را پاک کنید، 7 روز پیش ثبت کرده بودم.,deleting
منتظر تحویل سفارش شماره 1563 در اولین ساعت یک شنبه هستم.,scheduling
من می خواهم رب را از سبد خریدم حذف کنم و به جای آن برنج اضافه کنم.,editting
میخوام سفارشم رو پاک کنم,deleting
لطفا سفارش من را تا شنبه ارسال کنید.,scheduling
به جای 7 شانه گوشت لطفا 6 شانه گوشت بکنیدش,editting
آیا خرید نوشابه در روز چهارشنبه تخفیف دارد؟,inquiring
آیا می توانید مرغی را که در حال حاضر به آن نیاز ندارم از سبد خریدم حذف کنید؟,editting
برای جشنی که قراره برگزار کنیم باید حتما سفارشم روز سه شنبه ارسال بشود.,scheduling
دوست دارم خریدی که تازه کردم را خط بزنم، پشیمان شدن از خرید.,deleting
برای بودجه‌ بندی، نیاز به دانستن قیمت دقیق روغن سرخ کردنی دارم.,inquiring
تمایل دارم از به‌روزرسانی‌های مربوط به مرحله‌ای که سفارش 948 در آن قرار دارد مطلع شوم. آخرین وضعیت سفارش چیست؟,tracking
باید با کارشناس مربوط به سفارشات صحبت کنم,customer-service
اشتباهاتی در سفارشم وجود دارد لطفا من را به این سفارش وصل کن,customer-service
سفارشم را حذف کنید، 9 روز پیش ثبت کرده بودم.,deleting
مشکلی در سفارشم وجود دارد لطفا من را به پشتیبانی سفارش وصل کن,customer-service
آیا می توانم 3 بطری مرغ داشته باشم؟,buying
پوشک بچه خریداری شده با شماره سفارش 1890 را در تاریخ 12/5/1301 به دلیل اینکه بسته بندی حمل و نقل بسیار نامناسب بود، پس می دهم.,returning
لطفا آخرین سفارش من را حذف کنید، اشتباه کردم.,deleting
آیا روغن سرخ کردنی دارای گارانتی یا خدمات پس از فروش است؟,inquiring
سفارش شماره 571 برای روغن سرخ کردنی که 13 روز پیش تحویل گرفته‌ام، می‌خواهم بازگردانم.,returning
سفارشمو ساعت 7 بفرستید .,scheduling
به جای پوشک بچه پیاز را در سبد خریدم قرار بده.,editting
آیا میتوانید بسته را به یک آدرس دیگری بفرستید؟,inquiring
خرید 11 روز پیش من باید به دلیل انتخاب اشتباه لغو شود، لطفا اقدام لازم را انجام دهید.,deleting
کالاهایم را برای ساعت 8 روز جمعه برنامه ریزی کنید.,scheduling
بعد از چه مدت باید یک کالا را برگردانم؟,inquiring
دستور من به 14 گرم تخم مرغ نیاز دارد، آیا آن موجود است؟,buying
لطفا سفارش من را برگردانید من این کالاها را نمی خواهم، کیفیت کالاهای ارسالی بسیار پایین است.,returning
این چیزی است که من خریدم. سفارش من را ثبت کنید,finishing
آیا هویج دارای گارانتی یا خدمات پس از فروش است؟,inquiring
آیا می توانم با پشتیبانی صحبت کنم؟,customer-service
من رو با یک پشتیبانی وصل کن,customer-service
موارد من را ثبت کنید,finishing
آیا می‌ توانید سفارشم را قبل از ساعت 6 روز پنج شنبه تحویل دهید؟,scheduling
میشه خریدم رو روز دوشنبه تا ساعت 5 بفرستید؟,scheduling
سفارشمو بفرست منم همین چیزا رو میخواستم,finishing
به جای پوشک بچه، پیاز را در سبد خرید من قرار دهید.,editting
سفارش شماره 330 من باید لغو شود زیرا بودجه کافی ندارم.,deleting
به دلیل یک خطای ناخواسته، سفارشی با شماره  1976 ثبت شده است. خواهشمند است آن را لغو فرمایید.,deleting
من به دنبال اطلاع از وضعیت فعلی سفارش با شناسه 2215 هستم.,tracking
من باید سفارش 1155 را در روز شنبه لغو کنم.,deleting
من قصد دارم کاهو خریداری شده در 1402/8/23 را به دلیل بسته بندی ارسال بسیار بد بود برگردانم.,returning
دلستری که 6 روز پیش خریدم الان کجاست؟ پس کی ارسال میشه؟,tracking
قیمت برنج نسبت به برنج چگونه است؟,inquiring
میتونم با پشتیبان کار بکنم ؟,customer-service
کالای روغن سرخ کردنی گارانتی دارد؟,inquiring
خریدم تموم شد,finishing
من یکی از مشتریان شما هستم، آیا می توانید برای خرید سیر به من تخفیف بدهید؟,inquiring
نیاز دارم سفارش 1155 که روز شنبه را لغو کنید.,deleting
میشه به جای کیک به من گوجه فرنگی بدی؟,editting
یا برای خرید عمده تخفیف دارید؟ من به 12 بسته پاستا علاقه دارم.,buying
اشتباه شد، به جای 5 گرم دلستر من 14 گرم می خواستم.,editting
میشه قیمت روغن زیتون رو بدونم؟,inquiring
میخواستم کل سفارشم را پاک کنم چون توانایی مالی به اندازه کافی ندارم,deleting
آیا این روزها پیشنهاد ویژه ای برای خرید هویج دارید؟,inquiring
خودتو معرفی می‌کنی؟,chitchat
قصد دارم ماهی را با کاهو جایگزین کنم، لطفاً راهنمایی کنید.,editting
انتخاب های خود من انجام داده ام ، چگونه میتوانم سفارشم را ثبت کنم ؟,finishing
تمامی اقلام مورد نظرم را انتخاب کرده‌ام.,finishing
آیا سیر در رنگ های دیگر موجود است؟,inquiring
برای خرید بیش از 12 بطری از هویج، آیا تخفیفی وجود دارد؟,inquiring
آیا امکان مرجوع کردن خیار بعد از 8 استفاده هنوز وجود دارد؟ من کالاهایم را چند روزه که دریافت کردم ولی به دلیل نظرم عوض شد میخواهم پس بدهم.,returning
آبمیوه ای که در تاریخ 15/11/1401 خریدم را میخواهم تعویض کنم.,returning
آیا شما پرداخت درب محل را قبول می کنید؟,inquiring
از شما درخواست دارم که سفارش 2264 را کنسل نمایید، زیرا به دردم نمیخوره.,deleting
من معلم آشپزی هستم، آیا 5 گرم از شیر دارید؟,buying
من می خواهم یک به روز رسانی در مورد وضعیت سفارش 2074 دریافت کنم. آخرین وضعیت سفارش چگونه است؟,tracking
پیاز را از سفارش من لغو کنید,editting
باید با جزيیات مربوط به سفارشات صحبت کنم,customer-service
من خیلی وقته از شما خرید می کنم میشه به بنده تخفیف برای محصول ماهی بدهید؟,inquiring
ماست مربوط به سفارش شماره 1565 که روز جمعه خریداری شده نیاز به تعویض دارد.,returning
خیار که 4 روز پیش خریدم الان کجاست؟ پس کی ارسال میشه؟,tracking
میخوام سفارشم رو خط بزنم,deleting
من قصد دارم کره را با کاهو جایگزین کنم، لطفا راهنمایی کنید.,editting
سلام عزیزم,chitchat
من یک درخواست برای بازگشت سفارش 747 دارم.,returning
حال روحی مساعدی دارید؟,chitchat
مسئول میان‌وعده‌های مهمانی اداره هستم، به 13 شانه از آبمیوه میخواستم.,buying
سلام دوست عزیز,chitchat
ایا ادرس ایمیل خاصی با انواع مختلف استعلام وجود دارد ؟,customer-service
بررسی کنید ببینید سفارش 236 کجاست؟,tracking
سفارشم را قبل از ساعت 7 روز پنج شنبه تحویل دهید ,scheduling
ممکن است لازم باشد سفارشم را اصلاح کنم چیکار باید کنم؟,inquiring
پس چرا سفارش من نمی رسد؟ باید تا شنبه به من تحویل بدی,tracking
سفارشم را قبل از ساعت 8 روز سه شنبه تحویل دهید ,scheduling
خودتان را معرفی کنید؟,chitchat
به طور تصادفی یک سفارش با شماره 1249 ثبت کردم. لطفاً آن را دیلیت کنید.,deleting
سفارش شماره 1878 برای آبمیوه که در پنج شنبه خریداری شده بود، مطابق انتظار نبود، می‌خواهم تعویض کنم.,returning
من قصد دارم سفارشم را لغو کنم، به دلایلی که می‌گویم: می‌خواهم از جای دیگری خرید کنم.,deleting
می‌خواهم سفارش شماره 946 را برای تحویل در روز سه شنبه تنظیم کنم.,scheduling
دستور من 12 بطری روغن سرخ کردنی می خواهد، آیا موجود است؟,buying
به دلیل تخفیف ویژه ای که دیدم قصد دارم کاهو را با روغن زیتون جایگزین کنم.,editting
چه خدماتی ارایه میدهید؟,chitchat
به دلیل دوست نداشتم این محصول رو، تصمیم دارم سفارش شماره 1545 را بازگردانم.,returning
چگونه می توانم کمک بگیرم؟,customer-service
"به دلیل تاریخ مصرف محصولات گذشته بود, می‌خواهم گوشت خریداری شده مورخ 1400/8/10 را برگردانم.",returning
می‌خواهم بدانم که آیا نان قابلیت ارتقاء یا توسعه در آینده را دارد؟,inquiring
خرید 3 روز پیش من به دلیل انتخاب نادرست باید لغو شود، لطفا اقدام لازم را انجام دهید.,deleting
سفارش شماره 111 را به دلیل دوست نداشتم این محصول رو می‌خواهم بازگردانم.,returning
میشه 13 تا روغن زیتون بسته و برام بفرستید؟,buying
من هوس شدید خیار دارم، لطفا 9 بطری برایم ببندید. و ارسال کنید,buying
من به گوجه فرنگی محلی علاقه دارم، آیا می توانم 12 عدد از آنها را داشته باشم؟,buying
آیا سفارش 268 در حال حاضر در راه است؟,tracking
قبل از تکمیل سفارش، می خواهم گوجه فرنگی را از سبد خرید خود حذف کنم.,editting
من این هفته فقط پنج شنبه خونه هستم، لطفا سفارشم را در آن زمان ارسال کنید.,scheduling
آیا می توانید وضعیت فعلی سفارش شماره 489 را توضیح دهید؟,tracking
کالاهای من را برای ساعت 4 روز پنجشنبه برنامه ریزی کنید.,scheduling
آیا امکان پیگیری سفارش شماره 10 وجود دارد؟,tracking
آیا می توانم شناسه خرید خود را تغییر دهم زیرا هنوز پرداخت انجام نشده است؟,inquiring
اشتباه بود به جای 3 کیلو سیر 6 کیلو می خواستم.,editting
من اشتباها پوشک بچه رو به سبد اضافه کردم لطفا کنسل کنید.,editting
من علاقه مند به برنامه ریزی برای تحویل سفارش شماره 2217 برای تاریخ 1403/4/17 هستم.,scheduling
آیا می توانم زمان تحویل مشخصی را برای سفارش خود درخواست کنم؟,inquiring
لطفا زمان انتظار برای تکمیل تحویل سفارش 1083 چه زمانی خواهد بود؟,tracking
لطفاً فرایند پاک سفارش  886 را آغاز کنید.,deleting
وضعیت سفارش شماره 1465 چیست؟,tracking
من خریدم اماده است,finishing
درخواست عوض سفارش 214 رو دارم .,returning
من از مشتری های مجموعه شما هستم میشه برای خرید سیر به من تخفیف بدهید؟,inquiring
من می خواهم نانی را که فراموش کرده ام به سبد خریدم اضافه کنم، آیا هنوز امکان پذیر است؟,buying
آیا سفارش شماره 1192 ارسال شده است؟,tracking
آیا سفارش 478 در حال حاضر در مسیر مقصد قرار دارد؟,tracking
باید درباره پشتیبانی محصول صحبت کنم ، سفارشم اشتباه ارسال شده است.,customer-service
می‌توانید سفارش شماره 1998 را در ساعت 6 تحویل دهید؟,scheduling
خرید من را با شماره رهگیری 1716 پیگیری کنید.,tracking
باید با پشتیبانی صحبت کنید,customer-service
سفارش شماره 1731 برای سیب زمینی خریداری شده در روز دوشنبه مطابق انتظار نبود، می خواهم آن را برگردانم.,returning
آیا می‌توانم روغن سرخ کردنی را که پیش‌تر در سبد گذاشته‌ام با گوجه فرنگی تعویض کنم؟,editting
خرید 4 روز پیش من به دلیل انتخاب نادرست باید حذف شود، لطفا اقدام لازم را انجام دهید.,deleting
پس چرا سفارشم نمیرسه؟ باید حتما تا سه شنبه به دستم برسونیدش.,tracking
من از خریدی که روز دوشنبه انجام دادم پشیمانم، آن را حذف کنید.,deleting
در صورت تحویل ناقص سفارش امکان پیگیری وجود دارد؟,inquiring
ممنون عزیزم,chitchat
آیا می توانید وضعیت فعلی سفارش شماره 1095 را توضیح دهید؟,tracking
بعد از ثبت سفارش 961 در تاریخ 30/8/1403 کنجکاو هستم که بدانم چگونه پیشرفت می کند. آخرین گزارش چیست؟,tracking
بازپرداخت چقدر طول می کشد؟,inquiring
وضعیت سفارش شماره 549 چیست؟,tracking
من می خواهم دلاستر را از سفارشم حذف کنم.,editting
حذف سفارش 266.,deleting
سفارشم رو روز شنبه ساعت 6 ارسال کنید.,scheduling
وضعیت سفارش شماره 205 چگونه است؟,tracking
سفارش من را ساعت 2 ارسال کنید.,scheduling
میخوام این اقلام رو برام بفرستی,finishing
سیب زمینی رو به سبد خریدم اضافه کنید.,buying
می‌خواهم سفارش شماره 1885 را برای تحویل در روز یک شنبه تنظیم کنم.,scheduling
من مشتاقم بدانم آیا سفارش 2275 ارسال شده است یا خیر.,tracking
میخواستم خریدم ساعت 5 فرستاده بشود.,scheduling
چطور هستید؟,chitchat
آیا کاهو برای افراد دارای شرایط خاص مانند رژیم غذایی و برای ورزشکاران مناسب است؟,inquiring
آیا مواردی وجود دارد که قابل بازگشت نباشد؟,inquiring
آیا روغن سرخ کردنی در طیف وسیعی از مدل‌ها و طرح‌ها در دسترس است؟,inquiring
خریدم رو دیلیت کنید,deleting
زحمتت دادم خسته شدی,chitchat
می‌توانید پاستا را که به اشتباه به سبد اضافه شده است بردارید؟,editting
من علاقه مند به برنامه ریزی برای تحویل سفارش شماره 2243 برای تاریخ 1403/02/14 هستم.,scheduling
چجوری بدون پشتیبانی ارتباط برقرار بکنم ؟,customer-service
تفاوت نان و نان چیست؟,inquiring
من به خیار محلی علاقه دارم، آیا می توانم 12 عدد از آنها داشته باشم؟,buying
سفارش من را تا ساعت 5 ارسال کنید.,scheduling
میشه سفارشم رو برگشت کنید؟ چون از خریدم پشیمان شدم.,returning
من می خواهم چند ماهی، 5 بسته انتخاب کنم.,buying
1 بسته روغن سرخ کردنی میخواستم .,buying
قیمت دلستر نسبت به دلستر چگونه است؟,inquiring
من می خواهم سفارش شماره 2283 را برای تحویل در روز سه شنبه تنظیم کنم.,scheduling
من رو به مرکز پرداخت ببرید چون خریدهایی که داشتم تموم شد.,finishing
لطفاً فرایند کنسل سفارش  1953 را آغاز کنید.,deleting
6 لیتر خیار به من بدهید,buying
دستت درد نکنه بدرود,chitchat
از خریدی که روز جمعه داشتم پشیمان شدم، لغو کنید.,deleting
12 تا از کره میخواستم، موجود دارید؟,buying
چه چیز دیگری؟,chitchat
آیا کانال های پشتیبانی مشتری جداگانه برای انواع مختلف سوالات وجود دارد؟,customer-service
خرید اول من همینا بود لطفا برایم ارسال کنید.,finishing
میشه خریدم رو روز پنج شنبه تا ساعت 7 بفرستید؟,scheduling
چجوری با پشتیبانی تماس برقرار بکنم ؟,customer-service
پس از ثبت سفارش 333 در 1402/10/14، کنجکاوم که پیشرفت آن چگونه است. آخرین گزارش چیست؟,tracking
به مناسبت عید، آیا سفره‌ی تخفیفات گوشت پهن است؟,inquiring
میخواستم سفارشم رو مرجوع بزنم به دلیل نظرم عوض شد,returning
آیا می توانم برای سوالات مربوط به بازگشت محصول با پشتیبانی تماس بگیرم؟,customer-service
نوبت من است که شام بپزم، به موارد زیر نیاز دارم 8 تا ازشیر,buying
من دنبال نوشابه میگردم کیلویی حمل میکنی؟,buying
به جای 13 تا کاهو لطفا 3 تا برنج بهم بده,editting
خریدام تمام شد.,finishing
میخواستم بدونم سفارشی که ثبت کردم تا پنج شنبه به دستم میرسه یا نه؟,tracking
من میخواهم سفارش شماره 2230 را که محصول مرغ را در تاریخ 1401/3/14 خریدم برگردانم.,returning
حذف سفارش 851.,deleting
آیا می‌توانید وضعیت کنونی سفارش با شماره 576 را روشن سازید؟,tracking
درخواست دیلیت سفارش با شماره  1939 را دارم، چرا که اشتباه ثبت کردم.,deleting
من می خواهم سفارش شماره 1708 خود را برگردانم,returning
من سفارش شماره 79 را اشتباهی خریدم، چگونه آن را برگردانم؟,returning
من 12 کیلو دلستر نیاز دارم.,buying
من الان سفارشم رو دریافت کردم ولی با توجه به اتمام تاریخ انقضای محصولات از شما میخوام که سفارشم رو پس بدید,returning
هویج مربوط به سفارش شماره 1356 که روز چهارشنبه خریداری شده نیاز به تعویض دارد.,returning
با سلام، آیا می‌توانید سفارشم را که به تازگی ثبت شده است، کنسل نمایید؟,deleting
من به دنبال نان هستم، آیا آنها را به گرم حمل می کنید؟,buying
میخواستم بدونم آیا 7 تا ماهی موجود هست؟,inquiring
در مورد محصولات سیب سوالی دارم.,inquiring
محصول کره را از سفارشم دیلیت کن,editting
من علاقه‌مند به برنامه‌ریزی تحویل سفارش شماره 872 برای تاریخ 1401/4/14 هستم.,scheduling
داریم مهمونی داریم پنیر میخواستم.,buying
آیا می توانم 3 لیتر کاهو رزرو کنم؟,buying
من قصد دارم کره مربوط به سفارش شماره 1276 را که در 1402/11/2 خریداری شده را مرجوعی ثبت کنم.,returning
سفارش شماره 1642 که 3 روز پیش برای محصول مرغ ثبت شده بود را می‌خواهم برگردانم چون کیفیت بسیار پایین کالاهای ارسالی.,returning
سیاست های بازگشت کالا شما چگونه است؟,inquiring
مرغ را با رب در سبد خرید من جایگزین کنید.,editting
سفارش شماره 910 برای کاهو که 7 روز پیش تحویل گرفته‌ام، می‌خواهم مرجوع کنم.,returning
من می خواهم مقداری از سیب زمینی، 14 شانه را انتخاب کنم.,buying
چطور میتوانم سفارشم را به صورت اقساطی پرداخت کنم ؟,inquiring
سفارش من رو ثبت کن,finishing
سیب بهم بده 9 بسته,buying
پس چرا سفارش من نمی رسد؟ باید تا چهارشنبه به من تحویل بدی.,tracking
میخواستم که خریدم را پس بدهم کنم و روند بازپرداخت سفارشم را شروع کنم.,returning
یک مبارز خسته نباشید,chitchat
اقلامم را ثبت کنید,finishing
حذف سفارش 1150.,deleting
لطفاً ماهی را که در سبد خریدم است با آبمیوه به‌روزرسانی کنید.,editting
متوجه شدم که فرآورده گوشتی آن چیزی نیست که من می خواهم، چگونه می توانم آن را برگردانم؟,returning
چند سال است که فروشگاه شما تاسیس شده است؟,inquiring
قیمت ماهی در حال حاضر چقدر است؟,inquiring
من می‌خواهم مرغ را به صورت عمده خریداری کنم، آیا قیمت بهتری پیشنهاد می‌کنید؟,inquiring
چگونه می توانم با پشتیبانی مشتری تماس بگیرم؟,customer-service
انتخاب هایم را به پایان رساندهام و مشغول به ثبت سفارش هستم ، مرحله بعدی چیست ؟,finishing
میتونم با پشتیبان صحبت بکنم؟,customer-service
من می خواهم چیزی کوچک را تغییر دهم، آیا تغییر جزئیات سفارش هنوز امکان پذیر است؟,inquiring
می‌توانید یک شراب خوب پیشنهاد کنید؟ به 13 تا برای یک مناسبت خاص نیاز دارم.,buying
آیا می توان هویجی را که قبلا انتخاب کرده ام جایگزین کرد؟,editting
کالاهای من را برای ساعت 5 روز پنجشنبه برنامه ریزی کنید.,scheduling
من مشتاقم تا دریابم آیا سفارش 979 ارسال شده است.,tracking
میشه 12 گرم برنج بفرستید؟,editting
به طور تصادفی یک سفارش با شماره 2258 ثبت کردم. لطفاً آن را لغو کنید.,deleting
لطفا سفارش من رو تا روز چهارشنبه ارسال کنید.,scheduling
سفارش من را قبل از ساعت 8 روز جمعه تحویل دهید,scheduling
اسمتو بگو ببینم,chitchat
آیا سفارش 1804 برای ارسال آماده شده است، یا هنوز در مرحله پیش‌ارسال معطل مانده است؟,tracking
من خیلی وقته از شما خرید می کنم میشه به بنده تخفیف برای محصول مرغ بدهید؟,inquiring
من می خواهم 2 کیلو از گوشت را دریافت کنم.,buying
آیا می توانم با کد رهگیری 1900 زمان تخمینی رسیدن بسته خود را استعلام کنم؟,tracking
دوست دارم خریدی که تازه کردم را کنسل کنم، به دردم نمیخوره.,deleting
متأسفانه باید از شما بخواهم که خریدم را پاک کنید، زیرا اشتباه ثبت کردم.,deleting
نوشابه رو از سفارشم دیلیت کن,editting
تعریف سیب مغازه شما خیلی پیچیده است، لطفا 7 لیتر برام بفرستید.,buying
نام شریف خود را بفرمایید,chitchat
خرید من را برگردانید,returning
لطفاً روغن زیتون را که در سبد خریدم است با ماهی به‌روزرسانی کنید.,editting
آیا سفارش 2094 برای ارسال آماده شده است، یا هنوز در مرحله پیش‌ارسال معطل مانده است؟,tracking
به چه کاری مشغولی؟,chitchat
می توانم 3 لیتر از کاهو را رزرو کنم ؟,buying
درخواست تغییر سفارش شماره 523 دارم.,returning
چه کار می کنی؟,chitchat
سفارش 1263 را در تاریخ 1401/1/18 ارسال کنید.,scheduling
خسته نباشید از همکاری با شما لذت بردم,chitchat
من قصد دارم سیر خریداری شده در 1402/3/6 را به دلیل نظرم عوض شد عودت بدهم.,returning
شما می توانید سفارش 2276 را پیگیری کنید.,tracking
لطفاً سفارش شماره 619 را برای تاریخ 1400/4/24 آماده کنید.,scheduling
آیا آبمیوه حاوی موادی است که ممکن است باعث حساسیت در افراد با شرایط چربی 0 درصد داشتن  شود؟,inquiring
به دلیل تخفیف ویژه ای که دیدم قصد تعویض پوشک بچه را با سیب زمینی دارم.,editting
سفارش شماره 758 که 1 روز پیش برای محصول رب ثبت شده بود را می‌خواهم پس بفرستم چون محصولات ارسالی با سفارشی که داشتم مغایرت داره.,returning
چگونه میتوانم با این کارشناس حرف بزنم,customer-service
آیا پنیر موجود دارید؟,inquiring
نیاز دارم سفارش 1682 که روز پنج شنبه را حذف کنید.,deleting
می خواهم بدانم آیا تخمک در آینده قابل ارتقا یا توسعه است؟,inquiring
لطفا سفارشم رو عوض بزنید. به دلیل تاریخ مصرف محصولات گذشته بود,returning
میشه سفارشم رو تعویض کنید؟ چون محصولات قدیمی و خراب و داغون هستند,returning
می خواستم سفارشم را پس بدهم چون بسته بندی خیلی بد بود,returning
من میزبان یک مهمانی بزرگ هستم و به 3 کیلو کاهو نیاز دارم.,buying
من می خواهم 10 کیلوگرم از روغن زیتون را دریافت کنم.,buying
می‌خواهم کیک خریداری شده با سفارش شماره 1613 در 1401/7/28 را به دلیل محصولات ارسالی با سفارشی که داشتم مغایرت داره بازگردانم.,returning
در سفارشم اشتباه کوچکی کردم. آیا می توانم قبل از پردازش آن را به روز کنم؟,inquiring
خسته نباشی لذت بردم از کار باهات,chitchat
آیا قیمت ماهی از بهار تغییر کرده است؟,inquiring
آیا 11 لیتر از سیب دارید ؟,buying
من قصد دارم سفارشم را لغو کنم، به دلایلی که می آورم: پول کافی ندارم.,deleting
میل شدیدی به نوشابه دارم لطفاً 14 لیتر برای من بفرستید .,buying
اگر سفارش من هنوز ارسال نشده است، آیا می توانم کالاهایی که انتخاب کردم را تغییر دهم؟,inquiring
می‌خواهم سفارش شماره 249 که محصول پوشک بچه را در تاریخ 1401/12/28 خریداری کردم را برگردونم.,returning
من کنجکاو هستم که از مجموعه خمیری خود چه چیزی دارید، آیا می توانم یک بسته 9 تایی را امتحان کنم؟,buying
سفارش من را یکشنبه ساعت 11 ارسال کنید.,scheduling
9 پاستا برای من کنار بگذارید,buying
میخواستم بدونم آیا 8 تا نان موجود هست؟,inquiring
بعد از ثبت سفارش 1691 در تاریخ 1400/2/19 کنجکاو هستم که ببینم چگونه پیشرفت می کند. آخرین گزارش چیست؟,tracking
آیا امکان پس دادن نان با سفارش شماره 2332 پس از 5 استفاده هنوز وجود دارد؟,returning
اقلامم را ثبت کن,finishing
برای جشنی که قراره برگزار کنیم باید حتما سفارشم روز پنج شنبه ارسال بشود.,scheduling
درخواست حذف سفارش شماره 927 دارم چون بودجه کافی ندارم.,deleting
با توجه به کالای آسیب دیده تصمیم به عودت سفارش شماره 1430 دارم.,returning
پوشک بچه ای که 13 روز پیش خریدم کجاست؟ پس کی ارسال میشه؟,tracking
خریدم رو تعویض کنید,returning
آیا می‌توانم سفارش شماره 261 را برای تحویل در ساعت 7 رزرو کنم؟,scheduling
آیا گزینه پشتیبانی فوری برای مسائل مهم وجود دارد؟,customer-service
اشتباهاتی در سفارشم وجود دارد لطفا گوشی را به پشتیبانی سفارش وصل کن,customer-service
من علاقه‌مند به برنامه‌ریزی تحویل سفارش شماره 1143 برای تاریخ 1401/9/7 هستم.,scheduling
من یک درخواست بازگشت برای سفارش 307 دارم.,returning
قبل از تکمیل سفارش، می‌خواهم گوجه فرنگی را از سبد خریدم دیلیت کنم.,editting
سفارشم رو بفرستید برام این چیزا رو میخواستم.,finishing
من 9 عدد از کاهو نیاز دارم.,buying
وظیفه شما در اینجا چیست؟,chitchat
من به دنبال پیشنهادات ویژه برای پاستا هستم، آیا پیشنهادی دارید؟,inquiring
برای تهیه سالاد شیرازی 14 عدد هویج می خواستم.,buying
منتظر تحویل سفارش شماره 252 در اولین ساعت جمعه هستم.,scheduling
من خیلی وقته از شما خرید می کنم، آیا می توانید برای محصولات ماهی به من تخفیف بدهید؟,inquiring
چه مقدار مواد شیمیایی در کیک استفاده شده است؟,inquiring
آیا می‌توانم آبمیوه را که 7 روز پیش خریده‌ام، برگشت بزنم؟,returning
لطفا، زمان انتظار برای تکمیل تحویل سفارش 2027 چه زمانی خواهد بود؟,tracking
خداحافظ,chitchat
آیا امکان دارد سفارش شماره 623 را در 1403/3/2 تحویل بگیرم؟,scheduling
برای تفت دادن به 2 گرم سیب زمینی نیاز دارم,buying
لطفا زمان انتظار برای تکمیل تحویل سفارش 1948 چقدر خواهد بود؟,tracking
می‌خواهم بدانم سفارش شماره 1190 در کدام مرحله از فرآیند قرار دارد.,tracking
درخواست برگشت سفارش 747 رو دارم .,returning
من می خواهم سفارش شماره 1768 را برای تحویل در روز سه شنبه تنظیم کنم.,scheduling
آیا گوجه فرنگی برای افراد دارای شرایط خاص مانند دیابتی ها مناسب است؟,inquiring
من یکی از مشتریان شما هستم، آیا می توانید برای خرید سیب به من تخفیف بدهید؟,inquiring
سفارشم را قبل از ساعت 6 روز چهارشنبه تحویل دهید ,scheduling
می‌خواهم نان را که فراموش کرده بودم به سبد خریدم اضافه کنم، آیا هنوز ممکن است؟,buying
میخوام سفارشم رو لغو کنم,deleting
میشه برنج رو از سفارشم پاک کنی؟,editting
آیا سفارش 525 آماده ارسال است یا هنوز در مرحله پیش ارسال است؟,tracking
9 لیتر روغن سرخ کردنی دارید؟,buying
سفارشم تموم شد. اینو میخواستم.,finishing
رب را به اشتباه خریداری کرده‌ام، آیا می‌توانم آن را پس بدهم؟,returning
آیا برای جشن تخفیفات زمستانی، جعبه‌ی سورپرایز تخفیفی برای محصول روغن سرخ کردنی دارید؟,inquiring
نان رو حذف کن.,editting
پشتیبانی برای عیب یابی مشکلات شبکه یا اتصال وجود دارد؟,customer-service
قیمت کاهو نسبت به کاهو چگونه است؟,inquiring
آیا در کریسمس برای کاهو تخفیف قائل هستید؟,inquiring
تا چه زمانی میتوانم کالایم را عودت بدهم؟,inquiring
من این هفته فقط جمعه خونه هستم، لطفا سفارشم را در آن زمان ارسال کنید.,scheduling
برای عید تخفیف داری؟,inquiring
من به دنبال نوشابه هستم، آیا آنها را در کیلوگرم حمل می کنید؟,buying
سفارش 317 را دیلیت کن.,deleting
چطور می‌توانم سفارشم را پیگیری کنم ؟,inquiring
محصول شیر را از سفارشم دیلیت کن,editting
درخواست عودت سفارش شماره 1403 رو دارم.,returning
در روزهای اخیر بازار ماکارونی با تخفیف داغ است؟,inquiring
آیا گوجه فرنگی در راستای پایداری و مسئولیت‌های اجتماعی شرکت تولید کننده طراحی شده است؟,inquiring
آیا امکان تحویل سفارش شماره 2108 در روز شنبه وجود دارد؟,scheduling
آیا می توانم پاستا را که قبلاً در سبد گذاشته بودم با Delaster جایگزین کنم؟,editting
ماست را از سبد خرید من حذف کنید,editting
لطفاً ماست را که در سبد خریدم قرار دارد با نوشابه به‌روزرسانی کنید، چون تازه‌تر است.,editting
لطفاً فرایند پاک سفارش  613 را آغاز کنید.,deleting
فروشگاه شما از چه روش های پرداخت پشتیبانی می کند؟,inquiring
می‌خواهم خیار را از سبد خریدم لغو کنم و به جای آن خیار اضافه نمایم.,editting
لطفا سفارشم رو تعویض بزنید. به دلیل کالاها آسیب دیده به دست بنده رسیده است,returning
9 بسته سیب به من بدهید,buying
سفارش 851 را حذف کن.,deleting
کالاهای من را برای ساعت 6 روز دوشنبه برنامه ریزی کنید.,scheduling
میشه 14 کیلو مرغ برام بسته بندی کنی و برام بفرستی؟,buying
می‌توانید گوجه فرنگی را که به اشتباه به سبد اضافه شده است بردارید؟,editting
حذف سفارش 2081.,deleting
پشیمانم لطفا سفارشم را لغو کنید,deleting
خرید من تمام شد لطفا اینها را نهایی کنید.,finishing
می‌خواهم اطلاعاتی در مورد ترکیبات و مواد استفاده شده در شیر بدانم.,inquiring
سفارش دهید. سفارشم تموم شد,finishing
مقدار پنیر رو 7 شانه کنید,editting
من میل شدید به نوشابه دارم لطفا 14 لیتر برام بفرستید.,buying
آیا سفارش 1239 در حال حاضر در مسیر مقصد قرار دارد؟,tracking
پیگیری خرید من با شماره رهگیری 1493.,tracking
از شما ممنونم,chitchat
من در تاریخ 1402/12/23 به شماره 1349 سفارش دادم، وضعیتش چگونه است؟,tracking
نیاز دارم سفارش 1353 که روز سه شنبه را لغو کنید.,deleting
آیا می‌توانم گوشت را که پیش‌تر در سبد گذاشته‌ام با پیاز تعویض کنم؟,editting
از خرید هویج پشیمانم لطفا از سبد خریدم حذف کنید.,editting
می‌خواهم از وضعیت فعلی سفارش شماره 1780 مطلع شوم.,tracking
سفارشم رو روز یک شنبه ساعت 9 ارسال کنید.,scheduling
می‌خواهم بدانم که آیا نوشابه قابلیت ارتقاء یا توسعه در آینده را دارد؟,inquiring
من باید با سیستم پشتیبانی شما صحبت کنم,customer-service
قیمت محصولات مقابل را می خواستم بدانم: ماست 2 بسته و ماست 2 بسته,inquiring
قیمت تخم مرغ با توجه به نوسانات اخیر بازار چه تغییری کرده است؟,inquiring
آبمیوه که 13 روز پیش تحویل گرفته‌ام، نیاز به تعویض دارد و دوست داشتم که برای من آن ها را عوض بدهید.,returning
بچه های من جوجه شما را دوست دارند، آیا می توانید 3 بسته به من بدهید؟,buying
من رژیم دارم و نیاز به 10 کیلو از نوشابه کم‌چرب دارم.,buying
خریدم رو عودت بزنید,returning
قیمت پنیر در حال حاضر چقدر است؟,inquiring
به مناسبت تخفیفات زمستانی، آیا سفره‌ی تخفیفات رب پهن است؟,inquiring
آیا می توانید توضیح دهید که چگونه دلستر از نظر فنی برتر از دلستر است؟,inquiring
میشه پیگیری کنید ببینید سفارش من دقیقا کجا هست. شماره سفارشم: 283,tracking
از زحمتی که برام کشیدی متشکرم,chitchat
پیاز را اشتباه به سبد خریدم افزودم لطفا دیلیت کنید.,editting
لیست خریدی که گفتم رو اسم من ثبت کن,finishing
میشه کره رو از سفارشم حذف کنی؟,editting
آیا می توانید سفارش من را لغو کنید؟ محصول مورد نظر را در جای دیگری پیدا کردم.,deleting
لطفا آبمیوه ای که به تازگی به سبد اضافه شده است را با Delaster جایگزین کنید.,editting
پشیمون شدم روغن سرخ کردنی رو از سفارشم دیلیت کن,editting
سلام,chitchat
دوست دارم خریدی که تازه کردم را دیلیت کنم، آدرس اشتباهی وارد کردم.,deleting
در ارتباط با مشکلی که دارم باید با یک شخص صحبت کنم,customer-service
آیا می توانید برنج را از سفارش من حذف کنید؟,editting
مایلم به دلیل تغییر در رژیم غذایی، ماست را از سبد خرید حذف کنم.,editting
من می خواهم در مورد ماکارونی شما بیشتر بدانم.,inquiring
پرتقال موجود دارید؟,inquiring
چند روز باید کالای خریداری شده خود را برگردانم؟,inquiring
من 12 گرم پوشک بچه می خواستم.,buying
آیا امکان تحویل سفارش شماره 773 در روز یک شنبه وجود دارد؟,scheduling
آیا پس از 13 بار استفاده هنوز هم امکان برگشت سیر وجود دارد؟ من چند روز پیش اجناسم رو تحویل گرفتم ولی چون اشتباها خریدم میخوام برگردونم.,returning
من برای کباب کردن نیاز به 10 گرم از شیر دارم,buying
نیاز دارم که با سامانه پشتیبانیتون صحبتی.,customer-service
سفارش من را ساعت 11 ارسال کنید.,scheduling
می‌خواهم بدانم سفارش شماره 1799 در کدام مرحله از فرآیند قرار دارد.,tracking
پس چرا سفارشم نمیرسه؟ باید حتما تا پنج شنبه به دستم برسونیدش.,tracking
سفارش شماره 551 که 11 روز پیش برای محصول پرتقال ثبت شده بود را می‌خواهم برگردانم چون محصولات ارسالی با سفارشی که داشتم مغایرت داره.,returning
آیا آدرس ایمیل خاصی برای انواع مختلف استعلام وجود دارد؟,inquiring
آیا محصول سیر گارانتی دارد؟,inquiring
به دلیل تخفیف ویژه ای که دیدم قصد دارم کیک را جایگزین گوشت کنم.,editting
می‌توانید روغن زیتون را که در حال حاضر نیازی به آن ندارم از سبد خریدم بردارید؟,editting
لطفا سفارش من را برگردونید. من این کالاها کیفیت بسیار پایین کالاهای ارسالی رو نمیخوام.,returning
سفارش هایم را میدهم.,finishing
برای کباب کردن به 10 گرم شیر نیاز دارم,buying
من مسئول تنقلات مهمانی دفتر هستم، 14 بطری مرغ می خواستم.,buying
آب میوه چطوره,inquiring
شیر میخواستم .,buying
شنیدم بهترین روغن سرخ کردنی شهر رو داری لطفا 2 شانه برام بذار.,buying
از خریدی که روز دوشنبه داشتم پشیمان شدم، حذف کنید.,deleting
سفارش 1355 را لغو کن.,deleting
آیا می توانید به جای مرغ 14 گرم هویج به من بدهید؟,editting
آیا می توانم سفارش را پس از ثبت تغییر دهم؟,inquiring
روغن زیتون رو از سفارشم حذف کن,editting
خریدام تموم شد.,finishing
سفارش شماره 970 را به دلیل اشتباه خرید کردم می‌خواهم پس بدهم.,returning
سفارشمو ساعت 10 بفرستید .,scheduling
یا تخفیفی برای خرید عمده دارید؟ به 6 کیلوگرم از آبمیوه علاقه‌مندم.,buying
انتخاب من تمام شده است. لطفا سفارش من را ارسال کنید,finishing
سفارشم را ثبت کنید و اعلام کنید چگونه پول خریدم را پرداخت کنم.,finishing
برای مهمانی، لطفاً سفارش شماره 91 را در 1401/5/21 تحویل دهید.,scheduling
آیا می‌توانم در مورد زمان تقریبی رسیدن بسته‌ام با کد پیگیری 260 جویا شوم؟,tracking
سفارشم به دستم رسید الان، اما به خاطر جنس هایی فرستادید خراب بودند میخواهم سفارشم رو برگشت بزنید,returning
14 کیلوگرم آبمیوه میخواستم .,buying
سفارشم به دستم رسید الان، اما به خاطر از خریدم پشیمون شدم میخواهم سفارشم رو عوض بزنید,returning
میخواهم دلستر را از سفارشم دیلیت کنم.,editting
میخواهم سفارشم با شماره 247 رو مرجوع کنم,returning
برای کاهو در کریسمس تخفیفی ارائه می دهید؟,inquiring
می‌خواهم وضعیت فعلی سفارش 1780 را بدانم.,tracking
سفارش من را سه شنبه ساعت 2 ارسال کنید.,scheduling
می‌خواهم نوشابه خریداری شده با سفارش شماره 1437 در 1400/8/16 را به دلیل تاریخ مصرف محصولات گذشته بود برگشت بزنم.,returning
تازگی‌ها چه خبر؟,chitchat
ازمایش های خود را انجام داده ام ، چگونه میتوانم سفارشم را ثبت کنم ؟,finishing
آیا می توانم محصولات سفارش خود را اصلاح کنم؟,inquiring
شما می توانید سفارش 427 را پیگیری کنید.,tracking
آیا سفارش شماره 961 در راه است؟,tracking
خرید 4 روز پیشم باید به دلیل انتخاب نادرست پاک گردد، لطفاً اقدامات لازم را انجام دهید.,deleting
به جای 8 پنیر لطفا 8 آب میوه بدهید.,editting
من به دنبال سیب هستم، آیا آنها را به کیلوگرم ارسال می کنید؟,buying
آیا امکان دارد سیر را که پیش‌تر انتخاب کرده‌ام با دلستر تعویض کنم؟,editting
به دلیل یک خطای ناخواسته، سفارشی با شماره  661 ثبت شده است. خواهشمند است آن را لغو فرمایید.,deleting
لطفا 2 تکه پنیر به من بدهید.,buying
آیا امکان دارد سفارش شماره 2309 را در 1401/1/25 تحویل بگیرم؟,scheduling
نان را بردارید.,editting
اشتباه بود به جای 7 عدد سیب زمینی 3 عدد می خواستم.,editting
سفارشم با شماره 1931 حذف بشه چون خوشم نمیاد.,deleting
آیا سفارش 1825 در حال حاضر در مسیر مقصد قرار دارد؟,tracking
سفارش من را تا ساعت 8 ارسال کنید.,scheduling
لطفا سفارشم رو مرجوع بزنید. به دلیل کالاها رو اشتباهی ارسال کردید,returning
لطفاً سفارش شماره 1412 را برای تاریخ 1403/4/10، ساعت 2 آماده کنید.,scheduling
می‌خواهم سفارش شماره 1076 که محصول مرغ را در تاریخ 1403/7/26 خریداری کردم را پس بدهم.,returning
سفارشم با شماره 1687 را رهیابی کنید.,tracking
خدا یار و نگهدار,chitchat
از شما می خواهم زمان تحویل سفارش شماره 76 را برای 6/5/1301 تعیین کنید.,scheduling
ایا یک پشتیبانی فوری برای امور مهم وجود دارد ؟,customer-service
به جای 1 بطری دلستر، لطفا 1 بطری نوشابه بدهید.,editting
من اشتباهی پنیر را به سبد خرید اضافه کردم، لطفا آن را حذف کنید.,editting
من باید یک انتخاب را عوض کنم - آیا ویرایش سفارشات باز در خط مشی قرار می گیرد؟,inquiring
آیا برای مشتریان دائمی مانند من، تخفیف خاصی برای خیار در نظر گرفته‌اید؟,inquiring
در صورت تاخیر در عرضه کالا چگونه اطلاع رسانی کنیم؟,inquiring
من قصد دارم سفارشم را کنسل کنم، به خاطر دلایلی که می گم: موجودی مالی به اندازه کافی ندارم.,deleting
آیا پس از 5 بار استفاده باز هم امکان بازگشت تخم مرغ وجود دارد؟ من چند روز پیش کالای خود را دریافت کردم، اما می خواهم این محصول را پس بدهم زیرا آن را دوست نداشتم.,returning
میشه خودت رو به یک فرد پاسخگو مرتبط کنی ؟,customer-service
آیا می‌توانم سفارش خود را اصلاح کنم اگر پردازش آن کامل نشده باشد؟,inquiring
می خواهم پنیری را که فراموش کرده ام به سبد خرید اضافه کنم.,buying
آیا محصول روغن سرخ کردنی گارانتی دارد؟,inquiring
درخواست کنسل کردن سفارش 323 را دارم چون از خرید پشیمان هستم.,deleting
میشه از موجودی و اطلاعات محصول خیار مطلع شوم؟,inquiring
آیا می توانم روغن زیتونی را که قبلاً در سبد گذاشته بودم با رب جایگزین کنم؟,editting
سفارشم را برای روز چهارشنبه ارسال کنید چون وقت دیگر خونه نیستم.,scheduling
آیا امکان پیگیری سفارش شماره 1314 وجود دارد؟,tracking
لطفا سفارش شماره 708 را برای تاریخ 24/8/1400 ساعت 10 صبح تهیه نمایید.,scheduling
ایا می توانم بدون درخواست صورتحساب یا پرداخت با پشتیبانی تماس بگیرم ؟,customer-service
پاستا 12 عدد رو به سبد خریدم بیافزونید,buying
می‌خواهم بدانم گوشت با 5 کیلو چه قیمتی خواهد داشت.,inquiring
من می خواهم روغن زیتونی را که در سبد خریدم گذاشته ام حذف کنم زیرا نظرم تغییر کرده است.,editting
آیا مرغ با استانداردهای IFS مطابقت دارد و آیا برای مصارف طبیعی بودن و بدون داشتن مواد شیمیایی تایید شده است؟,inquiring
در ارتباط این مشکلی که دارم باید با یک شخص صحبت کنم,customer-service
به دلیل تخفیف ویژه ای که دیدم قصد دارم شیر را با پیاز جایگزین کنم.,editting
می‌خواهم پنیر را که در سبد خریدم قرار داده‌ام به دلیل تغییر نظرم پاک کنم.,editting
من می خواهم مقداری از دلستر، 10 شانه را انتخاب کنم.,buying
میشه 8 پیاز برام سفارش بدی؟,buying
5 بطری بده پس,buying
آیا می توانید سفارش شماره 1866 را ساعت 4 تحویل دهید؟,scheduling
آیا پشتیبانی مشتری در تعطیلات آخر هفته یا تعطیلات در دسترس است؟,customer-service
درخواست مرجوع سفارش 1707 رو دارم .,returning
برای خرید بیش از 2 بسته از پیاز، آیا تخفیفی وجود دارد؟,inquiring
سبد خرید من پر است، لطفاً مراحل پرداخت را توضیح دهید.,finishing
من به دنبال گزینه های گیاهی هستم، به خصوص بسته 13 سیر,buying
سفارشم را حذف کنید، 12 روز پیش ثبت نام کردم.,deleting
بازی تمام شد.,finishing
قبل از تکمیل سفارش، می‌خواهم گوشت را به دلیل تغییر قیمت از سبد خریدم حذف کنم.,editting
می‌خواهم کاهو را که در سبد خریدم قرار داده‌ام به دلیل تغییر نظرم دیلیت کنم.,editting
ایا می توانم از این پیام رسان ها به پشتیبانی مشتری برسم ؟,customer-service
سفارش من را چهارشنبه ساعت 6 ارسال کنید.,scheduling
می‌توانید سفارش شماره 1953 را در ساعت 4 تحویل دهید؟,scheduling
آیا می توانم روغن زیتونی را که قبلاً در سبد گذاشته بودم با آب میوه جایگزین کنم؟,editting
رب که 13 روز پیش خریدم الان کجاست؟ پس کی ارسال میشه؟,tracking
آیا سفارشی کردن سفارش من در حالت تعلیق از طریق اصلاح موارد مجاز است؟,inquiring
از شما تقاضا دارم که سفارش 1554 را حذف کنید، زیرا من را اذیت نمی کند.,deleting
من به 11 پرتقال علاقه دارم.,buying
آیا می توانم 3 بطری از مرغ را داشته باشم؟,buying
کدام شرکت حمل و نقل برای ارسال استفاده می شود؟,inquiring
من درخواست تغییر سفارش 214 را دارم.,returning
به طور تصادفی یک سفارش با شماره 1672 ثبت کردم. لطفاً آن را پاک کنید.,deleting
میشه سیب رو از سفارشم پاک کنی؟,editting
از خرید مرغ پشیمانم لطفا آن را از سبد خریدم پاک کنید.,editting
من 8 شانه نوشابه می خواستم.,buying
وظیفه تو چیه؟,chitchat
برای گرفتن راهنمایی مربوط به گشتیبانی باید به کجا مراجعه بکنم ؟,customer-service
7 کیلوگرم ماست میخواستم .,buying
می‌خواهم خریدم را به دلیل موجودی مالی به اندازه کافی ندارم کنسل کنم.,deleting
شیری که در تاریخ 4/4/1401 خریدم را میخواهم برگردانم.,returning
لطفاً کیکی که به تازگی به سبد اضافه شده است را با گوشت جایگزین کنید.,editting
من قصد دارم سفارشم را دیلیت کنم، به خاطر دلایلی که می گم: از مکان دیگری میخواهم خرید کنم.,deleting
چطور می‌توانم سفارش خود را پیگیری کنم؟,inquiring
ماهی که 4 روز پیش خریدم الان کجاست؟ پس کی ارسال میشه؟,tracking
نامت رو بگو,chitchat
برای درست کردن سالاد شیرازی 14 تا هویج میخواستم.,buying
1 کیلوگرم سیب زمینی بدهید,buying
برای درست کردن سالاد شیرازی 2 کیلوگرم شیر میخواستم.,buying
میخواهم با یک کارشناس صحبت کنم,customer-service
2 شانه کره دارید؟,buying
آیا می توانید یک شراب خوب توصیه کنید؟ من برای یک موقعیت خاص به 9 عدد نیاز دارم.,buying
آیا پس از 8 بار مصرف باز هم امکان برگشت روغن زیتون با شماره سفارش 386 وجود دارد؟,returning
من می خواهم سفارش 319 را برگردانم,returning
من قصد دارم سفارشم را حذف کنم، به دلایلی که می‌گویم: می‌خواهم از جای دیگری خرید کنم.,deleting
مقدار اجناس نارنجی را از 14 به 8 تنظیم کنید.,editting
آیا پاستا در طیف وسیعی از مدل ها و طرح ها موجود است؟,inquiring
آیا امکان دارد دلستر را که پیش‌تر انتخاب کرده‌ام با نوشابه تعویض کنم؟,editting
آیا سفارش شماره 677 در راه است؟,tracking
بچه های من گوشت شما را دوست دارند، آیا می توانید 3 بطری به من بدهید؟,buying
دستت طلا خوشحال شدم,chitchat
ایا پشتیبانی مشتری در تعطیلات اخر هفته یا تعطیلات در دسترس است ؟,customer-service
پیاز رو اشتباهی به سبد اضافه کردم لطفا حذفش کنید.,editting
ثبت سفارش میکنم. سفارش من تموم شده است.,finishing
من می خواستم کل سفارشم را حذف کنم زیرا در جای دیگر قیمت بهتری پیدا کردم,deleting
آیا می‌توانم پاستا را که پیش‌تر در سبد گذاشته‌ام با سیب تعویض کنم؟,editting
من تصادفاً با شماره 895 سفارش دادم لطفا لغوش کنید.,deleting
لطفاً فرایند پاک سفارش  342 را آغاز کنید.,deleting
من قصد دارم سفارش خود را به دلایل زیر لغو کنم: اشتباه کردم.,deleting
من تمام مواردی را که می خواهم انتخاب کرده ام.,finishing
زمان تقریبی تحویل سفارش شماره 794 را می‌توانید بگویید؟ من 4 روز پیش این سفارشو ثبت کرده بودم,tracking
آیا سیب شما تازه است؟ من 11 کیلوگرم می خواهم.,buying
اگر کالایی را پس از بازه زمانی مشخص شده برگردانم چه اتفاقی می افتد؟,inquiring
آیا می توانید برای من عدد 13 از روغن زیتون را بسته بندی کنید و برای من بفرستید؟,buying
با سلام مجدد خدمت شما,chitchat
مچکرم,chitchat
کیک خریداری شده با شماره سفارش 1927 را در تاریخ 10/1/1402 میخواهم به دلیل آسیب دیدن موارد ارسالی شما برگردانم.,returning
لطفاً تعداد سیب زمینی در سبد خریدم را از 12 به 5 تغییر دهید.,editting
سفارشم که خراب به دستم رسیده است من را به کارشناس مربوطه وصل کن,customer-service
ثبت سفارش 387 در تاریخ 1403/12/30.,scheduling
با توجه به کالای آسیب دیده تصمیم به عودت سفارش شماره 772 دارم.,returning
برای مهمانی لطفا سفارش شماره 1022 را در تاریخ 11/7/1401 تحویل بگیرید.,scheduling
میخواستم ساعات کاری فروشگاه شمارو بدونم.,inquiring
سپاسگزارم,chitchat
مرغ را با رب در سبد خریدم عوض کن.,editting
من قصد دارم سیب مربوط به سفارش شماره 586 را که در 1402/12/8 خریداری شده را تعویض کنم.,returning
8 لیتر کیک دارید؟,buying
ایا درگاه پشتیبانی مشتری وجود ندارد ؟,customer-service
ایا می توانم از طریق پیام رسان ها به پشتیبانی مشتری بپردازم ؟,customer-service
آیا امکان خرید به صورت قسط بندی شده را دارم؟,inquiring
به مناسبت کریسمس سفره تخفیف گوشت پهن است؟,inquiring
آیا 9 لیتر از روغن سرخ کردنی دارید ؟,buying
اگر سفارشم خراب به دستم رسید چه کاری باید انجام بدهم؟,inquiring
آیا می توانید 8 بطری تخم مرغ را برای من بسته بندی کنید و برای من بفرستید؟,buying
وضعیت سفارش شماره 1538 چگونه است؟,tracking
اشتباه شد، به جای 2 عدد مرغ من 12 عدد می خواستم.,editting
نیاز دارم انبار آشپزخانه‌ام را با 9 بطری از سیب زمینی پر کنم.,buying
من به 13 کیلو دلستر علاقه دارم.,buying
سفارش شماره 1887 من باید حذف شود، زیرا تغییرات برنامه داشتم.,deleting
کالای اشتباهی سفارش دادم، شرایط مرجوعیت آن چیست؟,inquiring
می توانم 3 بطری از کره را رزرو کنم ؟,buying
سفارش هایم را دادم.,finishing
محصولاتتون از چه کشوری وارد میشوند؟,inquiring
11 بسته,buying
من می خواهم هویجی را که در سبد خریدم گذاشته ام لغو کنم.,editting
میشه پیگیری کنید ببینید سفارش من دقیقا کجا هست. شماره سفارشم: 272,tracking
لطفا آخرین سفارش من را حذف کنید، اندازه را اشتباه انتخاب کردم.,deleting
من فقط دوشنبه این هفته در خانه هستم، لطفا سفارش من را ارسال کنید.,scheduling
بررسی کنید ببینید سفارش 987 کجاست؟,tracking
من اشتباه کردم می توانید سفارش 2187 را تحویل بگیرید؟,deleting
می‌توانید سفارش شماره 879 را در ساعت 3 تحویل دهید؟,scheduling
سفارشم به دستم رسید الان، اما به خاطر کالاها آسیب دیده به دست بنده رسیده است میخواهم سفارشم رو عوض بزنید,returning
برنج که 12 روز پیش تحویل گرفته‌ام، نیاز به تعویض دارد و دوست داشتم که برای من آن ها را عوض بدهید.,returning
می‌توانم 12 تا از کره را برای خرید هفتگی‌ام رزرو کنم؟,buying
برای مراسم تخفیفات زمستانی تخفیفی دارید؟,inquiring
مرسی عزیزم,chitchat
سفارش 1708 را دیلیت کن.,deleting
دلیل اینهمه تاخیر چیه؟ سیب زمینی من الان دقیقا در چه وضعیتی است؟,tracking
قیمت ماست در مقایسه با ماست چگونه است؟,inquiring
به دلیل کالاها آسیب دیده به دست بنده رسیده است، تصمیم دارم سفارش شماره 1430 را بازگردانم.,returning
من به دنبال پیشنهادات ویژه برای مرغ هستم، آیا پیشنهادی دارید؟,inquiring
لطفا نوشابه را در سبد خرید من با پنیر به روز کنید.,editting
به جای 6 کیلو هویج لطفا 7 کیلو کاهو به من بدهید,editting
من کمک می خواهم، چه کسی می تواند من را راهنمایی کند؟,customer-service
آیا می‌توانم در مورد زمان تقریبی رسیدن بسته‌ام با کد پیگیری 1853 جویا شوم؟,tracking
من علاقه‌مند به برنامه‌ریزی تحویل سفارش شماره 1542 برای تاریخ 1400/5/21 هستم.,scheduling
آیا پس از 5 بار استفاده همچنان امکان برگشت نان با شماره سفارش 2332 وجود دارد؟,returning
سفارشم را در تاریخ 1403/10/11 بفرستید,scheduling
دوست دارم خریدی که تازه کردم را کنسل کنم، اشتباه ثبت کردم.,deleting
تفاوت پنیر و پنیر چیست؟,inquiring
سفارشم را قبل از ساعت 9 روز چهارشنبه تحویل دهید ,scheduling
با توجه به نوسانات اخیر بازار چه تغییراتی در قیمت کره ایجاد شده است؟,inquiring
میشه زمان تقریبی تحویل سفارش شماره 1749 رو بگید؟ من این سفارش را 10 روز پیش ثبت کردم,tracking
آیا می توانید سفارش شماره 1360 را ساعت 7 تحویل دهید؟,scheduling
حال دلت چطوره؟,chitchat
آیا هنوز امکان تنظیم محتویات سبد خرید من وجود دارد زیرا هنوز پردازش نشده است؟,inquiring
میشه برام 2 بطری پیاز ثبت سفارش کنی.,buying
میخوام یه دیزل 4 لیتری سفارش بدم,buying
اشتباه شد، به جای 3 کیلوگرم سیر من 6 کیلوگرم می خواستم.,editting
یکم از روغن زیتون بهم بگو,inquiring
میشه خریدم رو روز چهارشنبه تا ساعت 9 بفرستید؟,scheduling
آیا سفارش شماره 111 ارسال شده است؟,tracking
به مناسبت کریسمس سفره تخفیف تخم مرغ پهن است؟,inquiring
من می خواهم سفارش شماره 1588 را برگردانم زیرا محصولات ارسال شده با سفارشی که داشتم مغایرت دارد.,returning
سپاس,chitchat
لطفاً شیر را که در سبد خریدم قرار دارد با پنیر به‌روزرسانی کنید، چون تازه‌تر است.,editting
آیا امکان پس دادن پنیر با سفارش شماره 271 پس از 9 استفاده هنوز وجود دارد؟,returning
میشه من رو به یک فرد پاسخگو مرتبط کنی؟,customer-service
از کجا می توانم شماره پیگیری خود را پیدا کنم؟,inquiring
چطوری؟,chitchat
ارسال سفارش 2129 در تاریخ 7/1/1402.,scheduling
به مناسبت عید، آیا سفره‌ی تخفیفات پوشک بچه پهن است؟,inquiring
من می خواهم سیب ها را از سبد خریدم حذف کنم و به جای آن روغن پخت و پز اضافه کنم.,editting
منو به یک شخص پاسخگو وصل!,customer-service
بررسی کنید ببینید سفارش 619 کجاست؟,tracking
اقلامی که انتخاب کرده ام را برایم پیش سفارش کن,finishing
ممنون از زحمت شما,chitchat
سفارشم را برای روز جمعه ارسال کنید چون وقت دیگر خونه نیستم.,scheduling
من منتظر تحویل سفارش شماره 1005 در اولین ساعت روز دوشنبه هستم.,scheduling
محصول دلستر را از سفارشم پاک کن,editting
متوجه شدم محصول روغن سرخ کردنی مورد نظرم نیست، چگونه می‌توانم آن را بازگردانم؟,returning
ایا می توانم برای درخواست صورتحساب یا پرداخت با پشتیبانی کمک بگیرم ؟,customer-service
آیا کاهو در انبار دارید؟,inquiring
می‌خواهم خریدم را به دلیل دیگر به آن احتیاجی ندارم دیلیت کنم.,deleting
سلام، امروز حال شما چطور است؟,chitchat
میل شدیدی به خیار دارم، لطفاً 9 بطری برای من بسته‌بندی کنید. و بفرستید,buying
می توانم یک تماس از طرف پشتیبانی مشتری بگیرم ؟,customer-service
لطفاً گوشت را که در سبد خریدم است با رب به‌روزرسانی کنید.,editting
میشه خریدم رو روز دوشنبه تا ساعت 9 بفرستید؟,scheduling
من می خواهم خیار را که فراموش کرده ام به سبد خریدم اضافه کنم، آیا هنوز امکان پذیر است؟,buying
یا تخفیفی برای خرید عمده دارید؟ به 1 کیلو از پیاز علاقه‌مندم.,buying
آیا ماست در حال حاضر موجود است؟,inquiring
درخواست تغییر سفارش شماره 1734 دارم.,returning
سفارش من را چهارشنبه ساعت 7 ارسال کنید.,scheduling
من برای کباب کردن نیاز به 2 گرم از سیب زمینی دارم,buying
تفاوت ماهی و ماهی چیست؟,inquiring
میشه برای من 9 کیلو پاستا سفارش بدید؟,buying
آیا می توانید پاستا را لغو کنید؟,editting
مقدار محصول روغن زیتون را از 2 شانه به 2 شانه تغییر دهید.,editting
می‌خواهم سیر را به دلیل تغییر در برنامه غذایی‌ام از سبد خرید کنسل کنم.,editting
برای خرید گوجه فرنگی در این روزها، آیا پیشنهاد ویژه‌ای دارید؟,inquiring
شنیده‌ام بهترین روغن سرخ کردنی شهر را دارید، لطفاً 2 شانه برای من بگذارید.,buying
من قصد دارم سفارشم را خط بزنم، به خاطر دلایلی که می گم: اندازه اشتباهی انتخاب کردم.,deleting
کیک رو به سبد خریدم اضافه کنید.,buying
کیک شما تازه است؟ من 6 گرم میخوام,buying
پشیمون شدم رب رو از سفارشم دیلیت کن,editting
دستور پخت من نیاز به 12 بطری از روغن سرخ کردنی دارد، آیا موجود است؟,buying
امیدوارم حالتون خوب باشه,chitchat
من باید سفارش 650 را برگردانم,returning
میزان مواد شیمیایی که در رب به کار رفته چقدر است؟,inquiring
از شما درخواست دارم که سفارشم را پاک نمایید، زیرا پشیمان شدن از خرید.,deleting
فراموش کردم، لطفا کاهو را به سبد خریدم اضافه کنید.,buying
اشتباه بود به جای 5 گرم دلاستر 14 گرم می خواستم.,editting
سفارش 387 را در تاریخ 1403/12/30 ارسال کنید.,scheduling
من می خواهم سفارش شماره 758 را که 1 روز پیش برای محصول رب ثبت شده است برگردانم زیرا محصولات ارسالی با سفارشی که من داشتم متفاوت است.,returning
چقدر سهام دارید؟,inquiring
آیا می توانید پوشک بچه ای را که در حال حاضر به آن نیاز ندارم از سبد خریدم بردارید؟,editting
اقلامی که سفارش کرده ام را برایم ثبت سفارش کن,finishing
مقدار دالستر را به 1 کیلوگرم برسانید,editting
آیا می‌توانم سفارش شماره 760 را برای تحویل در ساعت 9 رزرو کنم؟,scheduling
به دلیل یک خطای ناخواسته، سفارشی با شماره  1252 ثبت شده است. خواهشمند است آن را کنسل فرمایید.,deleting
من اشتباه کردم، می توانید سفارش 801 را بگیرید؟,deleting
می‌خواهم درک عمیق‌تری از خصوصیات بارز و منحصر به فرد گوشت کسب کنم.,inquiring
ایا ادرس ایمیل خاصی برای انواع مختلف استعلام وجود دارد ؟,customer-service
من می خواهم پیاز را از سفارش خود لغو کنم.,editting
ممکن است نام شما را بدانم,chitchat
خریدام تموم شد لطفا همین ها را نهایی کنید.,finishing
من باید سفارش 1626 را در روز دوشنبه لغو کنم.,deleting
سفارش من با شماره 2297 را پیدا کنید.,tracking
شرایط واجد یک محصول برای بازگشت چیست؟,inquiring
شما چه کار انحام میدی؟ ,chitchat
می‌توانید سفارش شماره 161 را در ساعت 9 تحویل دهید؟,scheduling
آیا می توانید سفارش شماره 461 را در 8 تحویل دهید؟,scheduling
نیاز دارم که با سامانه پشتیبانیتون تماس داشته باشم,customer-service
سبد خریدم کامل است ، لطفا شرایط پرداخت را توضیح دهید.,finishing
در صورت انتخاب حمل و نقل استاندارد، آیا می توانم سفارش خود را پیگیری کنم؟,inquiring
میل شدیدی به برنج دارم، لطفاً 13 لیتر برای من بسته‌بندی کنید. و بفرستید,buying
آیا می توانم با کد رهگیری 260 زمان برآوردی رسیدن بسته خود را استعلام کنم؟,tracking
سیاست بازگشت شما چیست؟,inquiring
چگونه می‌توانم کد تخفیفم را استفاده کنم ؟,inquiring
پشیمان شدم لطفا سفارشم را لغو کن,deleting
من در تاریخ 1401/10/7 به شماره 625 ثبت کردم وضعیتش چطوره؟,tracking
روغن زیتون را از سفارش من حذف کنید,editting
سفارشم کاملا خراب به دستم رسید من را به کارشناس مربوطه وصل کن,customer-service
می توانم را تکمیل کنم,finishing
من میزبان یک مهمانی بزرگ هستم و به 3 کیلو از کاهو نیاز دارم.,buying
میخواهم درباره یک متخصص صحبت کنم,customer-service
من پشیمان شدم، گوجه فرنگی را از سفارش من لغو کنید,editting
سفارش شماره 1742 که 8 روز پیش برای محصول برنج ثبت شده بود را می‌خواهم برگشت بزنم چون تاریخ مصرف کالای ارسالی گذشته است.,returning
لطفا سفارش شماره 2240 را برای تاریخ 1400/6/12 تهیه نمایید.,scheduling
آیا مرغ مطابق با استانداردهای IFS است و آیا گواهی طبیعی و بدون مواد شیمیایی را دارد؟,inquiring
شیر را اشتباه به سبد خریدم افزودم لطفا پاک کنید.,editting
خرید من را با شماره رهگیری 1226 پیگیری کنید.,tracking
آیا می توانم درمورد درخواست های خود به پشتیبانی مشتری ایمیل بزنم؟,customer-service
می‌خواهم آبمیوه که در تاریخ 1401/11/15 خریداری کردم را تعویض کنم.,returning
پنیر را اشتباه به سبد خریدم افزودم لطفا پاک کنید.,editting
ایا نمی توانم برای درخواست صورتحساب یا پرداخت با پشتیبانی تماس بگیرم ؟,customer-service
میشه من رو به یک فرد پاسخگو تبدیل کنی ؟,customer-service
آیا می‌توانم پاستا را که پیش‌تر در سبد گذاشته‌ام با دلستر تعویض کنم؟,editting
سفارشم را در تاریخ 1400/9/4 بفرستید,scheduling
خودتان را معرفی کنید,chitchat
از لطف شما بسیار سپاسگزارم,chitchat
پنیر میخواستم,buying
من قصد دارم سفارش خود را به دلایل زیر لغو کنم: آن را اشتباه وارد کردم.,deleting
آیا می توانم قبل از نهایی کردن معامله، کالاهای سبد خرید خود را تغییر دهم؟,inquiring
آیا می توانید سفارش من را حذف کنید؟ من دیگه بهش نیاز ندارم,deleting
می‌توانید بگویید هویج از کدام کشور وارد می‌شود؟,inquiring
آیا بازبینی سفارش من در چارچوب دستورالعمل ها قرار می گیرد زیرا به طور کامل پردازش نشده است؟,inquiring
روغن زیتون 3 بطری میخواستم بخرم,buying
چه خبرا؟,chitchat
لطفا سفارش شماره 354 را برای تاریخ 23/11/1401 تهیه نمایید.,scheduling
من اشتباهاً سفارش شماره 1881 را خریدم و می خواهم آن را برگردانم.,returning
میشه سفارش 1823 را پیگیری کنید.,tracking
من به هویج محلی علاقه دارم، آیا می توانم 2 کیلو از آن را داشته باشم؟,buying
5 بطری گوشت بده,buying
محصول کره را از سفارش من حذف کنید,editting
از خرید دلستر پشیمان شدم، لطفا از سبد خریدم دیلیت کن.,editting
می‌خواهم بدانم سفارش شماره 1799 در چه مرحله‌ای است.,tracking
قبل از تکمیل سفارش، می‌خواهم کاهو را به دلیل تغییر قیمت از سبد خریدم پاک کنم.,editting
موفق و پیروز باشید,chitchat
لطفا سفارش شماره 2232 من را حذف کنید.,deleting
چگونه می توانم با یک متخصص صحبت کنم؟,customer-service
میخواستم درخواست بازپرداخت سفارشم را بکنم چون محصولات ارسالی با سفارشی که داشتم مغایرت داره,returning
به دلیل تخفیف ویژه ای که دیدم قصد دارم روغن سرخ کردنی را با نان جایگزین کنم.,editting
خیار بهم بده 6 لیتر,buying
برای بودجه بندی باید قیمت دقیق خیار را بدانم.,inquiring
محصولی که دریافت کردم معیوب است، می خواستم مرجوع کنم,returning
پشتیبانی برای عیب یابی مشکلات شبکه یا اتصال وجود ندارد ؟,customer-service
آیا سفارش شماره 1017 در مسیر ارسال است؟,tracking
سفارشم را در تاریخ 1400/1/16 بفرستید,scheduling
آیا می توانید سفارش من را برگردانید؟ چون کالا آسیب دیده رسیده است,returning
گوشت میخواستم .,buying
من می خواهم نانی را که در تاریخ 7/6/1400 خریده ام برگردانم.,returning
من می خواهم مقداری از Delaster، 10 شانه را بردارم.,buying
Delaster را از سبد خرید من لغو کنید,editting
قبل از تکمیل سفارش، به دلیل تغییر قیمت، می خواهم آب میوه را از سبد خرید خود حذف کنم.,editting
کالای پاستا گارانتی دارد؟,inquiring
آیا می توانم 11 بطری گوجه فرنگی داشته باشم؟,buying
لطفا سفارش شماره 619 را برای 24/4/1400 تهیه نمایید.,scheduling
خرید 5 روز پیشم باید به دلیل انتخاب نادرست حذف گردد، لطفاً اقدامات لازم را انجام دهید.,deleting
میشه پاستا رو لغو کنی؟,editting
من 12 لیتر پنیر می خواستم.,buying
آیا سفارش شماره 961 در مسیر ارسال است؟,tracking
پرتقال هایی که 1 روز پیش تحویل گرفتم باید تعویض شوند و از شما می خواهم آنها را برای من برگردانید.,returning
من باید یک مورد را تغییر دهم، آیا هنوز برای ویرایش جزئیات سفارشم موجود است؟,inquiring
محصول روغن زیتون را از سفارشم دیلیت کن,editting
سفارش من کجاست؟,tracking
من می خواستم سیب زمینی را به سبد خریدم اضافه کنم، اما به نظر نمی رسد در لیست باشد، لطفا آن را اضافه کنید.,buying
اشتباه شد، به جای 3 کیلوگرم هویج من 7 کیلوگرم می خواستم.,editting
خستت کردم بای,chitchat
آیا می توان سیری را که قبلا انتخاب کردم با دالستر جایگزین کرد؟,editting
روغن زیتون خاتون در چه کشوری تولید می شود؟,inquiring
لطفاً سفارش شماره 2116 را برای تاریخ 1401/3/18، ساعت 10 آماده کنید.,scheduling
خب ، همین موارد رو میخواستم فقط,finishing
من باید انباری آشپزخانه ام را با 9 بطری سیب زمینی پر کنم.,buying
من باید یک چیز را تغییر دهم - آیا سیاست پیش خرید سبدهای ویرایش را پوشش می دهد؟,inquiring
آیا می توانم روغن زیتونی را که قبلاً در سبد گذاشته بودم با کره جایگزین کنم؟,editting
داریم مهمونی داریم پیاز میخواستم,buying
آیا سفارش شماره 1707 در مسیر ارسال است؟,tracking
چون این محصول را دوست نداشتم تصمیم گرفتم سفارش شماره 2022 را پس بدهم.,returning
از خرید مرغ پشیمان شدم، لطفا از سبد خریدم دیلیت کن.,editting
آیا می توانید سفارش من را تغییر دهید؟ چون از خریدم پشیمون شدم,returning
سفارش شماره 1240 که 1 روز پیش برای محصول دلستر ثبت شده بود را می‌خواهم عودت بدهم چون نظرم عوض شد.,returning
می‌خواهم از وضعیت فعلی سفارش شماره 1930 مطلع شوم.,tracking
من میل شدید به شیر دارم لطفا 10 عدد بفرستید.,buying
می‌خواهم سفارش شماره 1087 که محصول پیاز را در تاریخ 1402/7/8 خریداری کردم را عودت بدهم.,returning
سلام، چطور مطوری؟,chitchat
ارسال سفارش 393 در تاریخ 1400/5/11.,scheduling
آیا می توانم برای جزئیات محصول با پشتیبانی تماس بگیرم؟,customer-service
من به دنبال گزینه های گیاهی هستم، به خصوص 12 دنده گوشت,buying
مقدار سیر را از 9 به 14 تغییر دهید.,editting
زمان تقریبی تحویل سفارش شماره 1310 را می‌توانید بگویید؟ من 14 روز پیش این سفارشو ثبت کرده بودم,tracking
خیلی زحمت کشیدید,chitchat
انتخاب هام تموم شد. سفارشم را ارسال کنید لطفا.,finishing
آیا می توانم سفارش شماره 1700 را برای تحویل ساعت 2 رزرو کنم؟,scheduling
آیا خرید ماست در روز جمعه تخفیف دارد؟,inquiring
من قصد دارم پیاز را با مرغ جایگزین کنم لطفا راهنمایی کنید.,editting
من منتظر تحویل سفارش شماره 803 در اولین ساعت روز پنجشنبه هستم.,scheduling
ارسال سفارش من در تاریخ 8/1/1401,scheduling
درخواست برگشت سفارش 2093 دارم.,returning
من در مورد محصولات کره ای سوال دارم.,inquiring
فروش ویژه ماست در سال نو دارید؟,inquiring
می‌خواهم وضعیت فعلی سفارش 1868 را بدانم.,tracking
میخوام همه اقلام رو برام بفرستی,finishing
متوجه شدم که محصول روغن سرخ کردنی آن چیزی نیست که من می خواهم، چگونه می توانم آن را برگردانم؟,returning
باید با پشتیبانی سونی صحبت کنم,customer-service
من دنبال گزینه های گیاهی هستم مخصوصا رب 7 کیلویی,buying
لطفا مراحل لغو سفارش 1064 را شروع کنید.,deleting
می‌توانید یک شراب خوب پیشنهاد کنید؟ به 2 بسته برای یک مناسبت خاص نیاز دارم.,buying
خرید 1 روز پیشم باید به دلیل انتخاب نادرست حذف گردد، لطفاً اقدامات لازم را انجام دهید.,deleting
لطفاً آخرین سفارش من را حذف کنید، اشتباه ثبت کردم.,deleting
اجناسی که به اطلاع رساندم را ثبت سفارش و ارسال کن.,finishing
سفارشم رو روز سه شنبه ساعت 2 ارسال کنید.,scheduling
ماهي كه 9 روز پيش به دستم رسيد نياز به تعويض دارد و از شما ميخواهم آنها را براي من تعويض كنيد.,returning
لطفا سفارش من رو تا روز شنبه ارسال کنید.,scheduling
لطفا سفارش من را برگردونید. من این کالاها از خریدم پشیمون شدم رو نمیخوام.,returning
پس از ثبت سفارش 1691 در 1400/2/19، کنجکاوم که پیشرفت آن چگونه است. آخرین گزارش چیست؟,tracking
مرغ دارای تاییدیه‌ های بین‌المللی مانند SQF است؟,inquiring
رب میخواستم .,buying
من تصادفاً با شماره 1672 سفارش دادم. لطفاً آن را حذف کنید.,deleting
کالایی که به دستم رسیده معیوب است، میخواستم که پس بفرستم,returning
بررسی کنید تا ببینید سفارش 619 کجاست؟,tracking
می‌خواهم از قیمت روز هویج مطلع شوم، آیا می‌ توانید کمک کنید؟,inquiring
من به سیب زمینی محلی علاقه‌ مندم، می‌توانم 8 لیتر از آن‌ها را بگیرم؟,buying
سفارشم رو تا ساعت 5 بفرستید.,scheduling
ایا می توانم برای درخواست صورتحساب یا پرداخت با پشتیبانی تماس بگیرم ؟,customer-service
مقدار مرغ رو 2 تا کنید,editting
پس از ثبت سفارش 2028 در 11/5/1402، کنجکاو هستم که چگونه پیشرفت می کند. آخرین گزارش چیست؟,tracking
به طور تصادفی یک سفارش با شماره 2208 ثبت کردم. لطفاً آن را پاک کنید.,deleting
خرید 11 روز پیشم باید به دلیل انتخاب نادرست لغو گردد، لطفاً اقدامات لازم را انجام دهید.,deleting
چگونه می توانم از کد تخفیف خود استفاده کنم؟,inquiring
سیب زمینی دارای تاییدیه‌ های بین‌المللی مانند SQF است؟,inquiring
اینها خریدهای من هستند لطفا برای من ارسال کنید.,finishing
بدلیل بروز خطای ناخواسته به شماره 1826 ثبت گردید. لطفا آن را حذف کنید.,deleting
بررسی کنید ببینید سفارش 641 کجاست؟,tracking
آیا می‌ توانید سفارشم را قبل از ساعت 8 روز سه شنبه تحویل دهید؟,scheduling
میشه سفارشم رو عودت کنید؟ چون از خریدم پشیمون شدم,returning
سلام حال شما چطور؟,chitchat
سفارش دهید و محصولاتی را که اطلاع دادم ارسال کنید.,finishing
آیا می‌توانم هویج را که 13 روز پیش خریده‌ام، عودت بدهم؟,returning
میخواستم کل سفارشم را دیلیت کنم چون جای دیگری قیمت بهتری پیدا کردم,deleting
میشه از موجودی و اطلاعات محصول سیب زمینی مطلع شوم؟,inquiring
میشه من رو به یک شرکت پاسخگو مرتبط کنی ؟,customer-service
پیاز خریداری شده در تاریخ 22/07/1300 را به دلیل اینکه این محصول را دوست نداشتم برگردانم.,returning
من به دنبال پیشنهادات ویژه برای روغن زیتون هستم، آیا پیشنهادی دارید؟,inquiring
من میخواهم سفارش شماره 697 را تعویض کنم چون از خریدم پشیمان هستم.,returning
چگونه میتوانم با یک کارشناس حرف بزنم,customer-service
من قصد دارم سفارشم را حذف کنم، به خاطر دلایلی که می گم: از مکان دیگری میخواهم خرید کنم.,deleting
اشتباهاتی در سفارشم وجود دارد لطفا من را به پشتیبانی سفارش وصل کن,customer-service
لطفاً فرایند دیلیت سفارش  1534 را آغاز کنید.,deleting
شاد و سلامت هستید؟,chitchat
برای تهیه سالاد شیرازی 14 شانه ماهی می خواستم.,buying
من به اشتباه سفارش شماره 710 را خریدم، چگونه اظهارنامه کنم؟,returning
می‌توانید سفارشم را کنسل کنید؟ جای دیگری قیمت بهتری پیدا کردم.,deleting
لطفا سفارش من را تا سه شنبه ارسال کنید.,scheduling
تخم مرغ که در 10 خریداری شده بود، معیوب است و می‌خواهم آن را عودت بدهم.,returning
چون از این محصول خوشم نیومد میخوام دلستر خریداری شده مورخ 10/9/1401 رو پس بدم.,returning
می‌خواهم اطلاعاتی در مورد ترکیبات و مواد استفاده شده در روغن سرخ کردنی بدانم.,inquiring
آیا می‌توانم در مورد زمان تقریبی رسیدن بسته‌ام با کد پیگیری 1612 جویا شوم؟,tracking
حال و احوالت چطوره,chitchat
الان باید با یک کارشناس صحبت کنم,customer-service
گوجه فرنگی را به سبد خرید من اضافه کنید.,buying
می‌خواهم خیار را که فراموش کرده‌ام به سبد خرید اضافه کنم.,buying
سفارش هایم را بفرستید.,finishing
سفارش شماره 524 را به اشتباه خریداری کرده‌ام، چگونه می‌توانم آن را مرجوعی ثبت کنم؟,returning
لطفا سفارش من رو تا روز جمعه ارسال کنید.,scheduling
بررسی کنید ببینید سفارش 1120 کجاست؟,tracking
من دارم میروم,chitchat
من درخواست تغییر سفارش سال 1964 را دارم.,returning
لطفاً آخرین سفارش من را کنسل کنید، جای دیگری قیمت بهتری پیدا کردم.,deleting
لطفا تعداد برنج های موجود در سبد خرید من را از 11 به 11 تغییر دهید.,editting
شما خسته شدید، من عذرخواهی می کنم. خداحافظ,chitchat
من می خواهم 13 عدد از پرتقال را دریافت کنم.,buying
لطفا آخرین سفارش من را لغو کنید، من پول کافی ندارم.,deleting
وضعیت فعلی سفارش شماره 1343 را می خواهم بدانم.,tracking
تمایل دارم از به‌روزرسانی‌های مربوط به مرحله‌ای که سفارش 2074 در آن قرار دارد مطلع شوم. آخرین وضعیت سفارش چیست؟,tracking
ایا می توانم درمورد درخواست های خود به یک مشتری ایمیل بزنم ؟,customer-service
میخوام بدونم سفارش شماره 1959 کی به دستم میرسه.,tracking
من قصد دارم سفارشم را لغو کنم، به خاطر دلایلی که می گم: موجودی مالی به اندازه کافی ندارم.,deleting
من به 10 عدد داستر برای کباب کردن نیاز دارم,buying
آیا آبمیوه حاوی موادی است که ممکن است در افرادی که شرایط چربی 0 درصد دارند باعث ایجاد حساسیت شود؟,inquiring
آیا می توانید مواردی را که گفتم تهیه و برای من ارسال کنید,finishing
ماهی که در تاریخ 29/2/1403 خریدم را میخواهم برگردانم.,returning
من می خواهم نام تو را داشته باشم,chitchat
خسته هم شدی عذر میخوام خدافظ,chitchat
برای من تخم مرغ بفرست,buying
می توانم 8 کیلوگرم از شیر را رزرو کنم ؟,buying
لطفاً تعداد نان در سبد خریدم را از 5 به 6 تغییر دهید.,editting
ایا خط تلفن پشتیبانی برای موارد اضطراری وجود دارد ؟,customer-service
من می خواهم یک وعده سوپ سبزیجات درست کنم، به 13 گرم پنیر درجه یک نیاز دارم.,buying
میخواهم با یک نفر صحبت کنم,customer-service
آیا Delester دارای تاییدیه های بین المللی مانند FSSC است؟,inquiring
قبل از تکمیل سفارش، می‌خواهم آبمیوه را به دلیل تغییر قیمت از سبد خریدم پاک کنم.,editting
آیا سیب در حال حاضر در انبار موجود است؟,inquiring
آیا امکان تحویل سفارش شماره 373 در روز شنبه وجود دارد؟,scheduling
ظاهر خوب,chitchat
آیا می‌توانم در مورد زمان تقریبی رسیدن بسته‌ام با کد پیگیری 781 جویا شوم؟,tracking
میخواهم سفارشم با شماره 1276 رو بازگردانم,returning
من رژیم دارم و نیاز به 3 کیلو از گوشت کم‌چرب دارم.,buying
سفارش من را ساعت 10 ارسال کنید.,scheduling
قبل از تکمیل سفارش، می‌خواهم پرتقال را از سبد خریدم لغو کنم.,editting
پس از ثبت سفارش 961 در 1403/8/30، کنجکاوم که پیشرفت آن چگونه است. آخرین گزارش چیست؟,tracking
آیا امکان دریافت سفارش شماره 1698 در تاریخ 2/4/1403 وجود دارد؟,scheduling
آیا می توانم 6 حبه سیر بخورم؟,buying
نام شریفتان را بفرمایید,chitchat
سفارشمو ساعت 10 بفرستید.,scheduling
من یک خطایی می بینم که باید آن را اصلاح کنم. آیا امکان تغییر سبد باز من برای رفع آن وجود دارد؟,inquiring
می‌خواهم پرتقال را به دلیل تغییر در برنامه غذایی‌ام از سبد خرید کنسل کنم.,editting
پوشک بچه ای که 2 روز پیش گرفتم باید عوض بشه و دوست دارم برام عوض کنید.,returning
می‌خواهم از وضعیت فعلی سفارش شماره 542 مطلع شوم.,tracking
به طور تصادفی یک سفارش با شماره 1623 ثبت کردم. لطفاً آن را پاک کنید.,deleting
میشه 3 تا از ماهی رو بسته بندی کنی و برام بفرستی؟,buying
سلام، حالتان خوب است؟,chitchat
ثبت سفارش :,finishing
می توانم یک تماس با طرف پشتیبانی مشتری داشته باشم ؟,customer-service
نیاز به راهنمایی دارید چه کاری انجام بدهم ؟,customer-service
آیا سفارش شماره 1034 در مسیر ارسال است؟,tracking
کدام شرکت حمل و نقل برای حمل و نقل استفاده می شود؟,inquiring
به جای 13 کیلوگرم تخم مرغ لطفا 14 کیلوگرم ماست بهم بده,editting
سفارشم با شماره 1304 را رهیابی کنید.,tracking
 بچه‌های من گوشت شما را دوست دارند، می‌توانید 3 بطری برای من کنار بگذارید؟,buying
سفارش هایم رو بفرستید.,finishing
بررسی کنید ببینید سفارش 2308 کجاست؟,tracking
سفارش شماره 1995 را دیلیت,deleting
آیا سیر در رنگ‌های دیگری نیز موجود است؟,inquiring
من در تاریخ 1403/8/6 به شماره 1757 ثبت کردم وضعیتش چطوره؟,tracking
آیا سفارش 895 آماده ارسال است یا هنوز در مرحله پیش ارسال است؟,tracking
متوجه شدم محصول کاهو آن چیزی نیست که من می خواهم، چگونه می توانم آن را برگردانم؟,returning
میخواستم درخواست بازپرداخت سفارشم را بکنم چون تاریخ مصرف کالای ارسالی گذشته است,returning
به دنبال آگاهی در مورد وضعیت فعلی سفارش با شناسه 1049 هستم.,tracking
ایا تیم پشتیبانی مشتری اختصاصی برای مسايل مالی وجود دارد ؟,customer-service
سفارشم را برای روز شنبه ارسال کنید چون وقت دیگر خونه نیستم.,scheduling
مرغ را اشتباه به سبد خریدم افزودم لطفا کنسل کنید.,editting
به دلیل یک خطای ناخواسته، سفارشی با شماره  1826 ثبت شده است. خواهشمند است آن را حذف فرمایید.,deleting
می‌توانید شیر را که در حال حاضر نیازی به آن ندارم از سبد خریدم بردارید؟,editting
یادم رفت، لطفا گوشت هم به سبد خریدم اضافه کن.,buying
آیا کیک شما تازه است؟ من 6 گرم می خواهم.,buying
می خواهم از وضعیت فعلی سفارش 861 مطلع شوم.,tracking
من مشتاقم بدانم آیا سفارش 2137 ارسال شده است یا خیر.,tracking
آیا امکان پیگیری سفارش شماره 222 وجود دارد؟,tracking
برای مهمانی که قرار است جشن بگیریم، سفارش من باید دوشنبه ارسال شود.,scheduling
لطفاً سفارش شماره 2160 را برای تاریخ 1403/12/15، ساعت 11 آماده کنید.,scheduling
آیا سفارش 2161 در حال حاضر در مسیر مقصد قرار دارد؟,tracking
لطفاً کیک را که به تازگی به سبد اضافه شده است با گوشت جایگزین نمایید.,editting
می‌خواهم کره را که در سبد خریدم قرار داده‌ام به دلیل تغییر نظرم دیلیت کنم.,editting
سفارش 697 را دیلیت کن.,deleting
آیا سفارش شماره 2050 که شامل ماهی بود آماده ارسال است؟,tracking
آیا می توانم به صورت اقساطی خرید کنم؟,inquiring
می‌خواهم زمان تحویل سفارش شماره 713 را برای 1403/7/16 تنظیم کنید.,scheduling
اقلامی که انتخاب کرده ام را هم ثبت سفارش کن,finishing
آیا اپل گارانتی یا خدمات پس از فروش دارد؟,inquiring
سفارش شماره 1499 که 6 روز پیش برای محصول گوشت ثبت شده بود را می‌خواهم برگشت بزنم چون بسته بندی ارسال بسیار بد بود.,returning
ماهانه 12 کیلو میخوام سفارش بدم,buying
میشه به جای گوشت بهم 8 کیلو پرتقال بدی؟,editting
کارهایی که میتوانی انجام دهی چیه؟,chitchat
من نیاز به 12 کیلو از دلستر دارم .,buying
من قصد دارم سفارشم را کنسل کنم، به خاطر دلایلی که می گم: جای دیگری قیمت بهتری پیدا کردم.,deleting
به جای نوشابه در سبد خریدم ماست بریزید.,editting
به چه سامی باید صدات کنم؟,chitchat
بعد از ثبت سفارش 537 در تاریخ 4/3/1402 کنجکاو هستم که چگونه پیشرفت می کند. آخرین گزارش چیست؟,tracking
میخواستم بدونم 11 بطری گوشت آماده سفارش دارید؟,inquiring
میشه پیاز رو از سفارشم لغو کنی؟,editting
میشه اسمتون رو بگید و خودتون رو معرفی کنید؟,chitchat
برای درست کردن سالاد شیرازی 3 عدد سیر میخواستم.,buying
برای مهمانی، لطفاً سفارش شماره 173 را در 1400/11/6 تحویل دهید.,scheduling
سفارش من با شماره 1364 باید حذف شود، زیرا بودجه کافی ندارم.,deleting
آیا می توانم برای خرید هفتگی 9 شانه شیر رزرو کنم؟,buying
می‌خواهم سفارش خود را نهایی کنم، راهنمایی‌های لازم برای پرداخت را می‌خواهم.,inquiring
سفارش من را پیگیری کنید,tracking
سفارش من با شماره 144 باید حذف شود زیرا از خرید پشیمان هستم.,deleting
میشه خریدم رو روز سه شنبه تا ساعت 3 بفرستید؟,scheduling
سفارشم رو روز چهارشنبه ساعت 6 ارسال کنید.,scheduling
خریدم رو با شماره پیگیری 1493 را رهگیری کنید.,tracking
آیا می توانید سفارش من را حذف کنید؟ آدرس اشتباهی وارد کردم,deleting
لطفا سفارش من را برگردانید من از خرید این محصولات پشیمانم، آنها را نمی خواهم.,returning
وضعیت سفارش شماره 1538 چیست؟,tracking
سلام بر شما دوست عزیز,chitchat
بگذارید با یک کارشناس صحبت کنم,customer-service
من از خرید دلاستر پشیمانم، لطفاً آن را از سبد خریدم حذف کنید.,editting
می‌توانید سیر را که به اشتباه به سبد اضافه شده است بردارید؟,editting
سلام شما کی هستید؟,chitchat
من میزبان یک مهمانی بزرگ هستم و به 10 بسته شیر نیاز دارم.,buying
آیا می توانم 12 کیلوگرم تخم مرغ رزرو کنم؟,buying
می‌توانید سیب زمینی را که به اشتباه به سبد اضافه شده است بردارید؟,editting
دستور پخت من 3 تا از آب میوه ها را می خواهد، آیا آنها در دسترس هستند؟,buying
سفارشم رو بفرستید برام همین چیزا رو میخواستم.,finishing
لطفا مراحل لغو سفارش 1482 را شروع کنید.,deleting
از شما تقاضا دارم که سفارش من را لغو کنید زیرا اندازه را اشتباه انتخاب کردم.,deleting
به 9 شانه از نوشابه علاقه مندم .,buying
آیا می توانم شماره پشتیبانی را داشته باشم؟,customer-service
به دلیل تخفیف ویژه ای که دیدم قصد دارم کاهو را جایگزین هویج کنم.,editting
آیا می توانم اطلاعات موجودی و محصول خیار را بدانم؟,inquiring
می‌خواهم از حراج هالووین استفاده کنم، آیا پوشک بچه هم شامل تخفیف می‌ شود؟,inquiring
چه کارهایی میتوانی انجام دهی؟,chitchat
آیا می توانید سفارش شماره 746 را ساعت 2 تحویل دهید؟,scheduling
آیا می توانم 2 لیتر هویج رزرو کنم؟,buying
سفارشم را ثبت کنید و به من بگویید چگونه باید هزینه خریدم را پرداخت کنم.,finishing
آیا امکان دارد سفارش شماره 2147 را در 1400/5/29 تحویل بگیرم؟,scheduling
از شما تقاضا دارم سفارش من را حذف کنید، زیرا می خواهم از جای دیگری خرید کنم.,deleting
شاد و شاداب هستید؟,chitchat
آیا شماره تلفن پشتیبانی مشتری وجود دارد؟,customer-service
یکم از گوشت بهم بگو,inquiring
سفارشاتم رو بفرست,finishing
چطور هستید,chitchat
میشه زمان تقریبی تحویل سفارش شماره 794 رو بگید؟ من این سفارش را 4 روز پیش ثبت کردم,tracking
من باید ظرف خانه ام را با 5 عدد از آب میوه ها پر کنم.,buying
سفارشم را ثبت کنید,finishing
سفارشم را برای جمعه بفرستید چون دیگر در خانه نیستم.,scheduling
کیک را به سبد خرید من اضافه کنید.,buying
می‌خواهم آبمیوه را که در سبد خریدم قرار داده‌ام کنسل کنم.,editting
کالای سیر گارانتی دارد؟,inquiring
شیر شما تازه است؟ من 13 گرم میخوام,buying
کمک میخوام کی میتونه منو راهنمایی بکنه؟,customer-service
آیا می توانید یک شراب خوب توصیه کنید؟ برای یک موقعیت خاص به 2 بسته نیاز دارم.,buying
تعداد پوشک بچه را 7 عدد کنید,editting
سفارشمو ساعت 2 بفرستید .,scheduling
من می خواهم به روز رسانی در مورد وضعیت سفارش 1717 دریافت کنم. آخرین وضعیت سفارش چگونه است؟,tracking
من یک درخواست برای تغییر سفارش 2020 دارم.,returning
شغلت رو بگو,chitchat
من 7 تا کیک میخواستم,buying
بای بای,chitchat
در صورت انتخاب گزینه حمل و نقل استاندارد، آیا می توانم سفارش خود را پیگیری کنم؟,inquiring
کیک را از سفارش من لغو کنید,editting
سفارش من را حذف کنید، من آن را 5 روز پیش ثبت کردم.,deleting
من دنبال نون میگردم کیلویی میفرستی؟,buying
میشه به جای گوشت 8 کیلو پرتقال به من بدی؟,editting
آیا می توانم سفارش خود را در صورتی که پردازش نشده است اصلاح کنم؟,inquiring
می‌خواهم از وضعیت فعلی سفارش شماره 1868 مطلع شوم.,tracking
من اشتباه کردم، می توانید سفارش 1734 را حذف کنید؟,deleting
سفارش من را ثبت کنید,finishing
لطفا اسمت رو بهم بگو,chitchat
خرید 3 روز پیشم باید به دلیل انتخاب نادرست کنسل گردد، لطفاً اقدامات لازم را انجام دهید.,deleting
آیا می توانم در مورد درخواست هایم به پشتیبانی مشتری ایمیل بزنم؟,customer-service
من الان سفارشمو گرفتم ولی به خاطر اقلامی که ارسال کردید خراب شد. من از شما می خواهم سفارش من را تغییر دهید,returning
سفارشم کاملا خراب به دستم رسیده است من را به کارشناس مربوطه وصل کنید,customer-service
سفارشم را دیلیت کنید، 5 روز پیش ثبت کرده بودم.,deleting
برای مهمانی لطفا سفارش شماره 1574 را در تاریخ 2/2/1402 تحویل بگیرید.,scheduling
برنج بهم بده 1 شانه,buying
من به دنبال پیشنهادات ویژه برای پاستا هستم، آیا چیزی برای ارائه دارید؟,inquiring
من مورد اشتباهی را انتخاب کردم و باید آن را تغییر دهم، آیا می توانم سفارش خود را ویرایش کنم؟,inquiring
اشتباه کردم، می‌توانید سفارش 2187 را بردارید؟,deleting
قبل از تکمیل سفارش، می‌خواهم کره را از سبد خریدم دیلیت کنم.,editting
به جای هویج گوشت را در سبد خریدم قرار بده.,editting
سفارش من را در تاریخ 1301/12/22 ارسال کنید,scheduling
من می خواهم خیار را از سبد خرید خود حذف کنم و به جای آن خیار اضافه کنم.,editting
حذف سفارش 317.,deleting
با سلام، آیا می‌توانید سفارشم را که به تازگی ثبت شده است، حذف نمایید؟,deleting
به دلیل یک خطای ناخواسته، سفارشی با شماره  242 ثبت شده است. خواهشمند است آن را دیلیت فرمایید.,deleting
سفارش من را قبل از ساعت 1 سه شنبه تحویل دهید,scheduling
می خواهم بدانم آیا نان را می توان در آینده ارتقا داد یا توسعه داد؟,inquiring
آیا پشتیبانی مشتری در دسترس است؟,customer-service
می خواهم از وضعیت فعلی سفارش شماره 673 مطلع شوم.,tracking
میشه به جای سیر به من روغن سرخ کردنی بدی؟,editting
من تصادفاً با شماره 2020 سفارش دادم. لطفاً آن را لغو کنید.,deleting
من میل شدید به گوشت دارم لطفا 4 بطری برای من بفرستید.,buying
ایا پشتیبانی پشتیبانی موجود است ؟,customer-service
صبحت بخیر,chitchat
تخفیف میخواستم,inquiring
دلستر را از سبد خریدم لغو کن,editting
اره ، همین موارد رو میخواستم فقط,finishing
لطفا سفارش من را برگردانید من این کالاها را نمی خواهم، بسته بندی آن بسیار بد بود.,returning
آیا می توانید سفارش من را حذف کنید؟ تغییرات برنامه ریزی داشتم,deleting
می‌خواهم دلستر خریداری شده با سفارش شماره 1301 در 1400/1/27 را به دلیل تاریخ مصرف کالای ارسالی گذشته است برگردانم.,returning
یا تخفیفی برای خرید عمده دارید؟ به 8 شانه از تخم مرغ علاقه‌مندم.,buying
متاسفم، برنج را از سفارش من حذف کنید,editting
میخواهم سفارشم با شماره 1194 رو برگشت بزنم,returning
آیا می توانم از موجودی و اطلاعات محصول نان مطلع شوم؟,inquiring
بدلیل بروز خطای ناخواسته به شماره 722 ثبت گردید. لطفا آن را حذف کنید.,deleting
سفارشم رو تا ساعت 2 بفرستید.,scheduling
آیا می توانید آب میوه را پاک کنید؟,editting
لطفاً سفارش شماره 1533 را برای تاریخ 1403/11/1، ساعت 4 آماده کنید.,scheduling
موجودی آبمیوه هاتون چقدر است؟,inquiring
سیب زمینی را به سبد خرید من اضافه کنید.,buying
لطفاً سفارش شماره 1877 را برای تاریخ 1400/3/4 آماده کنید.,scheduling
آبمیوه بهم بده 10 شانه,buying
آیا می توانید سفارش شماره 1998 را ساعت 6 تحویل دهید؟,scheduling
من به دنبال گزینه‌های گیاه‌خواری هستم، به ویژه 7 کیلو از رب,buying
من علاقه‌مند به برنامه‌ریزی تحویل سفارش شماره 2217 برای تاریخ 1403/4/17 هستم.,scheduling
لطفا سفارش شماره 11 را برای تاریخ 13/8/1302 ساعت 11 صبح تهیه نمایید.,scheduling
میتونم شماره پشتیبانی رو داشته باشم؟,customer-service
میشه زمان تقریبی تحویل سفارش شماره 1217 رو بگید؟ من این سفارش را 11 روز پیش ثبت کردم,tracking
آیا می توانم از طریق پیام رسان به پشتیبانی مشتری برسم؟,customer-service
پشیمون شدم ماهی رو از سفارشم پاک کن,editting
می‌خواهم ماست را به دلیل تغییر در برنامه غذایی‌ام از سبد خرید دیلیت کنم.,editting
من رژیم دارم و به 11 بطری خیار کم چرب نیاز دارم.,buying
خواهشمندم، زمان انتظار برای تکمیل تحویل سفارش 1948 چه موقع خواهد بود؟,tracking
میشه به جای پنیر بهم مرغ بدی؟,editting
به دنبال آگاهی در مورد وضعیت فعلی سفارش با شناسه 411 هستم.,tracking
آیا می توانید کیکی را که در حال حاضر به آن نیاز ندارم از سبد خریدم حذف کنید؟,editting
می‌توانید مرغ را که در حال حاضر نیازی به آن ندارم از سبد خریدم بردارید؟,editting
کالاهای من را برای ساعت 8 روز جمعه برنامه ریزی کنید.,scheduling
آبمیوه ای که 13 روز پیش دریافت کردم نیاز به تعویض دارد و از شما می خواهم آنها را برای من جایگزین کنید.,returning
آیا سیب زمینی گارانتی یا خدمات پس از فروش دارد؟,inquiring
می‌خواهم خریدم را به دلیل به دردم نمیخوره خط بزنم.,deleting
من شماره 206 را در تاریخ 7/5/1400 ثبت کردم، چطور است؟,tracking
من می‌خواهم یک دستور پخت جدید را امتحان کنم که به 8 کیلو از رب نیاز دارد.,buying
خرید 6 روز پیش من به دلیل انتخاب نادرست باید لغو شود، لطفا اقدام لازم را انجام دهید.,deleting
سفارشم را دیلیت کنید، 12 روز پیش ثبت کرده بودم.,deleting
اوضاع کاری شما چطور است؟,chitchat
من می خواهم با یک متخصص صحبت کنم,customer-service
برای خرید سیب زمینی در این روزها، آیا پیشنهاد ویژه‌ای دارید؟,inquiring
میخواستم خریدم ساعت 4 فرستاده بشود.,scheduling
بهترین زمان برای بازگرداندن خریدهایم چه زمانی است؟,inquiring
باید با کارشناس مربوط با سفارشات صحبت کنم,customer-service
من رژیم دارم و به 3 کیلو گوشت بدون چربی نیاز دارم.,buying
سفارش من را قبل از ساعت 1 روز جمعه تحویل دهید,scheduling
سفارشم را قبل از ساعت 11 روز پنج شنبه تحویل دهید ,scheduling
میشه پیگیری کنید ببینید سفارش من دقیقا کجا هست. شماره سفارشم: 1343,tracking
می‌خواهم خریدم را به دلیل اندازه اشتباهی انتخاب کردم حذف کنم.,deleting
قصد دارم سیر را به دلیل تخفیف ویژه‌ای که دیدم با پنیر تعویض کنم.,editting
من از مشتری های مجموعه شما هستم میشه برای خرید سیب به من تخفیف بدهید؟,inquiring
آیا سفارش 1740 در حال حاضر در راه است؟,tracking
قبل از تکمیل سفارش، می‌خواهم برنج را از سبد خریدم پاک کنم.,editting
آیا پاستا در طیف وسیعی از مدل‌ها و طرح‌ها در دسترس است؟,inquiring
من میخوام 9 بسته مرغ سفارش بدم,buying
من رو به مرحله پرداخت ببرید چون خریدهایی رو داشتم تموم شد.,finishing
می‌خواهم از قیمت روز کیک مطلع شوم، آیا می‌ توانید کمک کنید؟,inquiring
بدلیل بروز خطای ناخواسته به شماره 661 ثبت گردید. لطفا آن را لغو کنید.,deleting
منتظر تحویل سفارش شماره 222 در اولین ساعت شنبه هستم.,scheduling
چقدر طول می کشد تا بتوانم سفارشم را برگردانم؟,inquiring
لطفاً گوشت را که به تازگی به سبد اضافه شده است با پرتقال جایگزین نمایید.,editting
من رو به یک پشتیبانی وصل کن,customer-service
به طور تصادفی یک سفارش با شماره 2020 ثبت کردم. لطفاً آن را کنسل کنید.,deleting
همه موارد مورد نیازم را به سبد اضافه کرده ام ، لطفا مراحل بعدی برای تکمیل سفارش را بیان فرمایید.,finishing
آیا امکان پیگیری سفارش شماره 2152 وجود دارد؟,tracking
مشتاقم بدانم سفارش 811 ارسال شده است یا خیر.,tracking
من به سفارش 1146 نیاز دارم تا چهارشنبه حذف شود.,deleting
لطفا فرآیند تسویه حکم 2093 را شروع کنید.,deleting
ایا نمی توانم برای کمک در موارد مسايل مربوط به سفارشم با پشتیبانی تماس بگیرم ؟,customer-service
می توانید پیگیری کنید تا ببینید سفارش من دقیقا کجاست. شماره سفارش من: 272,tracking
ایا گزینه پشتیبانی فوری برای امور مهم وجود ندارد ؟,customer-service
سفارش شماره 574 برای نان که در پنج شنبه خریداری شده بود، مطابق انتظار نبود، می‌خواهم تعویض کنم.,returning
من علاقه مند به برنامه ریزی تحویل سفارش شماره 1542 برای تاریخ 21/5/1400 هستم.,scheduling
پشیمون شدم تخم مرغ رو از سفارشم حذف کن,editting
چطوری میتونم کمک بگیرم ؟,customer-service
به جای 13 کیلوگرم تخم مرغ لطفا 14 کیلوگرم ماست به من بدهید,editting
من به کره، به ویژه 1 کیلوگرم نیاز دارم.,buying
میشه از پیاز 12 کیلوگرم بفرستی؟,editting
من می خواهم خریدم را حذف کنم زیرا دیگر به آن نیاز ندارم.,deleting
آیا سفارش 2161 در راه است؟,tracking
می‌خواهم سفارش شماره 311 را برای تحویل در روز دوشنبه تنظیم کنم.,scheduling
من برای کوچولومم غذا میخواستم، روغن سرخ کردنی داری؟,buying
من می‌خواهم کیک را به صورت عمده خریداری کنم، آیا قیمت بهتری پیشنهاد می‌کنید؟,inquiring
متأسفانه باید از شما خواهش کنم که خرید من را لغو کنید زیرا اشتباه کردم.,deleting
می خواهم بدانم تخم مرغ نسبت به کالاهای مشابه چه مزیتی دارد؟,inquiring
به دلیل تاریخ مصرف کالای ارسالی گذشته است، تصمیم دارم سفارش شماره 288 را مرجوع کنم.,returning
آیا می‌توانم سفارش شماره 1644 را برای تحویل در ساعت 5 رزرو کنم؟,scheduling
قصد دارم مرغ را به دلیل تخفیف ویژه‌ای که دیدم با آبمیوه تعویض کنم.,editting
سفارشم را ثبت کنید و اعلام کنید چگونه باید خریدم را پرداخت کنم.,finishing
"به دلیل تاریخ مصرف محصولات گذشته بود, می‌خواهم ماهی خریداری شده مورخ 1401/2/8 را مرجوع کنم.",returning
ایا می توانم از طریق پیام رسان تلگرام به پشتیبانی مشتری برسم ؟,customer-service
ASL لطفا,chitchat
می‌خواهم یک وعده غذایی قورمه سبزی آماده کنم، به 13 گرم از پنیر درجه یک نیاز دارم.,buying
مچکرم از لطفتون,chitchat
من می‌خواهم اسموتی درست کنم و به 9 لیتر از سیب مخلوط نیاز دارم.,buying
می توانم نام شما را بپرسم,chitchat
بدلیل بروز خطای ناخواسته سفارش شماره 242 ثبت گردید. لطفا آن را حذف کنید.,deleting
آیا می توانم برای درخواست سفارش با پشتیبانی مشتری تماس بگیرم؟,customer-service
آیا سفارش شماره 2006 شامل نان آماده ارسال است؟,tracking
می‌توانم 14 کیلوگرم از ماهی را برای خرید هفتگی‌ام رزرو کنم؟,buying
زمان تقریبی تحویل سفارش شماره 1243 را می‌توانید بگویید؟ من 2 روز پیش این سفارشو ثبت کرده بودم,tracking
چند وقتی است خبری از سفارشم نیست، پس کجاست؟,tracking
من به مرغ، به ویژه 13 عدد نیاز دارم.,buying
متاسفم، خمیر را از سفارش من حذف کنید,editting
امروز چیکار کردی؟,chitchat
اشتباهاتی در کار وجود دارد لطفا من را به پشتیبانی سفارش وصل کن,customer-service
وقت خوش,chitchat
من منتظر تحویل سفارش شماره 2050 در اولین ساعت روز دوشنبه هستم.,scheduling
آیا می توانید سفارش من را قبل از ساعت 8 سه شنبه تحویل دهید؟,scheduling
سلام روز بخیر,chitchat
ارسال سفارش 1263 در تاریخ 1401/1/18.,scheduling
12 قطعه پاستا را به سبد خرید من اضافه کنید,buying
سفارش شماره 371 برای پوشک بچه که در جمعه خریداری شده بود، مطابق انتظار نبود، می‌خواهم پس بدهم.,returning
مرغ را اشتباهی به سبد خرید اضافه کردم لطفا لغو کنید.,editting
من قصد دارم سفارشم را کنسل کنم، به خاطر دلایلی که می گم: اشتباه ثبت کردم.,deleting
ممنونم، همین موارد رو میخواستم فقط,finishing
می توانید پیگیری کنید تا ببینید سفارش من دقیقا کجاست. شماره سفارش من: 2008,tracking
وقتت بخیر,chitchat
میخواستم سفارشم رو برگشت بزنم به دلیل محصولات ارسالی با سفارشی که داشتم مغایرت داره,returning
آیا می توانم خیار را که 3 روز پیش خریده ام برگردانم؟,returning
می خوام این کالاهارو.,finishing
از شما تقاضا دارم که سفارش 1842 را حذف کنید، زیرا بودجه کافی ندارم.,deleting
انشاالله سلامت باشی,chitchat
آیا می توان تخم مرغ را با تخم مرغ ترکیب کرد؟,inquiring
سلام، خوب هستید؟,chitchat
من منتظر تحویل سفارش شماره 1338 در اولین ساعت روز یکشنبه هستم.,scheduling
اگر اطلاعات ردیابی من نشان دهد که سفارش من بازگشت خورده چه می شود؟,inquiring
کالاهایم را برای ساعت 5 روز پنج شنبه برنامه ریزی کنید.,scheduling
سفارش شماره 1671 را به دلیل قدیمی بودن و خرابی محصولات می خواهم برگردانم.,returning
لطفا زمان انتظار برای تکمیل تحویل سفارش 2315 چه زمانی خواهد بود؟,tracking
سفارش من را ساعت 1 ارسال کنید.,scheduling
میشه سفارشم رو تعویض کنید؟ چون از خریدم پشیمان شدم.,returning
پس از ثبت سفارش 1370 در 1403/4/22، کنجکاوم که پیشرفت آن چگونه است. آخرین گزارش چیست؟,tracking
درخواست حذف سفارش شماره 1036 دارم چون بودجه کافی ندارم.,deleting
13 بطری پاستا بده,buying
به 9 بسته از هویج نیاز دارم.,buying
بعد از ثبت سفارش 229 در تاریخ 17/4/1403 کنجکاو هستم که ببینم پیشرفتش چگونه است. آخرین گزارش چیست؟,tracking
سفارش شماره 1383 را به دلیل تاریخ مصرف کالای ارسالی گذشته است می‌خواهم برگردانم.,returning
باید با پشتیبانی خداحافظی کنم,customer-service
آیا سفارش 198 در حال حاضر در مسیر مقصد قرار دارد؟,tracking
من می خواستم 14 عدد هویج بخرم,buying
چقدر طول می کشد تا کالا برسد؟,inquiring
می‌توانید بگویید کاهو از کدام کشور وارد می‌شود؟,inquiring
آیا می توانید سفارش من را قبل از ساعت 7 روز پنجشنبه تحویل دهید؟,scheduling
در روزهای اخیر، آیا بازار تخفیف تخم مرغ داغ است؟,inquiring
من مشتاقم تا دریابم آیا سفارش 8 ارسال شده است.,tracking
گارانتی کالاها شامل چه مواردی می‌ شود ؟ چطور میتوانم از خدمات گارانتی استفاده کنم ؟ ,inquiring
پنیر چه تفاوت‌هایی با پنیر دارد؟,inquiring
بررسی کنید تا ببینید سفارش 192 کجاست؟,tracking
متوجه شدم که محصول کره ای آن چیزی نیست که من می خواهم، چگونه می توانم آن را برگردانم؟,returning
نوبت من است که شام ​​بپزم، به وسایل زیر نیاز دارم: 2 عدد مرغ,buying
می‌خواهم بدانم پنیر با 14 تا چه قیمتی خواهد داشت.,inquiring
می خواهم تخم مرغ های خریداری شده با شماره سفارش 1885 را در تاریخ 1/3/1401 به دلیل قدیمی بودن و آسیب دیده بودن برگردانم.,returning
شما احیانا خوب هستید؟,chitchat
میشه من رو یه یک کارشناس متخصص وصل کنی ؟,customer-service
پس از ثبت سفارش 270 در تاریخ 1401/6/17، کنجکاو هستم که چگونه پیشرفت می کند. آخرین گزارش چیست؟,tracking
آیا می توانم زمان تخمینی رسیدن بسته خود را با کد رهگیری 1853 استعلام کنم؟,tracking
فورا من رو به من متصل کم,customer-service
آیا می توانم از طریق پیام رسان ها به پشتیبانی مشتری برسم؟,customer-service
آیا می‌توانم در مورد زمان تقریبی رسیدن بسته‌ام با کد پیگیری 1173 جویا شوم؟,tracking
میشه مرغ رو از سفارشم پاک کنی؟,editting
من به هویج محلی علاقه‌ مندم، می‌توانم 2 کیلو از آن‌ها را بگیرم؟,buying
من یک درخواست بازگشت برای سفارش 1707 دارم.,returning
آیا می توانم برای راهنمایی در مورد مشکلات مربوط به سفارشم با پشتیبانی تماس بگیرم؟,customer-service
من علاقه مند به زمان بندی تحویل سفارش شماره 872 برای تاریخ 14/4/1401 هستم.,scheduling
میشه پیگیری کنید ببینید سفارش من دقیقا کجا هست. شماره سفارشم: 1568,tracking
اشتباه شد، به جای 7 بسته هویج من 10 بسته می خواستم.,editting
شاد و خرسندی؟,chitchat
سفارش من را جمعه ساعت 2 ارسال کنید.,scheduling
میخوام بدونم قیمت نان 5 لیتری چقدر میشه؟,inquiring
من باید روز شنبه سفارش 2309 را پاک کنم.,deleting
دستور پخت من نیاز به 3 تا از آبمیوه دارد، آیا موجود است؟,buying
لطفاً کیک را که به تازگی به سبد اضافه شده است با مرغ جایگزین نمایید.,editting
کنجکاوم که از مجموعه رب شما چه چیزی دارید، می‌توانم 9 بسته امتحان کنم؟,buying
من یه سفارش داشتم,buying
آیا امکان تحویل سفارش 1827 در روز دوشنبه وجود دارد؟,scheduling
من منتظر تحویل سفارش شماره 222 در اولین ساعت روز شنبه هستم.,scheduling
لطفاً خیار داخل سبد خریدم را با هویج که تازه تر است به روز کنید.,editting
نوبت من است که شام ​​بپزم، به موارد زیر 8 از شیر نیاز دارم,buying
لطفاً نوشابه را که در سبد خریدم است با پنیر به‌روزرسانی کنید.,editting
چگونه می توانم سفارش خود را به صورت اقساطی پرداخت کنم؟,inquiring
خریدم رو عوض کنید,returning
لطفا شیر را در سبد خرید من با پنیر به روز کنید زیرا تازه تر است.,editting
قبل از تکمیل سفارش، به دلیل تغییر قیمت، می خواهم کاهو را از سبد خرید خود حذف کنم.,editting
آیا ماست در حال حاضر در انبار موجود است؟,inquiring
من می خواهم سیب را به صورت عمده بخرم، آیا شما قیمت بهتری ارائه می دهید؟,inquiring
قصد دارم روغن سرخ کردنی را به دلیل تخفیف ویژه‌ای که دیدم با نان تعویض کنم.,editting
به جای 5 لیتر مرغ لطفا آن را 11 لیتر مرغ کنید,editting
سفارش من را حذف کنید، من آن را 3 روز پیش ثبت کردم.,deleting
من قصد دارم برنج خریداری شده در 1400/3/20 را به دلیل دوست نداشتم این محصول رو مرجوع کنم.,returning
لطفاً 3 بطری از روغن زیتون را به من بدهید.,buying
7 عدد کیک میخواستم .,buying
آیا پیاز گارانتی یا خدمات پس از فروش دارد؟,inquiring
بچه های من عاشق پنیر شما هستند، آیا می توانید 1 تا برای من بگذارید؟,buying
درخواست کنسل سفارش با شماره  323 را دارم، چرا که پشیمان شدن از خرید.,deleting
میشه آبمیوه رو پاک کنی؟,editting
آیا می توانید کره را از سفارش من حذف کنید؟,editting
میشه سفارشم رو عودت کنید؟ چون بسته بندی ارسال بسیار بد بود,returning
کالاهای من را برای ساعت 2 روز پنجشنبه برنامه ریزی کنید.,scheduling
سفارش 1102 را در تاریخ 1403/5/12 ارسال کنید.,scheduling
سفارش من را قبل از ساعت 11 روز شنبه تحویل دهید,scheduling
محصول گوشتی را از سفارش من حذف کنید,editting
برای خرید کاهو در این روزها، آیا پیشنهاد ویژه‌ای دارید؟,inquiring
سفارش شماره 227 را به دلیل تاریخ مصرف محصولات گذشته بود می‌خواهم تعویض کنم.,returning
سفارش شماره 1881 را به دلیل اشتباه خرید کردم می‌خواهم پس بفرستم.,returning
به دلیل یک خطای ناخواسته، سفارشی با شماره  1900 ثبت شده است. خواهشمند است آن را دیلیت فرمایید.,deleting
از شما تقاضا دارم سفارش 1556 را لغو کنید چون سایز را اشتباه انتخاب کردم.,deleting
شب مهمونی داریم، پیاز میخواستم.,buying
ایا می توانم برای کمک در موارد مسايل مربوط به سفارشم با پشتیبانی تماس گیرم ؟,customer-service
ایا می خواهم برای درخواست های مربوط به سفارش با پشتیبانی مشتری تماس بگیرم ؟,customer-service
آیا می توانید گوجه فرنگی را که به اشتباه به سبد اضافه شده است بردارید؟,editting
من می خواهم سفارش شماره 247 خود را برگردانم,returning
سفارش شماره 1588 را به دلیل محصولات ارسالی با سفارشی که داشتم مغایرت داره می‌خواهم مرجوع کنم.,returning
سفارشم با شماره 2297 را رهیابی کنید.,tracking
کمک کنه کی میتونه منو راهنمایی بکنه ؟,customer-service
سیب رو از سفارشم پاک کن,editting
ماست اشتباهی خریدم، آیا می توانم آن را برگردانم؟,returning
نوشابه خریداری شده با شماره سفارش 1437 را در تاریخ 16/8/1300 میخواهم به دلیل اینکه تاریخ مصرف محصولات به پایان رسیده است را پس بدهم.,returning
لطفا فرآیند تسویه حکم 342 را شروع کنید.,deleting
آیا می توانید سفارش من را برگردانید؟ چون از خریدم پشیمون شدم,returning
با سلام، آیا می‌توانید سفارشم را که به تازگی ثبت شده است، لغو نمایید؟,deleting
من باید درباره یک کارشناس صحبت کنم,customer-service
از خرید نان پشیمان شدم، لطفا از سبد خریدم کنسل کن.,editting
سلام، امروز چطوری؟,chitchat
باید بخشی از سفارشم را تعمیر کنم، آیا هنوز امکان تغییر محتویات وجود دارد؟,inquiring
آیا می توانید سفارش من را قبل از ساعت 6 روز پنجشنبه تحویل دهید؟,scheduling
مقدار کالای سیر را از 9 عدد به 14 عدد اصلاح کنید.,editting
خستهت کردم خداحافظ,chitchat
می توانید دستور 1810 را دنبال کنید.,tracking
لطفا سفارش شماره 1953 من را حذف کنید.,deleting
نتیجه را ثبت کنید,finishing
ساعات کار پاسخ گویی به مشتری چگونه است؟,inquiring
نوبت من است که شام بپزم، به موارد زیر نیاز دارم 5 کیلو ازآبمیوه,buying
من اشتباه کردم می توانید سفارش 262 را تحویل بگیرید؟,deleting
من علاقه مند به برنامه ریزی تحویل سفارش شماره 1948 برای تاریخ 4/5/1402 هستم.,scheduling
سفارش شماره 710 را به اشتباه خریداری کرده‌ام، چگونه می‌توانم آن را مرجوعی ثبت کنم؟,returning
آیا می توانید 1 نان برای من سفارش دهید؟,buying
من می خواهم کره را از سفارشم حذف کنم.,editting
برای مهمانی که قرار است جشن بگیریم، سفارش من باید پنجشنبه ارسال شود.,scheduling
باید شماره پشتیبانی رو داشته باشم ؟,customer-service
خط مشی بازپرداخت شما چیست؟,inquiring
اسم من رو ثبت کن,finishing
میخواستم کل سفارشم را خط بزنم چون اندازه اشتباهی انتخاب کردم,deleting
خرید 10 روز پیش من به دلیل انتخاب نادرست باید حذف شود، لطفا اقدام لازم را انجام دهید.,deleting
پشیمان شدم، سیب را از سفارشم حذف کنید,editting
می خواهم از وضعیت فعلی سفارش شماره 1819 مطلع شوم.,tracking
به طور تصادفی یک سفارش با شماره 1284 ثبت کردم. لطفاً آن را لغو کنید.,deleting
متاسفم، پاستا را از سفارش من حذف کنید,editting
به کمک نیاز.,customer-service
سفارشم رو بفرستید برام همین چیزا رو بگم.,finishing
برای تهیه سالاد شیرازی 2 کیلو شیر می خواستم.,buying
خسته نباشی,chitchat
میخواستم بدونم 7 تا ماهی موجود هست؟,inquiring
پشیمانم، مرغ را از سفارش من انصراف دهید,editting
سفارشم را برای روز سه شنبه ارسال کنید چون وقت دیگر خونه نیستم.,scheduling
من الان سفارشم را دریافت کردم اما به دلیل تاریخ انقضای محصول میخواهم سفارشم را پس بدهم,returning
میتونم درباره پشتیبان صحبت بکنم ؟,customer-service
درخواست لغو سفارش با شماره  1546 را دارم، چرا که به دردم نمیخوره.,deleting
دلیل این همه تاخیر چیست؟ الان آبمیوه من دقیقا چه وضعیتی داره؟,tracking
آیا می توانم 1 عدد از کاهو را رزرو کنم؟,buying
یادم رفت، لطفا نوشابه هم به سبد خریدم اضافه کن.,buying
پرتقال که 1 روز پیش تحویل گرفته‌ام، نیاز به تعویض دارد و دوست داشتم که برای من آن ها را عودت بدهید.,returning
ایا می توانم وضعیت درخواست هر مشتری خود را پیگیری کنم ؟,customer-service
چه مقدار مواد شیمیایی در کاهو استفاده می شود؟,inquiring
لطفا سفارش من را برگردونید. من این کالاها بسته بندی ارسال بسیار بد بود رو نمیخوام.,returning
لطفاً نان را که در سبد خریدم قرار دارد با ماست به‌روزرسانی کنید، چون تازه‌تر است.,editting
آیا می‌توانم سفارش شماره 851 را برای تحویل در ساعت 4 رزرو کنم؟,scheduling
قیمت گوجه فرنگی با توجه به نوسانات اخیر بازار چگونه تغییر کرده است؟,inquiring
ایا پاسخ های پشتیبانی مشتری مجزایی برای انواع مختلف سوالات وجود دارد ؟,customer-service
ماکارونی خریداری شده در تاریخ 1 معیوب است و می خواهم آن را برگردانم.,returning
میخواستم سفارشم رو ساعت 10 بفرستید.,scheduling
من به دنبال گزینه‌های گیاه‌خواری هستم، به ویژه 8 بطری از آبمیوه,buying
من یک درخواست بازگشت برای سفارش 1781 دارم.,returning
ربی که 13 روز پیش خریدم کجاست؟ پس کی ارسال میشه؟,tracking
به دلیل محصولات قدیمی و خراب و داغون هستند، تصمیم دارم سفارش شماره 887 را مرجوعی ثبت کنم.,returning
به دلیل تخفیف ویژه ای که دیدم قصد دارم رب را با دلستر جایگزین کنم.,editting
پودر لباسشوییم تموم شده برام سیب زمینی بفرست,buying
آیا خرید ماهی بیش از 14 کیلوگرم تخفیف دارد؟,inquiring
میخواستم خریدم ساعت 5 ارسال بشه.,scheduling
آیا امکان پیگیری سفارش شماره 638 وجود دارد؟,tracking
سفارش 393 را در تاریخ 1400/11/5 ارسال کنید.,scheduling
من می خواهم سیب زمینی را از سفارشم حذف کنم.,editting
برای خرید هویج در این روزها، آیا پیشنهاد ویژه‌ای دارید؟,inquiring
میل شدیدی به گوشت دارم لطفاً 4 بطری برای من بفرستید .,buying
ایا منابع پشتیبانی مشتری برای عیب یابی مشکلات رایج وجود دارند ؟,customer-service
ایا می توانم برای جزيیات محصول با شما تماس بگیرم ؟,customer-service
من میزبان یک مهمانی بزرگ هستم و به 2 کیلوگرم برنج نیاز دارم.,buying
از شما درخواست دارم که سفارش 1554 را دیلیت نمایید، زیرا به دردم نمیخوره.,deleting
آیا می‌توانم سفارش شماره 1998 را برای تحویل در ساعت 5 رزرو کنم؟,scheduling
گوجه ای که در تاریخ 10 خریداری شده معیوب است و من می خواهم اظهارنامه کنم.,returning
سفارش شماره 625 را در 1401/7/10 ثبت کردم، وضعیت آن چگونه است؟,tracking
به مناسبت تعطیلات تابستانی، آیا سفره‌ی تخفیفات پاستا پهن است؟,inquiring
لطفا سفارش شماره 1877 را برای 3/4/1400 تهیه نمایید.,scheduling
همه موارد مورد نیازم را در سبد اضافه کرده ام ، لطفا مراحل بعدی برای تکمیل سفارش را بیان کنید.,finishing
متوجه شدم محصول کاهو مورد نظرم نیست، چگونه می‌توانم آن را برگردانم؟,returning
من می خواستم کل سفارش خود را لغو کنم زیرا محصول مورد نظر را در جای دیگری پیدا کردم,deleting
رب را اشتباه به سبد خریدم افزودم لطفا لغو کنید.,editting
لطفاً آخرین سفارش من را پاک کنید، اشتباه ثبت کردم.,deleting
باید سفارش سال 1337 را برگردانم,returning
من در تاریخ 1400/6/22 به شماره 2152 سفارش دادم وضعیتش چطوره؟,tracking
گوجه فرنگی را لغو کنید.,editting
برای اقلامی که انتخاب کرده ام سفارش دهید,finishing
سفارش من را قبل از ساعت 7 روز پنجشنبه تحویل دهید,scheduling
لطفا سفارش شماره 258 من را حذف کنید.,deleting
لطفا سفارش من را تا جمعه ارسال کنید.,scheduling
به دنبال آگاهی در مورد وضعیت فعلی سفارش با شناسه 1893 هستم.,tracking
چقدر طول میکشه تا دیگر نتوانم سفارشم را بازگشت بزنم؟,inquiring
آیا سفارش شماره 1366 ارسال شده است؟,tracking
خیار را از سفارش من حذف کنید,editting
من می خواهم از وضعیت فعلی سفارش شماره 11 مطلع شوم.,tracking
آیا می توانم گوشتی را که قبلاً در سبد گذاشته بودم با پیاز جایگزین کنم؟,editting
لطفا سفارش شماره 543 را برای تاریخ 2/8/1400 ساعت 9 صبح آماده کنید.,scheduling
من می خواهم درک عمیق تری از خواص متمایز و منحصر به فرد پیاز به دست بیاورم.,inquiring
به دلیل تخفیف ویژه ای که دیدم قصد دارم نان را با گوشت جایگزین کنم.,editting
سفارش من را روز جمعه ساعت 8 ارسال کنید.,scheduling
خریدام تموم شد لطفا قیمت ها را نهایی کنید.,finishing
چطور میتوانم سفارشم را لغو کنم ؟,inquiring
خرید 9 روز پیشم باید به دلیل انتخاب نادرست حذف گردد، لطفاً اقدامات لازم را انجام دهید.,deleting
منتظر تحویل سفارش شماره 1567 در اولین ساعت چهارشنبه هستم.,scheduling
اشتباه کردم، می‌توانید سفارش 263 را بردارید؟,deleting
آیا سفارش 1092 آماده ارسال است یا هنوز در مرحله پیش ارسال است؟,tracking
من به شما درود می فرستم,chitchat
لطفاً راهنمایی کنید که چگونه می‌توانم سفارش را نهایی کنم.,inquiring
آیا می توانید 12 کیلوگرم پیاز بفرستید؟,editting
میخواهم پیاز را از سفارشم لغو کنم.,editting
پرتقال رو موجود دارید؟ ,inquiring
لطفا سفارش من را تغییر دهید به دلیل تاریخ انقضای محصولات بود,returning
آیا سفارش شماره 942 که شامل ماکارونی بود آماده ارسال است؟,tracking
پشیمون شدم گوجه فرنگی رو از سفارشم لغو کن,editting
سفارشم را ثبت کنید و اعلام کنید چگونه مبلغ خریدم را پرداخت کنم.,finishing
من می خواهم در مورد مواد و مواد مورد استفاده در شیر بدانم.,inquiring
می‌خواهم زمان تحویل سفارش شماره 1532 را برای 1402/10/17 تنظیم کنید.,scheduling
پس چرا سفارش من نمی رسد؟ باید تا جمعه به من تحویل بدی,tracking
سلام میشه سفارشم رو که تازه ثبت شده حذف کنید؟,deleting
میخواستم که خریدم را مرجوع کنم کنم و روند بازپرداخت سفارشم را شروع کنم.,returning
انتخاب هایم را به پایان رساندهام ، مایل به ثبت سفارش هستم ، مرحله بعدی چیست ؟,finishing
چون از خرید خود پشیمانم میخواهم کیک خریداری شده مورخ 28/12/1402 را برگردانم.,returning
وضعیت سفارش شماره 235 چگونه است؟,tracking
چگونه می توانم با کارشناس مربوطه صحبت کنم؟,customer-service
میخواهم سفارش شماره 1560 را که محصول پنیر را در تاریخ 11/8/1401 خریده ام برگردانم.,returning
پرتقال را به اشتباه خریداری کرده‌ام، آیا می‌توانم آن را تعویض کنم؟,returning
پنیر اشتباهی خریدم، آیا می توانم آن را پس بدهم؟,returning
چه خدماتی ارایه می دهی؟,chitchat
آیا امکان پس دادن مرغ با سفارش شماره 1512 پس از 4 استفاده هنوز وجود دارد؟,returning
من اشتباه کردم می توانید سفارش 263 را تحویل بگیرید؟,deleting
ایا تیم پشتیبانی مشتری اختصاصی برای مسايل فنی وجود دارد ؟,customer-service
ببخشید که اینقدر مزاحمتون شدم,chitchat
میخوام با شما حرف بزنم,customer-service
آیا سفارش شماره 425 که شامل ماست بود آماده ارسال است؟,tracking
آیا می‌توانم کاهو را که پیش‌تر در سبد گذاشته‌ام با روغن زیتون تعویض کنم؟,editting
سفارشم رو تا ساعت 8 بفرستید.,scheduling
شغل شما چیست؟,chitchat
11 گرم پیاز,buying
پشیمانم لطفا سفارشم را حذف کنید,deleting
لطفا فرآیند تسویه حکم 886 را شروع کنید.,deleting
آیا پشتیبانی مشتری در تعطیلات آخر هفته در دسترس است؟,inquiring
من به کاهو محلی علاقه‌ مندم، می‌توانم 9 عدد از آن‌ها را بگیرم؟,buying
من می خواهم خریدی را که به تازگی انجام داده ام حذف کنم، می خواهم از جای دیگری خرید کنم.,deleting
من میل شدید به خیار دارم لطفا 4 کیلو بفرستید.,buying
لطفاً سفارش شماره 543 را برای تاریخ 1400/8/2، ساعت 9 آماده کنید.,scheduling
آیا سفارش 1804 آماده ارسال است یا هنوز در انتظار ارسال است؟,tracking
ایا می توانم برای بخش های مربوط به سفارش با پشتیبانی مشتری تماس بگیرم ؟,customer-service
سپاسگزار,chitchat
اخیرا چه خبر؟,chitchat
هلو,chitchat
مرغ 9 بسته میخوام ثبت سفارش کنم,buying
ارسال سفارش 428 در تاریخ 6/8/1402.,scheduling
ثبت سفارش کن,finishing
آیا سفارش 478 در حال حاضر در راه است؟,tracking
می‌توانید سفارشم را حذف کنید؟ آدرس اشتباهی وارد کردم.,deleting
آیا سیب دارای گارانتی یا خدمات پس از فروش است؟,inquiring
آیا می توانید سفارش من را قبل از ساعت 9 روز پنجشنبه تحویل دهید؟,scheduling
مقدار محصول مرغ را از 10 کیلوگرم به 5 کیلوگرم تغییر دهید.,editting
میخواستم خریدم ساعت 4 ارسال بشه.,scheduling
میشه برام 3 بسته روغن سرخ کردنی ثبت سفارش کنی.,buying
خریدم رو حذف کنید,deleting
از شما درخواست دارم که سفارشم را دیلیت نمایید، زیرا از مکان دیگری میخواهم خرید کنم.,deleting
آیا می توانید توضیح دهید که چگونه تخم مرغ می تواند به بهبود طبیعی بودن و بدون مواد شیمیایی کمک کند؟,inquiring
سفارشم را دیلیت کنید، 4 روز پیش ثبت کرده بودم.,deleting
خرید 6 روز پیشم باید به دلیل انتخاب نادرست کنسل گردد، لطفاً اقدامات لازم را انجام دهید.,deleting
به دنبال اطلاعات در مورد وضعیت فعلی سفارش با شناسه 411.,tracking
زمان تقریبی تحویل سفارش شماره 675 را می‌توانید بگویید؟ من 1 روز پیش این سفارشو ثبت کرده بودم,tracking
آیا می توانم سفارش شماره 111 را برای تحویل در ساعت 5 رزرو کنم؟,scheduling
لطف داری,chitchat
من مسئول تنقلات مهمانی اداری هستم، 13 شانه آب میوه می خواستم.,buying
آیا می‌توانم سیب زمینی را که پیش‌تر در سبد گذاشته‌ام با ماهی تعویض کنم؟,editting
من می خواهم سفارش شماره 8 را برای تحویل در روز سه شنبه تنظیم کنم.,scheduling
مقدار کالای روغن زیتون را از 2 شانه به 2 شانه اصلاح کنید.,editting
گوجه فرنگی رو کنسل کن.,editting
مقدار محصول کره را از بسته های 9 تایی به 4 بسته تغییر دهید.,editting
به طور تصادفی یک سفارش با شماره 2305 ثبت کردم. لطفاً آن را پاک کنید.,deleting
حذف سفارش 697.,deleting
از خرید گوجه فرنگی پشیمان شدم، لطفا از سبد خریدم حذف کن.,editting
منتظر تحویل سفارش شماره 1287 در اولین ساعت پنج شنبه هستم.,scheduling
13 بطری پاستا بدهید,buying
اقا من اومدم دوباره مزاحمت بشم,chitchat
سفارشم را قبل از ساعت 11 روز شنبه تحویل دهید ,scheduling
من قصد دارم سفارشم را خط بزنم، به خاطر دلایلی که می گم: از مکان دیگری میخواهم خرید کنم.,deleting
میخواستم بدونم سفارشی که دادم تا سه شنبه به دستم میرسه یا نه؟,tracking
زمان تقریبی تحویل سفارش شماره 1749 را می‌توانید بگویید؟ من 10 روز پیش این سفارشو ثبت کرده بودم,tracking
حالت خوبه؟,chitchat
میشه پیگیری کنید ببینید سفارش من دقیقا کجا هست. شماره سفارشم: 2008,tracking
سلام تو کی هستی,chitchat
مرسی که اذیتم کردی,chitchat
آیا می توان هویجی را که قبلا انتخاب کردم با ماست جایگزین کرد؟,editting
آیا پس از 12 بار استفاده همچنان امکان بازگشت شیر ​​با شماره سفارش 305 وجود دارد؟,returning
میخواستم خریدم ساعت 6 فرستاده بشود.,scheduling
سلام، کمک میخواستم,chitchat
خیلی لطف کردی,chitchat
اقلامم رو ثبت کن,finishing
آیا سفارش شماره 1846 که شامل دلستر بود آماده ارسال شده است؟,tracking
آیا می توانید بگویید آب میوه از کدام کشور وارد می شود؟,inquiring
به مناسبت تعطیلات تابستان، آیا جدول تخفیف ماکارونی گسترده است؟,inquiring
برای درست کردن سالاد شیرازی 10 بطری پوشک بچه میخواستم.,buying
می توانید دستور 1823 را دنبال کنید.,tracking
ایا پشتیبانی مشتری در تعطیلات اخر سال یا تعطیلات در دسترس است ؟,customer-service
می توانم 11 کیلو از ماهی را رزرو کنم ؟,buying
ایا می توانم جهت کمک در موارد مسايل مربوط به سفارشم با پشتیبانی تماس بگیرم ؟,customer-service
آیا سفارش 1991 برای ارسال آماده شده است، یا هنوز در مرحله پیش‌ارسال معطل مانده است؟,tracking
قصد دارم گوشت را به دلیل تخفیف ویژه‌ای که دیدم با کیک تعویض کنم.,editting
لطفاً تعداد گوجه فرنگی در سبد خریدم را از 9 به 9 تغییر دهید.,editting
آیا گوجه فرنگی برای افرادی با شرایط خاص مانند افراد دیابیتی مناسب است؟,inquiring
آیا می توانید 11 شانه گوشت را سفارش دهید؟,buying
کالای ارسالی بسیار آسیب دیده است لطفا مرجوع کنید,returning
اذیتت کردم خسته شدی,chitchat
سفارشم را قبل از ساعت 8 روز جمعه تحویل دهید ,scheduling
اشتباه کردم، می‌توانید سفارش 629 را بردارید؟,deleting
آیا تا زمان نهایی شدن امکان بهینه سازی محتوای سفارش باز من وجود دارد؟,inquiring
آیا می توانم کالایی را در صورتی که استفاده شده است اما هنوز در شرایط خوبی است برگردانم؟,inquiring
من می خواستم سفارشم را تغییر دهم زیرا محصولات قدیمی و آسیب دیده هستند,returning
خداقوت پهلوان خسته هم نباشی,chitchat
لطفاً سفارش شماره 163 را برای تاریخ 1401/5/2، ساعت 1 آماده کنید.,scheduling
در ارتباط با مشکلی که داشتم باید با یک شخص صحبت کنم,customer-service
پس چرا سفارشم نمیرسه؟ باید حتما تا دوشنبه به دستم برسونیدش.,tracking
می‌خواهم شیر که در تاریخ 1401/4/4 خریداری کردم را پس بدهم.,returning
یادم رفت لطفا گوشت را به سبد خریدم اضافه کنید.,buying
برکات,chitchat
بلافاصله به کارشناس مراجعه کردم,customer-service
سفارشم را قبل از ساعت 6 روز یک شنبه تحویل دهید ,scheduling
می توانید پیگیری کنید تا ببینید سفارش من دقیقا کجاست. شماره سفارش من: 1568,tracking
سفارشم را برای روز یک شنبه ارسال کنید چون وقت دیگر خونه نیستم.,scheduling
آیا می توانید برای من گرم 6 از مرغ را بسته بندی کنید و برای من بفرستید؟,buying
ایا منابع پشتیبانی مشتری برای عیب یابی مشکلات رایج وجود دارد ؟,customer-service
سفارش شماره 1757 را در 1403/8/6 ثبت کردم، وضعیت آن چگونه است؟,tracking
لطفا فرآیند تسویه حکم 825 را شروع کنید.,deleting
اقلامی که انتخاب کرده ام را برایم ثبت سفارش کن,finishing
سفارشم را حذف کنید، 5 روز پیش ثبت کرده بودم.,deleting
میخوام از پشتیبانیتون حرف بزنم,customer-service
میشه زمان تقریبی تحویل سفارش شماره 2007 رو بگید؟ من این سفارش را 14 روز پیش ثبت کردم,tracking
لطفاً سفارش شماره 1019 را برای تاریخ 1403/8/18 آماده کنید.,scheduling
محصولی که دریافت کردم معیوب است می خواستم آن را برگردانم,returning
چه مدت می توانم چیزی را که خریده ام برگردانم؟,inquiring
من درخواست تغییر سفارش 697 دارم.,returning
از کاری که برایم کردی سپاسگزارم,chitchat
آیا سفارش شماره 2050 که شامل ماهی بود آماده ارسال شده است؟,tracking
سلام حالت خوبه؟,chitchat
کالای خیار گارانتی دارد؟,inquiring
سفارش من را تا ساعت 9 ارسال کنید.,scheduling
سوالاتی راجع به کالای سیب دارم.,inquiring
من می خواستم برای سفارشم درخواست بازپرداخت کنم زیرا کالا آسیب دیده رسید,returning
در صورت بروز تاخیر در تامین کالا چطور اطلاع رسانی صورت میگیرد ؟,inquiring
احوال شریفتان چطور است؟,chitchat
من فقط یک شنبه این هفته در خانه هستم، لطفا سفارش من را ارسال کنید.,scheduling
از خریدی که در روز جمعه انجام دادم پشیمانم، آن را لغو کنید.,deleting
آیا بهینه سازی محتوای سفارش باز من تا زمانی که نهایی نشده باشد مجاز است؟,inquiring
در صورتی که سفارش به صورت ناقص تحویل شده باشد، آیا امکان پیگیری وجود دارد ؟,inquiring
خرید 10 روز پیش من به دلیل انتخاب اشتباه باید حذف شود لطفا اقدام لازم را انجام دهید.,deleting
لطفا زمان انتظار برای تکمیل تحویل سفارش 2326 چه زمانی خواهد بود؟,tracking
می توانم 7 کیلوگرم از نان را رزرو کنم ؟,buying
مشخصات لطفا؟,chitchat
لطفاً فرایند پاک سفارش  825 را آغاز کنید.,deleting
باید با پشتیبانی سفارشات کار کنم,customer-service
آیا برای مشتریان دائمی مانند من، تخفیف خاصی برای ماست در نظر گرفته‌اید؟,inquiring
آیا امکان تعویض کالا در سبد خرید قبل از نهایی شدن آن وجود دارد؟,inquiring
لطفا سفارش شماره 1019 را برای تاریخ 18/8/1403 تهیه نمایید.,scheduling
سفارش شماره 167 را لغو,deleting
میخواهم برنج را از سفارشم کنسل کنم.,editting
من را به یک متخصص وصل کن,customer-service
من میخوام کیک رو به صورت عمده بخرم قیمت بهتری پیشنهاد میکنید؟,inquiring
بدرود,chitchat
لطفاً آبمیوه را که به تازگی به سبد اضافه شده است با دلستر جایگزین نمایید.,editting
من گوجه فرنگی اشتباه خریدم، آیا می توانم آن را برگردانم؟,returning
می‌خواهم بدانم سفارش شماره 41 در کدام مرحله از فرآیند قرار دارد.,tracking
سفارش شماره 1731 برای سیب زمینی که در دوشنبه خریداری شده بود، مطابق انتظار نبود، می‌خواهم مرجوع کنم.,returning
آیا سفارش شماره 1623 در راه است؟,tracking
داریم مهمونی داریم، من یه نوشیدنی میخوام.,buying
من به دنبال گزینه‌های گیاه‌خواری هستم، به ویژه 8 کیلو از کیک,buying
آیا خرید بیش از 12 بطری هویج تخفیف دارد؟,inquiring
میخواهم پوشک بچه را از سفارشم دیلیت کنم.,editting
آیا ماهی در رنگ های دیگر موجود است؟,inquiring
می توانم 12 کیلوگرم از تخم مرغ را رزرو کنم ؟,buying
سفارشمو ساعت 6 بفرستید .,scheduling
آیا می توانم برای درخواست های مربوط به سفارش با پشتیبانی مشتری تماس بگیرم؟,customer-service
ماهیی که 4 روز پیش خریدم کجاست؟ پس کی ارسال میشه؟,tracking
من می‌خواهم اسموتی درست کنم و به 1 کیلوگرم از آبمیوه مخلوط نیاز دارم.,buying
آیا کیک در رنگ‌های دیگری نیز موجود است؟,inquiring
آیا هویج استانداردهای FSSC را دارد و آیا مصرف آن برای بیماران دیابتی تایید شده است؟,inquiring
من می خواهم پنیری را که در سبد خریدم گذاشته ام حذف کنم زیرا نظرم تغییر کرده است.,editting
اشتباه بود، به جای 3 کیلوگرم هویج، 7 کیلوگرم می خواستم.,editting
آیا امکان پس دادن پوشک بچه با سفارش شماره 393 پس از 13 استفاده هنوز وجود دارد؟,returning
من به جوجه نیاز دارم، مخصوصاً 13.,buying
آیا می توانید 7 کیلوگرم پرتقال بفرستید؟,editting
آیا امکان پس دادن گوجه فرنگی با سفارش شماره 39 پس از 13 استفاده هنوز وجود دارد؟,returning
برای مهمانی لطفا سفارش شماره 91 را در تاریخ 21/5/1301 تحویل بگیرید.,scheduling
باید سفارش 650 رو عودت بدهم ,returning
روغن زیتون رو از سفارشم کنسل کن,editting
لیست خریدی که ذکر کردم برای من ثبت نام کنید,finishing
لطفا سفارش من را برگردانید من این کالاها را اشتباهی خریدم، آنها را نمی خواهم.,returning
سفارشم را در تاریخ 1403/7/26 بفرستید,scheduling
من یک درخواست بازگشت برای سفارش 1410 دارم.,returning
چیکارا می‌کنی؟,chitchat
آیا می توانم سفارش شماره 1636 را برای تحویل در 4 رزرو کنم؟,scheduling
لطفا سفارش شماره 2116 را برای تاریخ 18/3/1301 ساعت 10 صبح تهیه نمایید.,scheduling
خدا قوت,chitchat
12 لیتر از پنیر میخواستم .,buying
کالاهایم را برای ساعت 2 روز پنج شنبه برنامه ریزی کنید.,scheduling
برای مهمانی لطفا سفارش شماره 1203 را در تاریخ 17/9/1301 تحویل بگیرید.,scheduling
پنیر که در 6 خریداری شده بود، معیوب است و می‌خواهم آن را مرجوعی ثبت کنم.,returning
سفارشم را ثبت کنید و اعلام کنید که باید خریدم را پرداخت کنم.,finishing
کار و بار چطوره؟,chitchat
به جای هویج در سبد خریدم گوشت بریزید.,editting
من می خواهم درک عمیق تری از ویژگی های متمایز و منحصر به فرد گوشت به دست بیاورم.,inquiring
آیا پس از 13 بار مصرف باز هم امکان برگشت گوجه فرنگی با شماره سفارش 39 وجود دارد؟,returning
میخوام سفارشم رو دیلیت کنم,deleting
انتخاب هایم را به انجام رساندهام و مایل به ثبت سفارش هستم ، مرحله بعدی چیست ؟,finishing
چکونه میتونم با کارشناس بیمه صحبت کنم ؟,customer-service
سیاست های بازگشت پول شما چگونه است؟,inquiring
سفارش من را ساعت 6 ارسال کنید.,scheduling
کالاهایم را برای ساعت 2 روز جمعه برنامه ریزی کنید.,scheduling
"به دلیل دوست نداشتم این محصول رو, می‌خواهم دلستر خریداری شده مورخ 1401/10/9 را پس بدهم.",returning
سفارش شماره 2262 برای سیب که 2 روز پیش تحویل گرفته‌ام، می‌خواهم عودت بدهم.,returning
سفارش شماره 2152 را در 1400/6/22 ثبت کردم، وضعیت آن چگونه است؟,tracking
میشه از پرتقال 7 کیلوگرم بفرستی؟,editting
من باید سفارش 1353 را در روز سه شنبه لغو کنم.,deleting
من قصد دارم سفارش مربوط به سفارش شماره 345 را که در تاریخ 1402/5/18 خریداری شده است برگردانم.,returning
می‌خواهم یک وعده غذایی قورمه سبزی آماده کنم، به 6 لیتر از پاستا درجه یک نیاز دارم.,buying
سفارشم کاملا خراب به دستم رسیده است من را به کارشناس مربوطه وصل کن,customer-service
آیا می توانید سفارش من را لغو کنید؟ من جای دیگه قیمت بهتری پیدا کردم,deleting
آیا سفارش شماره 1293 در مسیر ارسال است؟,tracking
سفارش شماره 936 را لغو,deleting
من می خواهم بدانم آیا نوشابه را می توان در آینده ارتقا داد یا توسعه داد؟,inquiring
قبل از تکمیل سفارش، می خواهم پاستا را از سبد خریدم حذف کنم.,editting
لطفاً تخم مرغی که به تازگی به سبد اضافه شده است را با ماهی جایگزین کنید.,editting
کالایی که به دستم رسیده معیوب است، میخواستم که مرجوعی ثبت کنم,returning
آیا می توانید یک شراب خوب توصیه کنید؟ من برای یک موقعیت خاص به 13 نیاز دارم.,buying
چه خبر؟ همه چی خوب پیش میره؟,chitchat
من می‌خواهم هویج را به صورت عمده خریداری کنم، آیا قیمت بهتری پیشنهاد می‌کنید؟,inquiring
برای مهمانی، لطفاً سفارش شماره 1508 را در 1401/6/10 تحویل دهید.,scheduling
ممنون از کاری که برای من کردی,chitchat
دوست دارم که با سامانه پشتیبانیتون صحبتی داشته باشم,customer-service
سفارش من با شماره 330 باید لغو شود، چون موجودی مالی به اندازه کافی ندارم.,deleting
اشتباه بود به جای 4 کیلو نان 12 کیلو می خواستم.,editting
سلام چطوری شریف؟,chitchat
می‌خواهم سفارش شماره 1560 که محصول پنیر را در تاریخ 1401/11/8 خریداری کردم را عودت بدهم.,returning
شماره سفارش 1383 را میخواهم برگردانم زیرا تاریخ مصرف کالای ارسالی به پایان رسیده است.,returning
آیا می توانید بگویید هویج از کدام کشور وارد می شود؟,inquiring
چگونه می توانم با یک مشتری تماس بگیرم ؟,customer-service
من قصد دارم پنیر را با آب میوه جایگزین کنم، لطفا راهنمایی کنید.,editting
آیا امکان پیگیری سفارش شماره 1911 وجود دارد؟,tracking
سفارش من را قبل از ساعت 6 روز چهارشنبه تحویل دهید,scheduling
آیا سفارش شماره 1539 ارسال شده است؟,tracking
لغو سفارش شماره 936,deleting
درخواست تسویه سفارش با شماره 34 دارم چون قیمت بهتری رو جای دیگه پیدا کردم.,deleting
آیا روغن سرخ کردنی در طیف وسیعی از مدل ها و طرح ها موجود است؟,inquiring
من می خواهم خیار را از سبد خریدم حذف کنم و به جای آن برنج اضافه کنم.,editting
برای تهیه سالاد شیرازی 3 حبه سیر می خواستم.,buying
سفارش شماره 1154 برای کیک که در شنبه خریداری شده بود، مطابق انتظار نبود، می‌خواهم پس بفرستم.,returning
آیا خیار در دسترس دارید؟,inquiring
آیا امکان پیگیری سفارش شماره 1950 وجود دارد؟,tracking
می‌توانید یک شراب خوب پیشنهاد کنید؟ به 14 گرم برای یک مناسبت خاص نیاز دارم.,buying
آیا می توانید خرید من را تا ساعت 7 روز پنجشنبه ارسال کنید؟,scheduling
قبل از تکمیل سفارش، به دلیل تغییر قیمت، می خواهم گوشت را از سبد خرید خارج کنم.,editting
ایا خط تلفن پشتیبانی برای مواقع اضطراری وجود ندارد ؟,customer-service
خریدم رو عوض بزنید,returning
لطفا تعداد نان های سبد خرید من را از 5 عدد به 6 عدد تغییر دهید.,editting
به دلیل تخفیف ویژه ای که دیدم قصد دارم سیر را با دالستر جایگزین کنم.,editting
سفارش شماره 574 برای نان خریداری شده در روز پنجشنبه مطابق انتظار نبود، می خواهم مبادله کنم.,returning
منو به یک شخص پاسخگو وصل کن,customer-service
آیا می توانم زمان برآوردی رسیدن بسته خود را با کد رهگیری 14 استعلام کنم؟,tracking
آیا می توانم 6 عدد از سیر را داشته باشم؟,buying
ماهی را از سبد خرید من بردارید,editting
از شما تقاضا دارم سفارش من را لغو کنید زیرا بودجه کافی ندارم.,deleting
ارسال سفارش 1086 در تاریخ 22/7/1400.,scheduling
ایا می توانم برای جزيیات محصول و پشتیبانی تماس بگیرم ؟,customer-service
من اشتباه کردم، می توانید سفارش 1663 را تحویل بگیرید؟,deleting
برای مهمانی، لطفاً سفارش شماره 1544 را در 1400/4/18 تحویل دهید.,scheduling
آیا می توانم بدون ایجاد حساب کاربری به عنوان مهمان سفارش خود را ثبت کنم؟,inquiring
درخواست دیلیت سفارش با شماره  927 را دارم، چرا که موجودی مالی به اندازه کافی ندارم.,deleting
پشیمون شدم کاهو رو از سفارشم حذف کن,editting
میخواستم کل سفارشم را کنسل کنم چون از مکان دیگری میخواهم خرید کنم,deleting
برای تهیه سالاد شیرازی 10 شیشه پوشک بچه می خواستم.,buying
شغلت را بگو,chitchat
پشیمونم کاهو رو از سفارشم حذف کن,editting
میخواستم که خریدم را بازگردانم کنم و روند بازپرداخت سفارشم را شروع کنم.,returning
من باید یک مورد را تغییر دهم - آیا می توانم جزئیات سفارش در حال انجام خود را در این مرحله اصلاح کنم؟,inquiring
موجودی پنیر هاتون چقدر است؟,inquiring
یا برای خرید عمده تخفیف دارید؟ من به 1 گرم نوشابه علاقه دارم.,buying
آیا سفارش شماره 1623 که شامل دلستر بود آماده ارسال شده است؟,tracking
نیاز به پشتبیانی دارم راجب سفارشم چیکار کنم ؟,customer-service
روغن زیتونی که 4 روز پیش خریدم الان کجاست؟ پس کی ارسال میشه؟,tracking
میخواستم خریدم ساعت 6 ارسال بشه.,scheduling
میشه سفارش 1810 را پیگیری کنید.,tracking
ایا یک تلفن پشتیبانی مشتری وجود دارد ؟,customer-service
آیا امکان دریافت سفارش شماره 2147 در تاریخ 29/5/1400 وجود دارد؟,scheduling
میشه از ماهی 5 گرم بفرستی؟,editting
می‌خواهم زمان تحویل سفارش شماره 76 را برای 1401/6/5 تنظیم کنید.,scheduling
آیا در صورت خرابی کالا سفارش مرجوعه را قبول میکنید؟,inquiring
من به طور تصادفی با شماره 1284 سفارش دادم لطفا انصراف دهید.,deleting
دوست دارم خریدی که تازه کردم را لغو کنم، جای دیگری قیمت بهتری پیدا کردم.,deleting
می‌خواهم نان را که در سبد خریدم قرار داده‌ام به دلیل تغییر نظرم دیلیت کنم.,editting
آیا برای مشتریان دائمی مثل من تخفیف ویژه ماهی دارید؟,inquiring
همه اقلام مورد نظرم را انتخاب کردهام.,finishing
من می خواستم سفارشم را پس بدهم زیرا محصولات ارسالی با سفارشی که داشتم متفاوت است,returning
بدلیل بروز خطای ناخواسته سفارش شماره 108 ثبت گردید. لطفا آن را حذف کنید.,deleting
آیا فروش ماست ویژه ای در سال جدید دارید؟,inquiring
باید با متخصص صحبت کنم,customer-service
سلام من کمک میخواستم,chitchat
من باید با یک کارشناس صحبت کنم,customer-service
من به تخم مرغ محلی علاقه دارم، آیا می توانم 5 لیتر از آنها را داشته باشم؟,buying
پیاز رو از سفارشم لغو کن,editting
آیا می‌توانید وضعیت کنونی سفارش با شماره 1095 را روشن سازید؟,tracking
کره را به اشتباه خریداری کرده‌ام، آیا می‌توانم آن را مرجوعی ثبت کنم؟,returning
مغازه شما تا کی باز است؟,inquiring
من نیاز به 14 بطری از تخم مرغ دارم .,buying
سفارش شماره 437 برای پیاز که در چهارشنبه خریداری شده بود، مطابق انتظار نبود، می‌خواهم برگردانم.,returning
با عرض سلام و احترام,chitchat
با توجه به اتمام تاریخ انقضای کالای ارسالی، تصمیم گرفتم سفارش شماره 288 را برگردانم.,returning
میخواستم بدونم سفارشی که دادم تا دوشنبه به دستم میرسه یا نه؟,tracking
مقدار کالای گوجه فرنگی را از 12 شانه به 4 شانه اصلاح کنید.,editting
می‌خواهم خیار را از سبد خریدم لغو کنم و به جای آن برنج اضافه نمایم.,editting
میخواهم سفارشم با شماره 1708 رو برگردونم,returning
میخواستم که خریدم را پس بفرستم کنم و روند بازپرداخت سفارشم را شروع کنم.,returning
میخواستم سفارشم رو ساعت 7 بفرستید.,scheduling
خرید من را لغو کنید,deleting
میتونم اسمت رو داشته باشم؟,chitchat
میخواستم سفارشم را رهگیری کنم,tracking
انتخاب هام تموم شده. سفارشم را ارسال کنید لطفا.,finishing
من اشتباهی شیر را به سبد خرید اضافه کردم، لطفا آن را حذف کنید.,editting
سفارشم رو روز جمعه ساعت 8 ارسال کنید.,scheduling
چجوریه؟ آبمیوه,inquiring
مقدار شیر را به 5 کیلو افزایش دهید,editting
با درود,chitchat
ممکن است لازم باشد یک مورد را تغییر دهم - آیا تنظیم محتوای سفارش در حال حاضر امکان پذیر است؟,inquiring
شما می توانید دستور 1050 را دنبال کنید.,tracking
پشیمون شدم برنج رو از سفارشم پاک کن,editting
آیا می‌توانم سفارش شماره 1636 را برای تحویل در ساعت 4 رزرو کنم؟,scheduling
قصد دارم تخم مرغ را به دلیل تخفیف ویژه‌ای که دیدم با کاهو تعویض کنم.,editting
اگر میشه این لیست از بهترینها رو بفرست برای من,finishing
گوشت مربوط به سفارش شماره 1795 را که در تاریخ 21/5/1403 خریداری شده است برمی گردانم.,returning
آیا روش های نوین پرداخت مانند رمزارز را قبول می کنید؟,inquiring
آیا سفارش 662 در راه است؟,tracking
باید با پشتیبانی محصول صحبت کنم، سفارش من اشتباه ارسال شده است.,customer-service
سفارشمو ساعت 1 بفرستید.,scheduling
چجوری بتونم کمک بگیرم ؟,customer-service
من می خواهم خرید خود را لغو کنم زیرا پول کافی ندارم.,deleting
سفارش شماره 1154 برای کیک خریداری شده در روز شنبه مطابق انتظار نبود، می خواهم آن را برگردانم.,returning
من تصادفاً اندازه کالایم را اشتباه سفارش دادم. میتونم عوضش کنم؟,inquiring
چه کار می کنی,chitchat
مسئول میان‌وعده‌های مهمانی اداره هستم، به 14 بطری از مرغ میخواستم.,buying
من راب می خواستم,buying
میشه اسمتون رو بگید یا حتی خودتون رو معرفی کنید؟,chitchat
من به اشتباه دلستر خریدم، آیا می توانم آن را پس بدهم؟,returning
از خریدی که روز جمعه داشتم پشیمان شدم، کنسل کنید.,deleting
سیاست بازگشت شما چگونه است؟,inquiring
آیا سفارش شماره 1811 ارسال شده است؟,tracking
انتخاب هام تموم شد. نتیجه را ارسال کنید لطفا.,finishing
در ارتباط با مشکلی که دارم نمیتوانم با یک شخص صحبت کنم,customer-service
ایا می توانم از نماینده یک مشتری درخواست تماس بکنم ؟,customer-service
دالستر را با پیاز در سبد خریدم جایگزین کنید.,editting
آیا می توانید برای من کیلو 14 از مرغ را بسته بندی کنید و برای من بفرستید؟,buying
مقدار پنیر را به عدد 7 شانه کنید,editting
سفارشم به دستم رسید الان، اما به خاطر تاریخ مصرف کالای ارسالی گذشته است میخواهم سفارشم رو برگشت بزنید,returning
آیا سیر حاوی موادی است که ممکن است باعث حساسیت در افراد با شرایط چربی 0 درصد داشتن  شود؟,inquiring
می‌خواهم گوشت را به دلیل تغییر در برنامه غذایی‌ام از سبد خرید حذف کنم.,editting
من می خواهم سفارش 2174 را برگردانم,returning
آیا می‌توانم سفارش شماره 1852 را برای تحویل در ساعت 5 رزرو کنم؟,scheduling
بدلیل خطای سهوی سفارش شماره 1976 ثبت گردید. لطفا آن را لغو کنید.,deleting
لطفا سفارش من رو تا روز سه شنبه ارسال کنید.,scheduling
میخواهم برنج را از سفارشم حذف کنم.,editting
موفق باشید,chitchat
به اقلام زیر نیاز دارم: 10 کیلو روغن زیتون.,buying
زمان تقریبی تحویل سفارش شماره 502 را می‌توانید بگویید؟ من 4 روز پیش این سفارشو ثبت کرده بودم,tracking
آیا می توانید خرید من را یکشنبه تا ساعت 8 ارسال کنید؟,scheduling
آیا می توانم از نماینده پشتیبانی مشتری درخواست تماس بگیرم؟,customer-service
آیا سفارش شماره 2015 ارسال شده است؟,tracking
موجودی پنیر شما چقدر است؟,inquiring
لطفاً سفارش من با شماره 258 را حذف کنید.,deleting
من می خواهم سفارش #1885 را برای تحویل یکشنبه تنظیم کنم.,scheduling
به جای ۷ تکه شیر، لطفا ۷ تکه پرتقال بدهید.,editting
خریدم رو کنسل کنید,deleting
میخواستم خریدم ساعت 3 ارسال بشه.,scheduling
متأسفانه باید از شما بخواهم که خریدم را حذف کنید، زیرا محصول مورد نظر را در جای دیگری یافتم.,deleting
لطفا سفارش شماره 805 را برای تاریخ 1403/3/17 تهیه نمایید.,scheduling
درخواست کنسل کردن سفارش با شماره 1546 دارم چون خوشم نمیاد.,deleting
لطفا تعداد توپ های سبد خرید من را از 9 به 5 تغییر دهید.,editting
"به دلیل تاریخ مصرف کالای ارسالی گذشته است, می‌خواهم کاهو خریداری شده مورخ 1402/3/24 را برگشت بزنم.",returning
آیا می توانم زمان تخمینی رسیدن بسته خود را با کد رهگیری 1612 استعلام کنم؟,tracking
می‌توانید بگویید پیاز از کدام کشور وارد می‌شود؟,inquiring
سفارش شماره 249 که محصول پوشک بچه را در تاریخ 28/12/1301 خریدم را میخواهم برگردانم.,returning
آیا پس از 8 بار استفاده باز هم امکان برگشت خیار وجود دارد؟ من چند روز پیش اجناسم را تحویل گرفتم اما به دلیل نظرم میخواهم برگردانم.,returning
من قصد دارم سفارش خود را به دلایل زیر لغو کنم: اندازه اشتباهی را انتخاب کردم.,deleting
ایا می توانم درباره سوالات مربوط به بازگشت کالا با پشتیبانی تماس بگیرم ؟,customer-service
آیا امکان پیگیری سفارش شماره 2284 وجود دارد؟,tracking
من می خواهم کالایی را که در سبد خریدم گذاشته ام حذف کنم زیرا نظرم تغییر کرده است.,editting
من را با یک متخصص وصل کن,customer-service
خدمتتون درود میفرستم,chitchat
درخواست برگشت سفارش 2093 رو دارم .,returning
درخواست مرجوع سفارش 307 رو دارم .,returning
سلامی دوباره خدمت تو,chitchat
از شما می خواهم زمان تحویل سفارش شماره 2031 را برای تاریخ 18/1/1400 تعیین کنید.,scheduling
پشیمون شدم مرغ رو از سفارشم لغو کن,editting
قبل از تکمیل سفارش، می‌خواهم نان را از سبد خریدم پاک کنم.,editting
ارسال سفارش 1102 در تاریخ 1403/5/12.,scheduling
باید با پشتیبانی شرکت صحبت کنم ، سفارشم اشتباه ارسال شده است.,customer-service
امروز چطوری؟,chitchat
من علاقه‌مند به برنامه‌ریزی تحویل سفارش شماره 1084 برای تاریخ 1401/8/10 هستم.,scheduling
کمک. کی میتونه منو راهنمایی بکنه ؟,customer-service
لطفا سفارش شماره 1077 من را حذف کنید.,deleting
سفارش شماره 1420 را پاک,deleting
لطفاً 8 کیلو از کره را به من بدهید.,buying
پشیمون شدم سیب رو از سفارشم پاک کن,editting
من می خواهم سفارش 1901 را جایگزین کنم,returning
لطفا سفارش شماره 1741 را برای تاریخ 12/7/1400 ساعت 5 آماده کنید.,scheduling
آیا امکان تحویل سفارش شماره 382 در روز شنبه وجود دارد؟,scheduling
میشه سفارشم رو برگشت کنید؟ چون کالاها آسیب دیده به دست بنده رسیده است,returning
برنجی که 12 روز پیش تحویل گرفتم نیاز به تعویض دارد و از شما میخواهم آنها را برای من جایگزین کنید.,returning
من تصادفاً با شماره 1623 سفارش دادم لطفاً آن را حذف کنید.,deleting
لطفا آخرین سفارش من را لغو کنید، من در جای دیگر قیمت بهتری پیدا کردم.,deleting
ایا می توانم از نماینده پشتیبانی مشتری درخواست تماس کنم ؟,customer-service
سفارش من با شماره 825 باید پاک شود، چون محصول مورد نظر را در جای دیگری یافتم.,deleting
ایا می توانم برای سوالات مربوط به بازگشت کالا با پشتیبانی مشاوره بگیرم ؟,customer-service
می‌خواهم کیک خریداری شده با سفارش شماره 1927 در 1402/10/1 را به دلیل جنس هایی فرستادید خراب بودند پس بدهم.,returning
آیا می توانم با کد رهگیری 781 زمان تخمینی رسیدن بسته خود را استعلام کنم؟,tracking
از شما درخواست دارم که سفارش 1556 را لغو نمایید، زیرا اندازه اشتباهی انتخاب کردم.,deleting
من رژیم دارم و نیاز به 10 بطری از پاستا کم‌چرب دارم.,buying
می‌خواهم سیر را که فراموش کرده‌ام به سبد خرید اضافه کنم.,buying
بدلیل بروز خطای ناخواسته سفارش شماره 198 ثبت گردید. لطفا آن را لغو کنید.,deleting
برای بودجه‌ بندی، نیاز به دانستن قیمت دقیق پاستا دارم.,inquiring
من دوباره اومدم,chitchat
آیا می‌توانم روغن سرخ کردنی را که 2 روز پیش خریده‌ام، برگشت بزنم؟,returning
تخم مرغ 4 تا رو به سبد خریدم بیافزونید,buying
به جای 6 بطری گوشت لطفا 6 بطری هویج بدهید.,editting
سفارششم 1622 حذف بشه چون قیمت بهتری رو جای دیگه پیدا کردم.,deleting
حذف سفارش شماره 623,deleting
احوالت؟,chitchat
ماست را به اشتباه خریداری کرده‌ام، آیا می‌توانم آن را بازگردانم؟,returning
اشتباه کردم، می‌توانید سفارش 1663 را بردارید؟,deleting
من می خواهم سفارشم را با شماره 1194 برگردانم,returning
میشه خریدم رو روز دوشنبه تا ساعت 4 بفرستید؟,scheduling
می خواستم سفارشم را پیگیری کنم,tracking
می‌توانم 9 شانه از شیر را برای خرید هفتگی‌ام رزرو کنم؟,buying
امروز چکار می کنید؟,chitchat
من قصد دارم سفارشم را حذف کنم، به خاطر دلایلی که می گم: اشتباه ثبت کردم.,deleting
متأسفانه باید از شما خواهش کنم که خرید من را حذف کنید زیرا آدرس را اشتباه وارد کردم.,deleting
10 بطری نان دارید؟,buying
چگونه می‌توانم آدرس حمل و نقل خود را به‌روزرسانی کنم؟,inquiring
من می‌خواهم یک دستور پخت جدید را امتحان کنم که به 4 گرم از خیار نیاز دارد.,buying
لطفاً سفارش شماره 1741 را برای تاریخ 1400/12/7، ساعت 5 آماده کنید.,scheduling
از شما می خواهم این کالاها را بفرستید,finishing
زحمت کشیدی,chitchat
چه راه هایی برای پرداخت سفارش ها وجود دارد؟,inquiring
ممنونم ، همین موارد رو میخواستم.,finishing
می خواهم یک تماس از طرف پشتیبانی مشتری داشته باشم ؟,customer-service
ایا در پشتیبانی مشتری برای عیب یابی مشکلات رایج وجود دارد ؟,customer-service
ایا می توانم وضعیت درخواست پشتیبانی مشتری مداری را پیگیری کنم ؟,customer-service
لطفا سفارش شماره 163 را برای تاریخ 5/2/1301 ساعت 13 تهیه کنید.,scheduling
من منتظر تحویل سفارش شماره 1567 در اولین ساعت چهارشنبه هستم.,scheduling
اقلامم را جمع کن.,finishing
من می خواهم کاهویی را که در سبد خریدم گذاشته ام حذف کنم زیرا نظرم تغییر کرده است.,editting
پس چرا سفارشم نمیرسه؟ باید حتما تا جمعه به دستم برسونیدش.,tracking
آیا 11 لیتر سیب دارید؟,buying
آیا می توانم برای درخواست صورتحساب یا پرداخت با پشتیبانی تماس بگیرم؟,customer-service
لطفاً فرایند کنسل سفارش  1064 را آغاز کنید.,deleting
می‌توانید سفارشم را دیلیت کنید؟ آدرس اشتباهی وارد کردم.,deleting
ساعات کاری فروشگاه چیست؟,inquiring
من قصد دارم سفارش خود را لغو کنم، به دلایل زیر: قیمت بهتری در جای دیگری پیدا کردم.,deleting
لطفاً روند لغو سفارش 2061 را شروع کنید.,deleting
درخواست پاک سفارش با شماره  34 را دارم، چرا که جای دیگری قیمت بهتری پیدا کردم.,deleting
من باید انبارم را با 9 سیب پر کنم.,buying
می خواستم خریدم را تعویض کنم و روند بازپرداخت سفارشم را شروع کنم.,returning
من می خواهم مقداری از خیار، 6 تا را انتخاب کنم.,buying
محصولی که دریافت کردم آسیب دیده است، چه کار کنم؟,inquiring
پیام را ارسال کن.,finishing
میخواستم با یک کارشناس صحبت کنم,customer-service
می‌خواهم خریدم را به دلیل محصول مورد نظر را در جای دیگری یافتم پاک کنم.,deleting
آیا کره در طیف وسیعی از مدل‌ها و طرح‌ها در دسترس است؟,inquiring
کالاهایم را برای ساعت 11 روز یک شنبه برنامه ریزی کنید.,scheduling
من می خواهم سفارش شماره 311 را برای تحویل در روز دوشنبه تنظیم کنم.,scheduling
اسمت چیه؟,chitchat
لطفاً تخم مرغ را که به تازگی به سبد اضافه شده است با ماهی جایگزین نمایید.,editting
ماهی که 9 روز پیش تحویل گرفته‌ام، نیاز به تعویض دارد و دوست داشتم که برای من آن ها را تعویض بدهید.,returning
اگر میشه این لیست از اجناس رو بده برای من,finishing
من باید ظرف آشپزخانه ام را با 4 کیلوگرم سیب زمینی پر کنم.,buying
حتما باید با یک پزشک تخصصی حرف بزنم,customer-service
من می خواهم به روز رسانی در مورد وضعیت سفارش 948 دریافت کنم. آخرین وضعیت سفارش چگونه است؟,tracking
در روزهای اخیر بازار تخفیف تخم مرغ داغ است؟,inquiring
آیا می توانید سفارش من را قبل از ساعت 10 شنبه تحویل دهید؟,scheduling
پنیر رو موجود دارید؟ ,inquiring
سفارشم رو تا ساعت 9 بفرستید.,scheduling
6 لیتر بده پس,buying
به دلایلی که می گویم: اشتباه وارد کردم، سفارشم را لغو می کنم.,deleting
ساعات کاری برای پاسخگویی به مشتری چگونه است؟,inquiring
تمایل دارم از به‌روزرسانی‌های مربوط به مرحله‌ای که سفارش 668 در آن قرار دارد مطلع شوم. آخرین وضعیت سفارش چیست؟,tracking
تشکر,chitchat
پروردگارا مرا بفرست,buying
از شما تقاضا دارم که سفارش من را حذف کنید، زیرا من را اذیت نمی کند.,deleting
خوبی؟ خوشی؟,chitchat
خواهشمندم، زمان انتظار برای تکمیل تحویل سفارش 2088 چه موقع خواهد بود؟,tracking
آیا کانال های پشتیبانی مشتری مجزایی برای انواع مختلف سوالات وجود دارد؟,customer-service
قیمت شیر ​​نسبت به شیر چگونه است؟,inquiring
پاستا که در 1 خریداری شده بود، معیوب است و می‌خواهم آن را پس بفرستم.,returning
بررسی کنید تا ببینید سفارش 641 کجاست؟,tracking
به موارد زیر نیاز دارم 9 تا از نوشابه .,buying
آیا می‌توانم روغن زیتون را که پیش‌تر در سبد گذاشته‌ام با کره تعویض کنم؟,editting
میخواهم سفارش شماره 1742 را که 8 روز پیش برای محصول برنج ثبت شده است برگردانم زیرا تاریخ مصرف محصول ارسالی به پایان رسیده است.,returning
آیا امکان دارد هویج را که پیش‌تر انتخاب کرده‌ام با ماست تعویض کنم؟,editting
من می خواستم کل سفارش خود را حذف کنم زیرا از خرید پشیمان هستم,deleting
وضعیت سفارش شماره 549 چگونه است؟,tracking
موجودی تخم مرغ شما چقدر است؟,inquiring
لطفاً سفارش من با شماره 2232 را حذف کنید.,deleting
میخواستم بدونم سفارشی که دادم تا پنجشنبه به دستم میرسه یا نه؟,tracking
من می خواهم برنج را از سفارشم لغو کنم.,editting
از شما می خواهم زمان تحویل سفارش شماره 1532 را برای تاریخ 17/10/1402 تعیین کنید.,scheduling
چند وقته که از سفارشم خبر دارم، پس کجاست؟,tracking
آیا می توانم سید خرید خود را تغییر دهم زیرا پرداخت هنوز انجام نشده؟,inquiring
ایا پشتیبانی شما موجود است ؟,customer-service
می‌توانید سفارش شماره 1866 را در ساعت 4 تحویل دهید؟,scheduling
دوست دارم خریدی که تازه کردم را پاک کنم، از مکان دیگری میخواهم خرید کنم.,deleting
یک تیم پشتیبانی مشتری اختصاصی برای مسايل فنی وجود دارد ؟,customer-service
5 بطری گوشت بدهید,buying
لطفاً تعداد روغن زیتون در سبد خریدم را از 8 به 8 تغییر دهید.,editting
می‌خواهم سفارش شماره 2230 که محصول مرغ را در تاریخ 1401/3/14 خریداری کردم را مرجوعی ثبت کنم.,returning
آیا می توانم زمان تخمینی رسیدن بسته خود را با کد رهگیری 1173 استعلام کنم؟,tracking
سفارشم را لغو کنید، 7 روز پیش ثبت کرده بودم.,deleting
آیا می توانم سفارش شماره 1644 را برای تحویل در 5 رزرو کنم؟,scheduling
حذف سفارش شماره 35,deleting
به دنبال آگاهی در مورد وضعیت فعلی سفارش با شناسه 17 هستم.,tracking
لطفاً آخرین سفارش من را حذف کنید، اندازه اشتباهی انتخاب کردم.,deleting
بررسی کنید ببینید سفارش 192 کجاست؟,tracking
میخواستم بدونم سفارشی که ثبت کردم تا سه شنبه به دستم میرسه یا نه؟,tracking
ماهی چه تفاوت‌هایی با ماهی دارد؟,inquiring
درخواست برگشت سفارش شماره 1403 دارم.,returning
لطفا تعداد روغن زیتون های موجود در سبد خرید من را از 8 به 8 تغییر دهید.,editting
به مناسبت کریسمس، آیا سفره‌ی تخفیفات تخم مرغ پهن است؟,inquiring
سفارش من را لغو کنید، من آن را 7 روز پیش ثبت کردم.,deleting
آیا امکان تغییر زمان تحویل برای سفارشات حضوری وجود دارد؟,inquiring
آیا خرید بیش از 1 عدد از روغن سرخ کردنی تخفیف دارد؟,inquiring
من می خواهم 6 بطری هویج دریافت کنم.,buying
آیا 12 سیب دارید؟,buying
آیا می‌ توانید سفارشم را قبل از ساعت 10 روز شنبه تحویل دهید؟,scheduling
میخوام سفارشم رو کامل کنم,finishing
چگونه سفارش خود را نهایی کنم؟,inquiring
باید حتما با یک شخص درباره ان صحبت کنم,customer-service
می توانی به من قرض بدهی یعنی بعداً پرداخت خواهم کرد.,inquiring
آیا می توانید سفارش من را تغییر دهید؟ زیرا محصولات قدیمی و آسیب دیده هستند,returning
پس از ثبت سفارش 270 در 1401/6/17، کنجکاوم که پیشرفت آن چگونه است. آخرین گزارش چیست؟,tracking
آیا امکان دریافت سفارش شماره 344 در تاریخ 9/5/1400 وجود دارد؟,scheduling
انشاالله سلامت باشید,chitchat
میل شدیدی به دلستر دارم لطفاً 1 بطری برای من بفرستید .,buying
قیمت ماست نسبت به ماست چگونه است؟,inquiring
4 گرم از خیار میخواستم .,buying
من به دنبال اطلاع از وضعیت فعلی سفارش با شناسه 1893 هستم.,tracking
قصد دارم هویج را به دلیل تخفیف ویژه‌ای که دیدم با پرتقال تعویض کنم.,editting
پس چرا سفارشم نمیرسه؟ باید حتما تا چهارشنبه به دستم برسونیدش.,tracking
خودت رو به یک ادم وصل کن,customer-service
قبل از تکمیل سفارش، به دلیل تغییر قیمت، می خواهم خمیر را از سبد خرید خود حذف کنم.,editting
ایا می توانم از طریق پیام رسان خود به پشتیبانی مشتری برسم ؟,customer-service
من می خواهم نانی را که در سبد خریدم گذاشته ام حذف کنم زیرا نظرم تغییر کرده است.,editting
آیا می توانم سفارش شماره 1440 را برای تحویل ساعت 11 صبح رزرو کنم؟,scheduling
من می خواهم سفارش شماره 571 را برای روغن سرخ کردنی که 13 روز پیش دریافت کردم، پس بدهم.,returning
میخواستم بدونم سفارشی که دادم تا جمعه به دستم میرسه یا نه؟,tracking
ممنون از لطف شما,chitchat
من می خواهم سفارش شماره 1888 را برای تحویل در روز چهارشنبه تنظیم کنم.,scheduling
پودر لباسشویی ام تموم شده، سیب زمینی برام بفرستید,buying
متشکرم که کمک کردی,chitchat
لطفاً 2 عدد از پنیر را به من بدهید.,buying
میخواستم بدونم 13 عدد خیار موجوده؟,inquiring
من این هفته فقط یک شنبه خونه هستم، لطفا سفارشم را در آن زمان ارسال کنید.,scheduling
هلو عزیزم,chitchat
کاهو 5 بطری میخواستم بخرم,buying
آیا می توانم سفارش شماره 851 را برای تحویل در 4 رزرو کنم؟,scheduling
آیا برای بازگرداندن کالا به رسید نیاز دارم؟,inquiring
پس از ثبت سفارش 779 در تاریخ 14/10/1400 کنجکاو هستم که چگونه پیشرفت می کند. آخرین گزارش چیست؟,tracking
سفارش من با شماره 1887 باید دیلیت شود، چون تغییرات برنامه‌ریزی داشتم.,deleting
من می خواهم 6 بطری از هویج را دریافت کنم.,buying
برنجی که در تاریخ 10/9/1401 خریدم را می خواهم پس بدهم.,returning
آیا پس از 4 بار مصرف باز هم امکان برگشت برنج وجود دارد؟ من چند روز پیش کالای خود را دریافت کردم، اما می خواهم این محصول را پس بدهم زیرا آن را دوست نداشتم.,returning
آیا فروشگاه شما شرایط خرید اقساطی دارد؟,inquiring
لطفا ماست داخل سبد خریدم را با نوشابه به روز کنید چون تازه تر است.,editting
من به دنبال گزینه‌های گیاه‌خواری هستم، به ویژه 5 بطری از پوشک بچه,buying
میخواهم با یک کارشناس کار کنم,customer-service
میشه به جای کیک به من آب میوه بدی؟,editting
ایا گزینه پشتیبانی فوری برای امور اضطراری وجود دارد ؟,customer-service
لطفاً تعداد هویج در سبد خریدم را از 5 به 8 تغییر دهید.,editting
میخواستم بدونم 8 تا نان موجود هست؟,inquiring
سفارش شماره 206 را در 1400/7/5 ثبت کردم، وضعیت آن چگونه است؟,tracking
اشتباه بود به جای 8 گرم کره 12 گرم می خواستم.,editting
آیا سفارش شماره 1293 در راه است؟,tracking
من رژیم دارم و نیاز به 7 کیلو از آبمیوه کم‌چرب دارم.,buying
می خوام این کالاهارو ؟,finishing
میشه برای من 10 شانه پیاز سفارش بدید؟,buying
ایا منابع پشتیبانی مشتری برای عیب یابی روشهای رایج وجود دارد ؟,customer-service
من تا کی میتونم چیزی که خریدم رو برگردونم؟,inquiring
ماهی رو کنسل کن,editting
چجوری میتونم کمک بگیرم؟,customer-service
داریم مهمونی داریم، من یه سیب میخواستم.,buying
میتونی این اجناسی که گفتم رو برای من اماده کنی و بفرستی,finishing
من اشتباه کردم می تونی دستور 75 رو بگیری؟,deleting
من قصد دارم پنیر را با گوجه فرنگی جایگزین کنم، لطفا راهنمایی کنید.,editting
آیا 12 عدد از پرتقال دارید ؟,buying
سفارشم را قبل از ساعت 1 روز جمعه تحویل دهید ,scheduling
اگر سفارش من هنوز ارسال نشده است، آیا می توانم محصولاتی را که انتخاب کرده ام تغییر دهم؟,inquiring
آیا خط تلفن پشتیبانی برای مواقع اضطراری وجود دارد؟,customer-service
من رو به یک نفر وصل کن,customer-service
پشیمون شدم پاستا رو از سفارشم پاک کن,editting
سفارش من با شماره 1654 باید کنسل شود، چون اشتباه ثبت کردم.,deleting
آیا می‌توانم مرغ را که 11 روز پیش خریده‌ام، برگردانم؟,returning
آیا می توانید سفارش شماره 1316 را ساعت 4 تحویل دهید؟,scheduling
میشه سفارش 2276 را پیگیری کنید.,tracking
راه های پرداخت سفارشات چیست؟,inquiring
من می خواهم خرید خود را لغو کنم زیرا آن را دوست ندارم.,deleting
خوبی,chitchat
آیا پس از 14 بار مصرف باز هم امکان برگشت کاهو وجود دارد؟ من چند روز پیش اجناسم را تحویل گرفتم اما بسته بندی آن بسیار بد بود، بنابراین می خواهم آن را برگردانم.,returning
آیا می توانم روغن سرخ کردنی را که قبلاً در سبد گذاشته بودم با گوجه فرنگی جایگزین کنم؟,editting
آیا امکان دارد سفارش شماره 1698 را در 1403/2/4 تحویل بگیرم؟,scheduling
بگذارید حتما با یک شخص درباره مشکلم صحبت کنم,customer-service
پس از چه مدتی باید یک کالا را برگردانم؟,inquiring
اقلام من را بفرست,finishing
می‌خواهم روغن سرخ کردنی را به دلیل تغییر در برنامه غذایی‌ام از سبد خرید دیلیت کنم.,editting
سفارش من را قبل از ساعت 3 سه شنبه تحویل دهید,scheduling
من مشتاقم تا دریابم آیا سفارش 1026 ارسال شده است.,tracking
سلام علیکم,chitchat
اسمتون چیه؟,chitchat
می‌خواهم نوشابه را که در سبد خریدم قرار داده‌ام دیلیت کنم.,editting
لطفا سفارش شماره 2160 را برای تاریخ 1403/12/15 ساعت 11 صبح تهیه نمایید.,scheduling
میشه من را به یک کارشناس متخصص وصل کنی ؟,customer-service
در مورد کار و زندگی چطور؟,chitchat
آیا قیمت ماهی از زمان بهار تغییر کرده است؟,inquiring
متأسفانه باید از شما بخواهم که خرید من را لغو کنید زیرا در جای دیگر قیمت بهتری پیدا کردم.,deleting
از خریدی که روز دوشنبه داشتم پشیمان شدم، دیلیت کنید.,deleting
سفارش من را ساعت 9 ارسال کنید.,scheduling
من برای بچه کوچولویم غذا می خواستم، ماست دارید؟,buying
سفارش من با شماره 1654 باید لغو شود چون اشتباه وارد کردم.,deleting
آیا می توانید خرید من را دوشنبه تا ساعت 5 ارسال کنید؟,scheduling
من میزبان یک مهمانی بزرگ هستم و به 2 کیلوگرم از برنج نیاز دارم.,buying
من تصادفا با شماره 1606 سفارش دادم لطفا حذفش کنید.,deleting
جهت گرفتن راهنمایی مربوط به گشتیبانی محصول به کجا مراجعه بکنم ؟,customer-service
من الان سفارشمو گرفتم ولی به خاطر اقلامی که ارسال کردید خراب شد. از شما می خواهم سفارشم را برگردانید,returning
آیا می‌ توانید سفارشم را قبل از ساعت 4 روز پنج شنبه تحویل دهید؟,scheduling
آیا سیر حاوی موادی است که ممکن است در افراد دارای شرایط چربی 0 درصد باعث ایجاد حساسیت شود؟,inquiring
قیمت روز هویج رو میخوام بدونم میشه راهنمایی کنید؟,inquiring
میشه بگید کاهو از کدوم کشور وارد میشه؟,inquiring
موجودی روغن زیتون هاتون چقدر است؟,inquiring
میخواستم خریدم ساعت 3 فرستاده بشود.,scheduling
ماهی مربوط به سفارش شماره 367 که در روز دوشنبه خریداری شده، نیاز به تعویض دارد.,returning
درخواست تغییر سفارش شماره 654 دارم.,returning
آیا می‌ توانید سفارشم را قبل از ساعت 5 روز دوشنبه تحویل دهید؟,scheduling
به دلیل تخفیف ویژه ای که دیدم قصد دارم مرغ را با آب میوه جایگزین کنم.,editting
من می خواهم خریدی را که به تازگی انجام داده ام لغو کنم، این برای من مشکلی ندارد.,deleting
8 گرم بده پس,buying
سفارشم رو روز جمعه ساعت 9 ارسال کنید.,scheduling
خیار رو از سفارشم پاک کن,editting
قیمت گوشت 5 کیلو رو میخوام بدونم.,inquiring
می‌خواهم سفارش شماره 1888 را برای تحویل در روز چهارشنبه تنظیم کنم.,scheduling
من به آبمیوه محلی علاقه‌ مندم، می‌توانم 13 تا از آن‌ها را بگیرم؟,buying
آیا می توانید خرید من را تا ساعت 1 روز دوشنبه ارسال کنید؟,scheduling
صبح بخیر,chitchat
مقدار محصول مرغ را از 10 کیلوگرم به 5 کیلوگرم تغییر بدهید.,editting
آیا می توانم 2 کیلو دلاستر بخورم؟,buying
پشتیبانی و عیب یابی مشکلات شبکه یا اتصال وجود دارد ؟,customer-service
مغازه شما چقدر باز است؟,inquiring
می‌خواهم سفارش شماره 1519 که محصول سیب زمینی را در تاریخ 1403/2/5 خریداری کردم را پس بدهم.,returning
من اشتباهی شماره سفارش 970 خریدم میخوام برگردونمش.,returning
سفارشم را حذف کنید، 3 روز پیش ثبت کرده بودم.,deleting
من خیلی وقته از شما خرید میکنم میشه برای محصولات مرغ تخفیف بدید؟,inquiring
منو به یک شخص پاسخگو وصل.,customer-service
متوجه شدم محصول کره مورد نظرم نیست، چگونه می‌توانم آن را مرجوع کنم؟,returning
خواهشمندم، زمان انتظار برای تکمیل تحویل سفارش 1823 چه موقع خواهد بود؟,tracking
میشه من رو به یک کارشناس متخصص وصل کنی؟,customer-service
سفارش شماره 437 برای پیاز خریداری شده در روز چهارشنبه مطابق انتظار نبود، می خواهم آن را برگردانم.,returning
می خواستم ساعت کاری فروشگاه شما را بدانم.,inquiring
خوبی؟ خوشحال؟,chitchat
میخواستم کل سفارشم را حذف کنم چون توانایی مالی به اندازه کافی ندارم,deleting
میخواستم بدونم سفارشی که ثبت کردم تا دوشنبه به دستم میرسه یا نه؟,tracking
آیا امکان تحویل سفارش شماره 2195 در روز یک شنبه وجود دارد؟,scheduling
من با شما خداحافظی می کنم,chitchat
آیا خیار استانداردهای SQF را دارد و برای استفاده از چربی 0% تایید شده است؟,inquiring
به دلیل یک خطای ناخواسته، سفارشی با شماره  445 ثبت شده است. خواهشمند است آن را حذف فرمایید.,deleting
من مورد نادرستی را انتخاب کردم و باید آن را تغییر دهم، آیا می توانم سفارش خود را ویرایش کنم؟,inquiring
لطفا مراحل لغو سفارش 2209 را شروع کنید.,deleting
من می خواهم 10 کیلوگرم روغن زیتون دریافت کنم.,buying
من پشیمانم، تخم مرغ را از سفارش من حذف کنید,editting
از شما درخواست دارم که سفارشم را حذف نمایید، زیرا دیگر به آن احتیاجی ندارم.,deleting
برای بچه کوچیکم مقداری خوراکی می خواستم، ماست دارید؟,buying
آیا می توانم برای خرید هفتگی 14 کیلوگرم ماهی رزرو کنم؟,buying
من می خواهم سفارش شماره 946 را برای تحویل در روز سه شنبه تنظیم کنم.,scheduling
متوجه شدم محصول روغن سرخ کردنی مورد نظرم نیست، چگونه می‌توانم آن را برگشت بزنم؟,returning
برای بودجه بندی باید قیمت دقیق روغن سرخ کردنی را بدانم.,inquiring
دستور پخت من نیاز به 12 شانه از رب دارد، آیا موجود است؟,buying
می توانید پیگیری کنید تا ببینید سفارش من دقیقا کجاست. شماره سفارش من: 995,tracking
ممکن است لازم باشد سفارشم را تغییر دهم، چه باید بکنم؟,inquiring
من می خواهم سیب زمینی هایی را که در تاریخ 1403/11/15 خریدم برگردانم.,returning
من میخواهم سفارش شماره 551 را که 11 روز پیش برای محصول نارنجی ثبت شده است برگردانم زیرا محصولات ارسالی با سفارشی که داشتم متفاوت است.,returning
سفارش شماره 35 را حذف,deleting
امروز چه کار کردی؟,chitchat
من قصد دارم سفارش خود را به دلایل زیر لغو کنم: بودجه کافی ندارم.,deleting
موجودی تخم مرغ هاتون چقدر است؟,inquiring
شغلت چیه؟,chitchat
بررسی کنید ببینید سفارش 2045 کجاست؟,tracking
پشیمون شدم دلستر رو از سفارشم لغو کن,editting
اشتباه کردم، می‌توانید سفارش 240 را بردارید؟,deleting
میشه به جای کیک بهم گوجه فرنگی بدی؟,editting
سفارشم را در تاریخ 1401/12/22 بفرستید,scheduling
آیا شماره سفارش 1530 ارسال شده است؟,tracking
من میخوام 8 بطری سیب زمینی سفارش بدم,buying
منو به کسی وصل کن,customer-service
برای بودجه‌ بندی، نیاز به دانستن قیمت دقیق نان دارم.,inquiring
می‌خواهم از قیمت روز سیر مطلع شوم، آیا می‌ توانید کمک کنید؟,inquiring
خریدم تموم شد ، لطفا همینارو امتحان کنید و قیمت کل رو بهم بگید.,finishing
آیا مبادله یک کالا در سبد خرید من قبل از نهایی شدن مجاز است؟,inquiring
دستور پخت من نیاز به 11 تا از پرتقال دارد، آیا موجود است؟,buying
می‌توانید توضیح دهید که چگونه تخم مرغ می‌تواند به بهبود طبیعی بودن و بدون داشتن مواد شیمیایی کمک کند؟,inquiring
به جای 7 شانه گوشت، لطفا آن را 6 شانه گوشتی کنید,editting
من به گوجه فرنگی محلی علاقه‌ مندم، می‌توانم 12 عدد از آن‌ها را بگیرم؟,buying
تفاوت شیر ​​و شیر چیست؟,inquiring
برای درست کردن سالاد شیرازی 14 شانه ماهی میخواستم.,buying
قصد دارم رب را به دلیل تخفیف ویژه‌ای که دیدم با دلستر تعویض کنم.,editting
متأسفانه باید از شما بخواهم که خریدم را کنسل کنید، زیرا اشتباه ثبت کردم.,deleting
آیا می توانید خرید من را چهارشنبه تا ساعت 9 ارسال کنید؟,scheduling
لطفاً پوشک بچه را که به تازگی به سبد اضافه شده است با کاهو جایگزین نمایید.,editting
برای جشنی که قراره برگزار کنیم باید حتما سفارشم روز دوشنبه ارسال بشود.,scheduling
آیا می توانم 3 بطری کره رزرو کنم؟,buying
به مناسبت کریسمس، آیا سفره‌ی تخفیفات گوشت پهن است؟,inquiring
آیا تخفیفی برای خرید گوشت در روز دوشنبه وجود دارد؟,inquiring
آیا نان در رنگ های دیگر موجود است؟,inquiring
می‌خواهم از وضعیت فعلی سفارش شماره 1343 مطلع شوم.,tracking
جعبه سورپرایز تخفیف دار برای محصول روغن سرخ کردنی برای جشن سال نو دارید؟,inquiring
میشه منو به متخصص وصل کنید؟,customer-service
نوشابه را از سفارش من حذف کنید,editting
من قصد دارم برنج خریداری شده در تاریخ 20/3/1400 را به دلیل اینکه این محصول را دوست نداشتم برگردانم.,returning
سفارشم را پیگیری کن,tracking
من قصد دارم سفارشم را کنسل کنم، به خاطر دلایلی که می گم: توانایی مالی به اندازه کافی ندارم.,deleting
من مشتاقم تا دریابم آیا سفارش 1526 ارسال شده است.,tracking
دلاستر چه ویژگی هایی دارد و آیا برای بیماران دیابتی مناسب است؟,inquiring
می خواهم نوشابه ای را که در سبد خریدم گذاشته ام حذف کنم.,editting
چه کاری می توانید برای من انجام دهید؟,chitchat
میشه خریدم رو روز یک شنبه تا ساعت 8 بفرستید؟,scheduling
من به دنبال اطلاع از وضعیت فعلی سفارش با شناسه 17 هستم.,tracking
از شما تقاضا دارم که سفارش 2264 را لغو کنید، زیرا من را اذیت نمی کند.,deleting
آیا مرغ دارای تاییدیه های بین المللی مانند SQF است؟,inquiring
به دلیل یک خطای ناخواسته، سفارشی با شماره  1521 ثبت شده است. خواهشمند است آن را پاک فرمایید.,deleting
لطفا سفارش من را برگردانید من این کالاها را نمی خواهم، اشتباهی فرستاده اید.,returning
می‌خواهم اطلاعاتی در مورد فلسفه تولید و زنجیره تامین نوشابه به دست آورم.,inquiring
آیا می توان شیری را که قبلا انتخاب کردم با ماهی جایگزین کرد؟,editting
وظیفه شما چیست,chitchat
آیا می‌توانم سفارش شماره 1440 را برای تحویل در ساعت 11 رزرو کنم؟,scheduling
میخواستم بدونم در سال جدید برای Reb تخفیف میدین؟,inquiring
قصد دارم پنیر را با آبمیوه جایگزین کنم، لطفاً راهنمایی کنید.,editting
به موارد زیر نیاز دارم 10 کیلو از روغن زیتون .,buying
تخم مرغ برام بفرستید .,buying
ایا می خواهم برای سوالات مربوط به بازگشت کالا با پشتیبانی تماس بگیرم ؟,customer-service
میل شدیدی به ماهی دارم، لطفاً 5 لیتر برای من بسته‌بندی کنید. و بفرستید,buying
نیاز به پشتبیانی دارم راجب اینکه چیکار بکنم ؟,customer-service
بعد از ثبت سفارش 1370 در تاریخ 22/4/1403 کنجکاو هستم که چطور پیش می رود. آخرین گزارش چیست؟,tracking
میتونم شماره پشتیبانی رو بگیرم ؟,customer-service
می خواهم بدانم سفارش شماره 41 کجا در حال انجام است.,tracking
می خواستم 5 بطری کاهو بخرم,buying
من می خواهم مقداری از ماهی، 5 بسته را انتخاب کنم.,buying
می خواهم خریدی را که انجام دادم حذف کنم، آدرس را اشتباه وارد کردم.,deleting
به 9 تا از کاهو نیاز دارم.,buying
اشتباه کردم، می‌توانید سفارش 75 را بردارید؟,deleting
مقدار شیر رو 14 تا کنید,editting
قصد تعویض سیب مربوط به سفارش شماره 586 را دارم که در تاریخ 12/08/1402 خریداری شده است.,returning
سبد خریدم کامل است، لطفاً مراحل پرداخت را توضیح دهید.,finishing
پشیمانم، سیب را از سفارشم حذف کن,editting
می‌خواهم برنج که در تاریخ 1401/9/10 خریداری کردم را پس بدهم.,returning
ماستی که 7 روز پیش گرفتم نیاز به تعویض دارد و دوست دارم برای من جایگزین کنید.,returning
قصد دارم نان را با برنج جایگزین کنم، لطفاً راهنمایی کنید.,editting
ایا شماره تلفن پشتیبانی هم وجود دارد ؟,customer-service
سبد خریدم آماده است,finishing
اسمت رو بگو,chitchat
چگونه می توانم برای درخواست های مربوط به سفارش با پشتیبانی مشتری تماس بگیرم ؟,customer-service
بعد 2 لیتر بده,buying
می‌خواهم سفارش شماره 13 که محصول ماست را در تاریخ 1403/3/3 خریداری کردم را پس بفرستم.,returning
آیا سفارش شماره 677 در مسیر ارسال است؟,tracking
دلیل اینهمه تاخیر چیه؟ آبمیوه من الان دقیقا در چه وضعیتی است؟,tracking
سلام خوبی؟,chitchat
میخواهم سفارش شماره 1076 را که محصول مرغ را در تاریخ 26/7/1403 خریده ام برگردانم.,returning
میخواستم بدونم 2 شیشه پوشک بچه موجوده؟,inquiring
آیا کیک در رنگ های دیگر موجود است؟,inquiring
آیا سفارش شماره 1766 ارسال شده است؟,tracking
می خواهم بدانم سفارش شماره 1495 در چه مرحله ای از فرآیند است.,tracking
پاستا را لغو کنید.,editting
1 لیتر رب را به سبد خرید من اضافه کنید,buying
میخواستم کل سفارشم را لغو کنم چون پشیمان شدن از خرید,deleting
من مشتاقم بدانم آیا سفارش 308 ارسال شده است یا خیر.,tracking
من میل شدید به مرغ دارم لطفا 13 کیلو بفرستید.,buying
یا برای خرید عمده تخفیف دارید؟ من به 6 کیلو آب میوه علاقه دارم.,buying
لطفاً تعداد برنج در سبد خریدم را از 11 به 11 تغییر دهید.,editting
به مناسبت عید سفره تخفیف گوشت پهن است؟,inquiring
آیا پس از 13 بار استفاده باز هم امکان برگشت پوشک بچه با شماره سفارش 393 وجود دارد؟,returning
سفارشم تموم شد,finishing
درخواست عوض سفارش 2020 رو دارم .,returning
آیا سفارش 1825 در حال حاضر در راه است؟,tracking
من باید سفارش 684 را برگردانم,returning
بدلیل بروز خطای ناخواسته به شماره 1900 ثبت گردید. لطفا آن را حذف کنید.,deleting
بررسی کنید تا ببینید سفارش 1441 کجاست؟,tracking
من به برنج نیاز دارم مخصوصا 8.,buying
من می خواستم برای سفارشم درخواست بازپرداخت کنم زیرا محصول منقضی شده است,returning
من میخوام سفارشمو ثبت کنم,deleting
مرغ را با کره در سبد خرید من جایگزین کنید.,editting
آیا خرید نان سه شنبه تخفیف دارد؟,inquiring
تحویل اکسپرس چیست ؟ ,inquiring
خدا یار و همراه شما,chitchat
آیا می توانید سیب زمینی را که به اشتباه به سبد خرید اضافه شده است بردارید؟,editting
خریدم تموم شد ، لطفا همینارو نهایی کنید و قیمت کل رو هم بگید.,finishing
من مشتاقم بدانم آیا سفارش 8 ارسال شده است یا خیر.,tracking
آیا می توانم کاهویی را که قبلاً در سبد گذاشته بودم با روغن زیتون جایگزین کنم؟,editting
می‌خواهم زمان تحویل سفارش شماره 1907 را برای 1400/7/17 تنظیم کنید.,scheduling
قبل از تکمیل سفارش، می‌خواهم پاستا را از سبد خریدم حذف کنم.,editting
متأسفانه باید از شما بخواهم که خریدم را کنسل کنید، زیرا اندازه اشتباهی انتخاب کردم.,deleting
می‌توانید توضیح دهید که چگونه خیار می‌تواند به بهبود طبیعی بودن و بدون داشتن مواد شیمیایی کمک کند؟,inquiring
دلستر 4 لیتر میخوام ثبت سفارش کنم,buying
بررسی کنید تا ببینید سفارش 2045 کجاست؟,tracking
خریدم رو با شماره پیگیری 1226 را رهگیری کنید.,tracking
وضعیت سفارش شماره 1289 چیست؟,tracking
منتظر تحویل سفارش شماره 1338 در اولین ساعت یک شنبه هستم.,scheduling
متأسفانه باید از شما بخواهم که خریدم را لغو کنید، زیرا دیگر به آن احتیاجی ندارم.,deleting
آیا این روزها پیشنهاد ویژه ای برای خرید گوجه فرنگی دارید؟,inquiring
من می خواهم پوشک بچه را از سفارشم حذف کنم.,editting
آیا نقدی هنگام تحویل قبول می کنید؟,inquiring
قصد دارم پوشک بچه را به دلیل تخفیف ویژه‌ای که دیدم با سیب زمینی تعویض کنم.,editting
مقدار پوشک بچه رو 7 عدد کنید,editting
میشه اسمتو بگی,chitchat
مقدار کالای هویج را از 13 کیلوگرم به 8 کیلوگرم تغییر دهید.,editting
لطفاً خیار را که در سبد خریدم قرار دارد با هویج به‌روزرسانی کنید، چون تازه‌تر است.,editting
می‌خواهم بدانم که آیا تخم مرغ قابلیت ارتقاء یا توسعه در آینده را دارد؟,inquiring
برای مراسم عید تخفیفی دارید؟,inquiring
در سبد خریدم نان را با آب میوه عوض کن.,editting
من می خواهم برنجی را که در سبد خریدم گذاشته ام لغو کنم زیرا نظرم تغییر کرده است.,editting
فورا من رو به کارشناس متصل کم,customer-service
اشتباه شد، به جای 7 عدد سیب زمینی من 3 عدد می خواستم.,editting
سفارشم را قبل از ساعت 9 روز پنج شنبه تحویل دهید ,scheduling
پس از ثبت سفارش 367 در 1402/12/9، کنجکاوم که پیشرفت آن چگونه است. آخرین گزارش چیست؟,tracking
 بچه‌های من پنیر شما را دوست دارند، می‌توانید 1 عدد برای من کنار بگذارید؟,buying
وضعیت سفارش شماره 247 چگونه است؟,tracking
سفارشم را قبل از ساعت 3 روز سه شنبه تحویل دهید ,scheduling
آیا سفارش شماره 2188 در مسیر ارسال است؟,tracking
من به اشتباه خمیر را به سبد خرید اضافه کردم، لطفا لغو کنید.,editting
لطفاً سفارش شماره 11 را برای تاریخ 1402/8/13، ساعت 11 آماده کنید.,scheduling
سیب هاتون ساخت چه کشوری هست؟,inquiring
خواهشمندم، زمان انتظار برای تکمیل تحویل سفارش 1083 چه موقع خواهد بود؟,tracking
قبل از تکمیل سفارش، می خواهم کره را از سبد خرید خود حذف کنم.,editting
آیا محصولات ارگانیک ارائه می‌دهید ؟,inquiring
آیا می‌ توانید سفارشم را قبل از ساعت 10 روز چهارشنبه تحویل دهید؟,scheduling
آیا تیم پشتیبانی مشتری اختصاصی برای مسائل فنی وجود دارد؟,customer-service
مقدار کالای پرتقال را از 14 تا به 8 تا اصلاح کنید.,editting
به 8 لیتر از تخم مرغ نیاز دارم.,buying
لطفاً سیب را که در سبد خریدم است با پوشک بچه به‌روزرسانی کنید.,editting
من می‌خواهم رب را به صورت عمده خریداری کنم، آیا قیمت بهتری پیشنهاد می‌کنید؟,inquiring
آیا می توانید سفارش من را قبل از ساعت 10 روز چهارشنبه تحویل دهید؟,scheduling
ایا می توانم برای درخواست های مربوط به سفارش و پشتیبانی مشتری تماس بگیرم ؟,customer-service
آیا سفارش شماره 801 که شامل پنیر بود آماده ارسال شده است؟,tracking
میشه سفارشم رو عوض کنید؟ چون از خریدم پشیمان شدم.,returning
من باید یک قسمت از سفارش خود را تعمیر کنم، آیا تغییر محتویات هنوز امکان پذیر است؟,inquiring
سفارشم را قبل از ساعت 1 روز سه شنبه تحویل دهید ,scheduling
از شما درخواست دارم که سفارش 1842 را دیلیت نمایید، زیرا موجودی مالی به اندازه کافی ندارم.,deleting
خواهشمندم، زمان انتظار برای تکمیل تحویل سفارش 2315 چه موقع خواهد بود؟,tracking
من قصد دارم سفارشم را حذف کنم، به دلایلی که می گویم: اندازه اشتباهی را انتخاب کردم.,deleting
من می خواستم کل سفارش خود را لغو کنم زیرا از خرید پشیمان هستم,deleting
سفارش شماره 825 من باید حذف شود، زیرا کالای مورد نظر را در جای دیگری پیدا کردم.,deleting
آیا می توانید پیاز را از سفارش من لغو کنید؟,editting
لغو سفارش 1355.,deleting
یا برای خرید عمده تخفیف دارید؟ من به پیاز 1 کیلویی علاقه دارم.,buying
برای جشنی که قراره برگزار کنیم باید حتما سفارشم روز یک شنبه ارسال بشود.,scheduling
منتظر تحویل سفارش شماره 1161 در اولین ساعت سه شنبه هستم.,scheduling
آیا تخفیفی برای خرید ماست در روز جمعه وجود دارد؟,inquiring
میل شدیدی به کاهو دارم، لطفاً 13 کیلو برای من بسته‌بندی کنید. و بفرستید,buying
آیا این روزها پیشنهاد ویژه ای برای خرید کاهو دارید؟,inquiring
اصل میدی؟,chitchat
می خواهم سفارش شماره 1587 را که 12 روز پیش برای محصول تخم مرغ ثبت شده است برگردانم زیرا تاریخ مصرف محصولات به پایان رسیده است.,returning
دستت درد نکنه,chitchat
آیا می توانم سفارش شماره 815 را برای تحویل در ساعت 7 رزرو کنم؟,scheduling
لطفا تعداد پیازهای موجود در سبد خرید من را از 6 به 11 تغییر دهید.,editting
قصد دارم شیر را به دلیل تخفیف ویژه‌ای که دیدم با پیاز تعویض کنم.,editting
پوشک بچه را اشتباه به سبد خریدم افزودم لطفا لغو کنید.,editting
سیب 4 بطری میخواستم بخرم,buying
من می خواهم سفارش شماره 198 را برای تحویل شنبه تنظیم کنم.,scheduling
من می‌خواهم یک دستور پخت جدید را امتحان کنم که به 10 عدد از گوشت نیاز دارد.,buying
من علاقه مند به زمانبندی تحویل سفارش شماره 215 برای تاریخ 18/3/1401 هستم.,scheduling
من باید با یک متخصص صحبت کنم,customer-service
آیا این روزها پیشنهاد ویژه ای برای خرید سیب زمینی دارید؟,inquiring
من منتظر تحویل سفارش شماره 1287 در اولین ساعت پنجشنبه هستم.,scheduling
سفارش 266 را حذف کن.,deleting
من می خواهم به دلیل تغییر در برنامه غذایی ام پرتقال ها را از سبد خرید حذف کنم.,editting
آیا محصول خیار گارانتی دارد؟,inquiring
وضعیت سفارش شماره 205 چیست؟,tracking
میشه برام 1 تا نان ثبت سفارش کنی .,buying
لطفاً نوشابه را که به تازگی به سبد اضافه شده است با روغن سرخ کردنی جایگزین نمایید.,editting
من باید انتخابی را تغییر دهم - آیا ویرایش سفارشات باز مشمول خط مشی است؟,inquiring
لطفا سفارش شماره 542 من را حذف کنید.,deleting
قیمت کره با توجه به نوسانات اخیر بازار چه تغییری کرده است؟,inquiring
برای جشنی که قراره برگزار کنیم باید حتما سفارشم روز چهارشنبه ارسال بشود.,scheduling
از خرید نان پشیمانم لطفا سبد خریدم را کنسل کنید.,editting
تعریف سیب در مغازه شما بسیار پیچیده است، لطفا 7 لیتر برای من ارسال کنید.,buying
به دلایلی که می گویم: پشیمانی از خرید، سفارشم را حذف می کنم.,deleting
پس از ثبت سفارش 2028 در 1402/11/5، کنجکاوم که پیشرفت آن چگونه است. آخرین گزارش چیست؟,tracking
آیا می توانم از موجودی و اطلاعات محصول مرغ مطلع شوم؟,inquiring
خریدم رو مرجوع کنید,returning
نان چه تفاوت‌هایی با نان دارد؟,inquiring
آیا شماره تلفنی وجود دارد که بتوانم برای پیگیری سفارش خود تماس بگیرم؟,inquiring
کیک خریداری شده با شماره سفارش 1613 را در تاریخ 28/7/1301 میخواهم برگردانم زیرا محصولات ارسالی با سفارشی که داشتم مغایرت دارد.,returning
برای جشنی که قرار است جشن بگیریم، سفارش من باید یکشنبه ارسال شود.,scheduling
آیا می توانید توضیح دهید که چگونه خیار می تواند به بهبود طبیعی بودن و عاری بودن از مواد شیمیایی کمک کند؟,inquiring
چطوری شریف؟,chitchat
من اومدم,chitchat
قصد دارم هویج را به دلیل تخفیف ویژه‌ای که دیدم با کاهو تعویض کنم.,editting
آیا نوشابه در راستای پایداری و مسئولیت های اجتماعی شرکت تولیدکننده طراحی شده است؟,inquiring
لطفا برنج را در سبد خرید من با رب به روز کنید.,editting
آیا میتوانی نامت رو به من بگویی؟,chitchat
از شما می خواهم زمان تحویل سفارش شماره 685 را برای 28/12/1400 تعیین کنید.,scheduling
پشیمون شدم آبمیوه رو از سفارشم حذف کن,editting
میشه به من اسمت رو بگی و خودت رو معرفی بکنی؟,chitchat
از شما درخواست دارم که سفارشم را لغو نمایید، زیرا موجودی مالی به اندازه کافی ندارم.,deleting
آیا سفارش شماره 1034 در راه است؟,tracking
آیا می توانم قیمت پوشک بچه را بدانم؟,inquiring
سیب زمینی را از سبد خرید من حذف کنید,editting
سفارشم با شماره 1610 را رهیابی کنید.,tracking
انتخاب ‌های خود را انجام داده ام، چگونه می‌توانم سفارشم را ثبت کنم؟,finishing
آیا برای تعطیلات تابستانی تخفیف دارید؟,inquiring
می‌توانید برنج را که به اشتباه به سبد اضافه شده است بردارید؟,editting
باید سفارش 684 رو پس بفرستم ,returning
اشتباه بود به جای 14 بسته پاستا 8 بسته می خواستم.,editting
سفارشم کجاست؟,tracking
بازه زمانی دریافت بازپرداخت چقدر است؟,inquiring
من محصول اشتباهی سفارش دادم، شرایط برگرداندن آن چیست؟,inquiring
من مشتاقم تا دریابم آیا سفارش 1787 ارسال شده است.,tracking
من به برنج، به ویژه 8 تا نیاز دارم.,buying
آیا شماره سفارش 1539 ارسال شده است؟,tracking
می‌خواهم پنیر را که فراموش کرده‌ام به سبد خرید اضافه کنم.,buying
درخواست تعویض سفارش شماره 1734 رو دارم.,returning
آیا می توانید برای من عدد 3 از ماهی را بسته بندی کنید و برای من بفرستید؟,buying
گوشت خریداری شده در تاریخ 1400/8/10 به دلیل تاریخ انقضای محصولات میخواهم برگردانم.,returning
قیمت شیر نسبت به شیر چگونه است؟,inquiring
یا برای خرید عمده تخفیف دارید؟ من به کاهو 4 کیلویی علاقه دارم.,buying
خریدام همین بود. سفارشم رو قبول کن.,finishing
برای گرفتن راهنمایی مربوط به گشتیبانی محصول به کجا مراجعه کنیم ؟,customer-service
آیا می‌توانم پس از ثبت سفارش، آن را تغییر دهم ؟,inquiring
سفارش من را برای یکشنبه ارسال کنید زیرا من دیگر در خانه نیستم.,scheduling
تمایل دارم از به‌روزرسانی‌های مربوط به مرحله‌ای که سفارش 770 در آن قرار دارد مطلع شوم. آخرین وضعیت سفارش چیست؟,tracking
من به سیب زمینی محلی علاقه دارم، آیا می توانم 8 لیتر از آنها را داشته باشم؟,buying
میخوام بدونم سفارش شماره 2085 کی به دستم میرسه.,tracking
به جای 4 بسته شیر لطفا 9 بسته تخم مرغ بهم بده,editting
ایا می توانم برای درخواست های مربوط به سفارش با پشتیبانی مشتری تماس بگیرم ؟,customer-service
حتما باید با یک کارشناس تخصصی حرف بزنم,customer-service
من می خواهم خیار را که فراموش کرده ام به سبد خرید اضافه کنم.,buying
من می خواهم در مورد فلسفه تولید برنج و زنجیره تامین اطلاعات کسب کنم.,inquiring
نمی توانم یک تماس از طرف پشتیبانی مشتری داشته باشم ؟,customer-service
نوبت من است که شام ​​بپزم، به موارد زیر نیاز دارم: 5 کیلو آب میوه,buying
سلام و عرض ادب,chitchat
من الان سفارشم را دریافت کردم اما به دلیل اجناس آسیب دیده از شما می خواهم سفارشم را تغییر دهید,returning
وضعیت سفارش شماره 247 چیست؟,tracking
می‌خواهم نان که در تاریخ 1400/7/6 خریداری کردم را عودت بدهم.,returning
آیا خرید دیلاستر در روز دوشنبه تخفیف دارد؟,inquiring
آیا شما شاد و سلامت هستید؟,chitchat
آیا تخفیفی برای خرید نان در روز سه شنبه وجود دارد؟,inquiring
من تصادفاً با شماره 2258 سفارش دادم لطفا لغوش کنید.,deleting
سفارش من را قبل از ساعت 11 روز پنجشنبه تحویل دهید,scheduling
از کاهو بگو,inquiring
آیا باید مدارکی برای بازگرداندن کالا ارائه کنم؟,inquiring
ثبت سفارش کنید. سفارش من ثبت شده است.,finishing
مرغ را با کره در سبد خریدم عوض کن.,editting
من می خواهم سفارش شماره 2262 را برای سیب هایی که 2 روز پیش دریافت کردم، برگردانم.,returning
می خواهم سفارشم را تکمیل!,finishing
پشیمان شدم لطفا سفارشم را دیلیت کن,deleting
سبد کالا کامل است ، لطفا مراحل پرداخت را توضیح دهید.,finishing
من قصد دارم گوشت مربوط به سفارش شماره 1795 را که در 1403/5/21 خریداری شده را مرجوع کنم.,returning
می‌خواهم از وضعیت فعلی سفارش شماره 1819 مطلع شوم.,tracking
من می خواستم کل سفارشم را کنسل کنم زیرا می خواهم از جای دیگری خرید کنم,deleting
من را به یک پشتیبانی متصل کنید,customer-service
میل شدیدی به مرغ دارم لطفاً 13 کیلوگرم برای من بفرستید .,buying
خوبی؟,chitchat
برای بودجه‌ بندی، نیاز به دانستن قیمت دقیق خیار دارم.,inquiring
من می‌خواهم اسموتی درست کنم و به 2 لیتر از کاهو مخلوط نیاز دارم.,buying
می‌خواهم خریدی را که به تازگی انجام داده‌ام لغو کنم، در جای دیگری قیمت بهتری پیدا کردم.,deleting
سفارشم به دستم رسید الان، اما به خاطر تاریخ مصرف محصولات گذشته بود میخواهم سفارشم رو عودت بزنید,returning
آیا می توانم محتویات سبد خرید خود را قبل از تسویه حساب یا بسته شدن نهایی تغییر دهم؟,inquiring
زمان تخمینی تحویل سفارش من چقدر است؟,inquiring
مقدار محصول پوشک بچه را از 4 بسته به 1 بسته تغییر دهید.,editting
پشیمانم، پنیر را از سفارشم حذف کنید,editting
میخواستم سفارشم رو مرجوع بزنم به دلیل بسته بندی ارسال بسیار بد بود,returning
آیا می توانم مرغی را که 11 روز پیش خریده ام برگردانم؟,returning
میزان مواد شیمیایی که در کاهو به کار رفته چقدر است؟,inquiring
آیا می توانم برای کمک در موارد مسائل مربوط به سفارشم با پشتیبانی تماس بگیرم؟,customer-service
میخوام اسمتو داشته باشم,chitchat
از شما تقاضا دارم که سفارش من را لغو کنید، زیرا از خرید پشیمان هستم.,deleting
ایا کانال های پشتیبانی مشتری مجزایی برای انواع مختلف سوالات خود دارد ؟,customer-service
کیفیت دلستر چجوری هست؟,inquiring
آیا پس از 4 بار استفاده باز هم امکان برگشت مرغ با شماره سفارش 1512 وجود دارد؟,returning
چکونه میتونم با کارشناس مربوطه صحبت کنم؟,customer-service
من می خواهم یک دستور جدید را امتحان کنم که به 8 کیلو رب نیاز دارد.,buying
من میخوام سوپ سبزی درست کنم 6 لیتر پاستا درجه یک لازم دارم.,buying
آیا می توانید برای من بطری 8 از تخم مرغ را بسته بندی کنید و برای من بفرستید؟,buying
آیا تغییر یک مورد در سبد خرید فعلی من در حال حاضر مجاز است؟,inquiring
آیا می توانم محصولات سفارش خود را تغییر دهم؟,inquiring
آیا می توانید سفارش من را قبل از ساعت 5 روز دوشنبه تحویل دهید؟,scheduling
باید با صاحب محصول صحبت کنم ، سفارشم اشتباه ارسال شده است.,customer-service
درود خدمتت,chitchat
میشه زمان تقریبی تحویل سفارش شماره 675 رو بگید؟ من این سفارش را 1 روز پیش ثبت کردم,tracking
به مناسبت تخفیف های زمستانی آیا جدول تخفیف ها گسترده است؟,inquiring
سلام، حالت خوبه؟,chitchat
می‌خواهم بدانم آیا برای سیر در تخفیفات زمستانی تخفیفی ارائه می‌دهید؟,inquiring
سلام حالت چطوره؟,chitchat
هویج مربوط به سفارش شماره 1356 که در روز چهارشنبه خریداری شده، نیاز به تعویض دارد.,returning
شیر چه تفاوت‌هایی با شیر دارد؟,inquiring
برای خرید بیش از 1 تا از روغن سرخ کردنی، آیا تخفیفی وجود دارد؟,inquiring
متوجه شدم محصول سیب زمینی مورد نظرم نیست، چگونه می‌توانم آن را برگردانم؟,returning
از شما درخواست دارم که سفارش 1360 را کنسل نمایید، زیرا دیگر به آن احتیاجی ندارم.,deleting
برای مهمانی لطفا سفارش شماره 1544 را تا تاریخ 18/4/1400 تحویل بگیرید.,scheduling
سفارشم را لغو کنید، 8 روز پیش ثبت کرده بودم.,deleting
لطفاً آخرین سفارش من را لغو کنید، توانایی مالی به اندازه کافی ندارم.,deleting
به دلیل دوست نداشتم این محصول رو، تصمیم دارم سفارش شماره 2022 را پس بدهم.,returning
بعد از ثبت سفارش 418 در تاریخ 1403/3/19 کنجکاو هستم که بدانم چگونه پیشرفت می کند. آخرین گزارش چیست؟,tracking
چی کاره‌ای؟,chitchat
مرغ را با پوشک بچه در سبد خریدم عوض کن.,editting
شب مهمونی داریم، پنیر میخواستم.,buying
میشه من رو به یک فرد دیگر مرتبط کنی ؟,customer-service
می‌توانید سفارشم را لغو کنید؟ محصول مورد نظر را در جای دیگری یافتم.,deleting
مقدار محصولات گوجه فرنگی را از 12 شانه به 4 شانه تغییر دهید.,editting
آیا می توانید وضعیت فعلی سفارش شماره 892 را توضیح دهید؟,tracking
سفارش من را تا ساعت 2 ارسال کنید.,scheduling
من رژیم دارم و به 1 بطری پنیر کم چرب نیاز دارم.,buying
آیا می توانید بگویید پیاز از کدام کشور وارد می شود؟,inquiring
من مشتاقم بدانم آیا سفارش 1787 ارسال شده است یا خیر.,tracking
آیا امکان تحویل سفارش شماره 1171 در روز چهارشنبه وجود دارد؟,scheduling
اگر بخواهم چیزی را تعویض کنم، می‌توانم انتخاب‌های محصول را در سبد خریدم تغییر دهم؟,inquiring
آیا می توانید یک شراب خوب توصیه کنید؟ برای یک موقعیت خاص به 14 گرم نیاز دارم.,buying
آیا سفارش شماره 1846 شامل دلاستر آماده ارسال است؟,tracking
آیا می توانید 1 شانه تخم مرغ بفرستید؟,editting
کیک رو از سفارشم لغو کن,editting
پنیر خریداری شده در تاریخ 6 معیوب است و من میخواهم مرجوع کنم.,returning
بررسی کنید تا ببینید سفارش 2308 کجاست؟,tracking
روغن زیتون خریداری شده با شماره سفارش 1154 را در تاریخ 1402/10/5 میخواهم به دلیل تغییر عقیده برگردانم.,returning
من می خواهم سفارش شماره 1276 خود را برگردانم,returning
خرید 3 روز پیش من به دلیل انتخاب نادرست باید حذف شود، لطفا اقدام لازم را انجام دهید.,deleting
می‌خواهم بدانم سفارش شماره 1271 در کدام مرحله از فرآیند قرار دارد.,tracking
سلام، حال روحی مساعدی دارید؟,chitchat
من اشتباه کردم می تونی دستور 240 رو بگیری؟,deleting
من به دنبال سیب هستم، آیا آنها را در کیلوگرم حمل می کنید؟,buying
من می‌خواهم گوجه فرنگی را به صورت عمده خریداری کنم، آیا قیمت بهتری پیشنهاد می‌کنید؟,inquiring
من می خواهم در مورد مواد و مواد مورد استفاده در روغن سرخ کردنی بدانم.,inquiring
کالایی که به دستم رسیده معیوب است، میخواستم که برگردانم,returning
به جای خیار، دالستر را در سبد خرید من قرار دهید.,editting
قبل از تکمیل سفارش، می‌خواهم شیر را از سبد خریدم کنسل کنم.,editting
من می خواستم 4 بطری سیب بخرم,buying
برای گرفتن راهنمایی مربوط به گشتیبانی محصول به کجا مراجعه بکنم؟,customer-service
لطفا سفارش شماره 127 را برای تاریخ 21/5/1400 ساعت 15 آماده کنید.,scheduling
می‌خواهم تخم مرغ خریداری شده با سفارش شماره 1885 در 1401/1/3 را به دلیل محصولات قدیمی و خراب و داغون هستند مرجوعی ثبت کنم.,returning
چه کارهایی می توانید انجام دهید؟,chitchat
می‌خواهم بدانم نان چه امتیازاتی نسبت به کالاهای مشابه دارد.,inquiring
کالاهایی که ارسال شده است بسیار آسیب دیده اند، لطفا تعویض کنید,returning
دستور پخت من نیاز به 14 گرم از تخم مرغ دارد، آیا موجود است؟,buying
میشه سفارش 2263 را پیگیری کنید.,tracking
میخواستم بدونم قیمت 7 بسته روغن زیتون چقدر میشه؟,inquiring
به طور تصادفی یک سفارش با شماره 895 ثبت کردم. لطفاً آن را لغو کنید.,deleting
چیکارا میتوانی کنی,chitchat
میخوام سفارش شماره 1499 رو که 6 روز پیش برای فرآورده گوشتی ثبت شده بود برگردونم چون بسته بندی ارسال خیلی بد بود.,returning
من می خواهم کرمی را که در سبد خریدم گذاشته ام حذف کنم زیرا نظرم تغییر کرده است.,editting
کیفیت برنج چجوری هست؟,inquiring
به جای 6 کیلو هویج لطفا 7 کیلو کاهو بهم بده,editting
آیا سفارش 1092 برای ارسال آماده شده است، یا هنوز در مرحله پیش‌ارسال معطل مانده است؟,tracking
ایا می توانم برای جزيیات محصول با اپل تماس بگیرم ؟,customer-service
خرید 1 روز پیش من به دلیل انتخاب نادرست باید حذف شود، لطفا اقدامات لازم را انجام دهید.,deleting
من شیر میخواستم,buying
لطفاً روغن سرخ کردنی را که در سبد خریدم است با روغن زیتون به‌روزرسانی کنید.,editting
من می خواهم یک دستور العمل جدید را امتحان کنم که شامل 11 کیک است.,buying
اجناسی که به فروش رساندم را ثبت سفارش و ارسال کن.,finishing
لطفاً فرایند پاک سفارش  1998 را آغاز کنید.,deleting
من این هفته فقط شنبه خونه هستم، لطفا سفارشم را در آن زمان ارسال کنید.,scheduling
میخواستم سفارشم رو ساعت 5 بفرستید.,scheduling
سفارش 875 را لغو کن.,deleting
به دلیل تخفیف ویژه ای که دیدم قصد دارم تخم مرغ را با کاهو جایگزین کنم.,editting
می خواهم سفارش 717 رو مرجوع کنم ,returning
من می‌خواهم یک دستور پخت جدید را امتحان کنم که به 5 بسته از پیاز نیاز دارد.,buying
آیا می توانید سفارش شماره 2022 را در 1 ساعت تحویل دهید؟,scheduling
من برای کباب کردن نیاز به 5 گرم از پنیر دارم,buying
آیا می توانید خرید من را دوشنبه تا ساعت 4 ارسال کنید؟,scheduling
آیا می‌توانم روغن زیتون را که پیش‌تر در سبد گذاشته‌ام با آبمیوه تعویض کنم؟,editting
خریدم تموم شد، لطفا همینارو نهایی کنید و قیمت کل رو بهم بگید.,finishing
آیا گوجه فرنگی در راستای پایداری و مسئولیت های اجتماعی شرکت تولیدکننده طراحی شده است؟,inquiring
پنیر را به اشتباه خریداری کرده‌ام، آیا می‌توانم آن را عودت بدهم؟,returning
آیا می توانم سیب زمینی هایی را که قبلاً در سبد گذاشته بودم با ماهی جایگزین کنم؟,editting
دلستر دارای تاییدیه‌ های بین‌المللی مانند FSSC است؟,inquiring
برای مهمانی لطفا سفارش شماره 2114 را تا تاریخ 12/7/1400 تحویل بگیرید.,scheduling
من مشتاقم تا دریابم آیا سفارش 811 ارسال شده است.,tracking
بهترین زمان برای برگشت دادن خرید هام کی هست؟,inquiring
من رژیم دارم و به 10 کیلو نوشابه کم چرب نیاز دارم.,buying
سفارش من را یکشنبه ساعت 9 ارسال کنید.,scheduling
می‌خواهم درک عمیق‌تری از خصوصیات بارز و منحصر به فرد پیاز کسب کنم.,inquiring
آیا می‌توانم پرتقال را که پیش‌تر در سبد گذاشته‌ام با پاستا تعویض کنم؟,editting
پاستا رو کنسل کن.,editting
می‌خواهم روغن زیتون را که در سبد خریدم قرار داده‌ام به دلیل تغییر نظرم حذف کنم.,editting
سفارش من را جمعه ساعت 1 ارسال کنید.,scheduling
سفارش شماره 24 ارسال شده است؟,tracking
روغن زیتون را از سبد خرید من حذف کنید,editting
شبت بخیر سلام,chitchat
کالاهایی که ارسال شده است بسیار آسیب دیده اند، لطفا مرجوع کنید,returning
می‌خواهم سیب را از سبد خریدم پاک کنم و به جای آن روغن سرخ کردنی اضافه نمایم.,editting
مقدار محصول مرغ را از 13 بطری به 8 بطری تغییر دهید.,editting
سفارشم را برای چهارشنبه بفرستید چون دیگر در خانه نیستم.,scheduling
سفارش من کاملا آسیب دیده رسید، من را به کارشناس مربوطه وصل کنید,customer-service
آیا درگاه پشتیبانی مشتری وجود دارد؟,customer-service
پیاز را با پیاز داخل سبد خریدم عوض کنید.,editting
میخواستم بدونم سفارشی که ثبت کردم تا یک شنبه به دستم میرسه یا نه؟,tracking
سفارش شماره 227 را به دلیل قدیمی بودن محصولات تعویض می کنم.,returning
خواهشمندم، زمان انتظار برای تکمیل تحویل سفارش 2027 چه موقع خواهد بود؟,tracking
می‌خواهم بدانم کیک چه امتیازاتی نسبت به کالاهای مشابه دارد.,inquiring
به 2 بسته از گوجه فرنگی نیاز دارم.,buying
5 بطری به من بده,buying
من می خواستم کل سفارشم را لغو کنم زیرا اندازه اشتباهی را انتخاب کردم,deleting
هویج گارانتی یا خدمات پس از فروش دارد؟,inquiring
آیا جعبه سورپرایز تخفیفی برای محصول روغن سرخ کردنی برای جشن گرفتن تخفیف های زمستانی دارید؟,inquiring
بدلیل بروز خطای ناخواسته به شماره 1252 ثبت گردید. لطفا آن را لغو کنید.,deleting
ایا می خواهم برای جزيیات محصول با پشتیبانی تماس بگیرم ؟,customer-service
آیا امکان تحویل سفارش شماره 1827 در روز دوشنبه وجود دارد؟,scheduling
من می خواهم برنج را از سفارشم حذف کنم.,editting
محصولی که دریافت کردم خرابه چه کار بکنم؟,inquiring
می‌خواهم از وضعیت فعلی سفارش شماره 1228 مطلع شوم.,tracking
میشه برام 11 شانه گوشت ثبت سفارش کنی.,buying
پشتیبانی برای ریشه یابی مشکلات شبکه یا اتصال وجود دارد ؟,customer-service
شب مهمونی داریم، نوشابه میخواستم.,buying
آیا شما خوشحال هستید؟,chitchat
سفارشم رو روز جمعه ساعت 1 ارسال کنید.,scheduling
پشیمان شدم لطفا سفارشم را حذف کن,deleting
از شما می خواهم زمان تحویل سفارش شماره 170 را برای تاریخ 18/11/1403 تعیین کنید.,scheduling
همه اقلام مورد نیازم را به سبد اضافه کرده ام ، لطفا مراحل بعدی برای تکمیل سفارش را بیان کنید.,finishing
خریدم رو مرجوع بزنید,returning
به دلیل تخفیف ویژه ای که دیدم قصد دارم سیر را با پنیر جایگزین کنم.,editting
تا درودی دیگر بدرود,chitchat
چگونه می توانم سوالات متداول بپرسم؟,inquiring
وضعیت سفارش شماره 235 چیست؟,tracking
ممنون میشم کمک کنید,chitchat
سیب که 10 روز پیش تحویل گرفته‌ام، نیاز به تعویض دارد و دوست داشتم که برای من آن ها را عودت بدهید.,returning
از شما درخواست دارم که سفارشم را کنسل نمایید، زیرا موجودی مالی به اندازه کافی ندارم.,deleting
من می خواهم به دلیل تغییر در رژیم غذایی، تخم مرغ را از سبد خرید حذف کنم.,editting
آیا بازبینی سفارش من به دلیل اینکه به طور کامل پردازش نشده است، مطابق دستورالعمل ها خواهد بود؟,inquiring
برای مهمانی که قرار است جشن بگیریم، سفارش من باید چهارشنبه ارسال شود.,scheduling
مقدار دلستر رو 1 کیلو کنید,editting
می‌خواهم سیب زمینی که در تاریخ 1403/11/15 خریداری کردم را برگشت بزنم.,returning
قصد تعویض گوجه فرنگی مربوط به سفارش شماره 1020 خریداری شده در تاریخ 1402/1/16 را دارم.,returning
من انتخاب های خود را انجام داده ام، چگونه می توانم سفارش خود را ثبت کنم؟,finishing
آیا می‌توانم روغن زیتون را که پیش‌تر در سبد گذاشته‌ام با رب تعویض کنم؟,editting
کمک میخوام کی میتونه منو کمک بکنه ؟,customer-service
هویج 14 عدد میخواستم بخرم,buying
سفارش شماره 328 من باید لغو شود زیرا پول کافی ندارم.,deleting
ایا ادرس ایمیل مشخصی برای انواع مختلف استعلام وجود دارد ؟,customer-service
باید سفارش 1337 رو مرجوع کنم ,returning
من قصد دارم سفارشم را دیلیت کنم، به خاطر دلایلی که می گم: پشیمان شدن از خرید.,deleting
آیا 8 لیتر از کیک دارید ؟,buying
از خریدی که روز سه شنبه داشتم پشیمان شدم، کنسل کنید.,deleting
مسئول میان‌وعده‌های مهمانی اداره هستم، به 3 کیلو از روغن زیتون میخواستم.,buying
دیگه چه خبر؟,chitchat
من دوست دارم خریدی را که به تازگی انجام داده ام خط بکشم و از خرید پشیمان هستم.,deleting
من به دنبال گزینه‌های گیاه‌خواری هستم، به ویژه 12 شانه از گوشت,buying
چگونه می توانم با پشتیبانی مایکروسافت تماس بگیرم ؟,customer-service
من به دنبال نان هستم، آیا آنها را در کیلوگرم حمل می کنید؟,buying
روز خوبی داشته باشید,chitchat
آیا امکان دریافت سفارش شماره 1037 در تاریخ 3/11/1401 وجود دارد؟,scheduling
1 شانه برنج به من بدهید,buying
آیا سفارش 943 آماده ارسال است یا هنوز در مرحله پیش ارسال است؟,tracking
اشتباه بود، به جای 7 بسته هویج، 10 بسته می خواستم.,editting
آیا سیب شما تازه است؟ من 11 کیلو میخوام,buying
آیا می توانید کاهو را از سفارش من لغو کنید؟,editting
لطفاً تعداد کره در سبد خریدم را از 9 به 5 تغییر دهید.,editting
باید حتما با یک شخص درباره مشکلم صحبت کنم,customer-service
کالایی که به دستم رسیده معیوب است، میخواستم که برگردونم,returning
تخم مرغ خریداری شده در تاریخ 10 معیوب است و من می خواهم آن را برگردانم.,returning
آیا می توانید مرا به یک فرد مسئول وصل کنید؟,customer-service
اجناسی را به اطلاع رساندم را ثبت سفارش و ارسال کن.,finishing
آیا می توانید توضیح دهید که چگونه کیک می تواند به بهبود رژیم غذایی و تناسب اندام برای ورزشکاران کمک کند؟,inquiring
به زودی میبینمت,chitchat
من می‌خواهم یک دستور پخت جدید را امتحان کنم که به 2 بطری از کیک نیاز دارد.,buying
برای مهمانی، لطفاً سفارش شماره 1574 را در 1402/2/2 تحویل دهید.,scheduling
پشیمون شدم سیب رو از سفارشم لغو کن,editting
من می خواهم چند خیار بچینم، 6.,buying
آیا تخفیفی برای خرید دلستر در روز دوشنبه وجود دارد؟,inquiring
من می خواهم از حراج هالووین استفاده کنم، پوشک بچه شامل تخفیف می شود؟,inquiring
من باید یک مورد را تغییر دهم - آیا سیاست پیش خرید سبدهای ویرایش را پوشش می دهد؟,inquiring
میشه کاهو رو از سفارشم کنسل کنی؟,editting
میخوام بدونم مرغ نسبت به کالاهای مشابه چه مزیتی داره؟,inquiring
می‌خواستم سیب زمینی را به سبد خریدم اضافه کنم، اما به نظر می‌رسد در لیست نیست لطفا اضافه کنید اون رو.,buying
قصد دارم کاهو را به دلیل تخفیف ویژه‌ای که دیدم با روغن زیتون تعویض کنم.,editting
سفارش من را قبل از ساعت 8 سه شنبه تحویل دهید,scheduling
شرایط مرجوع شدن کالا چیست؟,inquiring
به دلیل تغییر در رژیم غذایی، می خواهم گوشت را از سبد خرید حذف کنم.,editting
آیا امکان پیگیری سفارش شماره 1343 وجود دارد؟,tracking
سفارش من با شماره 144 باید دیلیت شود، چون پشیمان شدن از خرید.,deleting
خرید 3 روز پیشم باید به دلیل انتخاب نادرست حذف گردد، لطفاً اقدامات لازم را انجام دهید.,deleting
من می خواهم پنیری را که فراموش کرده ام به سبد خریدم اضافه کنم، آیا هنوز امکان پذیر است؟,buying
چقدر آبمیوه داری؟,inquiring
قیمت روز کیک رو میخوام بدونم میشه راهنمایی کنید؟,inquiring
میشه زمان تقریبی تحویل سفارش شماره 1243 رو بگید؟ من این سفارش را 2 روز پیش ثبت کردم,tracking
لطفا نام خود را به من بگویید,chitchat
می‌توانید رب را که به اشتباه به سبد اضافه شده است بردارید؟,editting
"به دلیل کالاها رو اشتباهی ارسال کردید, می‌خواهم کیک خریداری شده مورخ 1401/10/23 را پس بفرستم.",returning
آیا در صورت گم شدن بسته بندی اصلی می توانم کالایی را پس بدهم؟,inquiring
من منتظر تحویل سفارش شماره 1161 در اولین ساعت روز سه شنبه هستم.,scheduling
من به دنبال پیشنهادات ویژه برای مرغ هستم، آیا چیزی برای ارائه دارید؟,inquiring
می‌خواهم درک عمیق‌تری از خصوصیات بارز و منحصر به فرد کره کسب کنم.,inquiring
مراحل تایید و ثبت سفارش را می‌خواهم دنبال کنم، از کجا شروع کنم؟,inquiring
وضعیت سفارش شماره 1107 چگونه است؟,tracking
من می خواهم به روز رسانی در مرحله ای که سفارش 668 در آن است بشنوم. آخرین وضعیت سفارش چگونه است؟,tracking
من می خواهم خیار را که در سبد خریدم گذاشته ام لغو کنم زیرا نظرم تغییر کرده است.,editting
من قصد دارم سفارشم را دیلیت کنم، به خاطر دلایلی که می گم: اندازه اشتباهی انتخاب کردم.,deleting
من فقط شنبه این هفته در خانه هستم، لطفا سفارشم را ارسال کنید.,scheduling
خرید های من همینا بود لطفا برایم ارسال کنید.,finishing
من اشتباهی خریدم خیار خریداری شده در تاریخ 1303/5/16 را میخواهم برگردانم.,returning
سفارش من را ساعت 8 ارسال کنید.,scheduling
چگونه میتوانم سوالات رایج بپرسم؟,inquiring
می‌خواهم هویج را که در سبد خریدم قرار داده‌ام کنسل کنم.,editting
لطفا سفارش من را برگردانید چون کالای اشتباه فرستادی,returning
قیمت دلاستر در مقایسه با دلاستر چگونه است؟,inquiring
وضعیت سفارش شماره 1536 چیست؟,tracking
قصد دارم کره را با کاهو جایگزین کنم، لطفاً راهنمایی کنید.,editting
پوشک بچه که 13 روز پیش خریدم الان کجاست؟ پس کی ارسال میشه؟,tracking
تخم مرغی که با شماره سفارش 912 در تاریخ 13/8/1300 خریداری شده را میخواهم به دلیل اشتباه خریدم برگردانم.,returning
نوبت من است که شام بپزم، به موارد زیر نیاز دارم 2 عدد ازمرغ,buying
من باید با کسی در مورد مشکلم صحبت کنم,customer-service
ماکارونی مخصوصا 3 لیتری نیاز دارم.,buying
سفارش شماره 1552 برای شیر که 8 روز پیش تحویل گرفته‌ام، می‌خواهم برگردانم.,returning
آیا گوجه فرنگی در طیف وسیعی از مدل ها و طرح ها موجود است؟,inquiring
کالاهایی که ارسال شده است بسیار آسیب دیده اند، لطفا عوض کنید,returning
آیا پس از 14 بار مصرف باز هم امکان برگشت روغن زیتون وجود دارد؟ من چند روز پیش اجناسم را تحویل گرفتم اما به دلیل نظرم میخواهم برگردانم.,returning
برای مراسم تعطیلات تابستانی تخفیفی دارید؟,inquiring
من می‌خواهم یک دستور پخت جدید را امتحان کنم که به 11 عدد از کیک نیاز دارد.,buying
متوجه شدم که محصول ماهی آن چیزی نیست که من می خواهم، چگونه می توانم آن را برگردانم؟,returning
به کمک نیاز دارم,customer-service
آیا نان در رنگ‌های دیگری نیز موجود است؟,inquiring
لطفاً روند لغو سفارش 1953 را شروع کنید.,deleting
خدا حافظت باشه,chitchat
قیمت پنیر الان چنده؟,inquiring
ایا می توانم برای کمک در موارد مسايل مربوط به سفارشم از پشتیبانی تماس بگیرم ؟,customer-service
من می خواهم با پشتیبانی شما صحبت کنم,customer-service
می‌خواهم ماهی که در تاریخ 1403/2/29 خریداری کردم را پس بدهم.,returning
می‌خواهم خریدم را به دلیل توانایی مالی به اندازه کافی ندارم لغو کنم.,deleting
شغلتو بگو ببینم,chitchat
برای بودجه بندی باید قیمت دقیق نان را بدانم.,inquiring
در ارتباط با مشکلی که دارم باید با یک شخص مشورت کنم,customer-service
متأسفانه باید از شما بخواهم که خریدم را دیلیت کنید، زیرا از مکان دیگری میخواهم خرید کنم.,deleting
خرید های من همینا رو لطفا برایم ارسال کنید.,finishing
متأسفانه باید از شما بخواهم که خریدم را پاک کنید، زیرا آدرس اشتباهی وارد کردم.,deleting
من می خواهم مرغ را به صورت عمده بخرم، قیمت بهتری پیشنهاد می کنید؟,inquiring
نیاز دارم انبار آشپزخانه‌ام را با 5 تا از آبمیوه پر کنم.,buying
نان برام بفرستید .,buying
من میخواهم سفارش شماره 1552 شیری را که 8 روز پیش دریافت کردم برگردانم.,returning
سفارشم رو روز یک شنبه ساعت 11 ارسال کنید.,scheduling
آیا نوشابه در راستای پایداری و مسئولیت‌های اجتماعی شرکت تولید کننده طراحی شده است؟,inquiring
اشتباه شد، به جای 14 بسته پاستا من 8 بسته می خواستم.,editting
آیا می توانم اطلاعات موجودی و محصول سیب زمینی را بدانم؟,inquiring
نیاز به راهنمایی دارم چه کاری انجام بدهم؟,customer-service
میشه من رو به یک کارشناس متخصص تبدیل کنی ؟,customer-service
با توجه به بسته بندی، ارسال بسیار بد بود، ماست خریداری شده به تاریخ 15/3/1401 را می خواهم برگردانم.,returning
می‌خواهم از وضعیت فعلی سفارش شماره 450 مطلع شوم.,tracking
من را به یک متخصص وصل کنید,customer-service
می‌توانید سفارش شماره 461 را در ساعت 8 تحویل دهید؟,scheduling
برای گرفتن راهنمایی مربوط به گشتیبانی محصول به کجا سفر بکنم ؟,customer-service
برای دریافت راهنمایی در مورد نظارت بر محصول به کجا می توانم مراجعه کنم؟,customer-service
تحویل سریع چیست؟,inquiring
سفارش من را حذف کنید، من آن را 13 روز پیش ثبت کردم.,deleting
سفارشم را ثبت کرده و اعلام کنید چگونه باید خریدم را پرداخت کنم.,finishing
شما می توانید دستور 3 را دنبال کنید.,tracking
سفارش من را قبل از ساعت 7 روز دوشنبه تحویل دهید,scheduling
من می خواهم مرغی را که فراموش کرده ام به سبد خرید اضافه کنم.,buying
آیا امکان پس دادن شیر با سفارش شماره 305 پس از 12 استفاده هنوز وجود دارد؟,returning
برنجی که در تاریخ 12/6/1402 خریدم را میخواهم به عنوان مرجوعی ثبت نام کنم.,returning
روغن زیتون را از سفارش من لغو کنید,editting
لطفا سفارش شماره 1412 را برای تاریخ 4/10/1403 ساعت 14 آماده کنید.,scheduling
پاستا چطوره,inquiring
آیا امکان مرجوع کردن سیر بعد از 13 استفاده هنوز وجود دارد؟ من کالاهایم را چند روزه که دریافت کردم ولی به دلیل اشتباه خرید کردم میخواهم پس بدهم.,returning
برای مهمانی، لطفاً سفارش شماره 1022 را در 1401/7/11 تحویل دهید.,scheduling
سفارش من را ساعت 7 ارسال کنید.,scheduling
خودتو معرفی کن,chitchat
من رژیم دارم و نیاز به 1 بطری از پنیر کم‌چرب دارم.,buying
دلستر که 6 روز پیش خریدم الان کجاست؟ پس کی ارسال میشه؟,tracking
لطفا من رو به کارشناس متصل کم,customer-service
اگر از کیفیت محصول راضی نباشم چه؟,inquiring
گارانتی محصول شامل چه مواردی می شود؟ چگونه می توانم از خدمات گارانتی استفاده کنم؟,inquiring
آیا روغن سرخ کردنی گارانتی یا خدمات پس از فروش دارد؟,inquiring
خریدم رو برگشت کنید,returning
من علاقه مند به برنامه ریزی برای تحویل سفارش شماره 1143 برای تاریخ 9/7/1401 هستم.,scheduling
چه مدت می توانم محصول را برگردانم؟,inquiring
بعد بهش 5 بده,buying
اطلاعات بیشتری از پاستا هاتون میخوام بدونم.,inquiring
اشتباه شد، به جای 4 کیلو نان من 12 کیلو می خواستم.,editting
نیاز دارم سفارش 918 که روز پنج شنبه را حذف کنید.,deleting
آیا امکان دریافت سفارش شماره 623 در تاریخ 3/2/1403 وجود دارد؟,scheduling
آیا می توانم آبمیوه ای را که 7 روز پیش خریده ام برگردانم؟,returning
چگونه با پشتیبانی مشتری تماس بگیرم؟,customer-service
ماست چه تفاوت‌هایی با ماست دارد؟,inquiring
وضعیت سفارش شماره 905 چگونه است؟,tracking
آیا می توانید روغن زیتونی را که در حال حاضر به آن نیاز ندارم از سبد خریدم حذف کنید؟,editting
ایا خط تلفن پشتیبانی برای مواقع اضطراری کاربرد دارد ؟,customer-service
ما یک شب مهمانی داریم، من شیر می خواستم.,buying
اشتباه کردم، می‌توانید سفارش 935 را بردارید؟,deleting
انتخاب های خود را انجام داده ام ، چگونه میتوانم ان را ثبت کنم ؟,finishing
آیا سفارش شماره 1128 ارسال شده است؟,tracking
درخواست حذف سفارش شماره 1939 دارم چون اشتباه ثبت کردم.,deleting
می خواهم بدانم راب چه مزیت هایی نسبت به محصولات مشابه دارد.,inquiring
آیا می توانم پاستا را که قبلاً در سبد گذاشته بودم با سیب جایگزین کنم؟,editting
برای مهمانی لطفا سفارش شماره 1508 را در تاریخ 1401/6/10 تحویل دهید.,scheduling
آیا می توانم هویجی را که 13 روز پیش خریده ام برگردانم؟,returning
موجودی سیر هاتون چقدر است؟,inquiring
میشه به جای پیاز بهم 4 لیتر پوشک بچه بدی؟,editting
آیا سفارش 941 در حال حاضر در مسیر مقصد قرار دارد؟,tracking
میخواهم با شما کارشناس صحبت کنم,customer-service
می‌خواهم بدانم سفارش شماره 1495 در کدام مرحله از فرآیند قرار دارد.,tracking
می‌خواهم بدانم مرغ چه امتیازاتی نسبت به کالاهای مشابه دارد.,inquiring
ایا می توانم برای کمک در موارد مسايل مالی به سفارشم با پشتیبانی تماس بگیرم ؟,customer-service
یا تخفیفی برای خرید عمده دارید؟ به 12 بسته از پاستا علاقه‌مندم.,buying
محصول شیر را از سفارش من حذف کنید,editting
سفارش شماره 697 را به دلیل از خریدم پشیمون شدم می‌خواهم تعویض کنم.,returning
آیا شیر شما تازه است؟ من 13 گرم می خواهم.,buying
من خرید داشتم,buying
لطفا روغن سرخ کردنی را در سبد خرید من با روغن زیتون به روز کنید.,editting
آیا می‌ توانید سفارشم را قبل از ساعت 9 روز پنج شنبه تحویل دهید؟,scheduling
من میزبان یک مهمانی بزرگ هستم و به 10 بسته از شیر نیاز دارم.,buying
به دلیل بسته بندی، ارسال بسیار بد بود، می خواهم ماکارونی خریداری شده در تاریخ 1402/1/26 را برگردانم.,returning
من به 9 شانه نوشابه علاقه دارم.,buying
لطفا به جای 6 بطری گوشت، 6 بطری هویج بدهید.,editting
من قصد دارم سیر مربوط به سفارش شماره 345 را که در 1402/5/18 خریداری شده را برگشت بزنم.,returning
میشه پیگیری کنید ببینید سفارش من دقیقا کجا هست. شماره سفارشم: 995,tracking
آیا خرید پیاز بیش از 2 بسته تخفیف دارد؟,inquiring
سفارش شماره 1196 برای ما که 8 روز پیش دریافت کردم می خواهم آن را برگردانم.,returning
من به دنبال گزینه های گیاهی هستم، به خصوص کیک 8 کیلوگرمی,buying
سفارش من را قبل از ساعت 9 روز چهارشنبه تحویل دهید,scheduling
خرید من را حذف کنید,deleting
خیلی زحمت کشیدی,chitchat
آیا منابع پشتیبانی مشتری برای عیب یابی مشکلات رایج وجود دارد؟,customer-service
خواهشمندم، زمان انتظار برای تکمیل تحویل سفارش 2326 چه موقع خواهد بود؟,tracking
آیا امکان تحویل سفارش 2195 در روز شنبه وجود دارد؟,scheduling
از شما می خواهم این موارد را برای من ارسال کنید,finishing
چجوریه؟ پاستا,inquiring
آیا می توانم کالایی را در صورت استفاده از آن اما هنوز در شرایط خوبی برگردانم؟,inquiring
محصول دلاستر را از سفارش من حذف کنید,editting
میخواستم بدونم آیا 13 عدد خیار موجود هست؟,inquiring
محصول گوشت را از سفارشم پاک کن,editting
خریدم رو لغو کنید,deleting
لطفاً گوشت را که به تازگی به سبد اضافه شده است با کره جایگزین نمایید.,editting
میشه قیمت سیب رو بدونم؟,inquiring
لطفا سفارش من را جایگزین کنید با توجه به محصولات ارسالی با سفارشی که داشتم مغایرت دارد,returning
خریدم تموم شد ، لطفا همینارو نهایی کنید و قیمت نهایی رو بهم بگید.,finishing
من می خواهم سفارش 717 را برگردانم,returning
من مشتاقم تا دریابم آیا سفارش 308 ارسال شده است.,tracking
میخواستم کل سفارشم را کنسل کنم چون جای دیگری قیمت بهتری پیدا کردم,deleting
می‌توانید سفارشم را پاک کنید؟ تغییرات برنامه‌ریزی داشتم.,deleting
می‌خواهم زمان تحویل سفارش شماره 685 را برای 1400/12/28 تنظیم کنید.,scheduling
باید حتما با یک روانشناس درباره مشکلم صحبت کنم,customer-service
با سلام، آیا می‌توانید سفارشم را که به تازگی ثبت شده است، دیلیت نمایید؟,deleting
کره برام بفرستید .,buying
آیا 12 شانه از سیب دارید ؟,buying
ایا می توانم وضعیت حق پشتیبانی مشتری خود را پیگیری کنم ؟,customer-service
آیا سفارش 1239 در حال حاضر در راه است؟,tracking
من رو به مرحله بعدی ببرید چون خریدهایی که داشتم تموم شد.,finishing
قصد دارم پنیر را با گوجه فرنگی جایگزین کنم، لطفاً راهنمایی کنید.,editting
به دلیل تغییر در برنامه غذایی من می خواهم سیر را از سبد خرید حذف کنم.,editting
نیاز دارم سفارش 83 که روز سه شنبه را پاک کنید.,deleting
لطفا سفارش من را برگردونید. من این کالاها کالاها رو اشتباهی ارسال کردید رو نمیخوام.,returning
"به دلیل از خریدم پشیمون شدم, می‌خواهم کیک خریداری شده مورخ 1402/12/28 را برگردونم.",returning
باید با پشتیبانی محصول صحبت کنم، سفارشم اشتباه ارسال شده است.,customer-service
خوبید شما؟,chitchat
سبد خریدم کامل است ، لطفا نحوه پرداخت را توضیح دهید.,finishing
آیا می توانم اقلام سبد خرید خود را قبل از نهایی کردن کامل تراکنش تغییر دهم؟,inquiring
درخواست تعویض سفارش 1964 رو دارم .,returning
من می خواهم در مورد فلسفه تولید و زنجیره تامین نوشابه بیاموزم.,inquiring
محصولی که دریافت کردم معیوب است، می خواستم آن را پس بدهم,returning
میخواستم بدونم سفارشی که دادم تا شنبه به دستم میرسه یا نه؟,tracking
آیا هویج با استانداردهای FSSC مطابقت دارد و آیا برای مصارف افراد دیابیتی تایید شده است؟,inquiring
من می خواهم به روز رسانی ها را در مرحله ای که سفارش 1299 در آن است دریافت کنم. آخرین وضعیت سفارش چگونه است؟,tracking
من برای کباب کردن نیاز به 10 تا از دلستر دارم,buying
خریدی داشتم.,buying
بررسی کنید تا ببینید سفارش 1120 کجاست؟,tracking
من تصادفاً با شماره 538 سفارش دادم. لطفاً آن را حذف کنید.,deleting
متأسفانه باید از شما خواهش کنم که خرید من را حذف کنید زیرا آن را اشتباه وارد کردم.,deleting
چه کاری می توانی انجام بدهی؟,chitchat
می تونم اسم شما را بدونم,chitchat
سیب های شما در چه کشوری تولید می شوند؟,inquiring
کالاهایم را برای ساعت 4 روز پنج شنبه برنامه ریزی کنید.,scheduling
ایا تیم پشتیبانی مشتری اختصاصی برای مسايل مختلف وجود دارد ؟,customer-service
ایا ادرس اینترنتی خاصی برای انواع مختلف استعلام وجود دارد ؟,customer-service
ممنونم ازت دمت گرم,chitchat
لطفاً سفارش من با شماره 2181 را دیلیت کنید.,deleting
میشه از موجودی و اطلاعات محصول پیاز مطلع شوم؟,inquiring
پس از ثبت سفارش 418 در 1403/3/19، کنجکاوم که پیشرفت آن چگونه است. آخرین گزارش چیست؟,tracking
من باید سفارش 918 را در روز پنجشنبه حذف کنم.,deleting
میخواستم سفارشم رو عوض بزنم به دلیل محصولات قدیمی و خراب و داغون هستند,returning
دلستر را به اشتباه خریداری کرده‌ام، آیا می‌توانم آن را برگردونم؟,returning
آیا شماره سفارش 1811 ارسال شده است؟,tracking
کاهو رو موجود دارید؟ ,inquiring
حالتان خوب است؟,chitchat
پشتیبانی برای عیب یابی مشکلات شبکه و اتصال وجود دارد ؟,customer-service
من باید سفارش 1682 را در روز پنجشنبه حذف کنم.,deleting
آیا سفارش شماره 801 که شامل پنیر است آماده ارسال است؟,tracking
می‌خواهم بدانم سفارش شماره 1271 در چه مرحله‌ای است.,tracking
آیا سفارش 397 آماده ارسال است یا هنوز در مرحله پیش ارسال است؟,tracking
8 شانه از نوشابه میخواستم .,buying
لطفا تعداد سیب زمینی های موجود در سبد خرید من را از 12 به 5 تغییر دهید.,editting
آیا سفارش شماره 961 ارسال شده است؟,tracking
آیا سفارش شماره 1623 شامل دلستر آماده ارسال است؟,tracking
سبد خریدم.,finishing
اصل لطفا,chitchat
دلیل این همه تاخیر چیست؟ الان دقیقا سیب زمینی من در چه وضعیتی است؟,tracking
به دنبال آگاهی در مورد وضعیت فعلی سفارش با شناسه 1505 هستم.,tracking
گوجه فرنگی که در 10 خریداری شده بود، معیوب است و می‌خواهم آن را مرجوعی ثبت کنم.,returning
آیا سفارش 525 برای ارسال آماده شده است، یا هنوز در مرحله پیش‌ارسال معطل مانده است؟,tracking
من به خیار محلی علاقه‌ مندم، می‌توانم 12 عدد از آن‌ها را بگیرم؟,buying
برای مهمانی لطفا سفارش شماره 173 را تا تاریخ 11/6/1400 تحویل بگیرید.,scheduling
خمیری که 6 روز پیش به دستم رسید نیاز به تعویض دارد و خواهش می کنم آنها را برای من برگردانید.,returning
من می خواهم پاستا را از سفارشم حذف کنم.,editting
پرتقال هاتون ساخت چه کشوری هست؟,inquiring
می‌خواهم سیب را از سبد خریدم دیلیت کنم و به جای آن نوشابه اضافه نمایم.,editting
روغن زیتون هاتون ساخت چه کشوری هست؟,inquiring
مقدار شیر رو 5 کیلو کنید,editting
میخواهم سیب زمینی را از سفارشم پاک کنم.,editting
قیمت نوشابه نسبت به نوشابه چگونه است؟,inquiring
آیا برای مشتریان دائمی مانند من، تخفیف خاصی برای روغن سرخ کردنی در نظر گرفته‌اید؟,inquiring
آیا شماره سفارش 1766 ارسال شده است؟,tracking
میتونم اسمتو بپرسم,chitchat
خریدی را که روز جمعه انجام دادم لغو کنید.,deleting
می‌خواهم تخم مرغ را به دلیل تغییر در برنامه غذایی‌ام از سبد خرید حذف کنم.,editting
آیا می توانید سفارش من را قبل از ساعت 4 روز پنجشنبه تحویل دهید؟,scheduling
رب برام بفرستید .,buying
میشه سفارشم رو عوض کنید؟ چون محصولات قدیمی و خراب و داغون هستند,returning
دستور پخت من 11 پرتقال می خواهد، آیا آنها موجود هستند؟,buying
آیا می توانید تا 5 عدد تخم مرغ را بسته بندی کنید و برای من بفرستید؟,buying
می‌توانید توضیح دهید که چگونه کیک می‌تواند به بهبود رژیمی بودن و مخصوص ورزشکاران کمک کند؟,inquiring
قصد دارم کیک را با روغن سرخ کردنی جایگزین کنم، لطفاً راهنمایی کنید.,editting
آیا می توانم وضعیت درخواست پشتیبانی مشتری خود را پیگیری کنم؟,customer-service
چه کار میکنی؟,chitchat
شب مهمونی داریم، گوجه فرنگی میخواستم.,buying
من مشتاقم بدانم آیا سفارش 1526 ارسال شده است یا خیر.,tracking
میزان مواد شیمیایی که در کیک به کار رفته چقدر است؟,inquiring
من رژیم دارم و به 7 کیلو آب میوه کم چرب نیاز دارم.,buying
می‌خواهم سفارش شماره 2283 را برای تحویل در روز سه شنبه تنظیم کنم.,scheduling
به دلیل تخفیف ویژه ای که دیدم قصد دارم پرتقال را جایگزین هویج کنم.,editting
آیا ماهی را می توان با ماهی ترکیب کرد؟,inquiring
خداوند شما را حفظ کند,chitchat
پودر لباسشوییم تموم شده برام پنیر بفرست,buying
سفارشم را برای روز دوشنبه ارسال کنید چون وقت دیگر خونه نیستم.,scheduling
حذف سفارش شماره 95,deleting
لطفا سفارش من را تا چهارشنبه ارسال کنید.,scheduling
آیا می توانم برای سفارش خود زمان تحویل مشخصی درخواست کنم؟,inquiring
شغل شما اینجا چیست و چه کار می کنید؟,chitchat
سیب را به سبد خرید من اضافه کنید.,buying
میخواستم کل سفارشم را پاک کنم چون محصول مورد نظر را در جای دیگری یافتم,deleting
آیا می توانید سیری را که به اشتباه به سبد اضافه شده است بردارید؟,editting
باید با پشتیبانی سفارشات صحبت کنم,customer-service
با تشکر,chitchat
من میخواهم گوجه فرنگی را به صورت عمده بخرم، قیمت بهتری پیشنهاد میکنید؟,inquiring
خستهت کردم دستت درد نکنه,chitchat
درخواست دیلیت سفارش با شماره  2030 را دارم، چرا که اندازه اشتباهی انتخاب کردم.,deleting
آیا پشتیبانی مشتری موجود است؟,customer-service
آیا می‌توانم در مورد زمان تقریبی رسیدن بسته‌ام با کد پیگیری 1900 جویا شوم؟,tracking
سیب رو از سفارشم کنسل کن,editting
من به کمک نیاز دارم,customer-service
پشیمان شدم لطفا سفارشم را کنسل کن,deleting
سفارشمو ساعت 8 بفرستید .,scheduling
من به کمک نیاز دارم، باید چه کار کنم؟,customer-service
لطفاً سفارش من با شماره 1077 را پاک کنید.,deleting
سفارشم رو روز چهارشنبه ساعت 7 ارسال کنید.,scheduling
من رژیم دارم و به 3 عدد سیب زمینی کم چرب نیاز دارم.,buying
منتظر تحویل سفارش شماره 803 در اولین ساعت پنج شنبه هستم.,scheduling
روزت بخیر,chitchat
میشه این اجناسی که گفتم رو برای من تهیه کنی و بفرستی,finishing
انتخاب های خود را انجام داده ام ، چگونه میتوانم سفارشم را ثبت نمایم ؟,finishing
لطفا ماهی در سبد خرید من را با آب میوه به روز کنید.,editting
ممنون,chitchat
میشه سفارش 1050 را پیگیری کنید.,tracking
چگونه می توانم از شما تشکر کنم؟,chitchat
نظراتتان را ثبت کنید,finishing
تمامی اقلام مورد نظرم را خریداری کردهام.,finishing
لطف کردی,chitchat
سفارش من را برای دوشنبه ارسال کنید زیرا من دیگر در خانه نیستم.,scheduling
به جای 8 تا پنیر لطفا 8 تا آبمیوه بدهید.,editting
درخواست مرجوع سفارش 1781 رو دارم .,returning
آیا سفارش 1740 در حال حاضر در مسیر مقصد قرار دارد؟,tracking
آیا می توانم 11 کیلو ماهی رزرو کنم؟,buying
من به کاهوی محلی علاقه مند هستم، آیا می توانم 9 عدد از آن را داشته باشم؟,buying
سفارش شماره 371 برای پوشک بچه خریداری شده در روز جمعه مطابق انتظار نبود، می خواهم آن را برگردانم.,returning
آیا سفارش 379 آماده ارسال است یا هنوز در انتظار ارسال است؟,tracking
آیا سیب زمینی دارای تاییدیه های بین المللی مانند SQF است؟,inquiring
لطفا سیب را در سبد خرید من با پوشک بچه به روز کنید.,editting
آیا سفارش شماره 24 ارسال شده است؟,tracking
ماست رو به سبد خریدم اضافه کنید.,buying
چجوری ازت تشکر کنم,chitchat
شماره سفارش 1519 را که محصول سیب زمینی را در تاریخ 5/2/1403 خریدم را می خواهم برگردانم.,returning
محصول روغن زیتون را از سفارش من حذف کنید,editting
چطوری عزیزم,chitchat
درخواست تغییر سفارش شماره 334 دارم.,returning
من می خواهم سفارش شماره 2277 را برای ربی که 7 روز پیش دریافت کردم تغییر دهم.,returning
من ممکن است نیاز به تعویض یک مورد داشته باشم، آیا هنوز هم می توان سبد خرید نهایی نشده را تغییر داد؟,inquiring
پس چرا سفارش من نمی رسد؟ باید تا پنجشنبه به من تحویل بدی,tracking
آیا می توانید سفارش شماره 879 را ساعت 3 تحویل دهید؟,scheduling
آیا سفارش شماره 1707 در راه است؟,tracking
لطفا تعداد گوجه فرنگی های موجود در سبد خرید من را از 9 به 9 تغییر دهید.,editting
سفارشم را پاک کنید، 9 روز پیش ثبت کرده بودم.,deleting
من می خواهم سفارش شماره 111 را برگردانم زیرا این محصول را دوست نداشتم.,returning
من به دنبال اطلاع از وضعیت فعلی سفارش با شناسه 1049 هستم.,tracking
آیا می‌توانم خیار را که 3 روز پیش خریده‌ام، برگشت بزنم؟,returning
مرسی,chitchat
2 بسته گوجه فرنگی نیاز دارم.,buying
ارسال سفارش من در تاریخ 1403/07/26,scheduling
مقدار محصول مرغ را از 13 بطری به 8 بطری تغییر بدهید.,editting
بدلیل بروز خطای ناخواسته به شماره 445 ثبت گردید. لطفا آن را حذف کنید.,deleting
عدد 9 پاستا برام کنار بگذارید,buying
لیست هایی که گفتم رو برای من ثبت کن,finishing
آیا سفارش شماره 796 که شامل ماهی بود آماده ارسال شده است؟,tracking
می خواستم سفارشم را پس بدهم چون نظرم عوض شد,returning
می‌توانید سفارش شماره 1360 را در ساعت 7 تحویل دهید؟,scheduling
آیا سفارش شماره 942 که شامل پاستا بود آماده ارسال شده است؟,tracking
سفارشم تموم شد. همینارو میخوام.,finishing
میخواستم قیمت محصولات مقابل رو بدونم: 2 بسته ماست و 2 بسته ماست,inquiring
آیا سفارش شماره 2006 که شامل نان بود آماده ارسال شده است؟,tracking
من علاقه‌مند به برنامه‌ریزی تحویل سفارش شماره 215 برای تاریخ 1401/3/18 هستم.,scheduling
حذف سفارش شماره 1420,deleting
کاری که شما میکنید چیست؟,chitchat
پنیر میخواستم .,buying
شب مهمونی داریم، شیر میخواستم.,buying
سفارشم را در تاریخ 1401/8/1 بفرستید,scheduling
من رژیم دارم و به 14 کیلوگرم پوشک بچه کم چرب نیاز دارم.,buying
آیا امکان پیگیری سفارش شماره 1047 وجود دارد؟,tracking
سفارش من را برای سه شنبه ارسال کنید زیرا من دیگر در خانه نیستم.,scheduling
آیا می توانم 12 کره را برای خرید هفتگی خود رزرو کنم؟,buying
سفارش شماره 2334 را به اشتباه خریداری کرده‌ام، چگونه می‌توانم آن را مرجوعی ثبت کنم؟,returning
آیا می توانم سفارش شماره 1852 را برای تحویل در 5 رزرو کنم؟,scheduling
می‌خواهم یک وعده غذایی قورمه سبزی آماده کنم، به 9 گرم از کره درجه یک نیاز دارم.,buying
آیا می‌توانم سفارش شماره 1700 را برای تحویل در ساعت 2 رزرو کنم؟,scheduling
می‌توانید بیان کنید که دلستر چگونه از نظر فنی از دلستر برتری دارد؟,inquiring
به چه اسمی صدات کنم؟,chitchat
"به دلیل بسته بندی ارسال بسیار بد بود, می‌خواهم ماست خریداری شده مورخ 1401/3/15 را مرجوع کنم.",returning
آیا می توانید ماکارونی را که در حال حاضر به آن نیاز ندارم از سبد خریدم حذف کنید؟,editting
درخواست مرجوع سفارش شماره 59 رو دارم.,returning
میخواستم بدونم سفارشی که ثبت کردم تا جمعه به دستم میرسه یا نه؟,tracking
تو به من لطف کردی,chitchat
سفارشمو ساعت 9 بفرستید.,scheduling
من میخوام رب رو به صورت عمده بخرم قیمت بهتری پیشنهاد میکنید؟,inquiring
پس 8 گرم بدهید,buying
سفارشمو ساعت 5 بفرستید .,scheduling
کالاهای من را برای ساعت 2 روز جمعه برنامه ریزی کنید.,scheduling
میشه از تخم مرغ 1 شانه بفرستی؟,editting
من رژیم دارم و نیاز به 3 تا از سیب زمینی کم‌چرب دارم.,buying
۱۱ گرم شیر برای من بگذارید,buying
آیا امکان دریافت سفارش شماره 2309 در تاریخ 25/1/1401 وجود دارد؟,scheduling
سفارش شماره 1196 برای ماست که 8 روز پیش تحویل گرفته‌ام، می‌خواهم برگردانم.,returning
من می خواهم چند عدد سیب زمینی، 14 شانه انتخاب کنم.,buying
وضعیت سفارش شماره 2285 چیست؟,tracking
اشتباه بود به جای 2 تا جوجه 12 تا می خواستم.,editting
درخواست لغو سفارش با شماره  650 را دارم، چرا که اشتباه ثبت کردم.,deleting
چگونه می توانم سفارش خود را لغو کنم؟,inquiring
آیا می توانید سیب را از سفارش من حذف کنید؟,editting
می توانم یک تماس از طرف پشتیبانی مشتری داشته باشم؟,customer-service
آیا می توانید برای من تا 5 از تخم مرغ را بسته بندی کنید و برای من بفرستید؟,buying
همه موارد مورد نیازم را به سبد اضافه کرده ام، لطفاً مراحل بعدی برای تکمیل سفارش را بیان کنید.,finishing
خرید های من همینا! لطفا برایم ارسال کنید.,finishing
سفارش من را حذف کنید، من آن را 7 روز پیش ثبت کردم.,deleting
موجودی روغن زیتون شما چقدر است؟,inquiring
ثبت سفارش!,finishing
میخوام با پشتیبانیتون حرف بزنم,customer-service
آیا فروشگاه شما شرایط خرید اقساطی را دارد؟,inquiring
سفارشم را قبل از ساعت 2 روز چهارشنبه تحویل دهید ,scheduling
قبل از تکمیل سفارش، می خواهم نان را از سبد خرید خود حذف کنم.,editting
متوجه شدم محصول سیب زمینی آن چیزی نیست که من می خواهم، چگونه می توانم آن را برگردانم؟,returning
نیاز دارم سفارش 1146 که روز چهارشنبه را دیلیت کنید.,deleting
خرید 10 روز پیشم باید به دلیل انتخاب نادرست دیلیت گردد، لطفاً اقدامات لازم را انجام دهید.,deleting
من را به مرحله پرداخت ببرید زیرا خریدهای من تمام شده است.,finishing
میخواستم خریدم ساعت 2 فرستاده بشود.,scheduling
سبد خریدم کامل است ، لطفا مراحل پرداخت رو توضیح دهید.,finishing
به جای 5 لیتر مرغ لطفا 11 لیتر مرغ بکنیدش,editting
آیا امکان پیگیری سفارش شماره 292 وجود دارد؟,tracking
می‌توانید سفارشم را کنسل کنید؟ محصول مورد نظر را در جای دیگری یافتم.,deleting
اشتباه شد، به جای 8 گرم کره من 12 گرم می خواستم.,editting
سفارش شماره 5 برای گوجه فرنگی که 13 روز پیش تحویل گرفته‌ام، می‌خواهم بازگردانم.,returning
از خریدی که روز دوشنبه داشتم پشیمان شدم، پاک کنید.,deleting
کالایی که تحویل گرفتم معیوب است میخواستم تعویض کنم,returning
بدلیل بروز خطای ناخواسته به شماره 1521 ثبت گردید. لطفا آن را حذف کنید.,deleting
من به دنبال اطلاع از وضعیت فعلی سفارش با شناسه 1505 هستم.,tracking
سفارش من را در تاریخ 7/5/1400 ارسال کنید,scheduling
می‌خواهم برنج را که در سبد خریدم قرار داده‌ام به دلیل تغییر نظرم کنسل کنم.,editting
سفارشمو ساعت 2 بفرستید.,scheduling
ماهی رو لغو کن.,editting
سیب رو به سبد خریدم اضافه کنید.,buying
شغلتون چیه؟,chitchat
قبل از تکمیل سفارش، می خواهم خمیر را از سبد خرید خود لغو کنم.,editting
من اشتباه کردم، می توانید سفارش 935 را تحویل بگیرید؟,deleting
گرم 11 شیر برام کنار بگذارید,buying
من می خواهم سفارش خود را حذف کنم,deleting
از گوشت بگو,inquiring
درود,chitchat
دلستر رو موجود دارید؟ ,inquiring
میشه به جای ماهی به من ماست بدی؟,editting
کیفیت دلستر چگونه است؟,inquiring
می‌خواهم پنیر را که فراموش کرده بودم به سبد خریدم اضافه کنم، آیا هنوز ممکن است؟,buying
قصد دارم پیاز را با مرغ جایگزین کنم، لطفاً راهنمایی کنید.,editting
با توجه به اتمام تاریخ انقضای کالای ارسالی، میخواهم کاهوی خریداری شده در تاریخ 24/3/1402 را برگردانم.,returning
آیا می توانید بسته را به آدرس دیگری ارسال کنید؟,inquiring
چه مدت می توانم کالای خود را برگردانم؟,inquiring
11 کیلو روغن مخصوص سرخ کردنی نیاز دارم.,buying
ایا می توانم با پشتیبانی مشتری تماس بگیرم ؟,customer-service
می‌خواهم خیار را که فراموش کرده بودم به سبد خریدم اضافه کنم، آیا هنوز ممکن است؟,buying
سفارش شماره 1724 را به اشتباه خریداری کرده‌ام، چگونه می‌توانم آن را بازگردانم؟,returning
رب که 6 روز پیش تحویل گرفته‌ام، نیاز به تعویض دارد و دوست داشتم که برای من آن ها را مرجوع بدهید.,returning
یکم از کالا کاهو بهم بگو,inquiring
وضعیت سفارش شماره 1465 چگونه است؟,tracking
ایا می توانم برای سوالات مربوط به بازگشت کالا و پشتیبانی تماس بگیرم ؟,customer-service
چیزی که به اطلاع رساندم را ثبت سفارش و ارسال کن.,finishing
پشیمانم، شیره را از سفارشم حذف کن,editting
من رژیم دارم و به 10 بطری پاستا کم چرب نیاز دارم.,buying
لطفا زمان انتظار برای تکمیل تحویل سفارش 2088 چه زمانی خواهد بود؟,tracking
میشه خریدم رو روز دوشنبه تا ساعت 1 بفرستید؟,scheduling
متأسفانه باید از شما بخواهم که خریدم را لغو کنید، زیرا اندازه اشتباهی انتخاب کردم.,deleting
میشه از موجودی و اطلاعات محصول نان مطلع شوم؟,inquiring
سفارش شماره 2176 که 11 روز پیش برای محصول تخم مرغ ثبت شده بود را می‌خواهم تعویض کنم چون دوست نداشتم این محصول رو.,returning
آیا می توانم برای سوالات مربوط به بازگشت کالا با پشتیبانی تماس بگیرم؟,customer-service
به جای 1 بطری دلستر لطفا 1 بطری نوشابه بدهید.,editting
خریدم رو تعویض بزنید,returning
مرسی خوب شد صحبت کردیم,chitchat
آیا امکان دارد سفارش شماره 1037 را در 1401/11/3 تحویل بگیرم؟,scheduling
ایا می توانم این درخواست پشتیبانی مشتری خود را پیگیری کنم ؟,customer-service
آیا خرید سیب زمینی چهارشنبه تخفیف دارد؟,inquiring
من گوشت میخواستم,buying
می‌توانید سفارشم را حذف کنید؟ دیگر به آن احتیاجی ندارم.,deleting
چون این محصول را دوست نداشتم تصمیم گرفتم سفارش شماره 1545 را پس بدهم.,returning
شماره سفارش 1724 را اشتباهی خریدم، چگونه آن را برگردانم؟,returning
آیا می‌ توانید سفارشم را قبل از ساعت 7 روز پنج شنبه تحویل دهید؟,scheduling
پس از ثبت سفارش 537 در 1402/4/3، کنجکاوم که پیشرفت آن چگونه است. آخرین گزارش چیست؟,tracking
آیا می توانم خرید خود را اصلاح کنم زیرا ارسال یا تکمیل نشده است؟,inquiring
می‌خواستم تأیید کنم که آیا اصلاح موارد سبد خرید من در حال حاضر یک قابلیت در دسترس است یا خیر.,inquiring
آیا برای بازگشت کالا باید مدارکی ارائه کنم؟,inquiring
درخواست حذف سفارش شماره 2030 دارم چون سایز رو اشتباه انتخاب کردم.,deleting
رب 1 لیتر رو به سبد خریدم بیافزونید,buying
پیاز را با پیاز در سبد خریدم عوض کن.,editting
آیا می توانید برنجی را که به اشتباه به سبد خرید اضافه شده است بردارید؟,editting
میشه زمان تقریبی تحویل سفارش شماره 1310 رو بگید؟ من این سفارش را 14 روز پیش ثبت کردم,tracking
من می خواهم 1 نوشابه را دریافت کنم.,buying
می‌خواهم سفارش شماره 198 را برای تحویل در روز شنبه تنظیم کنم.,scheduling
تخم مرغ را از سبد خریدم پاک کن,editting
سفارشم به دستم رسید الان، اما به خاطر جنس هایی فرستادید خراب بودند میخواهم سفارشم رو عوض بزنید,returning
من می خواستم کل سفارشم را لغو کنم زیرا آن را دوست ندارم,deleting
تمایل دارم از به‌روزرسانی‌های مربوط به مرحله‌ای که سفارش 1299 در آن قرار دارد مطلع شوم. آخرین وضعیت سفارش چیست؟,tracking
میخواستم کل سفارشم را کنسل کنم چون به دردم نمیخوره,deleting
سیب را از سفارش من حذف کنید,editting
نیاز دارم سفارش 1626 که روز دوشنبه را لغو کنید.,deleting
لطفاً برنجی که به تازگی به سبد اضافه شده است را با ماست جایگزین کنید.,editting
برای مشتریان همیشگی مثل من تخفیف ویژه ای روی روغن سرخ کردنی دارید؟,inquiring
من می خواهم خرید خود را لغو کنم زیرا کالای مورد نظر را در جای دیگری پیدا کردم.,deleting
من می خواهم به شماره سفارش 1841 که محصول ماکارونی را در تاریخ 12/4/1401 خریده ام برگردانم.,returning
آیا امکان دارد سفارش شماره 344 را در 1400/5/9 تحویل بگیرم؟,scheduling
روز خوب و خوشی داشته باشید,chitchat
تعریف کاهو مغازه شما خیلی پیچیده است، لطفا 6 بسته برام بفرستید.,buying
5 بطری گوجه فرنگی درست کنید,editting
پوشک بچه که 2 روز پیش تحویل گرفته‌ام، نیاز به تعویض دارد و دوست داشتم که برای من آن ها را عوض بدهید.,returning
من می خواهم سفارش خود را نهایی کنم، دستورالعمل پرداخت را می خواهم.,inquiring
متشکرم,chitchat
آیا می توانم 7 کیلوگرم نان رزرو کنم؟,buying
سفارش شماره 1349 را در 1402/12/23 ثبت کردم، وضعیت آن چگونه است؟,tracking
آیا خرید گوشت در روز دوشنبه تخفیف دارد؟,inquiring
احتیاج به راهنمایی دارم چه کاری انجام بدهم ؟,customer-service
قبل از تکمیل سفارش، می خواهم شیر را از سبد خرید خود لغو کنم.,editting
متوجه شدم محصول کیک آن چیزی نیست که من می خواهم، چگونه می توانم آن را برگردانم؟,returning
میخوام درباره پشتیبانیتون حرف بزنم,customer-service
سفارشم رو بفرستید برام همین کار رو میخواستم.,finishing
می‌خواهم گوشت را که در سبد خریدم قرار داده‌ام حذف کنم.,editting
12 پرتقال دارید؟,buying
می خواهم بدانم کیک چه مزیتی نسبت به محصولات مشابه دارد.,inquiring
لطفا سفارش من را برگردونید. من این کالاها تاریخ مصرف محصولات گذشته بود رو نمیخوام.,returning
اگر کالایی را پس از بازه زمانی مشخص شده برگردانم چه اتفاقی می‌افتد؟,inquiring
می‌خواهم بدانم روغن زیتون با 7 بسته چه قیمتی خواهد داشت.,inquiring
آیا می توانید 3 بسته روغن سرخ کردنی سفارش دهید؟,buying
روزت بخیر و شادی,chitchat
حالت چطوره عزیزم,chitchat
من قصد دارم کاهوی خریداری شده در تاریخ 23/8/1402 را پس بدهم زیرا بسته بندی ارسال بسیار بد بود.,returning
من آمدم,chitchat
سفارش من را قبل از ساعت 2 چهارشنبه تحویل دهید,scheduling
میخواهم پوشک بچه را از سفارشم پاک کنم.,editting
نان را با آبمیوه در سبد خریدم عوض کن.,editting
برای خرید بیش از 14 کیلوگرم از ماهی، آیا تخفیفی وجود دارد؟,inquiring
می‌توانید سفارش شماره 2022 را در ساعت 1 تحویل دهید؟,scheduling
می‌خواهم زمان تحویل سفارش شماره 2031 را برای 1400/1/18 تنظیم کنید.,scheduling
من مسئول تنقلات مهمانی شرکت هستم، 3 کیلو روغن زیتون می خواستم.,buying
ایا پشتیبانی مشتری موجود است ؟,customer-service
سفارش شماره 1671 را به دلیل محصولات قدیمی و خراب و داغون هستند می‌خواهم پس بدهم.,returning
خستت کردم دستت دردنکنه,chitchat
خدا حافظ,chitchat
می توانید پیگیری کنید تا ببینید سفارش من دقیقا کجاست. شماره سفارش من: 1343,tracking
می‌توانید سفارشم را حذف کنید؟ اشتباه ثبت کردم.,deleting
چه کاری می توانی انجام بدهی,chitchat
جدیدا چه خبر؟,chitchat
کی سفارشم به دستم میرسه؟,tracking
منتظر تحویل سفارش شماره 1005 در اولین ساعت دوشنبه هستم.,scheduling
درخواست لغو سفارش با شماره 650 دارم چون اشتباه وارد کردم.,deleting
من تخم مرغ اشتباهی خریدم، آیا می توانم آن را برگردانم؟,returning
می‌خواستم تأیید کنم که آیا اصلاح موارد سبد خرید من در حال حاضر یک ویژگی در دسترس است یا خیر.,inquiring
سفارش من را قبل از ساعت 6 روز شنبه تحویل دهید,scheduling
ماست مربوط به سفارش شماره 1565 که در روز جمعه خریداری شده، نیاز به تعویض دارد.,returning
آیا شماره تلفنی وجود دارد که بتوانم برای راهنمایی ردیابی سفارش با آن تماس بگیرم؟,inquiring
موفق باشی خدافظ,chitchat
می‌توانید پاستا را که در حال حاضر نیازی به آن ندارم از سبد خریدم بردارید؟,editting
چه خبر از کار و زندگی؟,chitchat
لغو سفارش 875.,deleting
لطفاً سفارش شماره 354 را برای تاریخ 1401/11/23 آماده کنید.,scheduling
متوجه شدم محصول گوشت مورد نظرم نیست، چگونه می‌توانم آن را برگردونم؟,returning
پس از ثبت سفارش 779 در 1400/10/14، کنجکاوم که پیشرفت آن چگونه است. آخرین گزارش چیست؟,tracking
از شما می خواهم زمان تحویل سفارش شماره 713 را برای تاریخ 1403/07/16 تعیین کنید.,scheduling
موفق باشی خداحافظ,chitchat
میخواستم بدونم آیا 11 تا پوشک بچه موجود هست؟,inquiring
آیا امکان تحویل سفارش شماره 773 در روز یکشنبه وجود دارد؟,scheduling
سفارش 428 را در تاریخ 1402/6/8 ارسال کنید.,scheduling
من به دنبال گزینه های گیاهی هستم، به خصوص 8 بطری آب میوه,buying
روغن زیتون را از سبد خریدم حذف کن,editting
من می خواهم سیب را از سبد خریدم حذف کنم و به جای آن نوشابه اضافه کنم.,editting
آیا میتوانی اسمت رو به من بگویی و یا حتی خودت را معرفی بکنی؟,chitchat
اگر بخواهم چیزی را مبادله کنم، آیا می توانم محصولات انتخابی را در سبد خریدم تغییر دهم؟,inquiring
میشه این اجناسی که گفتم رو برای من آماده کنی و بفرستی,finishing
قیمت تخم مرغ با توجه به نوسانات اخیر بازار چقدر تغییر کرده است؟,inquiring
من الان سفارشم رو دریافت کردم اما نظرم عوض شد. از شما می خواهم سفارشم را برگردانید,returning
ایا گزینه پشتیبانی فوری برای موارد مهم وجود دارد ؟,customer-service
کالاها معمولا بعد چه مدتی به دستم میرسه؟,inquiring
میشه بهم نسیه بدید؟ یعنی بعدا پرداخت کنم.,inquiring
من می خواهم یک دستور جدید را امتحان کنم که شامل 10 تکه گوشت است.,buying
من خطایی می بینم که باید اصلاحش کنم. آیا تغییر سبد باز من برای رفع آن مجاز است؟,inquiring
به دلیل یک خطای ناخواسته، سفارشی با شماره  108 ثبت شده است. خواهشمند است آن را حذف فرمایید.,deleting
ایا کانال های پشتیبانی مشتری مجزایی برای انواع این سوالات وجود دارد ؟,customer-service
می‌خواهم بدانم نان با 5 لیتر چه قیمتی خواهد داشت.,inquiring
آیا امکان پیگیری سفارش شماره 2140 وجود دارد؟,tracking
زمان تقریبی تحویل سفارش شماره 1290 را می‌توانید بگویید؟ من 6 روز پیش این سفارشو ثبت کرده بودم,tracking
مرغ را با پوشک بچه در سبد خرید من جایگزین کنید.,editting
آیا سفارش 943 برای ارسال آماده شده است، یا هنوز در مرحله پیش‌ارسال معطل مانده است؟,tracking
لطفاً فرایند پاک سفارش  2093 را آغاز کنید.,deleting
می خواهم از وضعیت فعلی سفارش شماره 542 مطلع شوم.,tracking
میشه اسمشو بگی,chitchat
میخواستم بدونم در فروش زمستانی تخم مرغ هم تخفیف میدین؟,inquiring
من پرتقال اشتباه خریدم، آیا می توانم آن را تعویض کنم؟,returning
لطفا روغن زیتون در سبد خرید من را با ماهی به روز کنید.,editting
می خواستم با یک متخصص صحبت کنم,customer-service
من می خواهم خریدی را که به تازگی انجام داده ام لغو کنم، اشتباه کردم.,deleting
منتظر تحویل سفارش شماره 2050 در اولین ساعت دوشنبه هستم.,scheduling
آیا امکان مرجوع کردن روغن زیتون بعد از 14 استفاده هنوز وجود دارد؟ من کالاهایم را چند روزه که دریافت کردم ولی به دلیل نظرم عوض شد میخواهم پس بدهم.,returning
میخوام این اقلام را برام بفرستی,finishing
مقدار شیر را در 14 ضرب کنید,editting
میشه سفارشم رو برگشت کنید؟ چون از خریدم پشیمون شدم,returning
سفارش شماره 1587 که 12 روز پیش برای محصول تخم مرغ ثبت شده بود را می‌خواهم برگشت بزنم چون تاریخ مصرف محصولات گذشته بود.,returning
لطفا نان سبد خریدم را با ماست به روز کنید چون تازه تر است.,editting
سفارش 1150 را حذف کن.,deleting
ماست را به سبد خریدم اضافه کن,buying
مقدار محصول سیر را از 10 بطری به 3 بطری تغییر دهید.,editting
می‌توانید پوشک بچه را که در حال حاضر نیازی به آن ندارم از سبد خریدم بردارید؟,editting
آیا امکان مرجوع کردن تخم مرغ بعد از 5 استفاده هنوز وجود دارد؟ من کالاهایم را چند روزه که دریافت کردم ولی به دلیل دوست نداشتم این محصول رو میخواهم پس بدهم.,returning
خوب هستید؟,chitchat
می‌خواهم پاستا خریداری شده با سفارش شماره 1433 در 1403/3/6 را به دلیل دوست نداشتم این محصول رو مرجوع کنم.,returning
می خواهم سفارشم را تکمیل کنم,finishing
من 7 کیلو ماست می خواستم.,buying
اسم رو میشه بهم بگی؟,chitchat
می‌خواهم تخم مرغ خریداری شده با سفارش شماره 912 در 1400/8/13 را به دلیل اشتباه خرید کردم برگشت بزنم.,returning
سفارشم تموم شد. همینارو میخواستم.,finishing
ممنون خوب صحبت کردیم,chitchat
13 پنیر شانه را به سبد خرید من اضافه کنید,buying
می خواهم دلستر خریداری شده با شماره سفارش 1301 را در تاریخ 27/1/1300 پس بدهم زیرا تاریخ مصرف کالای ارسالی به پایان رسیده است.,returning
زمان تقریبی تحویل سفارش شماره 1217 را می‌توانید بگویید؟ من 11 روز پیش این سفارشو ثبت کرده بودم,tracking
بررسی کنید تا ببینید سفارش 236 کجاست؟,tracking
چه زمانی سفارشم را دریافت خواهم کرد؟,tracking
قیمت روز سیر رو میخوام بدونم میشه راهنمایی کنید؟,inquiring
لطفاً فرایند پاک سفارش  1538 را آغاز کنید.,deleting
می‌خواهم شیر را از سبد خریدم پاک کنم و به جای آن آبمیوه اضافه نمایم.,editting
لطفاً فرایند کنسل سفارش  2209 را آغاز کنید.,deleting
قصد تعویض کیک رو با روغن سرخ کردنی دارم لطفا راهنمایی کنید.,editting
سفارش من را با شماره 1610 پیدا کنید.,tracking
آیا امکان تحویل سفارش شماره 2108 در روز یک شنبه وجود دارد؟,scheduling
آیا در صورت آسیب دیدن کالا، سفارش مرجوعی را می پذیرید؟,inquiring
از خریدی که در روز سه شنبه انجام دادم پشیمانم، آن را لغو کنید.,deleting
من به 8 لیتر تخم مرغ نیاز دارم.,buying
من مشتاقم تا دریابم آیا سفارش 2137 ارسال شده است.,tracking
من می خواهم یک دستور جدید را امتحان کنم که به 4 گرم خیار نیاز دارد.,buying
1 بسته روغن سرخ کردنی میخواستم.,buying
متأسفانه باید از شما بخواهم که خرید من را لغو کنید زیرا دیگر به آن نیاز ندارم.,deleting
من قصد دارم سفارشم را حذف کنم، به خاطر دلایلی که می گم: جای دیگری قیمت بهتری پیدا کردم.,deleting
من دستور اشتباهی دادم، چه کار کنم؟,inquiring
من به 14 بطری تخم مرغ نیاز دارم.,buying
اگر سفارشم خراب شد چه کار کنم؟,inquiring
میشه بجای برنج 3تا روغن سرخ کردنی بدی؟,editting
من یک درخواست مرجوعی برای سفارش شماره 59 دارم.,returning
آیا می توانید پیازی را که به اشتباه به سبد اضافه شده است بردارید؟,editting
آیا می توانم کالایی را که با اعتبار فروشگاه خریداری کرده ام را برگردانم؟,inquiring
من به دنبال پیشنهادات ویژه برای پرتقال هستم، آیا چیزی برای ارائه دارید؟,inquiring
نقل و انتقالات؟,chitchat
من میخواهم هویج را به صورت عمده بخرم، قیمت بهتری پیشنهاد میکنید؟,inquiring
سیب را از سفارش من لغو کنید,editting
میشه قیمت آبمیوه رو بدونم؟,inquiring
از شما می خواهم زمان تحویل سفارش شماره 1907 را برای 17/7/1400 تعیین کنید.,scheduling
سفارشم تمام شده.,finishing
قصد دارم کره مربوط به سفارش شماره 1276 را که در تاریخ 1402/2/11 خریداری شده است پس بدهم.,returning
دوباره اومدم,chitchat
من قصد دارم سفارش خود را به دلایل زیر حذف کنم: محصول مورد نظر را در جای دیگری پیدا کردم.,deleting
میشه این اجناسی که گفتم رو واسه من اماده کنی و بفرستی,finishing
ثبت سفارش,finishing
من قصد دارم پیاز خریداری شده در 1400/7/22 را به دلیل دوست نداشتم این محصول رو برگردانم.,returning
سفارش من را برای پنج شنبه ارسال کنید زیرا من دیگر در خانه نیستم.,scheduling
ثبت سفارش کنید. سفارش من تمام شده است.,finishing
میشه به جای کیک بهم آبمیوه بدی؟,editting
ارسال سفارش 76 در تاریخ 3/5/1402.,scheduling
آیا می توانم محتویات سبد خرید خود را قبل از تسویه حساب یا بسته شدن نهایی اصلاح کنم؟,inquiring
به دلیل نظرم عوض شد، تصمیم دارم سفارش شماره 127 را مرجوع کنم.,returning
حذف سفارش 1708.,deleting
به مناسبت عید سفره تخفیف پوشک بچه پهن است؟,inquiring
من می خواستم مرغ را به سبد خریدم اضافه کنم، اما به نظر نمی رسد در لیست باشد، لطفا آن را اضافه کنید.,buying
میخواهم پاستا را از سفارشم دیلیت کنم.,editting
سلام. چطوری؟,chitchat
من 14 کیلو آب میوه می خواستم.,buying
به 13 کیلوگرم از دلستر علاقه مندم .,buying
به 9 بسته هویج نیاز دارم.,buying
من می خواهم سفارش شماره 1982 خود را برگردانم,returning
چه خبر؟ آیا همه چیز خوب پیش می رود؟,chitchat
می‌خواهم روغن زیتون خریداری شده با سفارش شماره 1154 در 1402/10/5 را به دلیل نظرم عوض شد مرجوع کنم.,returning
خیار 4 روز پیش خریدم الان کجاست؟ پس کی ارسال میشه؟,tracking
خریدام همین بود. این رو ثبت کن.,finishing
آیا امکان دارد هویج را که پیش‌تر انتخاب کرده‌ام با هویج تعویض کنم؟,editting
آیا گوشت حاوی موادی است که ممکن است باعث حساسیت در افراد با شرایط افراد دیابیتی  شود؟,inquiring
می‌خواهم بدانم رب چه امتیازاتی نسبت به کالاهای مشابه دارد.,inquiring
نحوه پرداخت هر سفارش چگونه است؟,inquiring
من باید سفارش 929 را برگردانم,returning
من هوس شدید برنج دارم لطفا 13 لیتر برام ببندید. و ارسال کنید,buying
سفارش شماره 2277 برای رب که 7 روز پیش تحویل گرفته‌ام، می‌خواهم تعویض کنم.,returning
آیا راهی وجود دارد که بتوانم محتویات سبد خرید خود را قبل از ثبت سفارش، اصلاح کنم؟,inquiring
لطفا مراحل حذف سفارش 1174 را شروع کنید.,deleting
مقدار محصول پوشک بچه را از 4 بسته به 1 بسته تغییر بدهید.,editting
آیا می توانید سفارش من را برگردانید؟ چون بسته ارسال خیلی بد بود,returning
مقدار محصول سیر را از 10 بطری به 3 بطری تغییر بدهید.,editting
به جای خیار دلستر را در سبد خریدم قرار بده.,editting
ماست که 7 روز پیش تحویل گرفته‌ام، نیاز به تعویض دارد و دوست داشتم که برای من آن ها را تعویض بدهید.,returning
خریدم رو برگشت بزنید,returning
می‌خواهم گوجه فرنگی را از سبد خریدم دیلیت کنم و به جای آن گوجه فرنگی اضافه نمایم.,editting
می خواهم بدانم نان چه مزیتی نسبت به کالاهای مشابه دارد؟,inquiring
مقدار مواد شیمیایی استفاده شده در رب چقدر است؟,inquiring
میشه این اجناسی که گفتم رو برای من اماده کن و بفرستی,finishing
می‌خواهم خیار را که در سبد خریدم قرار داده‌ام به دلیل تغییر نظرم کنسل کنم.,editting
می خواستم 3 بطری روغن زیتون بخرم,buying
ممکن است لازم باشد یک چیز را تغییر دهم - آیا اکنون امکان تنظیم محتوای سفارش وجود دارد؟,inquiring
باید سفارش 929 رو پس بفرستم ,returning
من قصد دارم نان را با برنج جایگزین کنم، لطفا راهنمایی کنید.,editting
لطفا سفارش من را برگردونید. من این کالاها اشتباه خرید کردم رو نمیخوام.,returning
خریدام تمام شد لطفا همین ها را نهایی کنید.,finishing
آیا سفارش 397 برای ارسال آماده شده است، یا هنوز در مرحله پیش‌ارسال معطل مانده است؟,tracking
یا تخفیفی برای خرید عمده دارید؟ به 4 کیلو از کاهو علاقه‌مندم.,buying
متأسفانه باید از شما خواهش کنم که خرید من را حذف کنید، زیرا می خواهم از جای دیگری خرید کنم.,deleting
سفارش من را حذف کنید، من آن را 9 روز پیش ثبت کردم.,deleting
لطفا آخرین سفارش من را حذف کنید، من تغییرات برنامه داشتم.,deleting
از شما تقاضا دارم سفارش من را حذف کنید زیرا دیگر به آن نیازی ندارم.,deleting
سفارش من با شماره 1364 باید حذف شود، چون موجودی مالی به اندازه کافی ندارم.,deleting
دلستر چه ویژگی‌هایی دارد و آیا برای افراد دیابیتی مناسب است؟,inquiring
آیا امکان پیگیری سفارش شماره 1989 وجود دارد؟,tracking
سفارش من با شماره 1417 باید حذف شود، چون موجودی مالی به اندازه کافی ندارم.,deleting
ماکارونی خریداری شده با شماره سفارش 1433 در تاریخ 6/3/1403 را می خواهم به دلیل اینکه این محصول را دوست نداشتم برگردانم.,returning
لطفاً فرایند کنسل سفارش  2061 را آغاز کنید.,deleting
می‌خواهم بدانم سفارش شماره 2085 کی به دستم می‌رسد.,tracking
دلستر را با پیاز در سبد خریدم عوض کن.,editting
آیا امکان پیگیری سفارش شماره 966 وجود دارد؟,tracking
میشه به جای سیر بهم روغن سرخ کردنی بدی؟,editting
خیار رو موجود دارید؟ ,inquiring
من قصد دارم گوجه فرنگی مربوط به سفارش شماره 1020 را که در 1402/1/16 خریداری شده را تعویض کنم.,returning
آیا می توانم 8 کیلوگرم شیر رزرو کنم؟,buying
اجناسی که به اطلاع میرسد را ثبت سفارش و ارسال کن.,finishing
می‌خواستم مرغ را به سبد خریدم اضافه کنم، اما به نظر می‌رسد در لیست نیست لطفا اضافه کنید اون رو.,buying
من رژیم دارم و نیاز به 11 بطری از خیار کم‌چرب دارم.,buying
به من آب میوه بدهید، 10 شانه,buying
من می خواهم شیر را از سبد خریدم حذف کنم و به جای آن آب میوه اضافه کنم.,editting
سفارش 2081 را پاک کن.,deleting
می خواستم خریدم را برگردانم و روند بازپرداخت سفارشم را شروع کنم.,returning
من می خواستم کل سفارشم را لغو کنم زیرا در جای دیگر قیمت بهتری پیدا کردم,deleting
من اشتباهی رب خریدم، آیا می توانم آن را برگردانم؟,returning
شماره سفارش من 1687 را پیدا کنید.,tracking
چجوری میتونم یاد بگیرم ؟,customer-service
میشه سفارش 3 را پیگیری کنید.,tracking
یا تخفیفی برای خرید عمده دارید؟ به 1 گرم از نوشابه علاقه‌مندم.,buying
می توانید دستور 38 را دنبال کنید.,tracking
چگونه می توانم سفارش خود را پیگیری کنم؟,inquiring
مقدار گوجه فرنگی رو 5 بطری کنید,editting
آیا می توانم کالایی را که با اعتبار فروشگاه خریداری کرده ام برگردانم؟,inquiring
لطفاً سفارش شماره 805 را برای تاریخ 1403/3/17 آماده کنید.,scheduling
میخواستم خریدم ساعت 2 ارسال بشه.,scheduling
برای مشتریان همیشگی مثل من تخفیف ویژه ای برای خیار دارید؟,inquiring
من می خواهم سفارش شماره 5 را برای گوجه فرنگی که 13 روز پیش دریافت کردم، برگردانم.,returning
برای مهمانی لطفا سفارش شماره 593 را در تاریخ 17/6/1302 تحویل بگیرید.,scheduling
برای من نان بفرست,buying
پشیمون شدم سیب رو از سفارشم حذف کن,editting
نیاز دارم سفارش 2309 که روز شنبه را پاک کنید.,deleting
میشه برام 9 کیلو پاستا ثبت سفارش کنی .,buying
به دلیل یک خطای ناخواسته، سفارشی با شماره  198 ثبت شده است. خواهشمند است آن را لغو فرمایید.,deleting
روغن زیتون اشتباهی خریدم، آیا می توانم آن را برگردانم؟,returning
میتونم شماره پشتیبانی رو بدم ؟,customer-service
خریدام تموم شده.,finishing
ثبت سفارش کنید. سفارش من تموم شده است.,finishing
من به پاستا، به ویژه 3 لیتر نیاز دارم.,buying
همه موارد مورد نیازم را به سبد اضافه کرده ام ، لطفا مراحل بعدی از تکمیل سفارش را بیان کنید.,finishing
می‌خواهم از وضعیت فعلی سفارش شماره 279 مطلع شوم.,tracking
لطفا راهنمایی کنید که چگونه می توانم سفارش را نهایی کنم.,inquiring
باید درباره پشتیبانی صحبت کنم,customer-service
برای خرید نان در این روزها، آیا پیشنهاد ویژه‌ای دارید؟,inquiring
میشه به جای پنیر مرغ به من بدی؟,editting
من می خواهم چیزی کوچک را تغییر دهم، آیا هنوز امکان تغییر جزئیات سفارش وجود دارد؟,inquiring
فراموش کردم، لطفا نوشابه را به سبد خرید من اضافه کنید.,buying
می‌خواهم از وضعیت فعلی سفارش شماره 673 مطلع شوم.,tracking
لطفاً سفارش شماره 2240 را برای تاریخ 1400/6/12 آماده کنید.,scheduling
من انتخاب هایم را کامل کرده ام و می خواهم سفارش بدهم، مرحله بعدی چیست؟,finishing
ظهرت بخیر,chitchat
آیا سیب زمینی دارای گارانتی یا خدمات پس از فروش است؟,inquiring
میخوام این عکس رو برام بفرستی,finishing
کالایی که به دستم رسیده معیوب است، میخواستم که تعویض کنم,returning
سفارش من را قبل از ساعت 9 روز پنجشنبه تحویل دهید,scheduling
پس از ثبت سفارش 367 در تاریخ 12/9/1402 کنجکاو هستم که چگونه پیشرفت می کند. آخرین گزارش چیست؟,tracking
آیا سفارش شماره 709 ارسال شده است؟,tracking
می‌خواهم وضعیت فعلی سفارش 450 را بدانم.,tracking
آیا می توانید 2 بطری پیاز برای من سفارش دهید؟,buying
لطفا پوشک بچه که به تازگی به سبد اضافه شده است را با کاهو تعویض کنید.,editting
شما چه کاری برای من میتوانی انجام بدهی؟,chitchat
آیا می توان دسری را که قبلا انتخاب کرده ام با نوشابه جایگزین کرد؟,editting
خریدی را که روز دوشنبه پشیمان شدم حذف کنید.,deleting
خریدم رو عودت کنید,returning
پس از ثبت سفارش 229 در 1403/4/17، کنجکاوم که پیشرفت آن چگونه است. آخرین گزارش چیست؟,tracking
من اشتباهاً سفارش شماره 2334 را خریدم، چگونه می توانم آن را به عنوان مرجوعی ثبت کنم؟,returning
میشه من رو به یک کارشناس دیگه وصل کنی ؟,customer-service
میخواستم درخواست بازپرداخت سفارشم را بکنم چون کالاها آسیب دیده به دست بنده رسیده است,returning
خریدام همین بود. سفارشم رو ثبت کن.,finishing
میخواستم بدونم سفارشی که ثبت کردم تا چهارشنبه به دستم میرسه یا نه؟,tracking
شغل شما در اینجا چیست و چه کاری انجام میدهید؟,chitchat
لطفا سفارش شماره 2181 من را حذف کنید.,deleting
میشه بجای پیاز 4 لیتر پوشک بدی؟,editting
آیا می‌توانم سفارش شماره 815 را برای تحویل در ساعت 7 رزرو کنم؟,scheduling
خریدم رو پاک کنید,deleting
آیا امکان دریافت سفارش شماره 143 در تاریخ 28/12/1403 وجود دارد؟,scheduling
یا تخفیفی برای خرید عمده دارید؟ به 2 شانه از رب علاقه‌مندم.,buying
نیاز به پشتبیانی دارم راجب سفارشم چیکار بکنم؟,customer-service
باید با پشتیبانی صحبت کنم,customer-service
من 12 تا از کره میخواستم شما داری؟,buying
لیست خریدی که داری رو برای من ثبت کن,finishing
من این هفته فقط دوشنبه خونه هستم، لطفا سفارشم را در آن زمان ارسال کنید.,scheduling
چجوری با پشتیبانی ارتباط برقرار بکنم؟,customer-service
لطفا گوشت در سبد خرید من را با رب به روز کنید.,editting
من می خواهم 7 بسته گوجه فرنگی دریافت کنم.,buying
سفارش شماره 351 برای خیار که 8 روز پیش تحویل گرفته‌ام، می‌خواهم مرجوعی ثبت کنم.,returning
آیا کاهو برای افرادی با شرایط خاص مانند رژیمی بودن و مخصوص ورزشکاران مناسب است؟,inquiring
نیاز به پول دارم چه کاری انجام بدهم ؟,customer-service
پشیمون شدم روغن سرخ کردنی رو از سفارشم پاک کن,editting
میشه قیمت هویج رو بدونم؟,inquiring
وضعیت سفارش شماره 2285 چگونه است؟,tracking
برای گریل کردن به 5 گرم پنیر نیاز دارم,buying
من رو به مرحله پرداخت ببرید چون خریدهایی که داشتم تموم شد.,finishing
خرید من تمام شد لطفا آن را نهایی کنید و قیمت کل را به من بگویید.,finishing
باید در مورد سفارشات با متخصص صحبت کنم,customer-service
آیا امکان مرجوع کردن برنج بعد از 4 استفاده هنوز وجود دارد؟ من کالاهایم را چند روزه که دریافت کردم ولی به دلیل دوست نداشتم این محصول رو میخواهم پس بدهم.,returning
دوستدارم نامت را بدونم,chitchat
خرید 9 روز پیش من به دلیل انتخاب نادرست باید حذف شود، لطفا اقدام لازم را انجام دهید.,deleting
من میخوام سوپ سبزی درست کنم 9 گرم کره درجه یک لازم دارم.,buying
می توانم 1 تا از کاهو را رزرو کنم ؟,buying
میشه سفارش 38 را پیگیری کنید.,tracking
میخواستم بدونم در فروش زمستانی سیر تخفیف میدهید؟,inquiring
آیا تخم مرغ را می‌توان با تخم مرغ ترکیب کرد؟,inquiring
من می خواهم مراحل تایید و ثبت سفارش را دنبال کنم، از کجا شروع کنم؟,inquiring
لطفاً سفارش شماره 127 را برای تاریخ 1400/5/21، ساعت 3 آماده کنید.,scheduling
پشیمان شدم، ماهی را از سفارشم حذف کنید,editting
سفارش 1086 را در تاریخ 1400/7/22 ارسال کنید.,scheduling
کالایی که به دستم رسیده معیوب است، میخواستم که بازگردانم,returning
اسمت را به من بگو,chitchat
لطفاً برنج را که به تازگی به سبد اضافه شده است با ماست جایگزین نمایید.,editting
سفارش #1878 برای آبمیوه خریداری شده در روز پنجشنبه آنطور که انتظار می رفت نبود، می خواهم مبادله کنم.,returning
قبل از تکمیل سفارش، می‌خواهم رب را به دلیل تغییر قیمت از سبد خریدم پاک کنم.,editting
آیا امکان دارد سفارش شماره 143 را در 1403/12/28 تحویل بگیرم؟,scheduling
سفارش من با شماره 328 باید لغو شود، چون توانایی مالی به اندازه کافی ندارم.,deleting
من منتظر تحویل سفارش شماره 1563 در اولین ساعت یک شنبه هستم.,scheduling
آیا پس از 14 بار استفاده هنوز هم امکان برگشت سیر وجود دارد؟ من چند روز پیش کالای خود را دریافت کردم، اما می خواهم آنها را پس بدهم زیرا محصولات ارسال شده با سفارشی که داشتم مغایرت دارد.,returning
سفارش من با شماره 1622 باید دیلیت شود، چون جای دیگری قیمت بهتری پیدا کردم.,deleting
قصد دارم سیر را به دلیل تخفیف ویژه‌ای که دیدم با دلستر تعویض کنم.,editting
می خواهم سفارش 1901 رو تعویض کنم ,returning
آیا می توانید خرید من را سه شنبه تا ساعت 3 ارسال کنید؟,scheduling
ایا می خواهم درمورد درخواست های خود به پشتیبانی مشتری ایمیل بزنم ؟,customer-service
من معلم آشپزی هستم شما 5 گرم شیر دارید؟,buying
من مشتاقم بدانم آیا سفارش 979 ارسال شده است یا خیر.,tracking
یک سری کالا برای خرید داشتم.,buying
سفارش من را لغو کنید، من آن را 8 روز پیش ثبت کردم.,deleting
میخواستم که خریدم را تعویض کنم کنم و روند بازپرداخت سفارشم را شروع کنم.,returning
ایا خط تلفن پشتیبانی در مواقع اضطراری وجود دارد ؟,customer-service
خرید 10 روز پیشم باید به دلیل انتخاب نادرست پاک گردد، لطفاً اقدامات لازم را انجام دهید.,deleting
من به دنبال گزینه‌های گیاه‌خواری هستم، به ویژه 13 بسته از سیر,buying
به جای 13 کاهو لطفا 3 برنج به من بدهید,editting
چکونه میتونم با کارشناس مربوطه مشورت کنم ؟,customer-service
لطفا کیکی که به تازگی به سبد خرید اضافه شده است را با پاستا جایگزین کنید.,editting
انتخاب هایم را تا پایان رساندهام و مایل به ثبت سفارش هستم ، مرحله بعدی چیست ؟,finishing
اگر میشه این لیست قیمت اجناس رو بفرست برای من,finishing
آیا امکان مرجوع کردن سیر بعد از 14 استفاده هنوز وجود دارد؟ من کالاهایم را چند روزه که دریافت کردم ولی به دلیل محصولات ارسالی با سفارشی که داشتم مغایرت داره میخواهم پس بدهم.,returning
میشه سفارش 427 را پیگیری کنید.,tracking
لطفاً فرایند لغو سفارش  1482 را آغاز کنید.,deleting
با سلام، آیا می‌توانید سفارشم را که به تازگی ثبت شده است، پاک نمایید؟,deleting
آیا امکان پس دادن پنیر با سفارش شماره 276 پس از 10 استفاده هنوز وجود دارد؟,returning
من باید یک چیز را تغییر دهم - آیا می توانم جزئیات سفارش در حال انجام خود را در این مرحله اصلاح کنم؟,inquiring
آیا برای اولین خرید من از محصولات هویج کوپن تخفیف دارید؟,inquiring
می‌خواهم سفارش شماره 1768 را برای تحویل در روز سه شنبه تنظیم کنم.,scheduling
وضعیت سفارش شماره 1289 چگونه است؟,tracking
محصولات شما از کدام کشور وارد می شود؟,inquiring
من می خواهم یک دستور پخت جدید را امتحان کنم که شامل 5 بسته پیاز است.,buying
پنیر 13 شانه رو به سبد خریدم بیافزونید,buying
12 گرم پوشک بچه میخواستم .,buying
میخواستم بدونم آیا 11 بطری گوشت رو حاضر دارید برای سفارش؟,inquiring
اگر موارد مورد نیازم را به سبد اضافه کرده ام ، لطفا مراحل بعدی برای تکمیل سفارش را بیان کنید.,finishing
چه کاره هستی؟,chitchat
آیا پیاز دارای گارانتی یا خدمات پس از فروش است؟,inquiring
من تصادفاً اندازه اشتباه سفارش دادم. آیا می توانم آن را تغییر دهم,inquiring
قبل از تکمیل سفارش، من می خواهم پرتقال را از سبد خرید خود لغو کنم.,editting
آیا می توانید سفارش من را لغو کنید؟ برام مهم نیست,deleting
من می خواهم به روز رسانی در مورد وضعیت سفارش 1673 دریافت کنم. آخرین وضعیت سفارش چگونه است؟,tracking
تشکر میکنم ازت,chitchat
اشتباه کردم، می‌توانید سفارش 1734 را بردارید؟,deleting
آیا می توانم 11 بطری از گوجه فرنگی را داشته باشم؟,buying
مقدار مرغ را دو برابر کنید,editting
پشیمان شدم لطفا سفارشم را پاک کن,deleting
منو به یک تلفن پاسخگو وصل کن,customer-service
متأسفانه باید از شما خواهش کنم که خرید من را لغو کنید زیرا اندازه را اشتباه انتخاب کردم.,deleting
اگر اطلاعات رهگیری من نشان دهد که سفارش من برگردانده شده است، چه؟,inquiring
من رو به یک آدم وصل کن,customer-service
من به دنبال پیشنهادات ویژه برای روغن زیتون هستم، آیا چیزی برای ارائه دارید؟,inquiring
لطفاً کیک را که به تازگی به سبد اضافه شده است با پاستا جایگزین نمایید.,editting
سفارشم را حذف کنید، 5 روز پیش ثبت نام کردم.,deleting
می خوام این رو بفرستی,finishing
آیا پس از 9 بار استفاده همچنان امکان برگشت پنیر با شماره سفارش 271 وجود دارد؟,returning
من باید با یک نفر صحبت کنم,customer-service
میخواستم بدونم 11 تا پوشک بچه موجوده؟,inquiring
انتخاب هام تموم شد. سفارشم را ارسال کردم لطفا.,finishing
لطفاً سفارش شماره 708 را برای تاریخ 1400/8/24، ساعت 10 آماده کنید.,scheduling
سلام، چطوری؟,chitchat
اشتباه کردم، می‌توانید سفارش 262 را بردارید؟,deleting
اقلامم را ارسال کن.,finishing
باید درباره کارشناس مربوط به سفارشات صحبت کنم,customer-service
دستور من 12 شانه رب می خواهد، آیا آنها موجود هستند؟,buying
دوست دارم اسمت را بدانم,chitchat
آیا کاری می توانم انجام دهم تا انتخاب سفارش خود را در حالی که در انتظار تایید است تغییر دهم؟,inquiring
من به آبمیوه محلی علاقه مند هستم، آیا می توانم 13 عدد از آن را داشته باشم؟,buying
چگونه آدرس حمل و نقل خود را به روز کنم؟,inquiring
آیا سفارش 2094 آماده ارسال است یا هنوز در انتظار ارسال است؟,tracking
برای سفارش پشتیبانی باید صحبت کنم,customer-service
درخواست دیلیت سفارش با شماره  1036 را دارم، چرا که موجودی مالی به اندازه کافی ندارم.,deleting
کیفیت برنج چطوره؟,inquiring
می خواهم از وضعیت فعلی سفارش شماره 279 مطلع شوم.,tracking
آیا سفارش 1991 آماده ارسال است یا هنوز در قبل از ارسال گیر کرده است؟,tracking
آیا امکان دارد سفارش شماره 796 را در 1401/3/3 تحویل بگیرم؟,scheduling
به 11 تا از پرتقال علاقه مندم .,buying
آیا سفارش 662 در حال حاضر در مسیر مقصد قرار دارد؟,tracking
تمایل دارم از به‌روزرسانی‌های مربوط به مرحله‌ای که سفارش 2231 در آن قرار دارد مطلع شوم. آخرین وضعیت سفارش چیست؟,tracking
ارسال سفارش من در تاریخ 11/1/1403,scheduling
من می خواهم سفارش شماره 2176 را که 11 روز پیش برای محصول تخم مرغ ثبت شده است تغییر دهم زیرا این محصول را دوست نداشتم.,returning
برای مهمانی، لطفاً سفارش شماره 2114 را در 1400/12/7 تحویل دهید.,scheduling
میخواستم که خریدم را برگردانم کنم و روند بازپرداخت سفارشم را شروع کنم.,returning
من مشتاقم بدانم آیا سفارش 1026 ارسال شده است یا خیر.,tracking
لطفا گوشتی که به تازگی به سبد اضافه شده است را با یک پرتقال جایگزین کنید.,editting
تا چند روز مهلت دارم محصول خریداری شده ی خود را مرجوع کنم ؟ ,inquiring
آیا اصلاح انتخاب سفارش من در حالی که در انتظار تایید است کاری است که می توانم انجام دهم؟,inquiring
می خوام این کالاهارو بفرستی,finishing
ممنون از حضور گرم شما,chitchat
سفارش شماره 1240 که 1 روز پیش برای محصول دلستر ثبت شده بود را به دلیل تغییر نظر می خواهم برگردانم.,returning
سفارشم را پاک کنید، 13 روز پیش ثبت کرده بودم.,deleting
کار همین بود. سفارشم رو ثبت کن.,finishing
آیا می توانید سفارش من را حذف کنید؟ من اشتباه ثبت نام کردم,deleting
یادم رفت، لطفا کاهو هم به سبد خریدم اضافه کن.,buying
آیا برای مشتریان همیشگی ما مثل من تخفیف ویژه ای دارید؟,inquiring
آیا سیب در حال حاضر موجود است؟,inquiring
خریدم رو با شماره پیگیری 1716 را رهگیری کنید.,tracking
من می خواهم به روز رسانی در مرحله ای که سفارش 770 در آن است بشنوم. آخرین وضعیت سفارش چگونه است؟,tracking
ایا کانال های پشتیبانی مشتری محور برای انواع مختلف سوالات وجود دارد ؟,customer-service
لطفاً زمان انتظار برای تکمیل سفارش 1823 چقدر است؟,tracking
خریدام قطعی شد لطفا همین ها را نهایی کنید.,finishing
مغازه شما چه روش های پرداختی را پشتیبانی می کند؟,inquiring
بای,chitchat
من می خواهم برای سفارش شماره 351 خیار که 8 روز پیش دریافت کردم اظهارنامه کنم.,returning
من می خواهم گوشت را در سبد خریدم حذف کنم.,editting
به طور تصادفی یک سفارش با شماره 1606 ثبت کردم. لطفاً آن را حذف کنید.,deleting
من اقلام مورد نظرم را انتخاب کردهام.,finishing
لطفا گوشتی که به تازگی به سبد اضافه شده است را با کره جایگزین کنید.,editting
می‌خواهم بدانم آیا برای تخم مرغ در تخفیفات زمستانی تخفیفی ارائه می‌دهید؟,inquiring
یا برای خرید عمده تخفیف دارید؟ من علاقه مند به 2 شانه از رب هستم.,buying
سوالاتی راجع به کالای کره دارم.,inquiring
از شما درخواست دارم که سفارشم را دیلیت نمایید، زیرا به دردم نمیخوره.,deleting
دلیل اینهمه تاخیر چیه؟ شیر من الان دقیقا در چه وضعیتی است؟,tracking
من کره اشتباهی خریدم، آیا می توانم آن را به عنوان مرجوعی ثبت کنم؟,returning
لطفا نوشابه ای که به تازگی به سبد اضافه شده است را با روغن سرخ کردنی جایگزین کنید.,editting
می‌خواهم دلستر را که در سبد خریدم قرار داده‌ام به دلیل تغییر نظرم پاک کنم.,editting
درود بر شما,chitchat
قبل از تکمیل سفارش، می‌خواهم پرتقال را به دلیل تغییر قیمت از سبد خریدم لغو کنم.,editting
به دنبال آگاهی در مورد وضعیت فعلی سفارش با شناسه 1603 هستم.,tracking
میشه 5 گرم ماهی بفرستید؟,editting
لطفاً سفارش من با شماره 542 را دیلیت کنید.,deleting
من می خواهم سیری را که فراموش کرده ام به سبد خرید اضافه کنم.,buying
من رژیم دارم و نیاز به 14 کیلوگرم از پوشک بچه کم‌چرب دارم.,buying
1 کیلوگرم سیب زمینی بده,buying
کالاهایم را برای ساعت 6 روز دوشنبه برنامه ریزی کنید.,scheduling
پودر لباسشویی ام تموم شده، پنیر برام بفرستید,buying
متأسفانه باید از شما بخواهم که خریدم را کنسل کنید، زیرا جای دیگری قیمت بهتری پیدا کردم.,deleting
نحوه نهایی کردن سفارشم چگونه است؟,inquiring
می‌خواهم از وضعیت فعلی سفارش شماره 861 مطلع شوم.,tracking
من را به یک فرد مسئول وصل کنید,customer-service
سفارشم را در تاریخ 1403/11/1 بفرستید,scheduling
5 تا بده پس,buying
من باید یک مورد را عوض کنم، آیا ویرایش جزئیات سفارش من هنوز برای اصلاح در دسترس است؟,inquiring
آیا سفارش شماره 2188 در راه است؟,tracking
میشه 6 گرم مرغ برام بسته بندی کنید و برام بفرستید؟,buying
میخواهم سفارشم با شماره 1982 رو مرجوعی ثبت کنم,returning
روغن زیتون که 4 روز پیش خریدم الان کجاست؟ پس کی ارسال میشه؟,tracking
از شما تقاضا دارم سفارش 1360 را لغو کنید چون دیگر به آن نیازی ندارم.,deleting
لطفا سفارش شماره 1533 را برای تاریخ 1403/11/1 ساعت 4 تهیه نمایید.,scheduling
مقدار محصول کره را از 9 بسته به 4 بسته تغییر بدهید.,editting
وضعیت سفارش شماره 905 چیست؟,tracking
آیا سفارش شماره 796 که شامل ماهی بود آماده ارسال است؟,tracking
درخواست عوض سفارش 697 رو دارم .,returning
پرتقال خاتون ساخت کدام کشور است؟,inquiring
ماست را از سبد خریدم دیلیت کن,editting
میتونم با پشتیبانی ارتباط برقرار بکنم ؟,customer-service
می‌خواهم سفارش شماره 8 را برای تحویل در روز سه شنبه تنظیم کنم.,scheduling
"به دلیل بسته بندی ارسال بسیار بد بود, می‌خواهم پاستا خریداری شده مورخ 1402/1/26 را عودت بدهم.",returning
سلام، آیا می توانید سفارش من را که به تازگی ثبت شده است لغو کنید؟,deleting
در روزهای اخیر، آیا بازار تخفیف پاستا داغ است؟,inquiring
آیا می توانید سفارش شماره 161 را ساعت 9 تحویل دهید؟,scheduling
من مشتاقم تا دریابم آیا سفارش 2275 ارسال شده است.,tracking
لطفاً برنج را که در سبد خریدم است با رب به‌روزرسانی کنید.,editting
می‌توانید یک شراب خوب پیشنهاد کنید؟ به 8 کیلوگرم برای یک مناسبت خاص نیاز دارم.,buying
آیا امکان سفارشی سازی سفارش در انتظار من با اصلاح موارد وجود دارد؟,inquiring
من رو به یک ادم تبدیل کن,customer-service
سلام و عرض ادب و احترام,chitchat
روغن زیتون را به اشتباه خریداری کرده‌ام، آیا می‌توانم آن را برگشت بزنم؟,returning
من قصد دارم کاهو را جایگزین ماهی کنم لطفا راهنمایی کنید.,editting
من باید سفارش 83 را روز سه شنبه پاک کنم.,deleting
آیا تخفیفی برای خرید نوشابه در روز چهارشنبه وجود دارد؟,inquiring
یا برای خرید عمده تخفیف دارید؟ من به 8 عدد شانه تخم مرغ علاقه دارم.,buying
میخواهم نان را از سفارشم پاک کنم.,editting
ایا می توانم درمورد درخواست مشتری خود به پشتیبانی مشتری ایمیل بزنم ؟,customer-service
 بچه‌های من مرغ شما را دوست دارند، می‌توانید 3 بسته برای من کنار بگذارید؟,buying
خریدم را عوض کنم,returning
میخواهم با پزشک متخصص صحبت کنم,customer-service
قصد دارم نان را به دلیل تخفیف ویژه‌ای که دیدم با گوشت تعویض کنم.,editting
آیا 2 شانه از کره دارید ؟,buying
اشتباه کردم، می‌توانید سفارش 801 را بردارید؟,deleting
آیا سفارش شماره 425 که شامل ماست بود آماده ارسال شده است؟,tracking
لطفاً سفارش من با شماره 1953 را دیلیت کنید.,deleting
من اشتباهی سفارش شماره 524 را خریدم، چگونه اظهارنامه کنم؟,returning
خریدم تموم شد ، لطفا همینارو نهایی کنید و قیمت خودتون رو بهم بگید.,finishing
پشیمون شدم سیب رو از سفارشم دیلیت کن,editting
نیاز دارم انبار آشپزخانه‌ام را با 9 عدد از سیب پر کنم.,buying
سلام میشه سفارش من که به تازگی ثبت شده رو حذف کنید؟,deleting
گوشتی که 6 روز پیش تحویل گرفتم نیاز به تعویض دارد و از شما می خواهم آن را برای من برگردانید.,returning
من منتظر تحویل سفارش شماره 252 در اولین ساعت روز جمعه هستم.,scheduling
لغو سفارش شماره 167,deleting
آیا سفارش شماره 1017 در راه است؟,tracking
به دلیل تغییر عقیده تصمیم گرفتم سفارش شماره 127 را برگردانم.,returning
برای بچه کوچیکم مقداری خوراکی می خواستم، روغن سرخ کردنی دارید؟,buying
آیا سفارش 198 در حال حاضر در راه است؟,tracking
نیاز به پشتبیانی دارم راجب سفارشم چیکار کنیم ؟,customer-service
آیا سفارش شماره 1623 در مسیر ارسال است؟,tracking
من می‌خواهم سیب را به صورت عمده خریداری کنم، آیا قیمت بهتری پیشنهاد می‌کنید؟,inquiring
می خواهم سفارش 319 رو برگردونم ,returning
چگونه میتوانم با یک کارشناس گپ بزنم,customer-service
می‌خواستم ماست را به سبد خریدم اضافه کنم، اما به نظر می‌رسد در لیست نیست لطفا اضافه کنید اون رو.,buying
من می خواهم به روز رسانی در مورد وضعیت سفارش 2231 دریافت کنم. آخرین وضعیت سفارش چگونه است؟,tracking
سیب زمینی 8 بطری میخوام ثبت سفارش کنم,buying
همه موارد مورد نیازم را به لیست اضافه کرده ام ، لطفا مراحل بعدی برای تکمیل سفارش را بیان کنید.,finishing
می‌خواهم بدانم سفارش شماره 1959 کی به دستم می‌رسد.,tracking
از شما می خواهم زمان تحویل سفارش شماره 742 را برای 20/9/1400 تعیین کنید.,scheduling
آیا می توانم سفارش شماره 1998 را برای تحویل در ساعت 5 رزرو کنم؟,scheduling
من میخوام اسموتی درست کنم 2 لیتر کاهو مخلوط میخوام.,buying
4 تخم مرغ را به سبد خرید من اضافه کنید,buying
چه خبر؟,chitchat
اگر در زمان زایمان در خانه نباشم چه باید بکنم؟,inquiring
آیا شماره سفارش 1192 ارسال شده است؟,tracking
آیا می توانید شیری را که در حال حاضر به آن نیاز ندارم از سبد خریدم حذف کنید؟,editting
من الان سفارشم را دریافت کردم، اما از خریدم پشیمانم، بنابراین از شما می خواهم سفارشم را تغییر دهید,returning
می توانم 2 لیتر از هویج را رزرو کنم ؟,buying
میشه زمان تقریبی تحویل سفارش شماره 1290 رو بگید؟ من این سفارش را 6 روز پیش ثبت کردم,tracking
آیا سفارش 941 در حال حاضر در راه است؟,tracking
متاسفانه باید از شما خواهش کنم که از خرید من انصراف دهید چون کالای مورد نظر را در جای دیگری پیدا کردم.,deleting
آیا می توانم سفارش خود را پس از ثبت نام تغییر دهم؟,inquiring
درخواست عوض سفارش شماره 334 رو دارم.,returning
در سفارش من خطاهایی وجود دارد، لطفاً مرا به پشتیبانی سفارش متصل کنید,customer-service
آیا سفارش 379 برای ارسال آماده شده است، یا هنوز در مرحله پیش‌ارسال معطل مانده است؟,tracking
سلام، احوال شریفتان چطور است؟,chitchat
سفارش 76 را در تاریخ 1402/3/5 ارسال کنید.,scheduling
من 4 گرم خیار می خواستم.,buying
ایا می توانم از نماینده پشتیبانی مشتری درخواست تماس بکنم ؟,customer-service
آیا می توانم اطلاعات موجودی و محصول پیاز را بدانم؟,inquiring
آیا می توانم با پشتیبانی مشتری تماس بگیرم؟,customer-service
سفارشم را برای روز پنج شنبه ارسال کنید چون وقت دیگر خونه نیستم.,scheduling
زیاد بهت زحمت دادم شرمنده,chitchat
آیا می توانید مرغ را از سفارش من حذف کنید؟,editting
لطفا مراحل حذف سفارش 1534 را شروع کنید.,deleting
من می خواهم ماهی را از سفارش خود لغو کنم.,editting
سفارش شماره 623 را پاک,deleting
پس چرا سفارشم نمیرسه؟ باید حتما تا یک شنبه به دستم برسونیدش.,tracking
آیا کره در طیف گسترده ای از مدل ها و طرح ها موجود است؟,inquiring
می‌خواهم زمان تحویل سفارش شماره 170 را برای 1403/11/18 تنظیم کنید.,scheduling
سیب زمینی را از سبد خریدم حذف کن,editting
لطفاً آخرین سفارش من را دیلیت کنید، تغییرات برنامه‌ریزی داشتم.,deleting
می‌خواهم از وضعیت فعلی سفارش شماره 11 مطلع شوم.,tracking
من 2 لیتر آبمیوه می خواستم.,buying
میخواستم کل سفارشم را کنسل کنم چون اندازه اشتباهی انتخاب کردم,deleting
آب میوه را پاک کنید.,editting
درخواست مرجوع سفارش 1410 رو دارم .,returning
ساعت کاری فروشگاه چقدر است؟,inquiring
می‌توانید پیاز را که به اشتباه به سبد اضافه شده است بردارید؟,editting
اشتباه شد، به جای 11 کیلو مرغ من 7 کیلو می خواستم.,editting
روز خوب,chitchat
آبمیوه رو پاک کن.,editting
آیا می توانم روغن سرخ کردنی را که 2 روز پیش خریده ام پس بدهم؟,returning
می‌توانید سفارش شماره 746 را در ساعت 2 تحویل دهید؟,scheduling
قبل از تکمیل سفارش، می خواهم برنج را از سبد خرید خود حذف کنم.,editting
ایا می توانم درمورد درخواست های خود به پشتیبانی مشتری ایمیل کنم ؟,customer-service
برای من کره بفرست,buying
من می خواهم 1 تا از نوشابه را دریافت کنم.,buying
سفارش شماره 1642 که 3 روز پیش برای محصولات مرغ ثبت شده است را می خواهم برگردانم زیرا کیفیت کالاهای ارسالی بسیار پایین است.,returning
می‌توانید یک شراب خوب پیشنهاد کنید؟ به 9 عدد برای یک مناسبت خاص نیاز دارم.,buying
می‌خواهم برنج که در تاریخ 1402/6/12 خریداری کردم را مرجوعی ثبت کنم.,returning
من نیاز به توضیح دارم، آیا محدوده تغییر پیش پرداخت سبدهای باز را پوشش می دهد؟,inquiring
من می خواهم یک دستور العمل جدید را امتحان کنم که به 2 بطری خمیر کیک نیاز دارد.,buying
من سفارش اشتباهی دادم چه کاری باید بکنم؟,inquiring
لطفا به جای 4 بسته شیر، 9 بسته تخم مرغ به من بدهید,editting
سوالاتی راجع به کالای کیک دارم.,inquiring
ماهی 12 کیلو میخوام ثبت سفارش کنم,buying
من اشتباه کردم می توانید سفارش 629 را تحویل بگیرید؟,deleting
می‌خواهم بدانم سفارش شماره 1190 در چه مرحله‌ای است.,tracking
می‌توانید سفارشم را کنسل کنید؟ به دردم نمیخوره.,deleting
آقا من اومدم دوباره مزاحمتون بشم,chitchat
به دلیل کالاها آسیب دیده به دست بنده رسیده است، تصمیم دارم سفارش شماره 772 را بازگردانم.,returning
آیا می توانید وضعیت فعلی سفارش شماره 576 را توضیح دهید؟,tracking
سفارش من را برای شنبه ارسال کنید زیرا من دیگر در خانه نیستم.,scheduling
سفارش من رو ثبت کنید,finishing
می‌خواهم زمان تحویل سفارش شماره 742 را برای 1400/9/20 تنظیم کنید.,scheduling
فروشگاه شما چند سال تاسیس شده است؟,inquiring
لطفا 5 بسته نوشابه به من بدهید.,buying
میخواستم بدونم آیا 2 بطری پوشک بچه موجود هست؟,inquiring
من فقط جمعه این هفته در خانه هستم، لطفا سفارش من را ارسال کنید.,scheduling
آیا می توانید خمیری را که به اشتباه به سبد خرید اضافه شده است حذف کنید؟,editting
مرسی از لطفت,chitchat
آیا شما شاد و سرحال هستید؟,chitchat
فورا من رو به کارشناس متصل.,customer-service
شرایط گارانتی خریدیار چگونه است ؟,inquiring
آیا می توانم سفارش خود را بدون ایجاد حساب کاربری به عنوان مهمان ثبت کنم؟,inquiring
آیا می توانید پاستاهایی را که به اشتباه به سبد خرید اضافه شده است حذف کنید؟,editting
خدمات پشتیبانی مشتری در تعطیلات اخر هفته یا تعطیلات در دسترس است ؟,customer-service
منتظر تحویل سفارش شماره 739 در اولین ساعت شنبه هستم.,scheduling
ایا شماره تلفن پشتیبانی مشتری صحت دارد ؟,customer-service
سفارش من را روز جمعه ساعت 9 ارسال کنید.,scheduling
میخواستم سفارشم رو ساعت 8 بفرستید.,scheduling
آیا سفارش 268 در حال حاضر در مسیر مقصد قرار دارد؟,tracking
تا چه زمانی میتونم کالا را برگشت بدهم؟,inquiring
ماهی را از سبد خریدم حذف کن,editting
می‌خواهم سفارش شماره 1841 که محصول پاستا را در تاریخ 1401/12/4 خریداری کردم را بازگردانم.,returning
من علاقه‌مند به برنامه‌ریزی تحویل سفارش شماره 1948 برای تاریخ 1402/4/5 هستم.,scheduling
شب بخیر سلام,chitchat
"به دلیل اشتباه خرید کردم, می‌خواهم خیار خریداری شده مورخ 1403/5/16 را برگردانم.",returning
اگر میشه این لیست از اجناس را بفرست برای من,finishing
من به کره نیاز دارم مخصوصاً 1 کیلوگرم.,buying
ماهی را به اشتباه خریداری کرده‌ام، آیا می‌توانم آن را عودت بدهم؟,returning
اگر در زمان تحویل در خانه نباشم چه کنم ؟,inquiring
می‌خواهم مرغ را که فراموش کرده‌ام به سبد خرید اضافه کنم.,buying
میشه از موجودی و اطلاعات محصول مرغ مطلع شوم؟,inquiring
صبحگاهت بخیر,chitchat
میخواستم کل سفارشم را حذف کنم چون پشیمان شدن از خرید,deleting
از آنجایی که محصولات قدیمی و آسیب دیده هستند، تصمیم گرفتم سفارش شماره 887 را برگردانم.,returning
وضعیت سفارش شماره 1107 چیست؟,tracking
خداقوت,chitchat
من می خواستم ماست را به سبد خریدم اضافه کنم، اما به نظر می رسد در لیست نیست، لطفا آن را اضافه کنید.,buying
سفارشم کاملا خراب است دستم رسیده است من را به کارشناس مربوطه وصل کن,customer-service
لطفا کیکی که به تازگی به سبد اضافه شده است را با مرغ جایگزین کنید.,editting
سفارش شماره 1417 من باید حذف شود زیرا بودجه کافی ندارم.,deleting
ارسال سفارش من در تاریخ 9/4/1400,scheduling
آیا می توانم پرتقالی را که قبلاً در سبد گذاشته بودم با پاستا جایگزین کنم؟,editting
قبل از تکمیل سفارش، به دلیل تغییر قیمت، می خواهم پرتقال را از سبد خرید خود لغو کنم.,editting
سفارشم تمام شد.,finishing
می خواهم از وضعیت فعلی سفارش شماره 1228 مطلع شوم.,tracking
من علاقه‌مند به برنامه‌ریزی تحویل سفارش شماره 2243 برای تاریخ 1403/2/14 هستم.,scheduling
من به دنبال پیشنهادات ویژه برای پرتقال هستم، آیا پیشنهادی دارید؟,inquiring
من می خواهم به دلیل تغییر در رژیم غذایی، روغن آشپزی را از سبد خریدم حذف کنم.,editting
لطفاً سفارش شماره 2272 را برای تاریخ 1402/6/21، ساعت 11 آماده کنید.,scheduling
می‌توانید بگویید آبمیوه از کدام کشور وارد می‌شود؟,inquiring
ممنون، این تمام چیزی بود که می خواستم,finishing
قیمت برنج در مقایسه با برنج چگونه است؟,inquiring
درود بر شما دوست عزیز,chitchat
سفارشمو ساعت 11 بفرستید .,scheduling
میشه پوشک بچه رو از سفارشم حذف کنی؟,editting
آیا می توانم از نماینده پشتیبانی مشتری درخواست تماس بکنم؟,customer-service
باید با پشتیبانی مایکروسافت صحبت کنم,customer-service
خرید من را جایگزین کنید,returning
من از خریدی که روز دوشنبه انجام دادم پشیمانم، حذف کنید.,deleting
آیا ماهی در رنگ‌های دیگری نیز موجود است؟,inquiring
لطفا سفارشم رو تعویض بزنید. به دلیل محصولات ارسالی با سفارشی که داشتم مغایرت داره,returning
آیا محصول ماکارونی گارانتی دارد؟,inquiring
برای مهمانی، لطفاً سفارش شماره 1203 را در 1401/9/17 تحویل دهید.,scheduling
تعریف کاهو در مغازه شما بسیار پیچیده است، لطفا 6 بسته برای من ارسال کنید.,buying
من دیگه میرم بای,chitchat
خداوند دوست و همراه شماست,chitchat
متوجه شدم محصول کیک مورد نظرم نیست، چگونه می‌توانم آن را پس بدهم؟,returning
نیاز دارم انبار آشپزخانه‌ام را با 4 کیلوگرم از سیب زمینی پر کنم.,buying
چه زمانی شماره پیگیری خود را دریافت خواهم کرد؟,inquiring
آیا امکان پیگیری سفارش شماره 1041 وجود دارد؟,tracking
از خرید گوجه فرنگی پشیمانم، لطفا از سبد خریدم حذف کنید.,editting
زمان تقریبی تحویل سفارش شماره 2007 را می‌توانید بگویید؟ من 14 روز پیش این سفارشو ثبت کرده بودم,tracking
می توانید پیگیری کنید تا ببینید سفارش من دقیقا کجاست. شماره سفارش من: 283,tracking
ممکن است نیاز به تعویض کالا داشته باشم، آیا هنوز امکان تغییر سبد خرید ناتمام وجود دارد؟,inquiring
من قصد دارم سفارشم را خط بزنم، به خاطر دلایلی که می گم: اشتباه ثبت کردم.,deleting
من می خواهم گوجه فرنگی را از سبد خریدم حذف کنم و به جای آن گوجه فرنگی اضافه کنم.,editting
گوشی رو به یک پشتیبانی وصل کن,customer-service
میشه زمان تقریبی تحویل سفارش شماره 502 رو بگید؟ من این سفارش را 4 روز پیش ثبت کردم,tracking
نیاز دارم که با سامانه پشتیبانیتون صحبتی داشته باشم,customer-service
میخواهم کره را از سفارشم حذف کنم.,editting
من تخفیف میخواستم,inquiring
من می خواستم برای سفارشم درخواست بازپرداخت کنم زیرا محصولات ارسال شده با سفارشی که داشتم متفاوت است,returning
من رو به یک پشتیبانی وصل کنید,customer-service
قیمت گوجه فرنگی با توجه به نوسانات اخیر بازار چه تغییری کرده است؟,inquiring
من تصادفا با شماره 2305 سفارش دادم لطفا حذفش کنید.,deleting
آیا می توانید پوشک بچه را از سفارش من حذف کنید؟,editting
آیا راهی وجود دارد که بتوانم محتویات سبد خرید خود را قبل از ثبت سفارش تغییر دهم؟,inquiring
ماست و ماست چه تفاوت هایی با هم دارند؟,inquiring
دلیل این همه تاخیر چیست؟ الان شیر من دقیقاً در چه وضعیتی است؟,tracking
من می خواهم خرید خود را به دلیل کمبود بودجه لغو کنم.,deleting
اسم شما چیست؟,chitchat
خدافظی میکنم ازت,chitchat
من نیاز به 11 کیلو از روغن سرخ کردنی دارم .,buying
من رو تا مرحله پرداخت ببرید چون خریدهایی که داشتم تموم شد.,finishing
آیا می توانید یک شراب خوب توصیه کنید؟ من برای یک موقعیت خاص به 8 کیلوگرم نیاز دارم.,buying
میخواهم درباره یک کارشناس صحبت کنم,customer-service
آیا می توانم 2 کیلو از دلستر را داشته باشم؟,buying
بررسی کنید تا ببینید سفارش 1477 کجاست؟,tracking
3 شانه,buying
آیا امکان دریافت سفارش شماره 796 در تاریخ 3/3/1401 وجود دارد؟,scheduling
چطوری با پشتیبان صحبت بکنم ؟,customer-service
آیا شماره سفارش 1622 ارسال شده است؟,tracking
سفارش 2129 را در تاریخ 1402/7/1 ارسال کنید.,scheduling
آیا سفارش شماره 1530 ارسال شده است؟,tracking
من می خواهم 2 کیلو گوشت دریافت کنم.,buying
می توانید سفارش 2263 را پیگیری کنید.,tracking
آیا تخفیفی برای خرید سیب زمینی در روز چهارشنبه وجود دارد؟,inquiring
من می خواهم اسموتی درست کنم و به 9 لیتر سیب مخلوط نیاز دارم.,buying
من تمام اقلام مورد نیاز خود را به سبد خرید اضافه کردم، لطفا مراحل بعدی را برای تکمیل سفارش به من بگویید.,finishing
من ماهی اشتباهی خریدم، آیا می توانم آن را برگردانم؟,returning
شب مهمونی داریم، سیب میخواستم.,buying
میخواستم با یک کارشناس صحبت.,customer-service
ایا می توانم از نماینده پشتیبانی سپاه درخواست تماس بکنم ؟,customer-service
اقلام من را برای ساعت 11 صبح یکشنبه برنامه ریزی کنید.,scheduling
خریدام تموم شد لطفا همین ها رو نهایی کنید.,finishing
به ارامش نیاز دارم,customer-service
می‌ خواهم سفارشم را تکمیل کنم,finishing
آیا می توانید سفارش شماره 1953 را ساعت 4 تحویل دهید؟,scheduling
خدانگهدار,chitchat
می‌خواهم رب را از سبد خریدم حذف کنم و به جای آن برنج اضافه نمایم.,editting
حتما باید با این کارشناس تخصصی حرف بزنم,customer-service
می خواهم سفارش 2174 رو بازگردانم ,returning
اقلامم رو ارسال کن.,finishing
وضعیت سفارش شماره 1536 چگونه است؟,tracking
قیمت ماهی الان چنده؟,inquiring
عصرت بخیر,chitchat
میشه قیمت پوشک بچه رو بدونم؟,inquiring
لطفا فرآیند تسویه حکم 613 را شروع کنید.,deleting
پشیمانم، سیب را از سفارش من لغو کنید,editting
لطفا مراحل تسویه سفارش سال 98 را شروع کنید.,deleting
لطفاً 5 بسته از نوشابه را به من بدهید.,buying
آیا این روزها پیشنهاد ویژه ای برای خرید نان دارید؟,inquiring
آیا می توانم سفارش شماره 261 را برای تحویل در ساعت 7 رزرو کنم؟,scheduling
انتخاب هایم را به پایان رساندهام و مایل به ثبت سفارش هستم ، قدم بعدی چیست ؟,finishing
گوجه فرنگی را به اشتباه خریداری کرده‌ام، آیا می‌توانم آن را برگردانم؟,returning
لیست خریدی که گفتم رو برای من ثبت کن,finishing
چون اشتباهی کالا را ارسال کردید میخواهم کیک خریداری شده در تاریخ 23/10/1401 را برگردانم.,returning
به دنبال آگاهی در مورد وضعیت فعلی سفارش با شناسه 2215 هستم.,tracking
لطفا تعداد هویج های موجود در سبد خرید من را از 5 به 8 تغییر دهید.,editting
اسمتو بگو,chitchat
می‌خواهم پوشک بچه خریداری شده با سفارش شماره 1890 در 1401/5/12 را به دلیل بسته بندی ارسال بسیار بد بود مرجوع کنم.,returning
درخواست عوض سفارش شماره 523 رو دارم.,returning
آیا پس از 10 بار استفاده همچنان امکان برگشت پنیر با شماره سفارش 276 وجود دارد؟,returning
من می خواهم 7 بسته از گوجه فرنگی را دریافت کنم.,buying
در مورد محصولات کیک سوالی دارم.,inquiring
آیا گوجه فرنگی در طیف وسیعی از مدل‌ها و طرح‌ها در دسترس است؟,inquiring
آیا خیار با استانداردهای SQF مطابقت دارد و آیا برای مصارف چربی 0 درصد داشتن تایید شده است؟,inquiring
چطوری میتونم با کارشناس مربوطه صحبت کنم ؟,customer-service
خدافظ,chitchat
امکان تغییر بازه ارسال سفارشات حضوری وجود دارد ؟ ,inquiring
می‌خواهم بدانم آیا برای رب در سال نو تخفیفی ارائه می‌دهید؟,inquiring
از شما درخواست دارم که سفارشم را لغو نمایید، زیرا اندازه اشتباهی انتخاب کردم.,deleting
داریم مهمونی داریم، من گوجه می‌خواستم.,buying
میشه برام 10 شانه پیاز ثبت سفارش کنی .,buying
من می خواهم نان را از سفارشم حذف کنم.,editting
ایا درگاه پشتیبانی اپل وجود دارد ؟,customer-service
خدا تو را حفظ کند,chitchat
چطور مطوری؟,chitchat
من به دنبال نان هستم، آیا آنها را در گرم حمل می کنید؟,buying
مچکرم ازت زحمتت دادم,chitchat
2 لیتر بده پس,buying
