text,label
متأسفانه باید از شما خواهش کنم که خرید من را حذف کنید زیرا بودجه کافی ندارم.,deleting
لطفاً تخم مرغ را در سبد خرید من با مرغ به روز کنید زیرا تازه تر است.,editting
می‌خواهم یک وعده غذایی قورمه سبزی آماده کنم، به 1 عدد از گوجه فرنگی درجه یک نیاز دارم.,buying
انتخاب هام تموم شد. سفارشم را ارسال کنید لطفا.,finishing
مقدار سیب رو 8 لیتر کنید,editting
شما احیانا خوب هستید؟,chitchat
آیا می توانم برای خرید هفتگی 8 کیلوگرم کاهو رزرو کنم؟,buying
آیا امکان تحویل سفارش شماره 910 در روز پنجشنبه وجود دارد؟,scheduling
می توانید دستور 38 را دنبال کنید.,discount
من می‌خواهم یک دستور پخت جدید را امتحان کنم که به 2 عدد از پرتقال نیاز دارد.,buying
من علاقه‌مند به برنامه‌ریزی تحویل سفارش شماره 1876 برای تاریخ 1403/6/10 هستم.,scheduling
آیا سفارش شماره 1551 که شامل آبمیوه بود آماده ارسال شده است؟,discount
آیا می توانم ۷ بطری سیب را برای خرید هفتگی خود رزرو کنم؟,buying
آیا برای کریسمس تخفیف دارید؟,tracking
می‌خواهم بدانم پرتقال با 12 لیتر چه قیمتی خواهد داشت.,inquiring
صبحگاهت بخیر,chitchat
لطفا تعداد پیازهای سبد خرید من را از 14 به 9 تغییر دهید.,editting
لطفا نان سبد خرید من را با روغن زیتون به روز کنید زیرا تازه تر است.,editting
من مشتاقم بدانم آیا سفارش 37 ارسال شده است یا خیر.,discount
من به خیار احتیاج دارم مخصوصاً 3 کیلوگرم.,buying
من خیلی وقته از شما خرید می کنم میشه به بنده تخفیف برای محصول پنیر بدهید؟,tracking
میشه سفارشم رو برگشت کنید؟ چون محصولات ارسالی با سفارشی که داشتم مغایرت داره,returning
برای درست کردن سالاد شیرازی 7 شانه هویج میخواستم.,buying
آیا تخفیفی برای خرید سیب در روز سه شنبه وجود دارد؟,tracking
منتظر تحویل سفارش شماره 2024 در اولین ساعت دوشنبه هستم.,scheduling
شغل شما در اینجا چیست و چه کار می کنید؟,chitchat
قیمت آبمیوه نسبت به آبمیوه چگونه است؟,inquiring
آیا می توانید تخم مرغی را که به اشتباه به سبد اضافه شده است بردارید؟,editting
میشه سفارش 38 را پیگیری کنید.,discount
میخواستم خریدم ساعت 9 فرستاده بشود.,scheduling
پس چرا سفارش من نمی رسد؟ باید تا دوشنبه تحویلم بدی,discount
می توانید دستور 1780 را دنبال کنید.,discount
لطفاً فرایند پاک سفارش  825 را آغاز کنید.,deleting
من میل شدید به پاستا دارم لطفا 6 لیتر برام بفرستید.,buying
لطفا پرتقال هایی که به تازگی به سبد اضافه شده اند را با پیاز جایگزین کنید.,editting
کار و بار چطوره؟,chitchat
لطفاً برنج را در سبد خرید من با نان به روز کنید زیرا تازه تر است.,editting
آیا قیمت گوشت از زمان بهار تغییر کرده است؟,inquiring
خوبی؟ خوشی؟,chitchat
من رو به مرحله پرداخت رساندم چون خریدهایی که داشتم تموم شد.,finishing
برای خرید برنج در این روزها، آیا پیشنهاد ویژه‌ای دارید؟,tracking
آیا خرید بیش از 3 بطری گوجه فرنگی تخفیف دارد؟,tracking
"به دلیل محصولات ارسالی با سفارشی که داشتم مغایرت داره, می‌خواهم سیب زمینی خریداری شده مورخ 1402/10/6 را پس بدهم.",returning
من می خواهم سفارش #1888 را برای تحویل در روز دوشنبه تنظیم کنم.,scheduling
برای خرید پیاز در این روزها، آیا پیشنهاد ویژه‌ای دارید؟,tracking
میشه خریدم رو روز سه شنبه تا ساعت 11 بفرستید؟,scheduling
من می خواهم سفارش شماره 2052 را که در تاریخ 1401/1/28 محصول شیر را خریداری کرده ام برگردانم.,returning
سفارشم رو روز چهارشنبه ساعت 3 ارسال کنید.,scheduling
سفارش 387 را در تاریخ 1403/12/30 ارسال کنید.,scheduling
من قصد دارم مرغ مربوط به سفارش شماره 425 را که در 1400/10/5 خریداری شده را مرجوعی ثبت کنم.,returning
می خواهم سفارشم را تکمیل!,finishing
به مناسبت تخفیفات زمستانی، آیا سفره‌ی تخفیفات ماهی پهن است؟,tracking
آیا سفارش شماره 506 ارسال شده است؟,discount
پس چرا سفارش من نمی رسد؟ باید تا پنجشنبه به من تحویل بدی,discount
چجوریه؟ پرتقال,inquiring
پنیر دارای تاییدیه‌ های بین‌المللی مانند IFS است؟,inquiring
میشه زمان تقریبی تحویل سفارش شماره 1243 رو بگید؟ من این سفارش را 2 روز پیش ثبت کردم,discount
آیا جعبه سورپرایز محصول ماهی با تخفیف برای هالووین دارید؟,tracking
می‌خواهم خریدم را به دلیل اندازه اشتباهی انتخاب کردم حذف کنم.,deleting
از شما می خواهم زمان تحویل سفارش شماره 1203 را برای 28/11/1400 تعیین کنید.,scheduling
وضعیت سفارش شماره 247 چگونه است؟,discount
می خواستم بدانم آیا در هالووین برای گوجه فرنگی تخفیف می دهید؟,tracking
میشه سفارشم رو عودت کنید؟ چون از خریدم پشیمان شدم.,returning
بدرود,chitchat
سفارشم را ثبت کنید و اعلام کنید چگونه پول خریدم را پرداخت کنم.,finishing
مقدار کالای هویج را از 7 لیتر به 9 لیتر اصلاح کنید.,editting
به دلیل یک خطای ناخواسته، سفارشی با شماره  526 ثبت شده است. خواهشمند است آن را لغو فرمایید.,deleting
باید سفارش 1208 رو پس بفرستم ,returning
آیا می توانید سفارش من را حذف کنید؟ آدرس اشتباهی وارد کردم,deleting
پس از ثبت سفارش 1915 در 1402/8/14، کنجکاوم که پیشرفت آن چگونه است. آخرین گزارش چیست؟,discount
من از خرید پنیر پشیمانم، لطفا سبد خرید من را لغو کنید.,editting
سفارشم تمام شد.,finishing
من الان سفارشمو گرفتم ولی به خاطر اقلامی که ارسال کردید خراب شد. از شما می خواهم سفارشم را برگردانید,returning
کنجکاوم که از مجموعه تخم مرغ شما چه چیزی دارید، می‌توانم 7 بطری امتحان کنم؟,buying
سیب زمینی 8 کیلوگرم میخوام ثبت سفارش کنم,buying
لطفا سفارش شماره 347 را برای تاریخ 24/1/1401 راس ساعت 9 تهیه نمایید.,scheduling
آیا خرید هویج در روز دوشنبه تخفیف دارد؟,tracking
می‌توانید خیار را که به اشتباه به سبد اضافه شده است بردارید؟,editting
آیا سفارش شماره 1109 که شامل گوشت بود آماده ارسال شده است؟,discount
لطفاً سفارش شماره 1045 را برای تاریخ 1403/5/2 آماده کنید.,scheduling
من 9 کیلو ماهی می خواستم.,buying
من 5 لیتر کاهو میخواستم شما داری؟,buying
وظیفه شما چیست,chitchat
آیا برای جشن هالووین، جعبه‌ی سورپرایز تخفیفی برای محصول گوشت دارید؟,tracking
به دلیل تخفیف ویژه ای که دیدم قصد دارم کاهو را جایگزین سیب کنم.,editting
خیار را از سفارش من حذف کنید,editting
من می خواهم از حراج هالووین استفاده کنم، آیا هویج شامل تخفیف می شود؟,tracking
آیا سفارش 601 آماده ارسال است یا هنوز در مرحله پیش ارسال است؟,discount
سلام,chitchat
جعبه سورپرایز تخفیف دار برای محصول کاهو برای جشن سال نو دارید؟,tracking
سفارش شماره 1097 که 9 روز پیش برای محصول کاهو ثبت شده بود را می‌خواهم تعویض کنم چون از خریدم پشیمون شدم.,returning
یا برای خرید عمده تخفیف دارید؟ من به 1 لیتر تخم مرغ علاقه دارم.,buying
آیا امکان دارد سفارش شماره 700 را در 1402/11/28 تحویل بگیرم؟,scheduling
مقدار کالای کره را از 2 عدد به 6 عدد اصلاح کنید.,editting
نیاز دارم انبار آشپزخانه‌ام را با 7 کیلوگرم از گوجه فرنگی پر کنم.,buying
در روزهای اخیر بازار تخفیف تخم مرغ داغ است؟,tracking
من می خواهم یک دستور جدید را امتحان کنم که به 8 کیلوگرم تخم مرغ نیاز دارد.,buying
سفارشم با شماره 1414 لغو بشه چون خوشم نمیاد.,deleting
احوالت؟,chitchat
اقلامم را ارسال کن.,finishing
چطوری عزیزم,chitchat
نیاز دارم سفارش 261 که روز چهارشنبه را پاک کنید.,deleting
من کنجکاو هستم که از مجموعه سیب زمینی خود چه چیزی دارید، آیا می توانم 14L را امتحان کنم؟,buying
بعد از ثبت سفارش 675 در تاریخ 20/8/1400 کنجکاو هستم که چطور پیشرفت می کند. آخرین گزارش چیست؟,discount
سفارش من با شماره 264 باید لغو شود چون اشتباه وارد کردم.,deleting
من می خواهم گوشت را از سبد خریدم حذف کنم و به جای آن پاستا اضافه کنم.,editting
آیا می‌توانم در مورد زمان تقریبی رسیدن بسته‌ام با کد پیگیری 2261 جویا شوم؟,discount
آیا می توانید وضعیت فعلی سفارش شماره 892 را توضیح دهید؟,discount
آیا سفارش شماره 1293 در مسیر ارسال است؟,discount
آیا امکان تحویل سفارش شماره 1171 در روز دوشنبه وجود دارد؟,scheduling
10 بطری از مرغ میخواستم .,buying
میخواستم کل سفارشم را کنسل کنم چون اشتباه ثبت کردم,deleting
من می‌خواهم یک دستور پخت جدید را امتحان کنم که به 9 عدد از کاهو نیاز دارد.,buying
شما سفارش شماره 1913 را به دلیل برخی مواد ارسال کردید، آنها آسیب دیده بودند، می خواهم آنها را پس بدهم.,returning
می‌خواستم تخم مرغ را به سبد خریدم اضافه کنم، اما به نظر می‌رسد در لیست نیست لطفا اضافه کنید اون رو.,buying
گوشت را به اشتباه خریداری کرده‌ام، آیا می‌توانم آن را عودت بدهم؟,returning
می‌خواهم سیب زمینی خریداری شده با سفارش شماره 2134 در 1400/4/28 را به دلیل نظرم عوض شد بازگردانم.,returning
سفارش شماره 513 برای کره خریداری شده در روز سه شنبه آنطور که انتظار می رفت نبود، من می خواهم یک بازگشت ارائه کنم.,returning
لطفاً سیب زمینی را که به تازگی به سبد اضافه شده است با کره جایگزین نمایید.,editting
کالای ارسالی بسیار آسیب دیده است لطفا تعویض کنید,returning
میشه اسمتو بگی,chitchat
اقلامی که سفارش کرده ام را برایم ثبت سفارش کن,finishing
برکات,chitchat
من می خواهم سفارش 1622 را برگردانم,returning
سفارشم را حذف کنید، 2 روز پیش ثبت نام کردم.,deleting
کالایی که به دستم رسیده معیوب است، میخواستم که بازگردانم,returning
به دلیل یک خطای ناخواسته، سفارشی با شماره  2034 ثبت شده است. خواهشمند است آن را حذف فرمایید.,deleting
از خرید کاهو پشیمان شدم، لطفا از سبد خریدم کنسل کن.,editting
کالاهایی که ارسال شده است بسیار آسیب دیده اند، لطفا عودت کنید,returning
سفارشم تموم شد,finishing
پس از ثبت سفارش 2304 در 1401/12/23، کنجکاوم که پیشرفت آن چگونه است. آخرین گزارش چیست؟,discount
از شما تقاضا دارم سفارش من را لغو کنید زیرا بودجه کافی ندارم.,deleting
چه کاری می توانی انجام بدهی؟,chitchat
دلیل اینهمه تاخیر چیه؟  پرتقالمن الان دقیقا در چه وضعیتی است؟,discount
به 11 لیتر از سیب نیاز دارم.,buying
میشه قیمت مرغ رو بدونم؟,inquiring
لطفاً نان را که به تازگی به سبد اضافه شده است با شیر جایگزین نمایید.,editting
لطفا فرآیند تسویه حکم 1649 را شروع کنید.,deleting
متأسفانه باید از شما بخواهم که خریدم را دیلیت کنید، زیرا اشتباه ثبت کردم.,deleting
آیا مرغ در راستای پایداری و مسئولیت‌های اجتماعی شرکت تولید کننده طراحی شده است؟,inquiring
پس از ثبت سفارش 215 در 1401/5/21، کنجکاوم که پیشرفت آن چگونه است. آخرین گزارش چیست؟,discount
امروز چطوری؟,chitchat
من می خواهم شیری را که فراموش کرده ام به سبد خریدم اضافه کنم، آیا هنوز ممکن است؟,buying
می‌خواهم از حراج عید استفاده کنم، آیا پرتقال هم شامل تخفیف می‌ شود؟,tracking
لطفا فرآیند تسویه حکم 2093 را شروع کنید.,deleting
برنج خریداری شده 11 معیوب است و می خواهم آن را برگردانم.,returning
بازی تموم شد ، لطفا همینارو نهایی کنید و قیمت کل رو بهم بگید.,finishing
اشتباه شد، به جای 1 شانه پیاز من 4 شانه می خواستم.,editting
من می خواهم یک دستور پخت جدید را امتحان کنم که شامل 4 هویج است.,buying
سیب رو موجود دارید؟ ,inquiring
می خواهم سفارش 1622 رو برگردانم ,returning
سفارشم را در تاریخ 1402/1/18 بفرستید,scheduling
من می خواستم برنج را به سبد خریدم اضافه کنم، اما به نظر می رسد در لیست نیست، لطفا آن را اضافه کنید.,buying
بچه های من عاشق روغن زیتون شما هستند، آیا می توانید 6 کیلوگرم برای من بگذارید؟,buying
لطفا شماره سفارش 1848 من را حذف کنید.,deleting
به 11 کیلوگرم از کاهو نیاز دارم.,buying
سفارشم تموم شده. همینارو میخواستم.,finishing
پاستا 5 کیلوگرم رو به سبد خریدم بیافزونید,buying
انصراف از سفارش شماره 1475,deleting
با توجه به تاریخ انقضای محصولات میخواهم کره خریداری شده در تاریخ 1301/3/15 را تعویض کنم.,returning
پشیمونم کاهو رو از سفارشم حذف کن,editting
من به دنبال اطلاع از وضعیت فعلی سفارش با شناسه 2325 هستم.,discount
1 آب شانه را به سبد خرید من اضافه کنید,buying
میتونم اسمتو بپرسم,chitchat
من رژیم دارم و نیاز به 7 لیتر از شیر کم‌چرب دارم.,buying
گوجه ای که ۱۱ روز پیش خریدم الان کجاست؟ پس کی ارسال میشه؟,discount
آیا برنامه‌ای برای فروش ویژه مرغ دراین فصل دارید؟,tracking
به دلیل تخفیف ویژه ای که دیدم قصد دارم نان را با گوشت جایگزین کنم.,editting
می خواستم 10 لیتر گوجه بخرم,buying
سفارشم به دستم رسید الان، اما به خاطر تاریخ مصرف محصولات گذشته بود میخواهم سفارشم رو مرجوع بزنید,returning
من علاقه مند به زمانبندی تحویل سفارش شماره 386 برای تاریخ 2/9/1401 هستم.,scheduling
با توجه به تاریخ انقضای محصولات، میخواهم شیر خریداری شده را به تاریخ 11/4/1401 برگردانم.,returning
حال و روزت بخیر,chitchat
دوست دارم خریدی که تازه کردم را دیلیت کنم، توانایی مالی به اندازه کافی ندارم.,deleting
گوجه فرنگی را به اشتباه خریداری کرده‌ام، آیا می‌توانم آن را برگردانم؟,returning
شب مهمونی داریم، گوجه فرنگی میخواستم.,buying
لطفا سفارش من را تا دوشنبه ارسال کنید.,scheduling
من سیب اشتباهی خریدم، آیا می توانم آن را برگردانم؟,returning
سفارش شماره 111 را به دلیل دوست نداشتم این محصول رو می‌خواهم بازگردانم.,returning
بدلیل بروز خطای ناخواسته به شماره 1696 ثبت گردید. لطفا حذفش کن,deleting
می‌توانید سفارش شماره 2228 را در ساعت 7 تحویل دهید؟,scheduling
من رژیم دارم و نیاز به 1 کیلوگرم از آبمیوه کم‌چرب دارم.,buying
من علاقه‌مند به برنامه‌ریزی تحویل سفارش شماره 488 برای تاریخ 1402/6/28 هستم.,scheduling
لطفا هویج را که به تازگی به سبد اضافه شده است با یک پرتقال جایگزین کنید.,editting
نان را از سفارش من حذف کنید,editting
آیا این روزها پیشنهاد ویژه ای برای خرید پرتقال دارید؟,tracking
سفارشم تموم شد این چیزی است که من می خواستم.,finishing
میخواستم بدونم آیا 8 شانه سیب رو حاضر دارید برای سفارش؟,inquiring
من الان سفارشم را دریافت کردم، اما چون کالای اشتباهی ارسال کردید، می‌خواهم سفارشم را برگردانید,returning
چطوری شریف؟,chitchat
برای خرید بیش از 4 لیتر از گوشت، آیا تخفیفی وجود دارد؟,tracking
شب مهمونی داریم، سیر میخواستم.,buying
آیا پس از 7 بار استفاده همچنان امکان برگشت پنیر با شماره سفارش 1387 وجود دارد؟,returning
میخواستم قیمت محصولات مقابل رو بدونم: 8 کیلوگرم تخم مرغ و 8 کیلوگرم تخم مرغ,inquiring
من علاقه‌مند به برنامه‌ریزی تحویل سفارش شماره 1165 برای تاریخ 1403/11/26 هستم.,scheduling
من قصد دارم کره مربوط به سفارش شماره 879 را که در 1402/11/2 خریداری شده را برگردانم.,returning
در روزهای اخیر، آیا بازار تخفیف تخم مرغ داغ است؟,tracking
پس چرا سفارش من نمی رسد؟ باید تا جمعه به من تحویل بدی,discount
آیا می توانید سفارش من را حذف کنید؟ من دیگه بهش نیاز ندارم,deleting
پس از ثبت سفارش 1915 در تاریخ 1402/8/14، کنجکاو هستم که چگونه پیشرفت می کند. آخرین گزارش چیست؟,discount
لطفاً سفارش من با شماره 1768 را پاک کنید.,deleting
خریدام همین بود. سفارشم را ثبت کن.,finishing
لطفاً 3 کیلوگرم از گوجه فرنگی را به من بدهید.,buying
من به دنبال اطلاع از وضعیت فعلی سفارش با شناسه 1661 هستم.,discount
میخواستم سفارشم رو عوض بزنم به دلیل اشتباه خرید کردم,returning
دوست دارم اسمت را بدانم,chitchat
سفارش من با شماره 264 باید لغو شود، چون اشتباه ثبت کردم.,deleting
من تصمیم گرفتم سفارش شماره 919 را پس بدهم زیرا اشتباهاً آن را خریدم.,returning
انتخاب ‌های خود را انجام داده ام، چگونه می‌توانم سفارشم را ثبت کنم؟,finishing
می‌خواهم بدانم سیر با 4 شانه چه قیمتی خواهد داشت.,inquiring
میشه بهم تخفیف بدید؟,tracking
خیار رو از سفارشم پاک کن,editting
سلام، حالت خوبه؟,chitchat
خودتان را معرفی کنید؟,chitchat
من رو به مرحله پرداخت ببرید چون خریدهایی رو داشتم تموم شد.,finishing
من قصد دارم سفارشم را لغو کنم، به دلایلی که می‌گویم: می‌خواهم از جای دیگری خرید کنم.,deleting
سفارش من را تا ساعت 11 ارسال کنید.,scheduling
میشه از موجودی و اطلاعات محصول کره مطلع شوم؟,inquiring
سفارش شماره 1567 برای پنیر که در یک شنبه خریداری شده بود، مطابق انتظار نبود، می‌خواهم پس بدهم.,returning
سفارشم به دستم رسید الان، اما به خاطر جنس هایی فرستادید خراب بودند میخواهم سفارشم رو عوض بزنید,returning
من به دنبال پیشنهادات ویژه برای تخم مرغ هستم، آیا چیزی برای ارائه دارید؟,tracking
می‌خواهم سفارش شماره 1130 را برای تحویل در روز چهارشنبه تنظیم کنم.,scheduling
برای تهیه سالاد شیرازی 5 بطری هویج می خواستم.,buying
نیاز دارم انبار آشپزخانه‌ام را با 4 شانه از کاهو پر کنم.,buying
من قصد دارم پیاز مربوط به سفارش شماره 308 را که در 1401/3/18 خریداری شده را پس بفرستم.,returning
سلام، چطوری؟,chitchat
سفارش من را تا ساعت 1 ارسال کنید.,scheduling
خسته هم شدی عذر میخوام خدافظ,chitchat
من تصادفاً با شماره 1823 سفارش دادم. لطفاً آن را لغو کنید.,deleting
لطفا زمان انتظار برای تکمیل تحویل سفارش 275 کی خواهد بود؟,discount
من سفارشم را الان دریافت کردم اما چون محصولات قدیمی و آسیب دیده هستند از شما می خواهم سفارشم را پس دهید,returning
من قصد دارم برنج خریداری شده در 1400/3/20 را به دلیل دوست نداشتم این محصول رو مرجوع کنم.,returning
پرتقال میخواستم .,buying
تخم مرغ میخواستم .,buying
من می خواهم خیار را که فراموش کرده ام به سبد خرید اضافه کنم.,buying
اطلاعات بیشتری از پاستا هاتون میخوام بدونم.,inquiring
سفارشم را قبل از ساعت 11 روز پنج شنبه تحویل دهید ,scheduling
من به دنبال اطلاع از وضعیت فعلی سفارش با شناسه 2185 هستم.,discount
آیا شما شاد و سلامت هستید؟,chitchat
پنیر را اشتباهی به سبد اضافه کردم، لطفا آن را حذف کنید.,editting
خریدام تموم شد لطفا همین ها را نهایی کنید.,finishing
می خواهم سفارش 239 رو بازگردانم ,returning
می‌خواهم سفارش شماره 2052 که محصول شیر را در تاریخ 1401/1/28 خریداری کردم را بازگردانم.,returning
ممنون عزیزم,chitchat
میشه خریدم رو روز دوشنبه تا ساعت 9 بفرستید؟,scheduling
5 بطری از آبمیوه میخواستم .,buying
آیا می توانید 11 شانه آب میوه را بسته بندی کنید و برای من بفرستید؟,buying
بعد از ثبت سفارش 1066 در تاریخ 1401/4/17 کنجکاو هستم که بدانم چگونه پیشرفت می کند. آخرین گزارش چیست؟,discount
آیا پس از 1 بار استفاده هنوز امکان بازگشت تخم مرغ وجود دارد؟ من چند روز پیش اجناسم رو تحویل گرفتم ولی به دلیل تاریخ انقضای محصولات میخوام برگردونم.,returning
آیا این روزها پیشنهاد ویژه ای برای خرید گوجه فرنگی دارید؟,tracking
قصد دارم نان را با تخم مرغ جایگزین کنم، لطفاً راهنمایی کنید.,editting
آیا سفارش شماره 2276 ارسال شده است؟,discount
من می خواهم سفارش 1378 را برگردانم,returning
سفارش من با شماره 1026 باید پاک شود، چون تغییرات برنامه‌ریزی داشتم.,deleting
سفارش شماره 2334 را به اشتباه خریداری کرده‌ام، چگونه می‌توانم آن را مرجوعی ثبت کنم؟,returning
برای مهمانی لطفا سفارش شماره 71 را در تاریخ 12/2/1401 تحویل بگیرید.,scheduling
آیا می‌توانم پرتقال را که 5 روز پیش خریده‌ام، پس بفرستم؟,returning
به مناسبت تعطیلات تابستانی، آیا سفره‌ی تخفیفات آبمیوه پهن است؟,tracking
به دلیل تخفیف ویژه ای که دیدم قصد دارم کره را با کره جایگزین کنم.,editting
من باید ظرف آشپزخانه ام را با 8 لیتر پیاز پر کنم.,buying
چجوری ازت تشکر کنم,chitchat
سفارش من را لغو کنید، من آن را 2 روز پیش ثبت کردم.,deleting
سفارشم را حذف کنید، 9 روز پیش ثبت کرده بودم.,deleting
میشه سفارشم رو برگشت کنید؟ چون از خریدم پشیمان شدم.,returning
می‌توانید بگویید نان از کدام کشور وارد می‌شود؟,inquiring
من می خواهم پیاز را از سبد خریدم حذف کنم و به جای آن سیب اضافه کنم.,editting
می‌خواهم زمان تحویل سفارش شماره 1203 را برای 1400/11/28 تنظیم کنید.,scheduling
می‌خواهم از وضعیت فعلی سفارش شماره 983 مطلع شوم.,discount
بررسی کنید تا ببینید سفارش 155 کجاست؟,discount
خرید 6 روز پیش من به دلیل انتخاب نادرست باید لغو شود، لطفا اقدام لازم را انجام دهید.,deleting
می‌خواهم بدانم سفارش شماره 306 در کدام مرحله از فرآیند قرار دارد.,discount
بطری 2 گوجه فرنگی برام کنار بگذارید,buying
آیا امکان دارد سفارش شماره 1538 را در 1401/9/4 تحویل بگیرم؟,scheduling
آیا می‌توانم در مورد زمان تقریبی رسیدن بسته‌ام با کد پیگیری 1803 جویا شوم؟,discount
می‌خواهم تخم مرغ را که در سبد خریدم قرار داده‌ام به دلیل تغییر نظرم حذف کنم.,editting
میشه به جای پنیر بهم تخم مرغ بدی؟,editting
ممنونم ، این موارد رو میخواستم فقط,finishing
من می خواهم ماهی را که در سبد خریدم گذاشته ام لغو کنم.,editting
جعبه سورپرایز تخفیف گوشتی برای جشن عید دارید؟,tracking
برای مشتریان همیشگی مثل من برای پرتقال تخفیف ویژه ای دارید؟,tracking
انتخاب هام تموم شد. سفارشم را ثبت کنید لطفا.,finishing
میخواستم بدونم سفارشی که ثبت کردم تا سه شنبه به دستم میرسه یا نه؟,discount
آیا می توانید پیازی را که به اشتباه به سبد اضافه شده است بردارید؟,editting
خرید 2 روز پیشم باید به دلیل انتخاب نادرست دیلیت گردد، لطفاً اقدامات لازم را انجام دهید.,deleting
لطفا سفارش شماره 2177 من را حذف کنید.,deleting
به مناسبت هالووین سفره تخفیف های کاهو پهن است؟,tracking
به طور تصادفی یک سفارش با شماره 1823 ثبت کردم. لطفاً آن را کنسل کنید.,deleting
لطفاً هویج را که به تازگی به سبد اضافه شده است با پرتقال جایگزین نمایید.,editting
میشه به جای تخم مرغ بهم 10 عدد شیر بدی؟,editting
آیا خرید مرغ بالای 3 کیلو تخفیف دارد؟,tracking
به مناسبت هالووین سفره تخفیف های نارنجی پهن است؟,tracking
من هوس شدیدی برای مرغ دارم، لطفا 10 بطری برای من بسته بندی کنید. و ارسال کنید,buying
مرغ رو از سفارشم دیلیت کن,editting
من می خواهم هویج را به صورت عمده بخرم، قیمت بهتری پیشنهاد می کنید؟,tracking
قصد دارم کره را به دلیل تخفیف ویژه‌ای که دیدم با کره تعویض کنم.,editting
آیا می توانید سفارش من را تغییر دهید؟ چون از خریدم پشیمون شدم,returning
برای مهمانی، لطفاً سفارش شماره 1544 را در 1400/4/18 تحویل دهید.,scheduling
از خرید مرغ پشیمانم لطفا آن را از سبد خریدم حذف کنید.,editting
سفارش دهید,finishing
سیب را اشتباه به سبد خریدم افزودم لطفا حذف کنید.,editting
آیا برای مشتریان عادی مثل من برای کره تخفیف ویژه ای دارید؟,tracking
سفارش شماره 524 را به اشتباه خریداری کرده‌ام، چگونه می‌توانم آن را مرجوعی ثبت کنم؟,returning
من قصد دارم روغن زیتون مربوط به سفارش شماره 2017 را که در 1401/12/6 خریداری شده را پس بفرستم.,returning
من می‌خواهم هویج را به صورت عمده خریداری کنم، آیا قیمت بهتری پیشنهاد می‌کنید؟,tracking
آیا می توانید سفارش من را برگردانید؟ چون بعضی از اقلام را ارسال کردید، خراب شده بودند,returning
آیا می‌توانید وضعیت کنونی سفارش با شماره 805 را روشن سازید؟,discount
آیا سفارش شماره 1188 در راه است؟,discount
سفارش شماره 990 برای پرتقال که در جمعه خریداری شده بود، مطابق انتظار نبود، می‌خواهم برگردونم.,returning
سفارشم را برای روز سه شنبه ارسال کنید چون وقت دیگر خونه نیستم.,scheduling
می خواهم بدانم آیا در کریسمس برای نان تخفیف می دهید؟,tracking
من میزبان یک مهمانی بزرگ هستم و به 5 کیلوگرم از هویج نیاز دارم.,buying
لطفاً پرتقالی که به تازگی به سبد اضافه شده است را با یک سیب جایگزین کنید.,editting
تعریف شیر مغازه شما خیلی پیچیده است، لطفا 13 بطری برام بفرستید.,buying
من 4 تکه پنیر می خواستم.,buying
پس از ثبت سفارش 2011 در 3/10/1402، کنجکاو هستم که چگونه پیشرفت می کند. آخرین گزارش چیست؟,discount
به دلیل بسته بندی بد می خواهم سفارش شماره 623 را برگردانم.,returning
من می خواهم به روز رسانی در مرحله ای که سفارش 72 در آن است بشنوم. آخرین وضعیت سفارش چگونه است؟,discount
اقا من اومدم دوباره مزاحمت بشم,chitchat
می‌خواهم سیبی را که فراموش کرده‌ام به سبد خریدم اضافه کنم، آیا هنوز ممکن است؟,buying
محصول ماکارونی را از سفارش من حذف کنید,editting
من اشتباه کردم می توانید سفارش 2330 را تحویل بگیرید؟,deleting
میشه برام 8 عدد کاهو ثبت سفارش کنی .,buying
میشه پنیر رو از سفارشم دیلیت کنی؟,editting
می‌خواهم بدانم سفارش شماره 400 کی به دستم می‌رسد.,discount
میخواستم خریدم ساعت 7 فرستاده بشود.,scheduling
میخواهم گوشت را از سفارشم حذف کنم.,editting
من می‌خواهم سیر را به صورت عمده خریداری کنم، آیا قیمت بهتری پیشنهاد می‌کنید؟,tracking
من می خواهم سفارش شماره 340 را که 13 روز پیش برای محصول تخم مرغ ثبت شده است، پس بدهم زیرا نظرم تغییر کرده است.,returning
آیا سفارش 1646 در حال حاضر در مسیر مقصد قرار دارد؟,discount
چه چیز دیگری؟,chitchat
من متوجه شدم که محصول هویج آن چیزی نیست که من می خواهم، چگونه می توانم آن را برگردانم؟,returning
اشتباه شد، به جای 6 کیلوگرم سیر من 13 کیلوگرم می خواستم.,editting
برنج چه تفاوت‌هایی با برنج دارد؟,inquiring
انتخاب هایم را به پایان رساندهام و مایل به ثبت سفارش هستم ، مرحله بعدی چیست ؟,finishing
ثبت نام کن,finishing
خیار دارای تاییدیه‌ های بین‌المللی مانند SQF است؟,inquiring
خداقوت پهلوان خسته هم نباشی,chitchat
من یکی از مشتریان شما هستم، آیا می توانید برای خرید ماکارونی به من تخفیف بدهید؟,tracking
می‌توانید بیان کنید که برنج چگونه از نظر فنی از برنج برتری دارد؟,inquiring
بررسی کنید تا ببینید سفارش 641 کجاست؟,discount
داریم مهمونی داریم، من گوجه می‌خواستم.,buying
من می خواستم تخم مرغ را به سبد خریدم اضافه کنم، اما به نظر می رسد در لیست نیست، لطفا آن را اضافه کنید.,buying
میشه زمان تقریبی تحویل سفارش شماره 2000 رو بگید؟ من این سفارش را 9 روز پیش ثبت کردم,discount
می خواهم سفارش 2228 رو برگشت بزنم ,returning
برای مهمانی لطفا سفارش شماره 498 را تا تاریخ 17/7/1300 تحویل بگیرید.,scheduling
مقدار سیب را به 8 لیتر افزایش دهید,editting
می‌خواهم تخم مرغ را از سبد خریدم لغو کنم و به جای آن شیر اضافه نمایم.,editting
متوجه شدم محصول هویج مورد نظرم نیست، چگونه می‌توانم آن را برگشت بزنم؟,returning
آیا می توانید سفارش من را قبل از ساعت 10 صبح دوشنبه تحویل دهید؟,scheduling
کره را از سبد خریدم حذف کن,editting
من میل شدید به مرغ دارم لطفا 14 شانه برای من بفرستید.,buying
من این هفته فقط چهارشنبه در خانه هستم، لطفا سفارشم را ارسال کنید.,scheduling
می‌خواستم برنج را به سبد خریدم اضافه کنم، اما به نظر می‌رسد در لیست نیست لطفا اضافه کنید اون رو.,buying
مرغ که 13 روز پیش خریدم الان کجاست؟ پس کی ارسال میشه؟,discount
برای خرید بیش از 7 لیتر از پیاز، آیا تخفیفی وجود دارد؟,tracking
لطفا فرآیند تسویه حکم 825 را شروع کنید.,deleting
آیا خرید بیشتر از 9 کیلو هویج تخفیف دارد؟,tracking
می توانید 8 شانه سیب را بسته بندی کنید و برای من بفرستید؟,buying
درخواست تغییر سفارش شماره 1553 دارم.,returning
آیا برای جشن هالووین، جعبه‌ی سورپرایز تخفیفی برای محصول پاستا دارید؟,tracking
آیا فروش ویژه ای برای شیر کریسمس دارید؟,tracking
تعریف برنج در مغازه شما بسیار پیچیده است، لطفا 8 عدد برای من ارسال کنید.,buying
لطفاً فرایند دیلیت سفارش  1824 را آغاز کنید.,deleting
خدافظ,chitchat
من قصد دارم نان را با تخم مرغ جایگزین کنم، لطفا راهنمایی کنید.,editting
برای خرید پرتقال در این روزها، آیا پیشنهاد ویژه‌ای دارید؟,tracking
سفارشم رو تا ساعت 5 بفرستید.,scheduling
وضعیت سفارش شماره 1417 چگونه است؟,discount
آیا برنامه‌ای برای فروش ویژه ماهی دراین فصل دارید؟,tracking
آیا امکان تحویل سفارش شماره 910 در روز پنج شنبه وجود دارد؟,scheduling
پشیمان شدم لطفا سفارشم را دیلیت کن,deleting
سبد خریدم آماده است,finishing
سفارشم رو تا ساعت 4 بفرستید.,scheduling
سفارش خود را بفرستید.,finishing
با درود,chitchat
سفارشم رو تا ساعت 11 بفرستید.,scheduling
می توانید پیگیری کنید تا ببینید سفارش من دقیقا کجاست. شماره سفارش من: 995,discount
من خیلی وقته از شما خرید میکنم میشه محصول هویج رو بهم تخفیف بدید؟,tracking
از شما تقاضا دارم سفارش من را لغو کنید زیرا اشتباه کردم.,deleting
بعد از ثبت سفارش 294 در تاریخ 1402/10/14 کنجکاو هستم که چگونه پیشرفت می کند. آخرین گزارش چیست؟,discount
مقدار محصول سیب زمینی را از 3 شانه به 1 شانه تغییر بدهید.,editting
من نان می خواستم.,buying
اشتباه شد، به جای 2 لیتر شیر من 9 لیتر می خواستم.,editting
منتظر تحویل سفارش شماره 562 در اولین ساعت شنبه هستم.,scheduling
برای نان در تعطیلات تابستانی تخفیفی ارائه می دهید؟,tracking
سفارشم را در تاریخ 1402/9/4 بفرستید,scheduling
بدلیل بروز خطای ناخواسته، سفارش به شماره 549 ثبت گردید. لطفا آن را لغو کنید.,deleting
من درخواست تغییر سفارش 479 دارم.,returning
من می خواهم سفارش خود را لغو کنم,deleting
به دلیل یک خطای ناخواسته، سفارشی با شماره  1698 ثبت شده است. خواهشمند است آن را دیلیت فرمایید.,deleting
من قصد دارم سفارشم را دیلیت کنم، به خاطر دلایلی که می گم: آدرس اشتباهی وارد کردم.,deleting
مقدار پرتقال را 13 کیلوگرم کنید,editting
میشه به جای پرتقال 7 کیلو مرغ به من بدید؟,editting
من می خواهم خریدی را که به تازگی انجام داده ام لغو کنم، در جای دیگری قیمت بهتری پیدا کردم.,deleting
من معلم آشپزی هستم، آیا 3 عدد از هویج دارید؟,buying
می‌خواهم از حراج کریسمس استفاده کنم، آیا پرتقال هم شامل تخفیف می‌ شود؟,tracking
درخواست عوض سفارش 218 رو دارم .,returning
آیا خرید نان چهارشنبه تخفیف دارد؟,tracking
عکس های من همینا بود لطفا برایم ارسال کنید.,finishing
من علاقه مند به زمانبندی تحویل سفارش شماره 1596 برای تاریخ 19/5/1403 هستم.,scheduling
درخواست حذف سفارش شماره 2030 دارم چون سایز رو اشتباه انتخاب کردم.,deleting
من قصد دارم شیر خریداری شده در 1402/10/14 را به دلیل کالاها رو اشتباهی ارسال کردید عودت بدهم.,returning
ثبت سفارش 387 در تاریخ 1403/12/30.,scheduling
من مشتاقم تا دریابم آیا سفارش 1173 ارسال شده است.,discount
درخواست برگشت سفارش شماره 523 دارم.,returning
9 لیتر از هویج میخواستم .,buying
آیا سفارش 2060 در حال حاضر در مسیر مقصد قرار دارد؟,discount
آیا امکان دارد کره را که پیش‌تر انتخاب کرده‌ام با سیب تعویض کنم؟,editting
تمایل دارم از به‌روزرسانی‌های مربوط به مرحله‌ای که سفارش 2270 در آن قرار دارد مطلع شوم. آخرین وضعیت سفارش چیست؟,discount
من میخوام از حراج عید استفاده کنم پرتقال شامل تخفیف میشه؟,tracking
می خواهم سفارش 1378 رو برگردونم ,returning
می‌خواهم ماهی که در تاریخ 1403/2/29 خریداری کردم را پس بدهم.,returning
می‌توانید مرغ را که در حال حاضر نیازی به آن ندارم از سبد خریدم بردارید؟,editting
مقدار اجناس هویج را از 7 لیتر به 9 لیتر تغییر دهید.,editting
لطفاً پنیر را که به تازگی به سبد اضافه شده است با گوشت جایگزین نمایید.,editting
میخواستم بدونم آیا 12 لیتر پاستا موجود هست؟,inquiring
می‌خواهم بدانم آیا برای گوجه فرنگی در هالووین تخفیفی ارائه می‌دهید؟,tracking
برای خرید بیش از 11 کیلوگرم از گوشت، آیا تخفیفی وجود دارد؟,tracking
آیا در تعطیلات تابستانی هویج را تخفیف می دهید؟,tracking
می‌خواهم زمان تحویل سفارش شماره 1950 را برای 1400/12/8 تنظیم کنید.,scheduling
زمان تقریبی تحویل سفارش شماره 2000 را می‌توانید بگویید؟ من 9 روز پیش این سفارشو ثبت کرده بودم,discount
میشه سفارشم رو تعویض کنید؟ چون اشتباه خرید کردم,returning
مقدار محصول سیب زمینی را از 13 عدد به 10 عدد تغییر بدهید.,editting
آیا می توانم سفارش شماره 1626 را برای تحویل ساعت 11 صبح رزرو کنم؟,scheduling
من تصادفا با شماره 2305 سفارش دادم لطفا حذفش کنید.,deleting
می‌خواهم از وضعیت فعلی سفارش شماره 1934 مطلع شوم.,discount
آیا می توانید برای من شانه 1 از پرتقال را بسته بندی کنید و برای من بفرستید؟,buying
آیا می توانم 8 بطری ماهی رزرو کنم؟,buying
به دنبال آگاهی در مورد وضعیت فعلی سفارش با شناسه 2036 هستم.,discount
می‌توانید بیان کنید که سیر چگونه از نظر فنی از سیر برتری دارد؟,inquiring
چه خبر؟ آیا همه چیز خوب پیش می رود؟,chitchat
اقلامم را ثبت کنید,finishing
میخواستم خریدم ساعت 6 فرستاده بشود.,scheduling
خدا تو را حفظ کند,chitchat
آیا پس از 13 بار مصرف باز هم امکان برگشت گوجه فرنگی با شماره سفارش 39 وجود دارد؟,returning
می‌خواهم زمان تحویل سفارش شماره 840 را برای 1403/11/18 تنظیم کنید.,scheduling
 بچه‌های من مرغ شما را دوست دارند، می‌توانید 14 عدد برای من کنار بگذارید؟,buying
ممنون از حضور گرم شما,chitchat
نوبت من است که شام ​​بپزم، من به 6 لیتر پرتقال زیر نیاز دارم,buying
حذف سفارش 450.,deleting
محصول پاستا را از سفارشم حذف کن,editting
سفارش من را ساعت 8 ارسال کنید.,scheduling
لطفاً ماهی را که در سبد خریدم است با تخم مرغ به‌روزرسانی کنید.,editting
دوست دارم خریدی که تازه کردم را حذف کنم، به دردم نمیخوره.,deleting
ارسال سفارش 1263 در تاریخ 1401/1/18.,scheduling
به دلیل کالاها رو اشتباهی ارسال کردید، تصمیم دارم سفارش شماره 1184 را پس بفرستم.,returning
به دلیل اشتباه خرید کردم، تصمیم دارم سفارش شماره 919 را بازگردانم.,returning
آیا می توانید سفارش شماره 938 را ساعت 8 تحویل دهید؟,scheduling
من منتظر تحویل سفارش شماره 1153 در اولین ساعت روز شنبه هستم.,scheduling
میشه اسمتون رو بگید یا حتی خودتون رو معرفی کنید؟,chitchat
من از مشتری های مجموعه شما هستم میشه برای خرید پنیر به من تخفیف بدهید؟,tracking
می‌توانید سفارش شماره 817 را در ساعت 7 تحویل دهید؟,scheduling
می‌توانید سفارش شماره 1464 را در ساعت 7 تحویل دهید؟,scheduling
من خیلی وقته از شما خرید می کنم میشه به بنده تخفیف برای محصول کره بدهید؟,tracking
لطفاً تعداد هویج در سبد خریدم را از 8 به 8 تغییر دهید.,editting
مرسی,chitchat
من خیلی وقته از شما خرید می کنم میشه به بنده تخفیف برای محصول تخم مرغ بدهید؟,tracking
برای خرید کاهو در این روزها، آیا پیشنهاد ویژه‌ای دارید؟,tracking
آیا می توانید سفارش من را قبل از ساعت 11 روز سه شنبه تحویل دهید؟,scheduling
می‌توانید بگویید سیب زمینی از کدام کشور وارد می‌شود؟,inquiring
من باید سفارش 1089 را در روز سه شنبه لغو کنم.,deleting
میشه از شیر 13 شانه بفرستی؟,editting
لطفا به جای 7 کیلوگرم گوشت، 7 کیلوگرم هویج بدهید.,editting
سفارشم را ثبت کنید و به من بگویید چگونه باید هزینه خریدم را پرداخت کنم.,finishing
گوشت را به اشتباه خریداری کرده‌ام، آیا می‌توانم آن را برگردانم؟,returning
اقلامی که انتخاب کرده ام را برایم ثبت سفارش کن,finishing
خب ، همین موارد رو میخواستم فقط,finishing
درود خدمتت,chitchat
بچه های من عاشق سیب زمینی شما هستند، آیا می توانید 1 کیلوگرم برای من در نظر بگیرید؟,buying
من خیلی وقته از شما خرید میکنم میشه برای محصولات مرغ تخفیف بدید؟,tracking
من این هفته فقط سه شنبه هستم، لطفا سفارشم را ارسال کنید.,scheduling
برای بودجه‌ بندی، نیاز به دانستن قیمت دقیق پرتقال دارم.,inquiring
آیا می توانم ۷ بطری پاستا را برای خرید هفتگی خود رزرو کنم؟,buying
من می خواهم خریدی را که به تازگی انجام داده ام حذف کنم، می خواهم از جای دیگری خرید کنم.,deleting
متوجه شدم محصول سیب زمینی مورد نظرم نیست، چگونه می‌توانم آن را برگردانم؟,returning
لطفاً فرایند دیلیت سفارش  101 را آغاز کنید.,deleting
آیا امکان دریافت سفارش شماره 700 در تاریخ 28/11/1402 وجود دارد؟,scheduling
برای بودجه‌ بندی، نیاز به دانستن قیمت دقیق شیر دارم.,inquiring
سفارش شماره 1121 را حذف,deleting
اجناسی که به اطلاع رسید را ثبت سفارش و ارسال کن.,finishing
سفارشم را برای جمعه بفرستید چون دیگر در خانه نیستم.,scheduling
سفارش شماره 1850 را کنسل,deleting
آیا برای مشتریان دائمی مانند من، تخفیف خاصی برای مرغ در نظر گرفته‌اید؟,tracking
آیا آبمیوه برای افرادی با شرایط خاص مانند چربی 0 درصد داشتن مناسب است؟,inquiring
آیا پس از 9 بار استفاده همچنان امکان برگشت پنیر با شماره سفارش 271 وجود دارد؟,returning
من اشتباهاً سفارش شماره 2334 را خریداری کردم، چگونه می توانم اظهارنامه کنم؟,returning
آیا سفارش شماره 906 ارسال شده است؟,discount
قصد دارم کاهو را به دلیل تخفیف ویژه‌ای که دیدم با سیب تعویض کنم.,editting
آیا سفارش شماره 2115 که شامل تخم مرغ بود آماده ارسال شده است؟,discount
متأسفانه باید از شما بخواهم که خریدم را لغو کنید، زیرا توانایی مالی به اندازه کافی ندارم.,deleting
آیا می توانید برای من شانه 11 از آبمیوه را بسته بندی کنید و برای من بفرستید؟,buying
پس از ثبت سفارش 1066 در 1401/4/17، کنجکاوم که پیشرفت آن چگونه است. آخرین گزارش چیست؟,discount
هویج که 12 روز پیش خریدم الان کجاست؟ پس کی ارسال میشه؟,discount
از خریدی که روز چهارشنبه انجام دادم پشیمانم، حذف کنید.,deleting
از کاری که برایم کردی سپاسگزارم,chitchat
از شما تقاضا دارم که سفارش من را لغو کنید، زیرا برنامه ام را تغییر داده ام.,deleting
پس از ثبت سفارش 1720 در تاریخ 1400/2/19، کنجکاو هستم که چگونه پیشرفت می کند. آخرین گزارش چیست؟,discount
موجودی خیار هاتون چقدر است؟,inquiring
کالای گوجه فرنگی گارانتی دارد؟,inquiring
ثبت سفارش 393 در تاریخ 1400/5/11.,scheduling
روزت بخیر و شادی,chitchat
برای خرید بیش از 9 شانه از کره، آیا تخفیفی وجود دارد؟,tracking
لطفاً سفارش من با شماره 1381 را پاک کنید.,deleting
نان را اشتباه به سبد خریدم افزودم لطفا پاک کنید.,editting
می‌خواهم از حراج هالووین استفاده کنم، آیا کاهو هم شامل تخفیف می‌ شود؟,tracking
من قصد دارم روغن زیتون مربوط به سفارش شماره 429 را که در 1400/4/17 خریداری شده را پس بفرستم.,returning
لطفا سفارشم را برگردانید من این کالاها را نمی خواهم، نظرم تغییر کرد.,returning
یادم رفت، لطفا آبمیوه هم به سبد خریدم اضافه کن.,buying
حالت چطوره عزیزم,chitchat
آیا امکان پیگیری سفارش شماره 1047 وجود دارد؟,discount
من تمایل زیادی به شیر دارم، لطفاً 7 شیشه برای من بفرستید.,buying
کالای سیر گارانتی دارد؟,inquiring
کالاهایم را برای ساعت 9 روز پنج شنبه برنامه ریزی کنید.,scheduling
آیا جعبه سورپرایز محصول برنج با تخفیف برای جشن گرفتن تعطیلات تابستانی دارید؟,tracking
کره ای که 9 روز پیش به دستم رسید نیاز به تعویض دارد و خواهش می کنم آنها را برای من برگردانید.,returning
می‌خواهم درک عمیق‌تری از خصوصیات بارز و منحصر به فرد برنج کسب کنم.,inquiring
مقدار مرغ رو 2 عدد کنید,editting
می‌خواهم بدانم که آیا گوجه فرنگی قابلیت ارتقاء یا توسعه در آینده را دارد؟,inquiring
آیا خرید مرغ چهارشنبه تخفیف دارد؟,tracking
اذیتت کردم خسته شدی,chitchat
می‌توانید یک شراب خوب پیشنهاد کنید؟ به 5 شانه برای یک مناسبت خاص نیاز دارم.,buying
من باید سفارش 974 را جایگزین کنم,returning
من باید ظرف خانه ام را با 4 سر کاهو پر کنم.,buying
مقدار محصول پیاز را از 8 لیتر به 10 لیتر تغییر دهید.,editting
من اشتباهی شماره سفارش 2310 را خریدم، چگونه آن را برگردانم؟,returning
قبل از تکمیل سفارش، به دلیل تغییر قیمت، می خواهم مرغ را از سبد خرید خارج کنم.,editting
می‌توانید سفارشم را دیلیت کنید؟ محصول مورد نظر را در جای دیگری یافتم.,deleting
هویج را اشتباه به سبد خریدم افزودم لطفا پاک کنید.,editting
بازی تموم شد لطفا همین ها را نهایی کنید.,finishing
آیا می توانم زمان تخمینی رسیدن بسته خود را با کد رهگیری 2261 استعلام کنم؟,discount
سفارش شماره 1499 که 6 روز پیش برای محصول گوشت ثبت شده بود را می‌خواهم برگشت بزنم چون بسته بندی ارسال بسیار بد بود.,returning
لطفا سفارش شماره 361 را برای تاریخ 14/8/1400 تهیه نمایید.,scheduling
برای خرید گوجه فرنگی در این روزها، آیا پیشنهاد ویژه‌ای دارید؟,tracking
زمان تقریبی تحویل سفارش شماره 487 را می‌توانید بگویید؟ من 6 روز پیش این سفارشو ثبت کرده بودم,discount
لطفاً تعداد نان در سبد خریدم را از 3 به 11 تغییر دهید.,editting
من می خواهم از مزایده هالووین استفاده کنم، آیا گوجه فرنگی شامل تخفیف می شود؟,tracking
می‌توانید سفارش شماره 1230 را در ساعت 11 تحویل دهید؟,scheduling
پیاز مربوط به سفارش 308 را که در تاریخ 18/3/1301 خریداری شده است را پس می فرستم.,returning
آیا سفارش شماره 1664 که شامل ماهی بود آماده ارسال است؟,discount
چون این محصول را دوست نداشتم تصمیم گرفتم سفارش شماره 2022 را پس بدهم.,returning
خواهشمندم، زمان انتظار برای تکمیل تحویل سفارش 1083 چه موقع خواهد بود؟,discount
در سبد خرید من خیار را با نان جایگزین کنید.,editting
من باید سفارش 353 را روز سه شنبه حذف کنم.,deleting
من یکی از مشتریان شما هستم، می توانید برای خرید سیب زمینی به من تخفیف بدهید؟,tracking
لطفاً سفارش شماره 2272 را برای تاریخ 1402/6/21، ساعت 11 آماده کنید.,scheduling
چجوریه؟ مرغ,inquiring
به طور تصادفی یک سفارش با شماره 1887 ثبت کردم. لطفاً آن را پاک کنید.,deleting
سفارشم به دستم رسید الان، اما به خاطر تاریخ مصرف محصولات گذشته بود میخواهم سفارشم رو عودت بزنید,returning
پنیر اشتباهی خریدم، آیا می توانم آن را پس بدهم؟,returning
اقلامی را انتخاب کرده ام را برایم ثبت سفارش کن,finishing
خریدی داشتم.,buying
آیا خرید بالای 4 لیتر گوشت تخفیف دارد؟,tracking
آیا تخم مرغ برای افرادی با شرایط خاص مانند چربی 0 درصد داشتن مناسب است؟,inquiring
آیا می‌توانم در مورد زمان تقریبی رسیدن بسته‌ام با کد پیگیری 1234 جویا شوم؟,discount
خریدم رو با شماره پیگیری 2173 را رهگیری کنید.,discount
به مناسبت تعطیلات تابستان سفره تخفیف آب میوه ها پهن است؟,tracking
به 7 کیلوگرم از نان علاقه مندم .,buying
اشتباه کردم، می‌توانید سفارش 1512 را بردارید؟,deleting
من قصد دارم روغن زیتون را از سفارش شماره 2017 خریداری شده در تاریخ 6/12/1301 برگردانم.,returning
از شما درخواست دارم که سفارشم را حذف نمایید، زیرا از مکان دیگری میخواهم خرید کنم.,deleting
گوشت را برای من کنار بگذارید,buying
لطفاً روند حذف سفارش 16 را شروع کنید.,deleting
من به شما درود می فرستم,chitchat
آیا تخفیفی برای خرید نان در روز سه شنبه وجود دارد؟,tracking
می‌توانید سفارش شماره 735 را در ساعت 5 تحویل دهید؟,scheduling
ممنون از کاری که برای من کردی,chitchat
می خوام که کالاهارو بفرستی,finishing
لطفاً 5 شانه از پیاز را به من بدهید.,buying
لطفاً سفارش شماره 445 را برای تاریخ 1400/7/3 آماده کنید.,scheduling
من می خواهم سفارش شماره 111 را برگردانم زیرا این محصول را دوست نداشتم.,returning
وقت خوش,chitchat
مرغی که 13 روز پیش خریدم کجاست؟ پس کی ارسال میشه؟,discount
می‌توانید سفارشم را لغو کنید؟ محصول مورد نظر را در جای دیگری یافتم.,deleting
آیا در تعطیلات تابستان برای نان تخفیف می دهید؟,tracking
ما یک شب مهمانی داریم، من آب میوه می خواستم.,buying
آیا می توانم سیب زمینی هایی را که قبلاً در سبد گذاشته بودم با آب میوه جایگزین کنم؟,editting
من می خواهم سفارش شماره 414 را برای تحویل در روز جمعه تنظیم کنم.,scheduling
حالتان خوب است؟,chitchat
درخواست عوض سفارش 2020 رو دارم .,returning
سلام، حالتان خوب است؟,chitchat
برای هویج در تعطیلات تابستانی تخفیفی ارائه می دهید؟,tracking
کره را به اشتباه خریداری کرده‌ام، آیا می‌توانم آن را مرجوعی ثبت کنم؟,returning
برای من هویج بفرست,buying
تمایل دارم از به‌روزرسانی‌های مربوط به مرحله‌ای که سفارش 72 در آن قرار دارد مطلع شوم. آخرین وضعیت سفارش چیست؟,discount
میشه سفارش 452 را پیگیری کنید.,discount
من اشتباه کردم می توانید سفارش 1589 را تحویل بگیرید؟,deleting
کالایی که به دستم رسیده معیوب است، میخواستم که برگشت بزنم,returning
آیا جعبه سورپرایز تخفیفی برای محصول کره ای برای جشن سال نو دارید؟,tracking
من خیلی وقته از شما خرید می کنم، می توانید برای محصول روغن زیتون به من تخفیف بدهید؟,tracking
لطفاً پرتقال را که به تازگی به سبد اضافه شده است با سیب جایگزین نمایید.,editting
لطفا سفارش شماره 1912 را برای تاریخ 7/11/1403 تهیه نمایید.,scheduling
سلام من کمک میخواستم,chitchat
نوبت من است که شام ​​بپزم، به اقلام زیر نیاز دارم: 11 کیلوگرم پنیر,buying
کالای پرتقال گارانتی دارد؟,inquiring
سیب زمینی های خریداری شده با شماره سفارش 2134 را در تاریخ 28/4/1300 میخواهم به دلیل تغییر عقیده برگردانم.,returning
من می خواهم یک وعده سوپ سبزیجات درست کنم، به 10 شانه آب میوه مرغوب نیاز دارم.,buying
من می‌خواهم یک دستور پخت جدید را امتحان کنم که به 4 شانه از روغن زیتون نیاز دارد.,buying
سفارشم را قبل از ساعت 1 روز چهارشنبه تحویل دهید ,scheduling
11 بطری از پاستا میخواستم .,buying
من قصد دارم سفارشم را دیلیت کنم، به خاطر دلایلی که می گم: از مکان دیگری میخواهم خرید کنم.,deleting
می‌خواهم از قیمت روز مرغ مطلع شوم، آیا می‌ توانید کمک کنید؟,inquiring
میل شدیدی به پاستا دارم لطفاً 6 لیتر برای من بفرستید .,buying
اینها خریدهای من هستند لطفا برای من ارسال کنید.,finishing
میشه برام 13 عدد آبمیوه ثبت سفارش کنی.,buying
شب بخیر سلام,chitchat
به جای 6 عدد شیر لطفا 6 عدد برنج بدهید.,editting
آیا امکان پس دادن پنیر با سفارش شماره 271 پس از 9 استفاده هنوز وجود دارد؟,returning
من مشتاقم تا دریابم آیا سفارش 394 ارسال شده است.,discount
به جای 4 شانه شیر لطفا 9 شانه تخم مرغ به من بدهید,editting
آیا 13 عدد از پنیر دارید ؟,buying
هویج را به سبد خرید من اضافه کنید.,buying
محصول هویج را از سفارشم کنسل کن,editting
سلام شما کی هستید؟,chitchat
آیا امکان پیگیری سفارش شماره 1343 وجود دارد؟,discount
میشه سفارشم رو عودت کنید؟ چون از خریدم پشیمون شدم,returning
آیا می توانید 7 کیلوگرم از کره بفرستید؟,editting
از شما می خواهم زمان تحویل سفارش شماره 2031 را برای تاریخ 18/1/1400 تعیین کنید.,scheduling
من باید دستور 2050 را روز پنجشنبه پاک کنم.,deleting
خریدم رو کنسل کنید,deleting
من می خواهم یک وعده سوپ سبزیجات درست کنم، من به 13 شانه شیر درجه یک نیاز دارم.,buying
لطفاً خیار را که در سبد خریدم قرار دارد با پاستا به‌روزرسانی کنید، چون تازه‌تر است.,editting
من خیلی وقته از شما خرید می کنم، می توانید برای محصولات شیر ​​به من تخفیف بدهید؟,tracking
کالای شیر گارانتی دارد؟,inquiring
لطفاً سفارش شماره 1831 را برای تاریخ 1403/2/25 آماده کنید.,scheduling
می‌خواهم زمان تحویل سفارش شماره 1074 را برای 1400/8/6 تنظیم کنید.,scheduling
به دلیل تغییر در رژیم غذایی من می خواهم سیر را از سبد خرید حذف کنم.,editting
آیا می توانید به جای پنیر به من تخم مرغ بدهید؟,editting
نیاز دارم انبار آشپزخانه‌ام را با 1 کیلوگرم از کاهو پر کنم.,buying
اقلامم را ثبت کن,finishing
اشتباه شد، به جای 3 عدد پیاز من 1 عدد می خواستم.,editting
سفارش من را لغو کنید، من آن را 9 روز پیش ثبت کردم.,deleting
نامت رو بگو,chitchat
لطفا فرآیند تسویه حکم 901 را شروع کنید.,deleting
می خواهم آب میوه را از سبد خریدم حذف کنم و به جای آن کاهو اضافه کنم.,editting
گوجه فرنگی که 11 روز پیش خریدم الان کجاست؟ پس کی ارسال میشه؟,discount
می‌خواهم درک عمیق‌تری از خصوصیات بارز و منحصر به فرد هویج کسب کنم.,inquiring
متأسفانه باید از شما بخواهم که خریدم را لغو کنید، زیرا اشتباه ثبت کردم.,deleting
می‌توانید سیب زمینی را که به اشتباه به سبد اضافه شده است بردارید؟,editting
سوالاتی راجع به کالای گوجه فرنگی دارم.,inquiring
من یک درخواست بازگشت برای سفارش 1517 دارم.,returning
من می خواهم برنجی را که در سبد خریدم گذاشته ام لغو کنم.,editting
سفارشم را لغو کنید، 9 روز پیش ثبت کرده بودم.,deleting
از شما می خواهم سفارش من را لغو کنید زیرا دیگر به آن نیاز ندارم.,deleting
لطفا شماره سفارش من 1686 را حذف کنید.,deleting
نیاز دارم انبار آشپزخانه‌ام را با 8 لیتر از پیاز پر کنم.,buying
روز خوب,chitchat
می‌خواهم از حراج عید استفاده کنم، آیا کاهو هم شامل تخفیف می‌ شود؟,tracking
آقا من اومدم دوباره مزاحمتون بشم,chitchat
آیا نان دارای گارانتی یا خدمات پس از فروش است؟,inquiring
سفارش من را قبل از ساعت 8 روز چهارشنبه تحویل دهید,scheduling
می‌خواهم از حراج هالووین استفاده کنم، آیا هویج هم شامل تخفیف می‌ شود؟,tracking
پس از ثبت سفارش 348 در 1401/8/4، کنجکاوم که پیشرفت آن چگونه است. آخرین گزارش چیست؟,discount
من اشتباه کردم، می توانید سفارش 33 را تحویل بگیرید؟,deleting
چون نظرم عوض شد، تصمیم گرفتم سفارش شماره 153 را برگردانم.,returning
آیا می توانید سفارش من را تغییر دهید؟ چون اشتباهی خریدم,returning
گوشت مربوط به سفارش شماره 1795 که در تاریخ 21/5/1403 خریداری شده است را برمی گردانم.,returning
می‌توانم 7 بطری از پاستا را برای خرید هفتگی‌ام رزرو کنم؟,buying
مسئول میان‌وعده‌های مهمانی اداره هستم، به 1 بطری از ماهی میخواستم.,buying
می‌خواهم خریدم را به دلیل محصول مورد نظر را در جای دیگری یافتم لغو کنم.,deleting
سفارش شماره 2310 را به اشتباه خریداری کرده‌ام، چگونه می‌توانم آن را مرجوع کنم؟,returning
آیا برنامه‌ای برای فروش ویژه پرتقال دراین فصل دارید؟,tracking
من مشتاقم بدانم آیا سفارش 1173 ارسال شده است یا خیر.,discount
سفارشم را دیلیت کنید، 2 روز پیش ثبت کرده بودم.,deleting
قصد دارم برنج را با ماهی جایگزین کنم، لطفاً راهنمایی کنید.,editting
خریدم را عوض کنم,returning
لطفا سفارش من رو تا روز شنبه ارسال کنید.,scheduling
میخواستم کل سفارشم را کنسل کنم چون دیگر به آن احتیاجی ندارم,deleting
گوشتی که 14 روز پیش تحویل گرفتم نیاز به تعویض دارد و از شما می خواهم آن را برای من برگردانید.,returning
دلیل اینهمه تاخیر چیه؟  آبمیوهمن الان دقیقا در چه وضعیتی است؟,discount
لطفاً سفارش شماره 1052 را برای تاریخ 1403/6/20 آماده کنید.,scheduling
روز خوب و خوشی داشته باشید,chitchat
آیا قیمت گوجه فرنگی از زمان بهار تغییر کرده است؟,inquiring
آیا امکان مرجوع کردن هویج بعد از 6 استفاده هنوز وجود دارد؟ من کالاهایم را چند روزه که دریافت کردم ولی به دلیل نظرم عوض شد میخواهم پس بدهم.,returning
میشه سفارش 1780 را پیگیری کنید.,discount
خرید های من همینا! لطفا برایم ارسال کنید.,finishing
سفارش من را لغو کنید، من 1 روز پیش ثبت نام کرده بودم.,deleting
می‌خواهم خریدم را به دلیل تغییرات برنامه‌ریزی داشتم کنسل کنم.,deleting
پیاز 12 لیتر میخواستم بخرم,buying
برای مهمانی، لطفاً سفارش شماره 1411 را در 1403/3/14 تحویل دهید.,scheduling
آیا می‌ توانید سفارشم را قبل از ساعت 4 روز یک شنبه تحویل دهید؟,scheduling
قصد دارم پنیر را به دلیل تخفیف ویژه‌ای که دیدم با سیب تعویض کنم.,editting
من به دنبال گزینه های گیاهی هستم، به خصوص 5 بطری خیار,buying
سفارش شماره 1084 برای نانی که 13 روز پیش دریافت کردم میخواهم اظهارنامه کنم.,returning
تخم مرغ چه تفاوت‌هایی با تخم مرغ دارد؟,inquiring
آیا می‌توانم در مورد زمان تقریبی رسیدن بسته‌ام با کد پیگیری 1024 جویا شوم؟,discount
از دست طلایی تو خوشحال شدم,chitchat
سفارشم را قبل از ساعت 5 روز یک شنبه تحویل دهید ,scheduling
دستت طلا خوشحال شدم,chitchat
برنج را از سفارش من حذف کنید,editting
من باید سفارش 1208 را پس بدهم,returning
13 تکه پنیر دارید؟,buying
هویجی که 12 روز پیش خریدم کجاست؟ پس کی ارسال میشه؟,discount
خرید بالای 3 عدد خیار تخفیف داره؟,tracking
ممنون از لطف شما,chitchat
می‌خواهم گوشت را که در سبد خریدم قرار داده‌ام پاک کنم.,editting
من می خواهم سفارش شماره 1130 را برای تحویل در روز چهارشنبه تنظیم کنم.,scheduling
برای خرید کره در این روزها، آیا پیشنهاد ویژه‌ای دارید؟,tracking
تا درودی دیگر بدرود,chitchat
برای مهمانی، لطفاً سفارش شماره 498 را در 1400/7/17 تحویل دهید.,scheduling
مقدار روغن زیتون را شانه کنید,editting
من باید سفارش 684 را برگردانم,returning
سفارش من را برای یکشنبه ارسال کنید زیرا من دیگر در خانه نیستم.,scheduling
یکم از کالا ماهی بهم بگو,inquiring
سفارشم به دستم رسید الان، اما به خاطر تاریخ مصرف محصولات گذشته بود میخواهم سفارشم رو برگشت بزنید,returning
می‌خواهم زمان تحویل سفارش شماره 895 را برای 1401/3/18 تنظیم کنید.,scheduling
مقدار شیر را به 5 عدد برسانید,editting
می‌خواهم پنیر که در تاریخ 1401/8/19 خریداری کردم را برگشت بزنم.,returning
من قصد دارم کاهو را با پنیر جایگزین کنم، لطفا راهنمایی کنید.,editting
12 کیلوگرم گوشت را به سبد خرید من اضافه کنید,buying
تخم مرغ رو به سبد خریدم اضافه کنید.,buying
میشه به جای سیب 10 سر کاهو به من بدی؟,editting
آیا می توانید سفارش من را قبل از ساعت 5 روز جمعه تحویل دهید؟,scheduling
می‌توانید بیان کنید که پنیر چگونه از نظر فنی از پنیر برتری دارد؟,inquiring
خیلی زحمت کشیدی,chitchat
هویج رو به سبد خریدم اضافه کنید.,buying
میخواستم سفارشم رو ساعت 10 بفرستید.,scheduling
من انتخاب های خود را انجام داده ام، چگونه می توانم سفارش خود را ثبت کنم؟,finishing
سیب چه ویژگی‌هایی دارد و آیا برای رژیمی بودن و مخصوص ورزشکاران مناسب است؟,inquiring
از شما می خواهم سفارش من را لغو کنید زیرا اندازه را اشتباه انتخاب کردم.,deleting
من فقط دوشنبه این هفته در خانه هستم، لطفا سفارش من را ارسال کنید.,scheduling
تمایل دارم از به‌روزرسانی‌های مربوط به مرحله‌ای که سفارش 1339 در آن قرار دارد مطلع شوم. آخرین وضعیت سفارش چیست؟,discount
مقدار مرغ را 2 عدد افزایش دهید,editting
شما می توانید سفارش 993 را دنبال کنید.,discount
آیا می توانید خرید من را یکشنبه تا ساعت 9 ارسال کنید؟,scheduling
قیمت هویج نسبت به هویج چگونه است؟,inquiring
روغن زیتون چه تفاوت‌هایی با روغن زیتون دارد؟,inquiring
قیمت پیاز نسبت به پیاز چگونه است؟,inquiring
سفارشم رو بفرستید برام همین چیزا رو میخواستم.,finishing
صبحت بخیر,chitchat
چطور مطوری؟,chitchat
چه کاری می توانی انجام بدهی,chitchat
آیا برنامه‌ای برای فروش ویژه سیب زمینی دراین فصل دارید؟,tracking
یکم از کالا سیب زمینی بهم بگو,inquiring
سبد خریدم اماده است ، لطفا مراحل پرداخت را توضیح دهید.,finishing
من میخواهم سفارش شماره 1097 را که 9 روز پیش برای محصول کاهو ثبت شده است تغییر دهم چون از خریدم پشیمان شدم.,returning
نیاز دارم سفارش 1705 که روز یک شنبه را حذف کنید.,deleting
من می خواهم از حراج هالووین استفاده کنم، کاهو شامل تخفیف می شود؟,tracking
لطفا سفارش من را تغییر دهید به دلیل تاریخ انقضای محصولات بود,returning
برای مهمانی، لطفاً سفارش شماره 1540 را در 1400/1/11 تحویل دهید.,scheduling
به 2 کیلوگرم از خیار علاقه مندم .,buying
فروش ویژه گوجه فرنگی در سال نو دارید؟,tracking
اشتباه بود به جای 1 شانه پیاز 4 شانه می خواستم.,editting
میشه این اجناسی که گفتم رو برای من تهیه کنی و بفرستی,finishing
من به خیار، به ویژه 14 شانه نیاز دارم.,buying
موفق باشی خدافظ,chitchat
من آمدم,chitchat
برای بچه کوچیکم مقداری خوراکی می خواستم، پنیر دارید؟,buying
برای مشتریان همیشگی مثل من برنج تخفیف ویژه ای دارید؟,tracking
با توجه به کالای آسیب دیده تصمیم گرفتم سفارش شماره 2261 را برگردانم.,returning
آیا می توانی به جای ماهی به من گوشت بدهی؟,editting
میخواستم سفارشم رو ساعت 9 بفرستید.,scheduling
پنیر را از سبد خرید من لغو کنید,editting
کنجکاوم که از مجموعه تخم مرغ شما چه چیزی دارید، می‌توانم 10 لیتر امتحان کنم؟,buying
من میخوام گوشت رو به صورت عمده بخرم قیمت بهتری پیشنهاد میدین؟,tracking
قیمت خیار با توجه به نوسانات اخیر بازار چه تغییری کرده است؟,inquiring
سفارش شماره 990 برای پرتقال خریداری شده در روز جمعه مطابق انتظار نبود، می خواهم آن را برگردانم.,returning
منتظر تحویل سفارش شماره 493 در اولین ساعت پنج شنبه هستم.,scheduling
آیا خرید پیاز بالای 7 لیتر تخفیف دارد؟,tracking
به اقلام زیر نیاز دارم: 8 عدد مرغ.,buying
روغن زیتون هاتون ساخت چه کشوری هست؟,inquiring
مرسی عزیزم,chitchat
من از مشتری های مجموعه شما هستم میشه برای خرید آبمیوه به من تخفیف بدهید؟,tracking
من اشتباهی شماره سفارش 697 خریدم میخوام عوضش کنم.,returning
آیا سفارش شماره 966 که شامل کاهو بود آماده ارسال است؟,discount
آیا امکان تحویل سفارش شماره 922 در روز شنبه وجود دارد؟,scheduling
آیا سفارش شماره 2006 که شامل نان بود آماده ارسال است؟,discount
به دنبال آگاهی در مورد وضعیت فعلی سفارش با شناسه 380 هستم.,discount
پشیمانم، برنج را از سفارش من کنسل کنید,editting
درخواست تعویض سفارش 1396 رو دارم .,returning
اقلامم را جمع کن.,finishing
من می‌خواهم یک دستور پخت جدید را امتحان کنم که به 8 کیلوگرم از تخم مرغ نیاز دارد.,buying
پیاز را با مرغ در سبد خریدم عوض کن.,editting
خواهشمندم، زمان انتظار برای تکمیل تحویل سفارش 275 چه موقع خواهد بود؟,discount
میخواستم قیمت محصولات مقابل رو بدونم: 10 لیتر تخم مرغ و 10 لیتر تخم مرغ,inquiring
میخواستم بدونم آیا 6 عدد خیار موجود هست؟,inquiring
بررسی کنید ببینید سفارش 155 کجاست؟,discount
سفارش شماره 1913 را به دلیل جنس هایی فرستادید خراب بودند می‌خواهم پس بفرستم.,returning
سفارشم را در تاریخ 1401/6/26 بفرستید,scheduling
آیا می توانم با کد رهگیری 1234 زمان تخمینی رسیدن بسته خود را استعلام کنم؟,discount
میتونی این اقلام رو برام بفرستی,finishing
سفارش شماره 428 که فرآورده گوشتی را در تاریخ 24/11/1401 خریدم را میخواهم برگردانم.,returning
من تمایل زیادی به پاستا دارم لطفا 8 عدد برام بفرستید.,buying
کالای نان گارانتی دارد؟,inquiring
خریدم رو تعویض بزنید,returning
بررسی کنید تا ببینید سفارش 988 کجاست؟,discount
میشه از هویج 12 لیتر بفرستی؟,editting
دستور پخت من نیاز به 9 شانه از خیار دارد، آیا موجود است؟,buying
آیا می توانید یک شراب خوب توصیه کنید؟ برای یک موقعیت خاص به 5 شانه نیاز دارم.,buying
حذف سفارش شماره 1121,deleting
من فقط جمعه این هفته در خانه هستم، لطفا سفارش من را ارسال کنید.,scheduling
من سفارش شماره 524 را اشتباهی خریدم، چگونه می توانم اظهارنامه کنم؟,returning
خودتو معرفی کن,chitchat
من از مشتری های مجموعه شما هستم میشه برای خرید پیاز به من تخفیف بدهید؟,tracking
یادم رفت، لطفا سیب زمینی هم به سبد خریدم اضافه کن.,buying
من مشتاقم تا دریابم آیا سفارش 2275 ارسال شده است.,discount
پاستا را اشتباه به سبد خریدم افزودم لطفا کنسل کنید.,editting
من قصد دارم هویج مربوط به سفارش شماره 1145 را که در 1403/5/14 خریداری شده را پس بدهم.,returning
سبد خریدم کامل است ، لطفا مراحل پرداخت را توضیح دهید.,finishing
آیا پس از 2 بار مصرف باز هم امکان برگشت هویج وجود دارد؟ من چند روز پیش کالای خود را دریافت کردم، اما می خواهم این محصول را پس بدهم زیرا آن را دوست نداشتم.,returning
لطفاً برنج را که در سبد خریدم قرار دارد با نان به‌روزرسانی کنید، چون تازه‌تر است.,editting
اوضاع کاری شما چطور است؟,chitchat
آیا می توان شیری را که قبلا انتخاب کردم با ماهی جایگزین کرد؟,editting
آیا برای جشن هالووین، جعبه‌ی سورپرایز تخفیفی برای محصول ماهی دارید؟,tracking
خریدام تموم شد لطفا همین ها را امتحان کنید.,finishing
من علاقه‌مند به برنامه‌ریزی تحویل سفارش شماره 651 برای تاریخ 1400/4/13 هستم.,scheduling
من قصد دارم شیر خریداری شده را در تاریخ 1402/10/14 برگردانم زیرا شما کالا را اشتباه ارسال کرده اید.,returning
خوبی,chitchat
تخم مرغ که در 9 خریداری شده بود، معیوب است و می‌خواهم آن را مرجوع کنم.,returning
سفارش من را تا ساعت 8 ارسال کنید.,scheduling
من قصد دارم سفارشم را دیلیت کنم، به خاطر دلایلی که می گم: اندازه اشتباهی انتخاب کردم.,deleting
سفارشم رو روز سه شنبه ساعت 4 ارسال کنید.,scheduling
من قصد دارم سیب را با برنج جایگزین کنم، لطفا راهنمایی کنید.,editting
من میل شدید به خیار دارم لطفا 13 بطری برای من بفرستید.,buying
لطفاً فرایند کنسل سفارش  702 را آغاز کنید.,deleting
لطفا سفارش شماره 690 را برای تاریخ 1403/3/10 تهیه نمایید.,scheduling
لطفاً سفارش شماره 361 را برای تاریخ 1400/8/14 آماده کنید.,scheduling
خسته نباشی,chitchat
تمایل دارم از به‌روزرسانی‌های مربوط به مرحله‌ای که سفارش 770 در آن قرار دارد مطلع شوم. آخرین وضعیت سفارش چیست؟,discount
سفارش من با شماره 1406 باید لغو شود، چون تغییرات برنامه‌ریزی داشتم.,deleting
به موارد زیر نیاز دارم 11 شانه از آبمیوه .,buying
نان را با برنج در سبد خریدم عوض کن.,editting
تشکر,chitchat
می‌خواهم اطلاعاتی در مورد فلسفه تولید و زنجیره تامین گوشت به دست آورم.,inquiring
می‌خواهم از حراج عید استفاده کنم، آیا گوجه فرنگی هم شامل تخفیف می‌ شود؟,tracking
میل شدیدی به خیار دارم لطفاً 13 بطری برای من بفرستید .,buying
پودر لباسشوییم تموم شده برام آب میوه بفرست,buying
"به دلیل تاریخ مصرف محصولات گذشته بود, می‌خواهم کره خریداری شده مورخ 1401/3/15 را تعویض کنم.",returning
درخواست مرجوع سفارش 1517 رو دارم .,returning
من باید سفارش 504 را برگردانم,returning
برای خرید بیش از 8 لیتر از هویج، آیا تخفیفی وجود دارد؟,tracking
آیا می توانم با کد رهگیری 1024 زمان تخمینی رسیدن بسته خود را استعلام کنم؟,discount
قصد دارم خیار را با روغن زیتون جایگزین کنم، لطفاً راهنمایی کنید.,editting
می‌توانید سیب را که در حال حاضر نیازی به آن ندارم از سبد خریدم بردارید؟,editting
مقدار کالای هویج را از 9 لیتر به 12 لیتر اصلاح کنید.,editting
اسم شما چیست؟,chitchat
می‌خواهم خریدم را به دلیل از مکان دیگری میخواهم خرید کنم پاک کنم.,deleting
سفارش 393 را در تاریخ 1400/11/5 ارسال کنید.,scheduling
نظراتتان را ثبت کنید,finishing
من می خواهم سفارش خود را تکمیل کنم,finishing
سفارش شماره 2076 برای خیار که در جمعه خریداری شده بود، مطابق انتظار نبود، می‌خواهم برگردانم.,returning
چه کاری می توانید برای من انجام دهید؟,chitchat
آیا هویج را می‌توان با هویج ترکیب کرد؟,inquiring
کالاهایی که ارسال شده است بسیار آسیب دیده اند، لطفا تعویض کنید,returning
آیا سفارش شماره 2006 که شامل نان بود آماده ارسال شده است؟,discount
میخوام این اقلام رو برایم بفرستی,finishing
آیا می توانید وضعیت فعلی سفارش شماره 1859 را توضیح دهید؟,discount
قصد دارم گوشت را با تخم مرغ جایگزین کنم، لطفاً راهنمایی کنید.,editting
شب مهمونی داریم، تخم مرغ میخواستم.,buying
آیا امکان مرجوع کردن کاهو بعد از 14 استفاده هنوز وجود دارد؟ من کالاهایم را چند روزه که دریافت کردم ولی به دلیل بسته بندی ارسال بسیار بد بود میخواهم پس بدهم.,returning
میخواستم درخواست بازپرداخت سفارشم را بکنم چون دوست نداشتم این محصول رو,returning
آیا می‌توانم تخم مرغ را که پیش‌تر در سبد گذاشته‌ام با آبمیوه تعویض کنم؟,editting
می‌خواهم سفارش شماره 1885 را برای تحویل در روز یک شنبه تنظیم کنم.,scheduling
اسمت رو بگو,chitchat
ارسال سفارش 1747 در تاریخ 9/3/1402.,scheduling
اشتباه کردم، می‌توانید سفارش 33 را بردارید؟,deleting
آیا سفارش 766 برای ارسال آماده شده است، یا هنوز در مرحله پیش‌ارسال معطل مانده است؟,discount
من می خواهم نام تو را داشته باشم,chitchat
به جای 12 بطری سیب زمینی، لطفا 12 بطری برنج بدهید.,editting
من قصد دارم سفارش خود را به دلایل زیر حذف کنم: آدرس را اشتباه وارد کردم.,deleting
آیا پاستا دارای گارانتی یا خدمات پس از فروش است؟,inquiring
سفارشم را ثبت کنید و مشخص کنید چگونه باید خریدم را پرداخت کنم.,finishing
وضعیت سفارش شماره 1996 چیست؟,discount
من علاقه مند به زمانبندی تحویل سفارش شماره 2179 برای تاریخ 24/2/1403 هستم.,scheduling
میشه سفارشم رو تعویض کنید؟ چون از خریدم پشیمان شدم.,returning
میخوام اسمتو داشته باشم,chitchat
می خوام این کالاهارو بفرستی,finishing
قصد دارم کره مربوط به سفارش شماره 879 خریداری شده در 11/2/1402 را برگردانم.,returning
میشه هویج رو از سفارشم کنسل کنی؟,editting
نوبت من است که شام بپزم، به موارد زیر نیاز دارم 7 کیلوگرم ازگوشت,buying
برای بچه کوچیکم مقداری خوراکی می خواستم، پرتقال دارید؟,buying
به جای 7 کیلوگرم گوشت لطفا 7 کیلوگرم هویج بدهید.,editting
لطفاً فرایند پاک سفارش  1649 را آغاز کنید.,deleting
آیا می‌توانم هویج را که پیش‌تر در سبد گذاشته‌ام با خیار تعویض کنم؟,editting
آبمیوه که 7 روز پیش خریدم الان کجاست؟ پس کی ارسال میشه؟,discount
من به دنبال تخم مرغ هستم، آیا آنها را به تعداد حمل می کنید؟,buying
می‌خواهم خریدم را به دلیل موجودی مالی به اندازه کافی ندارم کنسل کنم.,deleting
پودر لباسشویی ام تموم شده، گوجه فرنگی برام بفرستید,buying
می‌خواهم سیر را به دلیل تغییر در برنامه غذایی‌ام از سبد خرید دیلیت کنم.,editting
آیا امکان تحویل سفارش شماره 38 در روز یکشنبه وجود دارد؟,scheduling
وضعیت سفارش شماره 1611 چیست؟,discount
آیا می‌ توانید سفارشم را قبل از ساعت 10 روز دوشنبه تحویل دهید؟,scheduling
سفارش من را یکشنبه ساعت 7 ارسال کنید.,scheduling
میخوام بدونم سفارش شماره 58 کی به دستم میرسه.,discount
من قصد دارم سفارشم را حذف کنم، به دلایلی که می گویم: اندازه اشتباهی را انتخاب کردم.,deleting
می خواستم کل سفارشم را کنسل کنم چون اشتباه کردم,deleting
متأسفانه باید از شما خواهش کنم که خرید من را لغو کنید زیرا اندازه را اشتباه انتخاب کردم.,deleting
به جای 12 شانه پاستا لطفا 12 شانه پنیر بدهید.,editting
انتخاب هام عوض شد. سفارشم را ارسال کنید لطفا.,finishing
می خواهم سفارش 1567 رو عودت بدهم ,returning
ظاهر خوب,chitchat
من ماکارونی را اشتباهی به سبد خرید اضافه کردم، لطفا لغو کنید.,editting
میخواستم درخواست بازپرداخت سفارشم را بکنم چون محصولات ارسالی با سفارشی که داشتم مغایرت داره,returning
من به دنبال کره هستم، آیا آنها را در شانه حمل می کنید؟,buying
آیا سیب زمینی را می‌توان با سیب زمینی ترکیب کرد؟,inquiring
می‌توانید برنج را که به اشتباه به سبد اضافه شده است بردارید؟,editting
من به دنبال گزینه‌های گیاه‌خواری هستم، به ویژه 12 لیتر از مرغ,buying
قیمت روغن زیتون نسبت به روغن زیتون چگونه است؟,inquiring
میشه برام 14 عدد ماهی ثبت سفارش کنی.,buying
لطف کردی,chitchat
کاهو را از سبد خریدم لغو کن,editting
لطفا سفارش شماره 1381 من را حذف کنید.,deleting
مقدار محصول روغن زیتون را از 2 کیلوگرم به 2 کیلوگرم تغییر دهید.,editting
عصرت بخیر,chitchat
این چیزی است که من خریدم. سفارش من را ثبت کنید,finishing
ممنون,chitchat
با سلام، آیا می‌توانید سفارشم را که به تازگی ثبت شده است، دیلیت نمایید؟,deleting
لغو سفارش 1075.,deleting
من باید سفارش 848 را برگردانم,returning
آیا می توانید برای من 13 آب میوه سفارش دهید؟,buying
بچه های من عاشق تخم مرغ های شما هستند، آیا می توانید 5 تا برای من بگذارید؟,buying
سفارشم را حذف کنید، 10 روز پیش ثبت نام کردم.,deleting
من می خواهم سفارش شماره 195 را که محصول تخم مرغ را در تاریخ 20/10/1402 خریده ام برگردانم.,returning
سفارش شماره 1787 را پاک,deleting
میشه به جای خیار بهم 8 بطری پیاز بدی؟,editting
نوبت من است که شام بپزم، به موارد زیر نیاز دارم 11 کیلوگرم ازپنیر,buying
میخواستم بدونم در سال جدید سیب زمینی هم تخفیف میدین؟,tracking
چه خدماتی ارایه میدهید؟,chitchat
همه موارد مورد نیازم را به سبد وارد کرده ام ، لطفا مراحل بعدی برای تکمیل سفارش را بیان کنید.,finishing
من خیلی وقته از شما خرید میکنم میشه برای محصولات کره ای تخفیف بدید؟,tracking
آیا سیر دارای گارانتی یا خدمات پس از فروش است؟,inquiring
مرسی که اذیتم کردی,chitchat
من می خواهم خرید خود را به دلیل کمبود بودجه لغو کنم.,deleting
می‌خواهم بدانم برنج چه امتیازاتی نسبت به کالاهای مشابه دارد.,inquiring
12 عدد از کره میخواستم .,buying
سفارش من را حذف کنید، من آن را 5 روز پیش ثبت کردم.,deleting
برای درست کردن سالاد شیرازی 9 عدد خیار میخواستم.,buying
اجناسی که به اطلاع رساندم را ثبت سفارش و ارسال کن.,finishing
آیا کره دارای گارانتی یا خدمات پس از فروش است؟,inquiring
آیا می توانم سیب زمینی هایی را که قبلاً در سبد گذاشته بودم با ماهی جایگزین کنم؟,editting
من علاقه مند به زمانبندی تحویل سفارش شماره 1812 برای تاریخ 6/5/1403 هستم.,scheduling
آیا می‌توانم آبمیوه را که پیش‌تر در سبد گذاشته‌ام با سیب تعویض کنم؟,editting
سفارشم را در تاریخ 1400/2/21 بفرستید,scheduling
من تمام اقلام مورد نیاز خود را به سبد خرید اضافه کردم، لطفا مراحل بعدی را برای تکمیل سفارش به من بگویید.,finishing
لطفاً پرتقال موجود در سبد خرید من را با نان به روز کنید زیرا تازه تر است.,editting
من به دنبال پیشنهادات ویژه برای سیب زمینی هستم، آیا چیزی برای ارائه دارید؟,tracking
آیا خرید بیشتر از 8 لیتر هویج تخفیف دارد؟,tracking
من می‌خواهم یک دستور پخت جدید را امتحان کنم که به 13 کیلوگرم از روغن زیتون نیاز دارد.,buying
از شما درخواست دارم که سفارشم را کنسل نمایید، زیرا پشیمان شدن از خرید.,deleting
کره ای که 2 روز پیش خریدم کجاست؟ پس کی ارسال میشه؟,discount
کالاهایی که ارسال شده است بسیار آسیب دیده اند، لطفا عوض کنید,returning
می‌خواهم زمان تحویل سفارش شماره 460 را برای 1401/1/30 تنظیم کنید.,scheduling
من کنجکاو هستم که از مجموعه سیر خود چه چیزی دارید، می توانم 9 شانه را امتحان کنم؟,buying
من علاقه مند به برنامه ریزی تحویل سفارش شماره 1876 برای تاریخ 6/10/1403 هستم.,scheduling
می توانم 8 بطری از ماهی را رزرو کنم ؟,buying
پنیری را که در تاریخ 19/8/1301 خریده ام می خواهم برگردانم.,returning
آیا امکان تحویل سفارش شماره 38 در روز یک شنبه وجود دارد؟,scheduling
آیا می توانم زمان تخمینی رسیدن بسته خود را با کد رهگیری 1677 استعلام کنم؟,discount
برای مشتریان همیشگی مثل من کاهو تخفیف ویژه ای دارید؟,tracking
لطفاً آخرین سفارش من را حذف کنید، تغییرات برنامه‌ریزی داشتم.,deleting
من میخوام سوپ سبزیجات درست کنم، 1 عدد گوشت پرایم نیاز دارم.,buying
به مناسبت عید، آیا سفره‌ی تخفیفات گوشت پهن است؟,tracking
می‌خواهم بدانم آیا برای نان در کریسمس تخفیفی ارائه می‌دهید؟,tracking
لطفا تعداد سیب زمینی های سبد خرید من را از 10 به 4 تغییر دهید.,editting
از خرید کاهو پشیمانم لطفا سبد خرید من را کنسل کنید.,editting
آیا سفارش 766 آماده ارسال است یا هنوز در انتظار ارسال است؟,discount
کاهو مربوط به سفارش شماره 1965 که در روز سه شنبه خریداری شده، نیاز به تعویض دارد.,returning
میشه پیگیری کنید ببینید سفارش من دقیقا کجا هست. شماره سفارشم: 830,discount
میشه قیمت سیر رو بدونم؟,inquiring
می‌خواهم زمان تحویل سفارش شماره 2031 را برای 1400/1/18 تنظیم کنید.,scheduling
آیا سفارش شماره 1664 که شامل ماهی بود آماده ارسال شده است؟,discount
اشتباه کردم میشه سفارش 1316 رو تحویل بگیرید؟,deleting
خریدم رو لغو کنید,deleting
خریدم تموم شد ، لطفا همینارو امتحان کنید و قیمت کل رو بهم بگید.,finishing
می‌خواهم کاهو را که فراموش کرده بودم به سبد خریدم اضافه کنم، آیا هنوز ممکن است؟,buying
سبد کالایی اماده است,finishing
می‌خواهم خریدم را به دلیل توانایی مالی به اندازه کافی ندارم لغو کنم.,deleting
لطفاً 1 کیلوگرم از کره را به من بدهید.,buying
مسئول میان‌وعده‌های مهمانی اداره هستم، به 10 کیلوگرم از پیاز میخواستم.,buying
می‌توانید سفارشم را دیلیت کنید؟ آدرس اشتباهی وارد کردم.,deleting
کیفیت روغن زیتون چجوری هست؟,inquiring
خرید من را برگردانید,returning
گوشت 12 کیلوگرم رو به سبد خریدم بیافزونید,buying
میخواستم خریدم ساعت 3 فرستاده بشود.,scheduling
درخواست دیلیت سفارش با شماره  2030 را دارم، چرا که اندازه اشتباهی انتخاب کردم.,deleting
آیا خرید بیش از 14 بطری خیار تخفیف دارد؟,tracking
من خیلی وقته از شما خرید می کنم، آیا می توانید برای محصول نان به من تخفیف بدهید؟,tracking
چه خدماتی ارایه می دهی؟,chitchat
آیا سفارش شماره 1109 که شامل گوشت بود آماده ارسال است؟,discount
میشه زمان تقریبی تحویل سفارش شماره 2181 رو بگید؟ من این سفارش را 3 روز پیش ثبت کردم,discount
پشیمون شدم برنج رو از سفارشم کنسل کن,editting
لطفا زمان انتظار برای تکمیل تحویل سفارش 2027 چه زمانی خواهد بود؟,discount
لطفاً پرتقال را که به تازگی به سبد اضافه شده است با پیاز جایگزین نمایید.,editting
آیا خرید نان سه شنبه تخفیف دارد؟,tracking
میخواستم خریدم ساعت 3 ارسال بشه.,scheduling
لطفا سفارشم رو عوض بزنید. به دلیل تاریخ مصرف محصولات گذشته بود,returning
مقدار محصولات سیب را از 10 بطری به 14 بطری تغییر دهید.,editting
آیا سفارش شماره 97 که شامل سیب بود آماده ارسال است؟,discount
خریدام تموم شده.,finishing
می توانید پیگیری کنید تا ببینید سفارش من دقیقا کجاست. شماره سفارش من: 272,discount
لطفا مراحل لغو سفارش 765 را شروع کنید.,deleting
لطفا سفارش شماره 1831 را برای تاریخ 25/2/1403 تهیه نمایید.,scheduling
سفارشم را قبل از ساعت 8 روز چهارشنبه تحویل دهید ,scheduling
کالای برنج گارانتی دارد؟,inquiring
آیا می توانید سفارش شماره 240 را ساعت 6 تحویل دهید؟,scheduling
من قصد دارم سفارشم را حذف کنم، به خاطر دلایلی که می گم: از مکان دیگری میخواهم خرید کنم.,deleting
متأسفانه باید از شما خواهش کنم که خرید من را لغو کنید زیرا اشتباه کردم.,deleting
سپاسگزار,chitchat
پس از ثبت سفارش 675 در 1400/8/20، کنجکاوم که پیشرفت آن چگونه است. آخرین گزارش چیست؟,discount
آیا خرید بیش از 14 بطری گوشت تخفیف دارد؟,tracking
اشتباه بود به جای 3 عدد پیاز 1 عدد می خواستم.,editting
میخواستم سفارشم رو ساعت 11 بفرستید.,scheduling
من تمام مواردی را که می خواهم انتخاب کرده ام.,finishing
لطفاً فرایند کنسل سفارش  1064 را آغاز کنید.,deleting
سفارش من را قبل از ساعت 6 روز جمعه تحویل دهید,scheduling
میتونم اسمت رو داشته باشم؟,chitchat
لطفا سفارش من را برگردونید. من این کالاها تاریخ مصرف کالای ارسالی گذشته است رو نمیخوام.,returning
می خواهم بدانم سفارش شماره 791 در کجا در حال انجام است.,discount
سلام حال شما چطور؟,chitchat
آیا می توانید سفارش من را برگردانید؟ چون محصولات ارسالی با سفارشی که من داشتم متفاوت است,returning
می‌توانید بیان کنید که کاهو چگونه از نظر فنی از کاهو برتری دارد؟,inquiring
میشه سفارشم رو عودت کنید؟ چون جنس هایی فرستادید خراب بودند,returning
به جای 3 لیتر کره لطفا 12 لیتر کره بکنیدش,editting
سلام مجدد در خدمتم,chitchat
درخواست تعویض سفارش شماره 1553 رو دارم.,returning
من می خواهم از حراج کریسمس استفاده کنم، آیا پرتقال ها شامل تخفیف می شوند؟,tracking
به جای برنج در سبد خریدم سیب زمینی بریزید.,editting
سفارش شماره 1026 من باید حذف شود، زیرا تغییرات برنامه داشتم.,deleting
من تصادفاً با شماره 1887 سفارش دادم. لطفاً آن را حذف کنید.,deleting
آیا این روزها پیشنهاد ویژه ای برای خرید آب میوه دارید؟,tracking
پرتقال را با سیب زمینی در سبد خریدم عوض کن.,editting
درخواست عوض سفارش 2068 رو دارم .,returning
من به دنبال پیشنهادات ویژه برای آبمیوه هستم، آیا چیزی برای ارائه دارید؟,tracking
آیا می‌توانم پاستا را که 5 روز پیش خریده‌ام، مرجوعی ثبت کنم؟,returning
می‌خواهم بدانم سفارش شماره 1604 کی به دستم می‌رسد.,discount
میخوام 7 کیلو روغن زیتون سفارش بدم,buying
از شما می خواهم زمان تحویل سفارش شماره 840 را برای تاریخ 18/11/1403 تعیین کنید.,scheduling
بررسی کنید تا ببینید سفارش 92 کجاست؟,discount
میشه از تخم مرغ 1 لیتر بفرستی؟,editting
لطفا مراحل لغو سفارش 1462 را شروع کنید.,deleting
شغلتو بگو ببینم,chitchat
ثبت نام کنید. سفارش من تموم شده است.,finishing
به جای سیر در سبد خرید من پنیر بریزید.,editting
من مشتاقم تا دریابم آیا سفارش 1573 ارسال شده است.,discount
برای بودجه‌ بندی، نیاز به دانستن قیمت دقیق کاهو دارم.,inquiring
آیا می توانم با کد رهگیری 1440 زمان تخمینی رسیدن بسته خود را استعلام کنم؟,discount
آیا می توانید 2 لیتر گوجه فرنگی را بسته بندی کنید و برای من بفرستید؟,buying
قصد دارم روغن زیتون مربوط به سفارش شماره 429 را که در تاریخ 1300/4/17 خریداری شده است پس بدهم.,returning
سفارش هایم را بفرستید.,finishing
میشه از سیب 2 کیلوگرم بفرستی؟,editting
من اشتباها هویج را به سبد خرید اضافه کردم، لطفا لغو کنید.,editting
لطفا سفارشم رو برگشت بزنید. به دلیل بسته بندی ارسال بسیار بد بود,returning
من می خواستم سفارشم را تغییر دهم زیرا اشتباه کردم,returning
آیا برای اولین خرید من از محصولات هویج کوپن تخفیف دارید؟,tracking
سفارش من را سه شنبه ساعت 4 ارسال کنید.,scheduling
روغن زیتون برام بفرستید .,buying
من می خواهم سفارش #1885 را برای تحویل یکشنبه تنظیم کنم.,scheduling
6 کیلوگرم پنیر میخواستم .,buying
من خیلی وقته از شما خرید می کنم میشه به بنده تخفیف برای محصول شیر بدهید؟,tracking
من می خواهم کمی سیب زمینی بچینم، 11.,buying
خرید من را جایگزین کنید,returning
آیا سفارش 272 آماده ارسال است یا هنوز در انتظار ارسال است؟,discount
من 5 بطری آب میوه می خواستم.,buying
لطفا سفارش من را تا جمعه ارسال کنید.,scheduling
من به 6 تخم مرغ علاقه دارم.,buying
من به دنبال پیشنهادات ویژه برای سیب هستم، آیا چیزی برای ارائه دارید؟,tracking
در سبد خریدم نان را با برنج جایگزین کنم.,editting
من می خواهم سفارش شماره 5 را برای گوجه فرنگی که 13 روز پیش دریافت کردم، برگردانم.,returning
آیا می توانم 5 بطری از روغن زیتون را داشته باشم؟,buying
من هوس شدیدی برای برنج دارم، لطفا 2 شانه برای من ببندید. و ارسال کنید,buying
سفارشم رو تا ساعت 8 بفرستید.,scheduling
موفق باشید,chitchat
متأسفانه باید از شما بخواهم که خریدم را دیلیت کنید، زیرا از مکان دیگری میخواهم خرید کنم.,deleting
شب مهمونی داریم، پاستا میخواستم.,buying
لطفا سفارش شماره 1052 را برای تاریخ 20/6/1403 تهیه نمایید.,scheduling
آیا سفارش شماره 1530 ارسال شده است؟,discount
همه موارد مورد نیازم را به سبد اضافه کرده ام ، لطفا مراحل بعدی برای تکمیل سفارش را طی کنید.,finishing
میشه قیمت گوشت رو بدونم؟,inquiring
من می خواهم خیار را که در سبد خریدم گذاشته ام لغو کنم زیرا نظرم تغییر کرده است.,editting
لغو سفارش 1469.,deleting
من 12 بطری سیب زمینی می خواستم، آیا آنها را دارید؟,buying
پشیمون شدم گوجه فرنگی رو از سفارشم لغو کن,editting
برای خرید آبمیوه در این روزها، آیا پیشنهاد ویژه‌ای دارید؟,tracking
من قصد دارم سفارشم را خط بزنم، به خاطر دلایلی که می گم: اشتباه ثبت کردم.,deleting
تعریف شیر در مغازه شما بسیار پیچیده است، لطفا 13 بطری برای من ارسال کنید.,buying
روز خوبی داشته باشید,chitchat
می‌توانید بگویید مرغ از کدام کشور وارد می‌شود؟,inquiring
آیا خیار در رنگ‌های دیگری نیز موجود است؟,inquiring
لطفا سفارش شماره 646 را برای تاریخ 7/1/1403 ساعت 10 صبح آماده کنید.,scheduling
من منتظر تحویل سفارش شماره 333 در اولین ساعت روز یکشنبه هستم.,scheduling
شغل شما چیست؟,chitchat
آیا می توانید سفارش من را قبل از ساعت 5 روز چهارشنبه تحویل دهید؟,scheduling
سفارشمو ساعت 4 بفرستید.,scheduling
میخواستم خریدم ساعت 7 ارسال بشه.,scheduling
آیا می توان کره ای را که قبلا انتخاب کردم با خیار جایگزین کرد؟,editting
کار همین بود. سفارشم رو ثبت کن.,finishing
آیا برنامه ای برای فروش مرغ در این فصل دارید؟,tracking
میخواستم کل سفارشم را حذف کنم چون به دردم نمیخوره,deleting
آیا می‌ توانید سفارشم را قبل از ساعت 11 روز سه شنبه تحویل دهید؟,scheduling
به چه کاری مشغولی؟,chitchat
متشکرم که کمک کردی,chitchat
به مناسبت تخفیفات زمستانی، آیا سفره‌ی تخفیفات برنج پهن است؟,tracking
موفق باشی خداحافظ,chitchat
از شما درخواست دارم که سفارشم را کنسل نمایید، زیرا اندازه اشتباهی انتخاب کردم.,deleting
سفارشم تموم شد. همینارو میخواستم.,finishing
سفارش شماره 104 را در 1403/12/15 ثبت کردم، وضعیت آن چگونه است؟,discount
من میخواهم سفارش شماره 2014 را برای نانی که 10 روز پیش دریافت کردم تغییر دهم.,returning
خریدم تموم شد ، لطفا همینارو نهایی کنید و خلاصه کل رو بهم بگید.,finishing
لطفا سفارش شماره 874 را برای تاریخ 10/3/1401 تهیه نمایید.,scheduling
پس چرا سفارش من نمی رسد؟ باید تا سه شنبه به من تحویل بدی,discount
میخوام بدونم سفارش شماره 400 کی به دستم میرسه.,discount
7 عدد ماهی میخواستم .,buying
دستور پخت من شامل 9 برش خیار است، آیا آنها در دسترس هستند؟,buying
می‌توانید سفارش شماره 442 را در ساعت 3 تحویل دهید؟,scheduling
من از مشتری های مجموعه شما هستم میشه برای خرید شیر به من تخفیف بدهید؟,tracking
آیا برای اولین خرید محصولات شیر ​​من کوپن تخفیف دارید؟,tracking
انتخاب هایم را به پایان رساندهام و مایل به ثبت سفارش هستم ، قدم بعدی چیست ؟,finishing
سفارشم را ثبت کنید و اعلام کنید چگونه باید خریدم را پرداخت کنم.,finishing
آیا امکان پیگیری سفارش شماره 2224 وجود دارد؟,discount
شاد و خرسندی؟,chitchat
سفارش شماره 402 را دیلیت,deleting
من علاقه‌مند به برنامه‌ریزی تحویل سفارش شماره 1812 برای تاریخ 1403/6/5 هستم.,scheduling
لطفا 3 کیلوگرم گوجه فرنگی به من بدهید.,buying
آیا قیمت پنیر از زمان پاییز تغییر کرده است؟,inquiring
متأسفانه باید از شما خواهش کنم که از خرید من انصراف دهید زیرا کالای مورد نظر را در جای دیگری پیدا کردم.,deleting
درخواست عوض سفارش 694 رو دارم .,returning
میشه قیمت سیب رو بدونم؟,inquiring
یکم از پنیر بهم بگو,inquiring
میخواستم قیمت محصولات مقابل رو بدونم: 7 کیلوگرم نان و 7 کیلوگرم نان,inquiring
لطفا مرغ را در سبد خرید من با مرغ به روز کنید زیرا تازه تر است.,editting
چه خبر؟,chitchat
نیاز دارم سفارش 1089 که روز سه شنبه را کنسل کنید.,deleting
شغلت چیه؟,chitchat
خریدم رو مرجوع کنید,returning
میشه پیگیری کنید ببینید سفارش من دقیقا کجا هست. شماره سفارشم: 995,discount
به مناسبت سال نو سفره تخفیف سیب زمینی پهن است؟,tracking
آیا این روزها پیشنهاد ویژه ای برای خرید ماکارونی دارید؟,tracking
لطفاً سفارش شماره 1852 را برای تاریخ 1401/5/21، ساعت 5 آماده کنید.,scheduling
من میزبان یک مهمانی بزرگ هستم و به 5 بطری از پنیر نیاز دارم.,buying
لطفا زمان انتظار برای تکمیل تحویل سفارش 1083 چه زمانی خواهد بود؟,discount
سفارشم را در تاریخ 1403/12/18 بفرستید,scheduling
من می خواهم یک دستور جدید را امتحان کنم که به 9 سر کاهو نیاز دارد.,buying
من علاقه مند به برنامه ریزی برای تحویل سفارش شماره 998 برای تاریخ 28/4/1402 هستم.,scheduling
آیا می‌ توانید سفارشم را قبل از ساعت 5 روز چهارشنبه تحویل دهید؟,scheduling
به دنبال آگاهی در مورد وضعیت فعلی سفارش با شناسه 1251 هستم.,discount
من می خواستم کل سفارشم را لغو کنم زیرا آن را دوست ندارم,deleting
سفارشم را قبول کنید,finishing
سیب که 7 روز پیش تحویل گرفته‌ام، نیاز به تعویض دارد و دوست داشتم که برای من آن ها را تعویض بدهید.,returning
به جای ۶ تکه شیر لطفا ۶ تکه برنج بدهید.,editting
برای بچه کوچیکم مقداری خوراکی می خواستم، پاستا دارید؟,buying
من یک درخواست برای تغییر سفارش 2068 دارم.,returning
آیا می توانید سفارش شماره 161 را ساعت 9 تحویل دهید؟,scheduling
نام شریفتان را بفرمایید,chitchat
لطفا به جای 9 کیلوگرم پیاز، 9 کیلوگرم هویج بدهید.,editting
آیا می توانید سفارش شماره 735 را ساعت 5 تحویل دهید؟,scheduling
من میخواهم پیاز را به صورت عمده بخرم قیمت بهتری پیشنهاد میکنید؟,tracking
من می خواهم پنیری را که در سبد خریدم گذاشته ام حذف کنم زیرا نظرم تغییر کرده است.,editting
از شما تقاضا دارم سفارش 825 را لغو کنید چون میخواهم از جای دیگری خرید کنم.,deleting
می توانم را تکمیل کنم,finishing
شغل شما در اینجا چیست و چه کاری انجام میدهید؟,chitchat
آیا می‌توانم گوشت را که 4 روز پیش خریده‌ام، برگشت بزنم؟,returning
میشه سفارشم رو تعویض کنید؟ چون کیفیت بسیار پایین کالاهای ارسالی,returning
ثبت سفارش کنید. سفارش شما تموم شده است.,finishing
خرید من را با شماره رهگیری 2173 پیگیری کنید.,discount
سفارش من را چهارشنبه ساعت 7 ارسال کنید.,scheduling
آیا سفارش 850 برای ارسال آماده شده است، یا هنوز در مرحله پیش‌ارسال معطل مانده است؟,discount
سفارش دهید و محصولاتی را که اطلاع دادم ارسال کنید.,finishing
برای مراسم عید تخفیفی دارید؟,tracking
یکم از کالا گوجه فرنگی بهم بگو,inquiring
تمامی اقلام مورد نظرم خودم انتخاب کردهام.,finishing
سفارش من را ساعت 11 ارسال کنید.,scheduling
انتخاب هایم را به پایان رساندهام و مایل به ثبت سفارش هستم ، گزینه بعدی چیست ؟,finishing
اقلامم رو ارسال کن.,finishing
من می خواهم اسموتی درست کنم و به 5 شانه ماهی مخلوط نیاز دارم.,buying
خریدم رو برگشت بزنید,returning
ماکارونی مربوط به سفارش 1039 که روز سه شنبه خریداری شده نیاز به تعویض دارد.,returning
سفارشم را قبل از ساعت 1 روز چهارشنبه تحویل دهید,scheduling
آیا می توانید خرید من را دوشنبه تا ساعت 3 ارسال کنید؟,scheduling
شبت بخیر سلام,chitchat
می‌خواهم بدانم سفارش شماره 297 در کدام مرحله از فرآیند قرار دارد.,discount
از شما تقاضا دارم که سفارش 2233 را لغو کنید چون دیگر به آن نیازی ندارم.,deleting
من میخوام 8 کیلو سیب زمینی سفارش بدم,buying
لطفا تعداد سیب زمینی های سبد خرید من را از 12 به 5 تغییر دهید.,editting
سفارش من را یکشنبه ساعت 11 ارسال کنید.,scheduling
میخواستم که خریدم را برگشت بزنم کنم و روند بازپرداخت سفارشم را شروع کنم.,returning
من یک درخواست برای تغییر سفارش 2020 دارم.,returning
سلام، خوب هستید؟,chitchat
آیا می توانید 12 لیتر هویج بفرستید؟,editting
خرید 4 روز پیشم باید به دلیل انتخاب نادرست کنسل گردد، لطفاً اقدامات لازم را انجام دهید.,deleting
می‌خواهم از قیمت روز آبمیوه مطلع شوم، آیا می‌ توانید کمک کنید؟,inquiring
من می خواستم کل سفارشم را لغو کنم زیرا دیگر به آن نیاز ندارم,deleting
چه کاره هستی؟,chitchat
می خواهم سفارشم را دریافت کنم,finishing
حذف سفارش شماره 1787,deleting
به مناسبت عید سفره تخفیف گوشت پهن است؟,tracking
ممنون خوب صحبت کردیم,chitchat
پس از ثبت سفارش 2272 در 1402/2/10، کنجکاوم که پیشرفت آن چگونه است. آخرین گزارش چیست؟,discount
قبل از تکمیل سفارش، می‌خواهم گوشت را از سبد خریدم لغو کنم.,editting
من میزبان یک مهمانی بزرگ هستم و به 7 بطری پیاز نیاز دارم.,buying
من علاقه‌مند به برنامه‌ریزی تحویل سفارش شماره 1947 برای تاریخ 1402/7/3 هستم.,scheduling
می‌خواهم سیر را که فراموش کرده‌ام به سبد خرید اضافه کنم.,buying
من خیلی وقته از شما خرید می کنم، آیا می توانید برای محصول آبمیوه به من تخفیف بدهید؟,tracking
متأسفانه باید از شما بخواهم که خرید من را حذف کنید زیرا بودجه کافی ندارم.,deleting
می‌توانید سفارش شماره 938 را در ساعت 8 تحویل دهید؟,scheduling
از شما تقاضا دارم سفارش 841 را لغو کنید زیرا بودجه کافی ندارم.,deleting
من منتظر تحویل سفارش شماره 2269 در اولین ساعت روز سه شنبه هستم.,scheduling
من میخوام کره رو به صورت عمده بخرم قیمت بهتری پیشنهاد میدین؟,tracking
انتخاب اولیه خود را انجام داده ام ، چگونه میتوانم سفارشم را ثبت کنم ؟,finishing
آیا کوپن تخفیفی برای اولین خریدم از کالای هویج دارید؟,tracking
می‌خواهم درک عمیق‌تری از خصوصیات بارز و منحصر به فرد مرغ کسب کنم.,inquiring
خداوند دوست و همراه شماست,chitchat
مقدار محصول سیب زمینی را از 13 به 10 تغییر دهید.,editting
13 عدد از آبمیوه میخواستم .,buying
میشه خریدم رو روز دوشنبه تا ساعت 3 بفرستید؟,scheduling
آیا می توانم آبمیوه ای را که 7 روز پیش خریده ام برگردانم؟,returning
میخواستم بدونم برای پرتقال در سال جدید تخفیف میدین؟,tracking
می‌خواهم سیب که در تاریخ 1403/8/9 خریداری کردم را مرجوعی ثبت کنم.,returning
کالایی که به دستم رسیده معیوب است، میخواستم که مرجوع کنم,returning
من می خواهم سفارش 239 را برگردانم,returning
به دلیل یک خطای ناخواسته، سفارشی با شماره  811 ثبت شده است. خواهشمند است آن را کنسل فرمایید.,deleting
گوجه فرنگی 10 لیتر میخواستم بخرم,buying
آیا تخفیفی برای خرید کاهو در روز یک شنبه وجود دارد؟,tracking
آیا می توانید 2 کیلوگرم سیب بفرستید؟,editting
تمایل دارم از به‌روزرسانی‌های مربوط به مرحله‌ای که سفارش 1825 در آن قرار دارد مطلع شوم. آخرین وضعیت سفارش چیست؟,discount
لطفا زمان انتظار برای تحویل سفارش 812 چقدر است؟,discount
درخواست لغو سفارش با شماره  1500 را دارم، چرا که به دردم نمیخوره.,deleting
پنیر خریداری شده با شماره سفارش 1890 را در تاریخ 12/5/1301 میخواهم به دلیل اشتباه خریدم برگردانم.,returning
لطفا سفارشم را برگردانید آنها به دلیل محصولات قدیمی و آسیب دیده هستند,returning
میشه این اجناسی که گفتم رو واسه من اماده کنی و بفرستی,finishing
در سبد خریدم پیاز را با مرغ عوض کنید.,editting
آیا این روزها پیشنهاد ویژه ای برای خرید نان دارید؟,tracking
من منتظر تحویل سفارش شماره 1563 در اولین ساعت یک شنبه هستم.,scheduling
تو خریدی که گفتم رو برای من ثبت کن,finishing
من قصد دارم سفارشم را پاک کنم، به خاطر دلایلی که می گم: تغییرات برنامه‌ریزی داشتم.,deleting
آیا امکان پیگیری سفارش شماره 1902 وجود دارد؟,discount
نام شریف خود را بفرمایید,chitchat
پس از ثبت سفارش 2272 در تاریخ 2/10/1402، کنجکاو هستم که چگونه پیشرفت می کند. آخرین گزارش چیست؟,discount
من می خواهم سیب را به صورت عمده بخرم، آیا شما قیمت بهتری ارائه می دهید؟,tracking
سفارشم رو روز یک شنبه ساعت 11 ارسال کنید.,scheduling
ارسال سفارش من در تاریخ 1301/12/16,scheduling
آیا می توانید سفارش من را قبل از ساعت 4 روز شنبه تحویل دهید؟,scheduling
می‌خواهم بدانم آیا برای گوشت در کریسمس تخفیفی ارائه می‌دهید؟,tracking
آیا گوجه فرنگی در رنگ‌های دیگری نیز موجود است؟,inquiring
من معلم آشپزی هستم، آیا 13 عدد از نان دارید؟,buying
اشتباه بود به جای 6 کیلو سیر 13 کیلو می خواستم.,editting
آیا برای جشن هالووین، جعبه‌ی سورپرایز تخفیفی برای محصول خیار دارید؟,tracking
سیب را به اشتباه خریداری کرده‌ام، آیا می‌توانم آن را بازگردانم؟,returning
من می خواهم خرید خود را لغو کنم زیرا می خواهم از جای دیگری خرید کنم.,deleting
آیا می توانم با کد رهگیری 572 زمان تخمینی رسیدن بسته خود را استعلام کنم؟,discount
آیا می‌توانم در مورد زمان تقریبی رسیدن بسته‌ام با کد پیگیری 1440 جویا شوم؟,discount
من می خواهم تخم مرغ را از سبد خریدم حذف کنم و به جای آن شیر اضافه کنم.,editting
من به سیب نیاز دارم، به خصوص 8.,buying
کاهو را از سبد خرید من حذف کنید,editting
من اشتباه کردم، می توانید سفارش 1679 را تحویل بگیرید؟,deleting
خدا حافظت باشه,chitchat
من را به مرحله پرداخت ببرید زیرا خریدهای من تمام شده است.,finishing
برای کباب کردن به 2 لیتر کاهو نیاز دارم,buying
من معلم آشپزی هستم، آیا 3 عدد از کره دارید؟,buying
من مشتاقم بدانم آیا سفارش 748 ارسال شده است یا خیر.,discount
میخواستم بدونم سفارشی که دادم تا جمعه به دستم میرسه یا نه؟,discount
لطفا سفارشم رو تعویض بزنید. به دلیل از خریدم پشیمون شدم,returning
سفارشم رو تا ساعت 1 بفرستید.,scheduling
 بچه‌های من نان شما را دوست دارند، می‌توانید 7 لیتر برای من کنار بگذارید؟,buying
شغلتون چیه؟,chitchat
می خواستم خریدم را تعویض کنم و روند بازپرداخت سفارشم را شروع کنم.,returning
نوبت من است که شام بپزم، به موارد زیر نیاز دارم 3 لیتر ازشیر,buying
من می خواستم برای سفارشم درخواست بازپرداخت کنم زیرا محصول منقضی شده است,returning
برای درست کردن سالاد شیرازی 2 عدد سیب زمینی میخواستم.,buying
می‌خواهم سفارش شماره 195 که محصول تخم مرغ را در تاریخ 1402/10/20 خریداری کردم را برگشت بزنم.,returning
خواهشمندم، زمان انتظار برای تکمیل تحویل سفارش 169 چه موقع خواهد بود؟,discount
متشکرم,chitchat
میزان مواد شیمیایی که در پیاز به کار رفته چقدر است؟,inquiring
قیمت آبمیوه با توجه به نوسانات اخیر بازار چه تغییری کرده است؟,inquiring
آیا امکان دارد شیر را که پیش‌تر انتخاب کرده‌ام با ماهی تعویض کنم؟,editting
آیا تخفیفی برای خرید هویج در روز دوشنبه وجود دارد؟,tracking
آیا گوجه فرنگی شما تازه است؟ من 1 شانه می خواهم.,buying
ظهرت بخیر,chitchat
آیا شیر در رنگ‌های دیگری نیز موجود است؟,inquiring
آیا امکان تعویض نانی که قبلا انتخاب کرده ام وجود دارد؟,editting
من میخوام از حراج عید استفاده کنم کاهو شامل تخفیف میشه؟,tracking
به جای 13 لیتر شیر لطفا 13 لیتر برنج بدهید.,editting
برای خرید بیش از 12 عدد از روغن زیتون، آیا تخفیفی وجود دارد؟,tracking
سفارشم رو بفرستید برام همین چیزا رو بگم.,finishing
آیا می توانم ماکارونی را که 5 روز پیش خریده ام برگردانم؟,returning
امروز چه کار کردی؟,chitchat
سلام حالت خوبه؟,chitchat
می‌خواهم سفارش شماره 1841 که محصول پنیر را در تاریخ 1401/12/4 خریداری کردم را عودت بدهم.,returning
می توانید پیگیری کنید تا ببینید سفارش من دقیقا کجاست. شماره سفارش من: 1906,discount
پشیمون شدم پیاز رو از سفارشم حذف کن,editting
آیا برای جشن سال نو، جعبه‌ی سورپرایز تخفیفی برای محصول کره دارید؟,tracking
من سیب زمینی اشتباهی خریدم، آیا می توانم آن را برگردانم؟,returning
آیا سفارش 1646 در راه است؟,discount
سلام و عرض ادب و احترام,chitchat
برای خرید بیش از 3 کیلوگرم از مرغ، آیا تخفیفی وجود دارد؟,tracking
برنج خریداری شده در تاریخ 1400/3/20 را به دلیل اینکه این محصول را دوست نداشتم برمی گردم.,returning
من به پیاز، به ویژه 9 عدد نیاز دارم.,buying
سفارش شماره 1553 برای برنج که در جمعه خریداری شده بود، مطابق انتظار نبود، می‌خواهم عودت بدهم.,returning
ما یک شب مهمانی داریم، من تخم مرغ می خواستم.,buying
آیا خرید سیب در روز سه شنبه تخفیف دارد؟,tracking
ارسال سفارش من در تاریخ 9/4/1402,scheduling
آیا امکان پیگیری سفارش شماره 1355 وجود دارد؟,discount
به نان مخصوصا 1 بطری نیاز دارم.,buying
آیا خرید بالای 11 شانه شیره تخفیف دارد؟,tracking
سفارشم رو تا ساعت 6 بفرستید.,scheduling
من مشتاقم بدانم آیا سفارش 1573 ارسال شده است یا خیر.,discount
من قصد دارم گوشت خریداری شده در 1403/1/19 را به دلیل تاریخ مصرف کالای ارسالی گذشته است پس بدهم.,returning
سفارشم را در تاریخ 1401/12/16 بفرستید,scheduling
میخوام بدونم سفارش شماره 1604 کی به دستم میرسه.,discount
آیا برنامه ای برای فروش پرتقال در این فصل دارید؟,tracking
آیا می توانم 12 بطری نان رزرو کنم؟,buying
می‌توانم 11 لیتر از گوشت را برای خرید هفتگی‌ام رزرو کنم؟,buying
سبد کالا اماده است,finishing
می‌توانید کره را که در حال حاضر نیازی به آن ندارم از سبد خریدم بردارید؟,editting
دوست دارم خریدی که تازه کردم را پاک کنم، از مکان دیگری میخواهم خرید کنم.,deleting
آیا روغن زیتون در راستای پایداری و مسئولیت‌های اجتماعی شرکت تولید کننده طراحی شده است؟,inquiring
لطفا اسمت رو بهم بگو,chitchat
خودتو معرفی می‌کنی؟,chitchat
من 6 کیلو پنیر می خواستم.,buying
من منتظر تحویل سفارش شماره 493 در اولین ساعت روز پنجشنبه هستم.,scheduling
به جای 9 کیلوگرم پیاز لطفا 9 کیلوگرم هویج بدهید.,editting
می‌توانید یک شراب خوب پیشنهاد کنید؟ به 10 لیتر برای یک مناسبت خاص نیاز دارم.,buying
می‌توانید پنیر را که در حال حاضر نیازی به آن ندارم از سبد خریدم بردارید؟,editting
حال و احوالت چطوره,chitchat
می‌خواهم نان را که در سبد خریدم قرار داده‌ام به دلیل تغییر نظرم پاک کنم.,editting
درخواست برگشت سفارش شماره 1529 دارم.,returning
سلام علیکم,chitchat
من گوشت اشتباهی خریدم، آیا می توانم آن را برگردانم؟,returning
از شما درخواست دارم که سفارشم را کنسل نمایید، زیرا موجودی مالی به اندازه کافی ندارم.,deleting
من کنجکاو هستم که از مجموعه شیر خود چه چیزی دارید، می توانم 8 شانه را امتحان کنم؟,buying
من برای کباب کردن نیاز به 2 لیتر از کاهو دارم,buying
روغن زیتون 7 کیلوگرم میخوام ثبت سفارش کنم,buying
من می خواهم 4 بطری از گوشت را دریافت کنم.,buying
تخم مرغ دارای تاییدیه‌ های بین‌المللی مانند IFS است؟,inquiring
برای خرید بیش از 10 کیلوگرم از گوجه فرنگی، آیا تخفیفی وجود دارد؟,tracking
امیدوارم حالتون خوب باشه,chitchat
آیا برای جشن سال نو، جعبه‌ی سورپرایز تخفیفی برای محصول هویج دارید؟,tracking
میشه سفارش 872 را پیگیری کنید.,discount
آیا می‌ توانید سفارشم را قبل از ساعت 10 روز پنج شنبه تحویل دهید؟,scheduling
آیا امکان پیگیری سفارش شماره 91 وجود دارد؟,discount
من علاقه‌مند به برنامه‌ریزی تحویل سفارش شماره 1143 برای تاریخ 1401/9/7 هستم.,scheduling
لطفاً فرایند حذف سفارش  16 را آغاز کنید.,deleting
من به نان، به ویژه 1 بطری نیاز دارم.,buying
من انتخاب هایم را کامل کرده ام و می خواهم سفارش بدهم، مرحله بعدی چیست؟,finishing
آیا می توانید سفارش شماره 1464 را ساعت 7 تحویل دهید؟,scheduling
سفارشم رو تا ساعت 9 بفرستید.,scheduling
لطفاً آخرین سفارش من را کنسل کنید، جای دیگری قیمت بهتری پیدا کردم.,deleting
لغو سفارش 2100.,deleting
به 10 کیلوگرم از خیار نیاز دارم.,buying
می‌توانید سفارش شماره 240 را در ساعت 6 تحویل دهید؟,scheduling
آیا امکان مرجوع کردن هویج بعد از 2 استفاده هنوز وجود دارد؟ من کالاهایم را چند روزه که دریافت کردم ولی به دلیل دوست نداشتم این محصول رو میخواهم پس بدهم.,returning
من میخواهم سیبی را که در تاریخ 9/8/1403 خریدم به عنوان مرجوعی ثبت کنم.,returning
احوال شریفتان چطور است؟,chitchat
کره را از سبد خرید من حذف کنید,editting
متاسفم، لطفا سفارش من را لغو کنید,editting
خدا قوت,chitchat
برای بودجه‌ بندی، نیاز به دانستن قیمت دقیق مرغ دارم.,inquiring
آیا می‌توانم در مورد زمان تقریبی رسیدن بسته‌ام با کد پیگیری 203 جویا شوم؟,discount
سفارشم را در تاریخ 1401/3/17 بفرستید,scheduling
آیا می‌توانم آبمیوه را که 7 روز پیش خریده‌ام، برگشت بزنم؟,returning
من می خواهم از حراج هالووین استفاده کنم، آیا روغن زیتون شامل تخفیف می شود؟,tracking
من تصادفاً با شماره 58 سفارش دادم. لطفاً آن را لغو کنید.,deleting
می‌توانید سفارش شماره 1953 را در ساعت 4 تحویل دهید؟,scheduling
آیا می توانید سیبی را که در حال حاضر به آن نیاز ندارم از سبد خریدم حذف کنید؟,editting
سلام میشه سفارش من رو که تازه ثبت شده حذف کنید؟,deleting
قیمت گوشت نسبت به گوشت چگونه است؟,inquiring
ممنون از زحمت شما,chitchat
من اشتباه کردم، می توانید سفارش 619 را تحویل بگیرید؟,deleting
من این هفته فقط چهارشنبه خونه هستم، لطفا سفارشم را در آن زمان ارسال کنید.,scheduling
سفارشم را بفرستید برام همین چیزا رو میخواستم.,finishing
برای مهمانی، لطفاً سفارش شماره 71 را در 1401/12/2 تحویل دهید.,scheduling
آیا برای مشتریان دائمی مانند من، تخفیف خاصی برای پنیر در نظر گرفته‌اید؟,tracking
میخوام این عکس رو برام بفرستی,finishing
نقل و انتقالات؟,chitchat
سفارشم رو ثبت کنید و اعلام کنید چگونه باید خریدم را پرداخت کنم.,finishing
سفارش شماره 1717 برای برنج که در یک شنبه خریداری شده بود، مطابق انتظار نبود، می‌خواهم پس بدهم.,returning
وضعیت سفارش شماره 644 چگونه است؟,discount
از شما درخواست دارم که سفارشم را لغو نمایید، زیرا دیگر به آن احتیاجی ندارم.,deleting
آیا امکان پیگیری سفارش شماره 2152 وجود دارد؟,discount
من می خواهم از حراج هالووین استفاده کنم، آیا مرغ شامل تخفیف می شود؟,tracking
پشیمون شدم خیار رو از سفارشم کنسل کن,editting
لطفا پنیری را که به تازگی به سبد اضافه کرده اید با گوشت جایگزین کنید.,editting
آیا سفارش شماره 1551 که شامل شیره است آماده ارسال است؟,discount
من به دنبال اطلاع از وضعیت فعلی سفارش با شناسه 380 هستم.,discount
من می خواستم کل سفارشم را حذف کنم زیرا آن را دوست ندارم,deleting
من یکی از مشتریان مجموعه شما هستم، می توانید برای خرید پیاز به من تخفیف بدهید؟,tracking
سیبی که 7 روز پیش تحویل گرفتم نیاز به تعویض دارد و از شما میخواهم آنها را برای من جایگزین کنید.,returning
من رژیم دارم و به 1 کیلوگرم آبمیوه کم چرب نیاز دارم.,buying
برنج دارای تاییدیه‌ های بین‌المللی مانند BRC است؟,inquiring
درخواست تغییر سفارش 1228 دارم.,returning
گوجه فرنگی چه ویژگی‌هایی دارد و آیا برای کاهش وزن و تناسب اندام مناسب است؟,inquiring
سفارش شماره 1359 را به دلیل کالاها آسیب دیده به دست بنده رسیده است می‌خواهم عودت بدهم.,returning
به آبمیوه مخصوصا 14 لیتری نیاز دارم.,buying
اشتباه کردم، می‌توانید سفارش 1594 را بردارید؟,deleting
چطوری؟,chitchat
آیا در کریسمس روی پنیر تخفیف می دهید؟,tracking
آیا می‌توانید وضعیت کنونی سفارش با شماره 892 را روشن سازید؟,discount
بازی تمام شد.,finishing
من می خواهم یک به روز رسانی در مرحله ای که سفارش 2270 در آن است. آخرین وضعیت سفارش چگونه است؟,discount
اگر میشه این لیست از اجناس رو بفرست برای.,finishing
من می خواهم به روز رسانی در مرحله ای که سفارش 770 در آن است بشنوم. آخرین وضعیت سفارش چگونه است؟,discount
برای نان در سال نو تخفیفی ارائه می دهید؟,tracking
من می خواهم هویجی را که فراموش کرده ام به سبد خرید اضافه کنم.,buying
می‌خواهم خیار را که فراموش کرده‌ام به سبد خرید اضافه کنم.,buying
از شما درخواست دارم که سفارشم را لغو نمایید، زیرا اندازه اشتباهی انتخاب کردم.,deleting
برای خرید بیش از 3 عدد از خیار، آیا تخفیفی وجود دارد؟,tracking
پس از ثبت سفارش 1720 در 1400/2/19، کنجکاوم که پیشرفت آن چگونه است. آخرین گزارش چیست؟,discount
در روزهای اخیر، آیا بازار تخفیف کاهو داغ است؟,tracking
گوشت چه تفاوت‌هایی با گوشت دارد؟,inquiring
متأسفانه باید از شما خواهش کنم که خرید من را لغو کنید زیرا بودجه کافی ندارم.,deleting
لطفا سفارش من را برگردونید. من این کالاها نظرم عوض شد رو نمیخوام.,returning
زمان تقریبی تحویل سفارش شماره 409 را می‌توانید بگویید؟ من 14 روز پیش این سفارشو ثبت کرده بودم,discount
لطفاً فرایند کنسل سفارش  1462 را آغاز کنید.,deleting
خریدم تموم شد ، لطفا همینارو نهایی کنید و قیمت کل رو بهم بدید.,finishing
چی کاره‌ای؟,chitchat
من به دلایلی که می گویم: اشتباه وارد کردم سفارشم را لغو می کنم.,deleting
من از مشتری های مجموعه شما هستم میشه برای خرید خیار به من تخفیف بدهید؟,tracking
می‌خواهم زمان تحویل سفارش شماره 1907 را برای 1400/7/17 تنظیم کنید.,scheduling
انتخاب هایم را به پایان رساندهام و مشغول به ثبت سفارش هستم ، مرحله بعدی چیست ؟,finishing
اشتباه کردم، می‌توانید سفارش 54 را بردارید؟,deleting
آیا امکان دریافت سفارش شماره ۲۲۹۴ در تاریخ ۲۶/۵/۱۳۰۰ وجود دارد؟,scheduling
آیا برای مشتریان دائمی مانند من، تخفیف خاصی برای کاهو در نظر گرفته‌اید؟,tracking
لطفا خیار را در سبد خرید من با خیار به روز کنید.,editting
درخواست تغییر سفارش 694 دارم.,returning
بررسی کنید تا ببینید سفارش 2308 کجاست؟,discount
من می‌خواهم اسموتی درست کنم و به 6 عدد از خیار مخلوط نیاز دارم.,buying
آیا برای اولین خرید محصولات سیر من کوپن تخفیف دارید؟,tracking
میشه از موجودی و اطلاعات محصول هویج مطلع شوم؟,inquiring
من 13 عدد آبمیوه می خواستم.,buying
سفارش دهید. سفارشم تموم شد,finishing
اشتباه شد، به جای 13 کیلوگرم پاستا من 6 کیلوگرم می خواستم.,editting
من می خواهم به روز رسانی در مرحله ای که سفارش 668 در آن است بشنوم. آخرین وضعیت سفارش چگونه است؟,discount
من منتظر تحویل سفارش شماره 252 در اولین ساعت روز جمعه هستم.,scheduling
آیا می توانید وضعیت فعلی سفارش شماره 276 را توضیح دهید؟,discount
چه کار می کنی,chitchat
ماهی رو موجود دارید؟ ,inquiring
سفارش من با شماره 1414 باید لغو شود، چون به دردم نمیخوره.,deleting
آیا امکان دارد سفارش شماره 2290 را در 1402/7/23 تحویل بگیرم؟,scheduling
من به دنبال گزینه های گیاهی هستم، به خصوص 4 برنج,buying
زیاد بهت زحمت دادم شرمنده,chitchat
اجناسی را به اطلاع رساندم را ثبت سفارش و ارسال کن.,finishing
آیا سفارش 2206 در حال حاضر در مسیر مقصد قرار دارد؟,discount
میشه قیمت کاهو رو بدونم؟,inquiring
آیا می توانید به جای خیار 8 بطری پیاز به من بدهید؟,editting
شما خسته شدید، من عذرخواهی می کنم. خداحافظ,chitchat
می‌خواهم سیر را به دلیل تغییر در برنامه غذایی‌ام از سبد خرید کنسل کنم.,editting
مقدار کره را به 11 لیتر برسانید,editting
سلام میشه سفارش من که تازه ثبت شده رو حذف کنید؟,deleting
می‌توانید پنیر را که به اشتباه به سبد اضافه شده است بردارید؟,editting
میخوام بدونم سفارش شماره 891 کی به دستم میرسه.,discount
همه موارد مورد نیازم را به سبد اضافه کرده ام، لطفاً مراحل بعدی برای تکمیل سفارش را بیان کنید.,finishing
تمامی اقلام مورد نظرم را انتخاب کرده‌ام.,finishing
من علاقه‌مند به برنامه‌ریزی تحویل سفارش شماره 1596 برای تاریخ 1403/5/19 هستم.,scheduling
آیا پس از 6 بار مصرف باز هم امکان برگشت هویج وجود دارد؟ من چند روز پیش اجناسم را تحویل گرفتم اما به دلیل نظرم میخواهم برگردانم.,returning
سلام بر شما دوست عزیز,chitchat
آیا برای مشتریان دائمی مانند من، تخفیف خاصی برای ماهی در نظر گرفته‌اید؟,tracking
سفارشم رو روز پنج شنبه ساعت 10 ارسال کنید.,scheduling
سفارش من را چهارشنبه ساعت 3 ارسال کنید.,scheduling
می‌خواهم بدانم سفارش شماره 1780 در کدام مرحله از فرآیند قرار دارد.,discount
خسته نباشید از همکاری با شما لذت بردم,chitchat
چون از این محصول خوشم نیومد میخوام شیره ای که در تاریخ 28/12/1402 خریدم رو پس بدم.,returning
اشتباه کردم، می‌توانید سفارش 2222 را بردارید؟,deleting
من در تاریخ 1403/8/6 به شماره 1757 ثبت کردم وضعیتش چطوره؟,discount
سلام، احوالت؟,chitchat
شانه 13 گوشت برام کنار بگذارید,buying
میخواستم خریدم ساعت 5 فرستاده بشود.,scheduling
من می خواهم کاهویی را که فراموش کرده ام به سبد خریدم اضافه کنم، آیا هنوز امکان پذیر است؟,buying
مشخصات لطفا؟,chitchat
من منتظر تحویل سفارش شماره 2024 در اولین ساعت دوشنبه هستم.,scheduling
قیمت برنج با توجه به نوسانات اخیر بازار چه تغییری کرده است؟,inquiring
من می خواستم برای سفارشم درخواست بازپرداخت کنم زیرا این محصول را دوست نداشتم,returning
آیا سفارش 601 برای ارسال آماده شده است، یا هنوز در مرحله پیش‌ارسال معطل مانده است؟,discount
سفارش شماره 2014 برای نان که 10 روز پیش تحویل گرفته‌ام، می‌خواهم تعویض کنم.,returning
در مورد کار و زندگی چطور؟,chitchat
آب میوه را با گوشت در سبد خرید من جایگزین کنید.,editting
سفارشم را قبل از ساعت 6 روز جمعه تحویل دهید ,scheduling
سلام روز بخیر,chitchat
لطفا نام خود را به من بگویید,chitchat
خداوند شما را حفظ کند,chitchat
سفارش 450 را دیلیت کن.,deleting
من دارم میروم,chitchat
سفارش ما را بفرستید.,finishing
10 کیلوگرم از مرغ میخواستم .,buying
متأسفانه باید از شما خواهش کنم که خرید من را حذف کنید، زیرا می خواهم از جای دیگری خرید کنم.,deleting
درخواست تعویض سفارش 479 رو دارم .,returning
بررسی کنید ببینید سفارش 1873 کجاست؟,discount
مقدار محصول گوجه فرنگی را از 14 لیتر به 1 لیتر تغییر دهید.,editting
آیا شماره سفارش 1192 ارسال شده است؟,discount
خریدام تموم شد.,finishing
آیا خرید مرغ در روز یکشنبه تخفیف دارد؟,tracking
قصد دارم مرغ را به دلیل تخفیف ویژه‌ای که دیدم با آبمیوه تعویض کنم.,editting
من تصادفاً با شماره 1922 سفارش دادم. لطفاً آن را حذف کنید.,deleting
من مسئول تنقلات مهمانی اداری هستم، 1 بطری ماهی می خواستم.,buying
آیا خرید بالای 12 عدد روغن زیتون تخفیف دارد؟,tracking
آیا این روزها پیشنهاد ویژه ای برای خرید کره دارید؟,tracking
حذف سفارش 841.,deleting
آیا سفارش شماره 1188 در مسیر ارسال است؟,discount
آیا می‌توانید وضعیت کنونی سفارش با شماره 1788 را روشن سازید؟,discount
لطفاً سفارش شماره 1912 را برای تاریخ 1403/11/7 آماده کنید.,scheduling
چیکارا می‌کنی؟,chitchat
آیا سفارش شماره 97 که شامل سیب بود آماده ارسال شده است؟,discount
آیا می توانید ماهی را که به اشتباه به سبد خرید اضافه شده است حذف کنید؟,editting
می‌خواهم بدانم که آیا مرغ قابلیت ارتقاء یا توسعه در آینده را دارد؟,inquiring
لطفاً فرایند کنسل سفارش  765 را آغاز کنید.,deleting
سفارش شماره 1453 که 6 روز پیش برای محصول روغن زیتون ثبت شده بود را می‌خواهم برگردونم چون تاریخ مصرف کالای ارسالی گذشته است.,returning
آیا می توانید سیب زمینی را که به اشتباه به سبد خرید اضافه شده است بردارید؟,editting
خریدم رو با شماره پیگیری 953 را رهگیری کنید.,discount
آیا این روزها پیشنهاد خاصی برای خرید پیاز دارید؟,tracking
من میخوام روغن زیتون رو به صورت عمده بخرم قیمت بهتری پیشنهاد میدین؟,tracking
خریدم تموم شد، لطفا همینارو نهایی کنید و قیمت کل رو بهم بگید.,finishing
می‌خواهم درک عمیق‌تری از خصوصیات بارز و منحصر به فرد پرتقال کسب کنم.,inquiring
از شما تقاضا دارم سفارش من را لغو کنید، زیرا از خرید پشیمان هستم.,deleting
بطری 2 گوجه فرنگی را برای من بگذارید,buying
مقدار محصول پنیر را از 14 بطری به 14 بطری تغییر دهید.,editting
از شما می خواهم این کالاها را بفرستید,finishing
برای مهمانی، لطفاً سفارش شماره 521 را در 1400/10/19 تحویل دهید.,scheduling
من از مشتری های مجموعه شما هستم میشه برای خرید روغن زیتون به من تخفیف بدهید؟,tracking
برای کباب کردن به 8 کیلوگرم پرتقال نیاز دارم,buying
سفارشم رو روز دوشنبه ساعت 8 ارسال کنید.,scheduling
آیا سفارش شماره 1121 که شامل کره بود آماده ارسال شده است؟,discount
من 10 کیلو مرغ میخواستم.,buying
من قصد دارم سیر مربوط به سفارش شماره 345 را که در 1402/5/18 خریداری شده را برگشت بزنم.,returning
تخفیف میخواستم,tracking
12 بطری از سیب زمینی میخواستم، موجود دارید؟,buying
سفارشم را برای شنبه بفرستید چون من دیگر در خانه نیستم.,scheduling
آیا می توانید سفارش من را لغو کنید؟ محصول مورد نظر را در جای دیگری پیدا کردم.,deleting
میخواهم سفارشم با شماره 1194 رو برگشت بزنم,returning
من قصد دارم خیار را با خیار جایگزین کنم لطفا راهنمایی کنید.,editting
آیا برنامه‌ای برای فروش ویژه آبمیوه دراین فصل دارید؟,tracking
من می خواستم کل سفارشم را لغو کنم زیرا در جای دیگر قیمت بهتری پیدا کردم,deleting
قیمت کره در حال حاضر چقدر است؟,inquiring
من به دنبال پیشنهادات ویژه برای مرغ هستم، آیا پیشنهادی دارید؟,tracking
بررسی کنید ببینید سفارش 641 کجاست؟,discount
وظیفه تو چیه؟,chitchat
من می خواهم سیری را که فراموش کرده ام به سبد خرید اضافه کنم.,buying
من به پیاز نیاز دارم، به طور خاص 9.,buying
من از خرید کره پشیمان هستم، لطفا آن را از سبد خرید من حذف کنید.,editting
من اومدم,chitchat
کالاهایی که ارسال شده است بسیار آسیب دیده اند، لطفا برگشت کنید,returning
برای خرید بیش از 14 بطری از خیار، آیا تخفیفی وجود دارد؟,tracking
گوجه فرنگی هاتون ساخت چه کشوری هست؟,inquiring
آیا می توان پیازی را که قبلا انتخاب کردم با هویج جایگزین کرد؟,editting
من از مشتری های مجموعه شما هستم میشه برای خرید سیب به من تخفیف بدهید؟,tracking
تو به من لطف کردی,chitchat
موجودی پرتقال هاتون چقدر است؟,inquiring
لطفاً سفارش شماره 347 را برای تاریخ 1401/1/24، ساعت 9 آماده کنید.,scheduling
نیاز دارم سفارش 205 که روز یک شنبه را کنسل کنید.,deleting
تعریف هویج مغازه شما خیلی پیچیده است، لطفا 10 شانه برام بفرستید.,buying
به دلیل یک خطای ناخواسته، سفارشی با شماره  1151 ثبت شده است. خواهشمند است آن را لغو فرمایید.,deleting
برای خرید بیش از 9 کیلوگرم از هویج، آیا تخفیفی وجود دارد؟,tracking
لطفاً سفارش من با شماره 1686 را پاک کنید.,deleting
من میزبان یک مهمانی بزرگ هستم و به 5 بطری پنیر نیاز دارم.,buying
سفارش من را تا ساعت 5 ارسال کنید.,scheduling
شنیده‌ام بهترین سیر شهر را دارید، لطفاً 13 شانه برای من بگذارید.,buying
میخوام سفارشم رو حذف کنم,deleting
من می خواستم 12 لیتر پیاز بخرم,buying
اگر میشه این لیست از اجناس رو بفرست برای :,finishing
برای عید تخفیف داری؟,tracking
میزان مواد شیمیایی که در خیار به کار رفته چقدر است؟,inquiring
پس از ثبت سفارش 2011 در 1402/3/10، کنجکاوم که پیشرفت آن چگونه است. آخرین گزارش چیست؟,discount
سلام عزیزم,chitchat
من علاقه‌مند به برنامه‌ریزی تحویل سفارش شماره 1230 برای تاریخ 1403/5/9 هستم.,scheduling
مقدار کره رو 11 لیتر کنید,editting
من می خواهم خریدی را که به تازگی انجام داده ام لغو کنم، پول کافی ندارم.,deleting
10 کیلو خیار نیاز دارم.,buying
از شما می خواهم زمان تحویل سفارش شماره 2331 را برای 10/3/1401 تعیین کنید.,scheduling
باید سفارش 974 رو تعویض کنم ,returning
قصد دارم برنج را به دلیل تخفیف ویژه‌ای که دیدم با هویج تعویض کنم.,editting
آیا برای مشتریان دائمی مثل من تخفیف ویژه ماهی دارید؟,tracking
عکس هایم را بفرستید.,finishing
من این هفته فقط یک شنبه خونه هستم، لطفا سفارشم را در آن زمان ارسال کنید.,scheduling
آیا می توانید سفارش شماره 2228 را در 7 تحویل دهید؟,scheduling
لطفا سفارش شماره 1045 را برای تاریخ 5/2/1403 تهیه نمایید.,scheduling
لطفا سفارش من را تا شنبه ارسال کنید.,scheduling
من می خواهم سفارش شماره 1950 را که 14 روز پیش برای محصول سیب زمینی ثبت شده است برگردانم زیرا از خرید خود پشیمان شدم.,returning
من الان سفارشمو گرفتم ولی بخاطر بسته بندی ارسال خیلی بد بود. از شما می خواهم سفارش من را تغییر دهید,returning
آیا سفارش شماره 207 که شامل گوجه فرنگی بود آماده ارسال شده است؟,discount
لطفاً تعداد سیب زمینی در سبد خریدم را از 12 به 5 تغییر دهید.,editting
خریدم تموم شد ، لطفا همینارو نهایی کنین و قیمت کل رو بهم بگید.,finishing
لطفا سفارش شماره 665 را برای تاریخ 26/6/1403 تهیه نمایید.,scheduling
آیا برنامه ای برای فروش ماکارونی خاص در این فصل دارید؟,tracking
پس از ثبت سفارش 270 در 1401/6/17، کنجکاوم که پیشرفت آن چگونه است. آخرین گزارش چیست؟,discount
هویج را اشتباه به سبد خریدم افزودم لطفا لغو کنید.,editting
ببخشید که اینقدر مزاحمتون شدم,chitchat
من دیگه میرم بای,chitchat
برنج که در 11 خریداری شده بود، معیوب است و می‌خواهم آن را برگردانم.,returning
سفارشمو ساعت 10 بفرستید .,scheduling
آیا می توانم 10 بطری گوجه فرنگی رزرو کنم؟,buying
مقدار کالای روغن زیتون را از 2 کیلوگرم به 2 کیلوگرم اصلاح کنید.,editting
آیا خرید آب میوه در روز یکشنبه تخفیف دارد؟,tracking
سفارشم تمام شده.,finishing
دستور من 11 لیتر پنیر می خواهد، آیا موجود است؟,buying
آیا برای مشتریان دائمی مانند من، تخفیف خاصی برای برنج در نظر گرفته‌اید؟,tracking
به مناسبت تخفیفات زمستانی، آیا سفره‌ی تخفیفات سیب زمینی پهن است؟,tracking
کارهایی که میتوانی انجام دهی چیه؟,chitchat
ارسال به دلیل بسته بندی بسیار بد بود، می خواهم برنج خریداری شده در تاریخ 25/3/1402 را تعویض کنم.,returning
سفارشم به دستم رسید الان، اما به خاطر کالاها رو اشتباهی ارسال کردید میخواهم سفارشم رو مرجوع بزنید,returning
خرید من را با شماره رهگیری 50 پیگیری کنید.,discount
میشه برام 7 شانه آبمیوه ثبت سفارش کنی.,buying
متأسفانه باید از شما خواهش کنم که خرید من را لغو کنید زیرا آدرس را اشتباه وارد کردم.,deleting
من می خواهم نانی را که در سبد خریدم گذاشته ام حذف کنم زیرا نظرم تغییر کرده است.,editting
سفارشم را برای روز جمعه ارسال کنید چون وقت دیگر خونه نیستم.,scheduling
متأسفانه باید از شما بخواهم که خرید من را لغو کنید زیرا من توان خرید آن را ندارم.,deleting
مقدار کالای پیاز را از 8 لیتر به 10 لیتر اصلاح کنید.,editting
لطفاً سفارش شماره 646 را برای تاریخ 1403/7/1، ساعت 10 آماده کنید.,scheduling
مرسی خوب شد صحبت کردیم,chitchat
از شما می خواهم زمان تحویل سفارش شماره 460 را برای تاریخ 1401/1/30 تعیین کنید.,scheduling
سپاسگزارم,chitchat
مرغ را از سفارش من حذف کنید,editting
من یک درخواست مرجوعی برای سفارش شماره 417 دارم.,returning
سفارش من را ساعت 5 ارسال کنید.,scheduling
پنیری که در تاریخ 28/4/1402 خریدم را میخواهم برگردانم.,returning
به مناسبت سال نو سفره تخفیف های کاهو پهن است؟,tracking
وضعیت سفارش شماره 96 چگونه است؟,discount
مقدار روغن زیتون رو 2 شانه کنید,editting
من میزبان یک مهمانی بزرگ هستم و به 8 لیتر تخم مرغ نیاز دارم.,buying
خریدم رو با شماره پیگیری 50 را رهگیری کنید.,discount
سفارش من را در تاریخ 1403/12/18 ارسال کنید,scheduling
میخواستم کل سفارشم را کنسل کنم چون به دردم نمیخوره,deleting
به جای 8 بطری سیب زمینی، لطفا آن را 1 بطری سیب زمینی کنید,editting
سفارشم را قبل از ساعت 11 روز شنبه تحویل دهید ,scheduling
من 12 عدد از کره میخواستم.,buying
میخواهم سفارشم با شماره 2053 رو مرجوع کنم,returning
خداقوت,chitchat
من باید سفارش 1705 را در روز یکشنبه حذف کنم.,deleting
من میخواهم سفارشم را با شماره 2279 تغییر دهم,returning
به دلیل قدیمی بودن و خرابی محصولات میخواهم شیر خریداری شده مورخ 25/4/1403 را برگردانم.,returning
می توانم 10 بطری از گوجه فرنگی را رزرو کنم ؟,buying
من به دنبال پیشنهادات ویژه برای آبمیوه هستم، آیا پیشنهادی دارید؟,tracking
من به اشتباه سیب را به سبد خرید اضافه کردم، لطفا آن را حذف کنید.,editting
آیا می توانید سفارش من را برگردانید؟ زیرا کیفیت کالای ارسالی بسیار پایین است,returning
میخواستم خریدم ساعت 6 ارسال بشه.,scheduling
به جای 2 کیلوگرم نان لطفا 1 کیلوگرم پرتقال بهم بده,editting
به زودی میبینمت,chitchat
چه خبرا؟,chitchat
لطفا 1 کیلوگرم کره به من بدهید.,buying
من اشتباهی نان را به سبد اضافه کردم، لطفا آن را حذف کنید.,editting
منتظر تحویل سفارش شماره 1161 در اولین ساعت شنبه هستم.,scheduling
میخوام بدونم سفارش شماره 715 کی به دستم میرسه.,discount
آیا امکان مرجوع کردن پاستا بعد از 4 استفاده هنوز وجود دارد؟ من کالاهایم را چند روزه که دریافت کردم ولی به دلیل نظرم عوض شد میخواهم پس بدهم.,returning
میخواستم بدونم برای برنج عید تخفیف میدین؟,tracking
مرغ شما تازه است؟ من 13 کیلو میخوام,buying
به دنبال آگاهی در مورد وضعیت فعلی سفارش با شناسه 1661 هستم.,discount
سفارش شماره 1757 را در 1403/8/6 ثبت کردم، وضعیت آن چگونه است؟,discount
من به دنبال اطلاع از وضعیت فعلی سفارش با شناسه 2036 هستم.,discount
من قصد دارم گوشت مربوط به سفارش شماره 1795 را که در 1403/5/21 خریداری شده را مرجوع کنم.,returning
می توانید 8 عدد کاهو برای من سفارش دهید؟,buying
خریدم رو دیلیت کنید,deleting
آیا جعبه سورپرایز محصولات گوشتی تخفیف دار برای هالووین دارید؟,tracking
اسم رو میشه بهم بگی؟,chitchat
لطفا سفارش شماره 1419 را برای تاریخ 1402/11/30 تهیه نمایید.,scheduling
آیا می‌توانم سفارش شماره 1626 را برای تحویل در ساعت 11 رزرو کنم؟,scheduling
لطفا تعداد هویج های موجود در سبد خرید من را از 8 عدد به 8 عدد تغییر دهید.,editting
اسمتو بگو ببینم,chitchat
شما می توانید سفارش 872 را پیگیری کنید.,discount
ASL لطفا,chitchat
آیا امکان مرجوع کردن تخم مرغ بعد از 1 استفاده هنوز وجود دارد؟ من کالاهایم را چند روزه که دریافت کردم ولی به دلیل تاریخ مصرف محصولات گذشته بود میخواهم پس بدهم.,returning
من می خواهم مقداری از سیب زمینی، 11 عدد را انتخاب کنم.,buying
آیا می توانید کره ای را که در حال حاضر به آن نیاز ندارم از سبد خریدم حذف کنید؟,editting
لطفا سفارش شماره 445 را برای 7/3/1400 تهیه کنید.,scheduling
دلیل این همه تاخیر چیست؟ الان نارنجی من دقیقا چطوره؟,discount
 بچه‌های من تخم مرغ شما را دوست دارند، می‌توانید 5 عدد برای من کنار بگذارید؟,buying
شب مهمونی داریم، برنج میخواستم.,buying
من به دنبال پیشنهادات ویژه برای سیر هستم، آیا چیزی برای ارائه دارید؟,tracking
می توانم نام شما را بپرسم,chitchat
متأسفانه باید از شما بخواهم که خریدم را لغو کنید، زیرا موجودی مالی به اندازه کافی ندارم.,deleting
به دلیل تغییر در برنامه غذایی من می خواهم سیر را از سبد خرید حذف کنم.,editting
من می خواهم ماهی را که در تاریخ 27/10/1400 خریدم را برگردانم.,returning
از شما تقاضا دارم سفارش من را لغو کنید زیرا می خواهم از جای دیگری خرید کنم.,deleting
سبد خرید من پر است، لطفا مراحل پرداخت را توضیح دهید.,finishing
من می خواهم 4 بطری گوشت دریافت کنم.,buying
به دلیل قدیمی بودن و آسیب دیده بودن محصولات، ماکارونی خریداری شده در تاریخ 28/1/1402 را می خواهم برگردانم.,returning
لطفا سفارش شماره 1654 من را لغو کنید.,deleting
ارسال سفارش من در تاریخ 1402/1/18,scheduling
شغلت را بگو,chitchat
برای مهمانی لطفا سفارش شماره 1544 را تا تاریخ 18/4/1400 تحویل بگیرید.,scheduling
کالای آبمیوه گارانتی دارد؟,inquiring
سلام خوبی؟,chitchat
اشتباه بود به جای 7 لیتر هویج 10 لیتر می خواستم.,editting
سفارش 1263 را در تاریخ 1401/1/18 ارسال کنید.,scheduling
من باید ظرف آشپزخانه ام را با 1 کیلوگرم کاهو پر کنم.,buying
آیا سفارش 850 آماده ارسال است یا هنوز در مرحله پیش ارسال است؟,discount
خیلی زحمت کشیدید,chitchat
سفارشم را برای روز دوشنبه ارسال کنید چون وقت دیگر خونه نیستم.,scheduling
به دلیل کالاها آسیب دیده به دست بنده رسیده است، تصمیم دارم سفارش شماره 2261 را بازگردانم.,returning
سیب زمینی 9 عدد میخوام ثبت سفارش کنم,buying
من میخوام اسموتی درست کنم و به 6 عدد خیار مخلوط نیاز دارم.,buying
میل شدیدی به شیر دارم لطفاً 7 بطری برای من بفرستید .,buying
به جای گوجه فرنگی در سبد خرید من کره بریزید.,editting
میشه از کاهو 8 لیتر بفرستی؟,editting
می‌خواهم اطلاعاتی در مورد ترکیبات و مواد استفاده شده در کره بدانم.,inquiring
لطف داری,chitchat
 بچه‌های من سیب زمینی شما را دوست دارند، می‌توانید 1 کیلوگرم برای من کنار بگذارید؟,buying
شما می توانید سفارش 239 را پیگیری کنید.,discount
آیا پس از 14 بار مصرف باز هم امکان برگشت کاهو وجود دارد؟ من چند روز پیش اجناسم را تحویل گرفتم اما بسته بندی آن بسیار بد بود، بنابراین می خواهم آن را برگردانم.,returning
لطفا سفارش شماره 1733 من را حذف کنید.,deleting
سلام. چطوری؟,chitchat
میشه مواردی که گفتم رو تهیه کنید و برام بفرستید,finishing
سفارشم تموم شد. اینو میخواستم.,finishing
می‌خواهم بدانم که آیا سیر قابلیت ارتقاء یا توسعه در آینده را دارد؟,inquiring
میخواستم قیمت محصولات مقابل رو بدونم: 9 عدد گوجه فرنگی و 9 عدد گوجه فرنگی,inquiring
آیا می‌توانید وضعیت کنونی سفارش با شماره 1353 را روشن سازید؟,discount
آیا سفارش شماره 1121 که شامل کره است آماده ارسال است؟,discount
من مشتاقم بدانم آیا سفارش 2275 ارسال شده است یا خیر.,discount
لطفاً آخرین سفارش من را پاک کنید، موجودی مالی به اندازه کافی ندارم.,deleting
سفارش من را تا ساعت 6 ارسال کنید.,scheduling
روغن زیتون برام بفرست,buying
خوبی؟ خوشحال؟,chitchat
گوشت که 14 روز پیش تحویل گرفته‌ام، نیاز به تعویض دارد و دوست داشتم که برای من آن ها را مرجوع بدهید.,returning
به دنبال آگاهی در مورد وضعیت فعلی سفارش با شناسه 496 هستم.,discount
من می خواهم برنج را از سفارشم لغو کنم.,editting
آیا امکان دریافت سفارش شماره 1538 در تاریخ 9/4/1401 وجود دارد؟,scheduling
قبل از تکمیل سفارش، می‌خواهم نان را از سبد خریدم پاک کنم.,editting
به دلیل تخفیف ویژه ای که دیدم قصد دارم شیر را با پیاز جایگزین کنم.,editting
آیا می توانم آب میوه ای را که قبلاً در سبد گذاشته بودم با روغن زیتون جایگزین کنم؟,editting
دوست دارم خریدی که تازه کردم را پاک کنم، توانایی مالی به اندازه کافی ندارم.,deleting
من به دنبال اطلاع از وضعیت فعلی سفارش با شناسه 1251 هستم.,discount
من یک درخواست مرجوعی برای سفارش شماره 447 دارم.,returning
لطفاً آخرین سفارش من را لغو کنید، موجودی مالی به اندازه کافی ندارم.,deleting
از شما می خواهم زمان تحویل سفارش شماره 1074 را برای 8/6/1400 تعیین کنید.,scheduling
حالت خوبه؟,chitchat
درخواست مرجوع سفارش شماره 447 رو دارم.,returning
اشتباه کردم، می‌توانید سفارش 263 را بردارید؟,deleting
می‌خواهم برنج را که در سبد خریدم قرار داده‌ام کنسل کنم.,editting
خرید پنیر شنبه تخفیف داره؟,tracking
با سلام، آیا می‌توانید سفارشم را که به تازگی ثبت شده است، پاک نمایید؟,deleting
آیا می توانید خرید من را در روز سه شنبه تا ساعت 4 ارسال کنید؟,scheduling
سفارشاتم رو بفرست,finishing
من می‌خواهم گوشت را به صورت عمده خریداری کنم، آیا قیمت بهتری پیشنهاد می‌کنید؟,tracking
می‌توانید توضیح دهید که چگونه شیر می‌تواند به بهبود نداشتن مواد مضر غیر طبیعی کمک کند؟,inquiring
آیا می توانید وضعیت فعلی سفارش شماره 489 را توضیح دهید؟,discount
نیاز دارم سفارش 1572 که روز جمعه را دیلیت کنید.,deleting
آیا کوپن تخفیفی برای اولین خریدم از کالای سیب زمینی دارید؟,tracking
من باید چهارشنبه سفارش 261 را پاک کنم.,deleting
سفارش شماره 1717 برای برنج خریداری شده در روز شنبه آنطور که انتظار می رفت نبود، می خواهم وجه را پس بدهم.,returning
من می خواهم سفارش شماره 465 را که 11 روز پیش برای محصول برنج ثبت شده است برگردانم زیرا شما کالا را اشتباه ارسال کرده اید.,returning
آیا پس از 12 بار استفاده همچنان امکان برگشت سیب با شماره سفارش 1330 وجود دارد؟,returning
به دلیل تاریخ مصرف کالای ارسالی گذشته است، تصمیم دارم سفارش شماره 405 را پس بفرستم.,returning
کیفیت پاستا چجوری هست؟,inquiring
میخواستم خریدم ساعت 5 ارسال بشه.,scheduling
درخواست مرجوع سفارش شماره 417 رو دارم.,returning
منتظر تحویل سفارش شماره 333 در اولین ساعت یک شنبه هستم.,scheduling
می‌خواهم گوشت را از سبد خریدم حذف کنم و به جای آن پاستا اضافه نمایم.,editting
سفارش شماره 484 که 13 روز پیش برای محصول کره ثبت شده بود را می‌خواهم مرجوع کنم چون دوست نداشتم این محصول رو.,returning
"به دلیل اشتباه خرید کردم, می‌خواهم خیار خریداری شده مورخ 1403/7/17 را برگردونم.",returning
من می خواهم نانی را که در سبد خریدم گذاشته ام حذف کنم.,editting
ارسال سفارش من در تاریخ 29/2/1401,scheduling
10 عدد سیب زمینی میخواستم .,buying
بچه های من عاشق نان شما هستند، آیا می توانید 7 لیتر برای من بگذارید؟,buying
متأسفانه باید از شما بخواهم که خریدم را حذف کنید، زیرا موجودی مالی به اندازه کافی ندارم.,deleting
خستت کردم بای,chitchat
می‌خواهم بدانم سفارش شماره 891 کی به دستم می‌رسد.,discount
سفارش من را قبل از ساعت 5 روز شنبه تحویل دهید,scheduling
سفارش شماره 5 برای گوجه فرنگی که 13 روز پیش تحویل گرفته‌ام، می‌خواهم بازگردانم.,returning
می‌خواهم سفارش شماره 1888 را برای تحویل در روز دوشنبه تنظیم کنم.,scheduling
من خرید داشتم,buying
آیا می توانم سفارش شماره 1852 را برای تحویل در 5 رزرو کنم؟,scheduling
سلام، آیا می توانید سفارش من را که به تازگی ثبت شده است لغو کنید؟,deleting
سبد خرید من آماده است,finishing
من می خواهم مرغی را که در سبد خریدم گذاشته ام حذف کنم زیرا نظرم تغییر کرده است.,editting
سفارشم تموم شد. همینارو میخوام.,finishing
میشه خریدم رو روز چهارشنبه تا ساعت 9 بفرستید؟,scheduling
به دلیل یک خطای ناخواسته، سفارشی با شماره  882 ثبت شده است. خواهشمند است آن را دیلیت فرمایید.,deleting
نیاز دارم سفارش 60 که روز چهارشنبه را حذف کنید.,deleting
آیا می توانید 14 لیتر تخم مرغ بفرستید؟,editting
آیا می توانید برای من لیتر 2 از گوجه فرنگی را بسته بندی کنید و برای من بفرستید؟,buying
خرید 6 روز پیشم باید به دلیل انتخاب نادرست کنسل گردد، لطفاً اقدامات لازم را انجام دهید.,deleting
می‌خواهم پیاز را از سبد خریدم دیلیت کنم و به جای آن سیب اضافه نمایم.,editting
من به روغن زیتون محلی علاقه دارم، آیا می توانم 14 شانه از آنها داشته باشم؟,buying
سفارش شماره 1742 که 8 روز پیش برای محصول سیب ثبت شده بود را می‌خواهم برگشت بزنم چون محصولات قدیمی و خراب و داغون هستند.,returning
آیا می توانم آبی را که قبلاً در سبد گذاشته بودم با سیب جایگزین کنم؟,editting
"به دلیل محصولات قدیمی و خراب و داغون هستند, می‌خواهم پاستا خریداری شده مورخ 1402/1/28 را عودت بدهم.",returning
می توانم 12 بطری از نان را رزرو کنم ؟,buying
آیا برنامه‌ای برای فروش ویژه پاستا دراین فصل دارید؟,tracking
انتخاب هایم رو به پایان رساندهام و مایل به ثبت سفارش هستم ، مرحله بعدی چیست ؟,finishing
سفارش من را ساعت 10 ارسال کنید.,scheduling
میشه این اجناسی ک گفتم رو برای من اماده کنی و بفرستی,finishing
سفارشم را کنسل کنید، 1 روز پیش ثبت کرده بودم.,deleting
نوبت من است که شام بپزم، به موارد زیر نیاز دارم 14 شانه ازشیر,buying
پودر لباسشوییم تموم شده برام تخم مرغ بفرست,buying
من 10 کتف مرغ می خواستم.,buying
آیا سفارش شماره 1293 در راه است؟,discount
می‌خواهم یک وعده غذایی قورمه سبزی آماده کنم، به 1 عدد از گوشت درجه یک نیاز دارم.,buying
می‌خواهم زمان تحویل سفارش شماره 1475 را برای 1402/9/4 تنظیم کنید.,scheduling
میشه خریدم رو روز یک شنبه تا ساعت 9 بفرستید؟,scheduling
چون از خرید خود پشیمانم میخواهم برنج خریداری شده مورخ 23/4/1403 را برگردانم.,returning
قیمت کاهو در حال حاضر چقدر است؟,inquiring
آیا جعبه سورپرایز آبمیوه تخفیف دار برای جشن گرفتن فروش زمستانی دارید؟,tracking
سفارش من را ساعت 9 ارسال کنید.,scheduling
من به تخم مرغ، به ویژه 11 لیتر نیاز دارم.,buying
من قصد دارم سفارشم را حذف کنم، به دلایلی که می‌گویم: می‌خواهم از جای دیگری خرید کنم.,deleting
من اشتباه کردم می توانید سفارش 1594 را تحویل بگیرید؟,deleting
من می خواستم خریدم را به عنوان برگشتی ثبت کنم و روند بازپرداخت سفارشم را شروع کنم.,returning
من معلم آشپزی هستم، شما 3 تا کره دارید؟,buying
آیا می توانید 2 کیلوگرم هویج را برای من بسته بندی کنید و برای من بفرستید؟,buying
میخواستم بدونم سفارشی که ثبت کردم تا یک شنبه به دستم میرسه یا نه؟,discount
ممنون، این تمام چیزی بود که می خواستم,finishing
آیا سفارش 2060 در حال حاضر در راه است؟,discount
آیا امکان دریافت سفارش شماره 1500 در تاریخ 18/3/1401 وجود دارد؟,scheduling
اسمت چیه؟,chitchat
مقدار محصول سیب زمینی را از 3 شانه به 1 شانه تغییر دهید.,editting
چند وقته که از سفارشم خبر دارم، پس کجاست؟,discount
سفارشم رو تا ساعت 7 بفرستید.,scheduling
سفارش شماره 1950 که 14 روز پیش برای محصول سیب زمینی ثبت شده بود را می‌خواهم برگردونم چون از خریدم پشیمون شدم.,returning
لطفاً سفارش من با شماره 1733 را دیلیت کنید.,deleting
به جای گوجه فرنگی کره را در سبد خریدم قرار بده.,editting
می‌خواهم بدانم آیا برای مرغ در تعطیلات تابستانی تخفیفی ارائه می‌دهید؟,tracking
می‌خواهم سفارش شماره 414 را برای تحویل در روز جمعه تنظیم کنم.,scheduling
من می خواهم خرید خود را لغو کنم زیرا پول کافی ندارم.,deleting
برای بودجه‌ بندی، نیاز به دانستن قیمت دقیق سیب زمینی دارم.,inquiring
سفارش شماره 1567 برای پنیر خریداری شده در روز شنبه مطابق انتظار نبود، می خواهم آن را برگردانم.,returning
آیا امکان دریافت سفارش شماره 976 در تاریخ 1400/10/5 وجود دارد؟,scheduling
آیا می‌ توانید سفارشم را قبل از ساعت 10 روز شنبه تحویل دهید؟,scheduling
آیا خرید سیب روز شنبه تخفیف دارد؟,tracking
لطفاً سفارش من با شماره 2177 را حذف کنید.,deleting
من می خواهم خرید خود را لغو کنم زیرا کالای مورد نظر را در جای دیگری پیدا کردم.,deleting
پودر لباسشویی ام تموم شده، تخم مرغ برام بفرستید,buying
سفارشم را ثبت کنید تا اعلام کنید چگونه باید خریدم را پرداخت کنم.,finishing
من یک پرتقال می خواستم.,buying
میخواستم کل سفارشم را خط بزنم چون اشتباه ثبت کردم,deleting
می‌تونم اسمتو بدونم؟,chitchat
از شما درخواست دارم که سفارشم را لغو نمایید، زیرا اشتباه ثبت کردم.,deleting
آیا سفارش 1740 در حال حاضر در مسیر مقصد قرار دارد؟,discount
خریدم رو حذف کنید,deleting
من قصد دارم ماهی مربوط به سفارش شماره 178 را که در تاریخ 28/6/1300 خریداری شده است برگردانم.,returning
تعریف برنج مغازه شما خیلی پیچیده است، لطفا 8 عدد برام بفرستید.,buying
آیا روحیه خوبی دارید؟,chitchat
من خیلی وقته از شما خرید می کنم، می توانید برای محصولات تخم مرغ به من تخفیف بدهید؟,tracking
کاهو 12 لیتر میخوام ثبت سفارش کنم,buying
پشیمان شدم لطفا سفارشم را کنسل کن,deleting
آیا سفارش شماره 1659 ارسال شده است؟,discount
مچکرم,chitchat
میخواستم قیمت محصولات مقابل رو بدونم: 14 کیلوگرم پاستا و 14 کیلوگرم پاستا,inquiring
میخوام بدونم سفارش شماره 1267 کی به دستم میرسه.,discount
کالاهایی که ارسال شده است بسیار آسیب دیده اند، لطفا مرجوع کنید,returning
اشتباه کردم، می‌توانید سفارش 2330 را بردارید؟,deleting
سفارش شماره 1406 من باید لغو شود زیرا من تغییر برنامه داشتم.,deleting
من میخوام سوپ سبزیجات درست کنم، به 7 عدد گوجه فرنگی درجه یک نیاز دارم.,buying
آیا می توانید خیار را که به اشتباه به سبد خرید اضافه شده است بردارید؟,editting
سفارش #2076 برای خیارهای خریداری شده در روز جمعه مطابق انتظار نبود، می خواهم آن را برگردانم.,returning
میخواستم کل سفارشم را کنسل کنم چون جای دیگری قیمت بهتری پیدا کردم,deleting
سفارشم را پیگیری کن,discount
سفارشمو ساعت 10 بفرستید.,scheduling
می‌خواهم بدانم سفارش شماره ۲۹۷ در کجا در حال انجام است.,discount
من تخفیف میخواستم,tracking
من باید سفارش 1572 را در روز جمعه حذف کنم.,deleting
"به دلیل از خریدم پشیمون شدم, می‌خواهم برنج خریداری شده مورخ 1403/4/23 را بازگردانم.",returning
من منتظر تحویل سفارش شماره 1161 در اولین ساعت روز شنبه هستم.,scheduling
چه کار می کنی؟,chitchat
می‌خواهم اطلاعاتی در مورد ترکیبات و مواد استفاده شده در پیاز بدانم.,inquiring
می‌توانید سفارشم را کنسل کنید؟ به دردم نمیخوره.,deleting
لطفا سفارشم را برگردانید اشتباهی خریدمش,returning
من قصد دارم سیب زمینی خریداری شده در 1401/2/5 را به دلیل دوست نداشتم این محصول رو پس بدهم.,returning
نان میخواستم .,buying
سفارش من رو ثبت کن,finishing
قبل از تکمیل سفارش، به دلیل تغییر قیمت، می خواهم سیب را از سبد خرید خود حذف کنم.,editting
می‌خواهم از قیمت روز کاهو مطلع شوم، آیا می‌ توانید کمک کنید؟,inquiring
می‌توانید تخم مرغ را که به اشتباه به سبد اضافه شده است بردارید؟,editting
پس از ثبت سفارش 348 در تاریخ 4/8/1401، کنجکاو هستم که چگونه پیشرفت می کند. آخرین گزارش چیست؟,discount
آیا برنج حاوی موادی است که ممکن است باعث حساسیت در افراد با شرایط کاهش وزن و تناسب اندام  شود؟,inquiring
می خواهی این کالاهارو بفرستی,finishing
لطفاً نان را که در سبد خریدم است با ماهی به‌روزرسانی کنید.,editting
برای بودجه‌ بندی، نیاز به دانستن قیمت دقیق روغن زیتون دارم.,inquiring
می‌خواهم بدانم سفارش شماره 58 کی به دستم می‌رسد.,discount
کالاهای من را برای ساعت 9 روز یکشنبه برنامه ریزی کنید.,scheduling
می‌خواهم اطلاعاتی در مورد فلسفه تولید و زنجیره تامین گوجه فرنگی به دست آورم.,inquiring
انتخاب هام تموم شد. سفارشم را تموم کنید لطفا.,finishing
لغو سفارش 1355.,deleting
اگر میشه این لیست از اجناس رو بفرست برای من,finishing
من می خواهم سفارش شماره 1192 را برای تحویل در روز دوشنبه تنظیم کنم.,scheduling
موجودی مرغ هاتون چقدر است؟,inquiring
من این هفته فقط سه شنبه خونه هستم، لطفا سفارشم را در آن زمان ارسال کنید.,scheduling
لطفاً سفارش شماره 1419 را برای تاریخ 1402/11/30 آماده کنید.,scheduling
به دنبال آگاهی در مورد وضعیت فعلی سفارش با شناسه 2325 هستم.,discount
سفارش شماره 465 که 11 روز پیش برای محصول برنج ثبت شده بود را می‌خواهم بازگردانم چون کالاها رو اشتباهی ارسال کردید.,returning
آیا خرید بیش از 3 عدد تخم مرغ تخفیف دارد؟,tracking
می‌خواهم از حراج تعطیلات تابستانی استفاده کنم، آیا شیر هم شامل تخفیف می‌ شود؟,tracking
درخواست کنسل کردن سفارش با شماره 1500 دارم چون خوشم نمیاد.,deleting
درود بر شما دوست عزیز,chitchat
به دلیل تخفیف ویژه ای که دیدم قصد دارم شیره را با نان جایگزین کنم.,editting
کالاهایم را برای ساعت 1 روز دوشنبه برنامه ریزی کنید.,scheduling
لطفا سفارش شماره 1852 را برای تاریخ 21/5/1401 راس ساعت 5 تهیه نمایید.,scheduling
لطفاً مرغ را که در سبد خریدم قرار دارد با تخم مرغ به‌روزرسانی کنید، چون تازه‌تر است.,editting
ماهی که 10 روز پیش خریدم الان کجاست؟ پس کی ارسال میشه؟,discount
گوجه هایی که 9 روز پیش به دستم رسید نیاز به تعویض دارند و خواهشمندم آنها را به من برگردانید.,returning
میشه به من اسمت رو بگی و خودت رو معرفی بکنی؟,chitchat
از شما درخواست دارم که سفارش 2233 را لغو نمایید، زیرا دیگر به آن احتیاجی ندارم.,deleting
انتخاب های خود را انجام داده ام ، چگونه میتوانم ان را ثبت کنم ؟,finishing
در روزهای اخیر بازار کاهو با تخفیف داغ است؟,tracking
یکم از ماهی بهم بگو,inquiring
من از مشتری های مجموعه شما هستم میشه برای خرید پاستا به من تخفیف بدهید؟,tracking
سلام، امروز حال شما چطور است؟,chitchat
آیا برای جشن تخفیفات زمستانی، جعبه‌ی سورپرایز تخفیفی برای محصول آبمیوه دارید؟,tracking
سفارش من را ساعت 4 ارسال کنید.,scheduling
آیا می توانم تخم مرغی را که قبلاً در سبد گذاشته ام با آب میوه جایگزین کنم؟,editting
من یکی از مشتریان مجموعه شما هستم، می توانید برای خرید شیر به من تخفیف بدهید؟,tracking
جدیدا چه خبر؟,chitchat
آیا می‌توانید وضعیت کنونی سفارش با شماره 489 را روشن سازید؟,discount
آیا می توانید سفارش من را برگردانید؟ چون این محصول را دوست نداشتم,returning
برای تهیه سالاد شیرازی 1 شیر می خواستم.,buying
من به دنبال پیشنهادات ویژه برای مرغ هستم، آیا چیزی برای ارائه دارید؟,tracking
چه کارهایی میتوانی انجام دهی؟,chitchat
میخوام سفارشم رو کنسل کنم,deleting
چجوریه؟ کاهو,inquiring
به دلیل دوست نداشتم این محصول رو، تصمیم دارم سفارش شماره 2022 را پس بدهم.,returning
می‌خواهم سفارش شماره 1381 را برای تحویل در روز سه شنبه تنظیم کنم.,scheduling
سفارش شماره 1475 را لغو,deleting
یک رزمنده خسته نباشید,chitchat
یا تخفیفی برای خرید عمده دارید؟ به 12 شانه از ماهی علاقه‌مندم.,buying
آیا می‌توانم در مورد زمان تقریبی رسیدن بسته‌ام با کد پیگیری 572 جویا شوم؟,discount
آیا امکان پس دادن پنیر با سفارش شماره 1387 پس از 7 استفاده هنوز وجود دارد؟,returning
لطفا سفارش شماره 1768 من را حذف کنید.,deleting
ماه که 10 روز پیش خریدم کجاست؟ پس کی ارسال میشه؟,discount
9 کیلوگرم از ماهی میخواستم .,buying
شیر را از سبد خریدم لغو کن,editting
چه کار میکنی؟,chitchat
برنج رو موجود دارید؟ ,inquiring
میخواستم که خریدم را مرجوعی ثبت کنم کنم و روند بازپرداخت سفارشم را شروع کنم.,returning
من به خیار احتیاج دارم، مخصوصاً 14 شانه.,buying
تعریف هویج در مغازه شما بسیار پیچیده است، لطفا 10 شانه برای من ارسال کنید.,buying
آیا می توانید پنیری را که در حال حاضر به آن نیاز ندارم از سبد خریدم حذف کنید؟,editting
کنجکاوم که از مجموعه سیر شما چه چیزی دارید، می‌توانم 9 شانه امتحان کنم؟,buying
من به دنبال تخم مرغ هستم، آیا آنها را در عدد حمل می کنید؟,buying
قیمت ماهی با توجه به نوسانات اخیر بازار چه تغییری کرده است؟,inquiring
آیا خرید بیش از 1 عدد پنیر تخفیف دارد؟,tracking
دیگه چه خبر؟,chitchat
درخواست برگشت سفارش شماره 523 رو دارم.,returning
پشیمانم لطفا سفارشم را کنسل کنید,deleting
آیا امکان دارد کره را که پیش‌تر انتخاب کرده‌ام با خیار تعویض کنم؟,editting
سفارش من رو قبول کن,finishing
لطفا سفارش من رو تا روز جمعه ارسال کنید.,scheduling
لیست خریدی که گفتم رو برای من ثبت کن,finishing
متأسفانه باید از شما خواهش کنم که خرید من را حذف کنید، زیرا آن را اشتباه وارد کردم.,deleting
نان هاتون ساخت چه کشوری هست؟,inquiring
کالاهایم را برای ساعت 4 روز پنج شنبه برنامه ریزی کنید.,scheduling
لطفا فرآیند تسویه حکم 840 را شروع کنید.,deleting
یک سفارش داشتم,buying
من 11 بطری پاستا می خواستم.,buying
به مناسبت سال نو سفره تخفیف گوجه فرنگی پهن است؟,tracking
میشه تخم مرغ رو از سفارشم لغو کنی؟,editting
سفارشمو ساعت 8 بفرستید .,scheduling
امروز چکار می کنید؟,chitchat
حذف سفارش 851.,deleting
به جای 12 سیب، لطفا آن را 10 سیب کنید,editting
انتخاب‌ هایم را به پایان رسانده‌ام و مایل به ثبت سفارش هستم، مرحله بعدی چیست؟,finishing
چه خبر از کار و زندگی؟,chitchat
لطفاً سفارش شماره 874 را برای تاریخ 1401/10/3 آماده کنید.,scheduling
به دلیل نظرم عوض شد، تصمیم دارم سفارش شماره 153 را بازگردانم.,returning
من به 7 کیلو نان علاقه دارم.,buying
لطفا آخرین سفارش من را حذف کنید، من بودجه کافی ندارم.,deleting
شما چه کاری برای من میتوانی انجام بدهی؟,chitchat
حال دلت چطوره؟,chitchat
اشتباه کردم، می‌توانید سفارش 1022 را بردارید؟,deleting
می‌خواهم پنیر را که در سبد خریدم قرار داده‌ام به دلیل تغییر نظرم حذف کنم.,editting
من به دنبال پیشنهادات ویژه برای سیب زمینی هستم، آیا پیشنهادی دارید؟,tracking
ارسال سفارش من در تاریخ 1401/3/17,scheduling
من علاقه مند به برنامه ریزی برای تحویل سفارش شماره 1143 برای تاریخ 9/7/1401 هستم.,scheduling
لطفا زمان انتظار برای تکمیل تحویل سفارش 169 کی خواهد بود؟,discount
اشتباه بود به جای 13 کیلو پاستا 6 کیلو می خواستم.,editting
نوبت من است که شام ​​بپزم، به 14 شانه شیر زیر نیاز دارم,buying
چه کارهایی می توانید انجام دهید؟,chitchat
مقدار محصول پنیر را از 14 بطری به 14 بطری تغییر بدهید.,editting
ارسال سفارش من در تاریخ 1301/6/26,scheduling
از شما درخواست دارم که سفارش 1068 را پاک نمایید، زیرا پشیمان شدن از خرید.,deleting
لطفا سفارشم را برگردانید من این کالاها را نمی خواهم، تاریخ انقضای کالاهای ارسالی گذشته است.,returning
مقدار کره را از 2 به 6 تغییر دهید.,editting
وضعیت فعلی سفارش شماره 1934 را می خواهم بدانم.,discount
زحمتت دادم خسته شدی,chitchat
بررسی کنید تا ببینید سفارش 364 کجاست؟,discount
کالاهایم را برای ساعت 9 روز یک شنبه برنامه ریزی کنید.,scheduling
می‌توانید سفارشم را حذف کنید؟ دیگر به آن احتیاجی ندارم.,deleting
دستت درد نکنه بدرود,chitchat
وضعیت سفارش شماره 247 چیست؟,discount
میشه از پنیر 10 کیلوگرم بفرستی؟,editting
5 کیلوگرم ماکارونی را به سبد خرید من اضافه کنید,buying
به طور تصادفی یک سفارش با شماره 2305 ثبت کردم. لطفاً آن را پاک کنید.,deleting
به طور تصادفی یک سفارش با شماره 58 ثبت کردم. لطفاً آن را لغو کنید.,deleting
آیا سفارش شماره 1811 ارسال شده است؟,discount
از آنجایی که شما کالا را اشتباه ارسال کردید، تصمیم گرفتم سفارش شماره 1184 را برگردانم.,returning
آیا کاهو در رنگ‌های دیگری نیز موجود است؟,inquiring
لطفاً تعداد پیاز در سبد خریدم را از 14 به 9 تغییر دهید.,editting
می‌توانم 7 بطری از سیب را برای خرید هفتگی‌ام رزرو کنم؟,buying
من می خواهم خرید خود را به دلیل تغییر برنامه لغو کنم.,deleting
می‌خواهم بدانم هویج چه امتیازاتی نسبت به کالاهای مشابه دارد.,inquiring
بای,chitchat
سلام دوست عزیز,chitchat
آیا برای جشن تعطیلات تابستانی، جعبه‌ی سورپرایز تخفیفی برای محصول برنج دارید؟,tracking
آیا برای سیر در عید تخفیف می دهید؟,tracking
من یکی از مشتریان مجموعه شما هستم، می توانید برای خرید آب میوه به من تخفیف بدهید؟,tracking
ما یک شب مهمانی داریم، من سیر می خواهم.,buying
می‌خواهم خریدم را به دلیل محصول مورد نظر را در جای دیگری یافتم پاک کنم.,deleting
میل شدیدی به برنج دارم، لطفاً 2 شانه برای من بسته‌بندی کنید. و بفرستید,buying
آیا خرید بالای 10 کیلوگرم گوجه فرنگی تخفیف دارد؟,tracking
متوجه شدم محصول هویج مورد نظرم نیست، چگونه می‌توانم آن را مرجوع کنم؟,returning
میخواهم سفارشم با شماره 882 رو عودت بدهم,returning
من فقط شنبه این هفته در خانه هستم، لطفا سفارشم را ارسال کنید.,scheduling
خستت کردم دستت دردنکنه,chitchat
آیا سفارش 895 آماده ارسال است یا هنوز در مرحله پیش ارسال است؟,discount
خواهشمندم، زمان انتظار برای تکمیل تحویل سفارش 720 چه موقع خواهد بود؟,discount
من یکی از مشتریان شما هستم، می توانید برای خرید پنیر به من تخفیف بدهید؟,tracking
من می خواهم به روز رسانی در مورد وضعیت سفارش 1578 دریافت کنم. آخرین وضعیت سفارش چگونه است؟,discount
وظیفه شما در اینجا چیست؟,chitchat
دلیل این همه تاخیر چیست؟ الان دقیقا وضعیت سیب من چطوره؟,discount
آیا پنیر برای افرادی با شرایط خاص مانند طبیعی بودن و بدون داشتن مواد شیمیایی مناسب است؟,inquiring
آیا امکان دارد سفارش شماره 976 را در 1400/10/5 تحویل بگیرم؟,scheduling
من خیلی وقته از شما خرید می کنم میشه به بنده تخفیف برای محصول مرغ بدهید؟,tracking
چجوریه؟ کره,inquiring
جوجه مربوط به سفارش شماره 1027 که روز پنجشنبه خریداری شده نیاز به تعویض دارد.,returning
به 6 عدد از تخم مرغ علاقه مندم .,buying
سفارش من را سه شنبه ساعت 3 ارسال کنید.,scheduling
من مدت زیادی است که از شما خرید می کنم، آیا می توانید برای محصول پنیر به من تخفیف بدهید؟,tracking
متأسفانه باید از شما بخواهم که خریدم را حذف کنید، زیرا اندازه اشتباهی انتخاب کردم.,deleting
نیاز دارم سفارش 353 که روز سه شنبه را حذف کنید.,deleting
به دلیل تخفیف ویژه ای که دیدم قصد دارم مرغ را با آب میوه جایگزین کنم.,editting
می خواهم از وضعیت فعلی سفارش شماره 983 مطلع شوم.,discount
لطفا تعداد کاهوهای سبد خرید من را از 6 به 8 تغییر دهید.,editting
"به دلیل محصولات قدیمی و خراب و داغون هستند, می‌خواهم شیر خریداری شده مورخ 1403/4/25 را بازگردانم.",returning
آیا برای تعطیلات تابستانی تخفیف دارید؟,tracking
دستت درد نکنه,chitchat
کاهو را از سبد خرید من لغو کنید,editting
من می خواهم تخم مرغی را که در سبد خریدم گذاشته ام حذف کنم زیرا نظرم تغییر کرده است.,editting
درود بر شما,chitchat
سفارش 851 را حذف کن.,deleting
لطفا آخرین سفارش من را لغو کنید، من بودجه کافی ندارم.,deleting
من می خواستم برای سفارشم درخواست بازپرداخت کنم زیرا محصولات ارسال شده با سفارشی که داشتم متفاوت است,returning
سفارش من را ثبت کن,finishing
مرغ را از سبد خرید من حذف کنید,editting
آیا گوشت با استانداردهای BRC مطابقت دارد و آیا برای مصارف طبیعی بودن و بدون داشتن مواد شیمیایی تایید شده است؟,inquiring
آیا می توانید تخم مرغ را از سفارش من لغو کنید؟,editting
دوست دارم خریدی که تازه کردم را دیلیت کنم، آدرس اشتباهی وارد کردم.,deleting
لطفا سفارشم رو مرجوع بزنید. به دلیل محصولات قدیمی و خراب و داغون هستند,returning
میخواستم خریدم ساعت 11 ارسال بشه.,scheduling
سفارشم را دیلیت کنید، 13 روز پیش ثبت کرده بودم.,deleting
به مناسبت تخفیف های زمستانی آیا جدول تخفیف سیب زمینی پهن است؟,tracking
"به دلیل دوست نداشتم این محصول رو, می‌خواهم آبمیوه خریداری شده مورخ 1402/12/28 را بازگردانم.",returning
یکم از مرغ بهم بگو,inquiring
خرید 7 روز پیشم باید به دلیل انتخاب نادرست کنسل گردد، لطفاً اقدامات لازم را انجام دهید.,deleting
سفارشم را در تاریخ 1401/2/29 بفرستید,scheduling
آیا می‌توانم سیب زمینی را که پیش‌تر در سبد گذاشته‌ام با آبمیوه تعویض کنم؟,editting
پودر لباسشویی من تمام شده است، برای من سیب بفرست,buying
برای مشتریان همیشگی مثل من تخفیف ویژه ای برای خیار دارید؟,tracking
لطفا سفارش من را تا چهارشنبه ارسال کنید.,scheduling
من علاقه مند به زمانبندی تحویل سفارش شماره 488 برای تاریخ 28/6/1402 هستم.,scheduling
به جای 12 شانه پاستا، لطفا 12 شانه پنیر بدهید.,editting
باید سفارش 1451 رو برگردونم ,returning
می توانید پیگیری کنید تا ببینید سفارش من دقیقا کجاست. شماره سفارش من: 1296,discount
لیست خریدی که ذکر کردم برای من ثبت نام کنید,finishing
من میخواهم سفارش شماره 484 را که 13 روز پیش برای کالای کره ای ثبت شده است برگردانم زیرا این کالا را دوست نداشتم.,returning
نوبت من است که شام ​​بپزم، به 7 کیلوگرم گوشت زیر نیاز دارم,buying
خیار چه تفاوت‌هایی با خیار دارد؟,inquiring
لطفا سفارش شماره 163 را برای تاریخ 5/2/1301 ساعت 13 تهیه کنید.,scheduling
ما یک شب مهمانی داریم، من ماکارونی می خواستم.,buying
برنجی که ۱۱ روز پیش خریدم الان کجاست؟ پس کی ارسال میشه؟,discount
باید سفارش 684 رو پس بفرستم ,returning
موجودی سیب زمینی هاتون چقدر است؟,inquiring
آیا شماره سفارش 2276 ارسال شده است؟,discount
من مشتاقم تا دریابم آیا سفارش 2137 ارسال شده است.,discount
من باید ظرف آشپزخانه ام را با 7 کیلوگرم گوجه فرنگی پر کنم.,buying
می‌توانید سفارشم را کنسل کنید؟ جای دیگری قیمت بهتری پیدا کردم.,deleting
آیا برای اولین خرید من از محصولات سیب زمینی کوپن تخفیف دارید؟,tracking
من علاقه‌مند به برنامه‌ریزی تحویل سفارش شماره 2179 برای تاریخ 1403/2/24 هستم.,scheduling
سفارشمو ساعت 9 بفرستید .,scheduling
من از مشتری های مجموعه شما هستم میشه برای خرید کره به من تخفیف بدهید؟,tracking
نوبت من است که شام بپزم، به موارد زیر نیاز دارم 6 لیتر ازپرتقال,buying
برای مشتریان همیشگی مثل من برای مرغ تخفیف ویژه ای دارید؟,tracking
کارش همین بود. سفارشم رو ثبت کن.,finishing
اشتباه کردم، می‌توانید سفارش 619 را بردارید؟,deleting
از شما تقاضا دارم سفارش 2174 را حذف کنید زیرا کالای مورد نظر را در جای دیگری پیدا کردم.,deleting
لطفاً فرآیند لغو سفارش 702 را شروع کنید.,deleting
من می‌خواهم روغن زیتون را به صورت عمده خریداری کنم، آیا قیمت بهتری پیشنهاد می‌کنید؟,tracking
سلام حالت چطوره؟,chitchat
از خریدی که روز دوشنبه داشتم پشیمان شدم، کنسل کنید.,deleting
از شما می خواهم زمان تحویل سفارش شماره 895 را برای تاریخ 18/3/1301 تعیین کنید.,scheduling
من به دنبال اطلاع از وضعیت فعلی سفارش با شناسه 496 هستم.,discount
آیا می توانید سفارش من را برگردانید؟ چون از خریدم پشیمون شدم,returning
از شما تقاضا دارم که سفارش 1899 را لغو کنید، زیرا من دیگر به آن نیاز ندارم.,deleting
امروز چیکار کردی؟,chitchat
5 لیتر از کاهو میخواستم، موجود دارید؟,buying
من در تاریخ 1403/12/15 سفارش شماره 104 را ثبت کردم، وضعیت آن چگونه است؟,discount
می‌خواهم از حراج هالووین استفاده کنم، آیا گوجه فرنگی هم شامل تخفیف می‌ شود؟,tracking
پشیمان شدم لطفا سفارشم را حذف کن,deleting
با سلام و عرض ادب,chitchat
من قصد دارم گوشت را با تخم مرغ جایگزین کنم، لطفا راهنمایی کنید.,editting
من این هفته فقط شنبه خونه هستم، لطفا سفارشم را در آن زمان ارسال کنید.,scheduling
"به دلیل بسته بندی ارسال بسیار بد بود, می‌خواهم برنج خریداری شده مورخ 1402/3/25 را تعویض کنم.",returning
لطفا نان در سبد خرید من را با ماهی به روز کنید.,editting
میخواهم سفارشم با شماره 949 رو پس بدهم,returning
آیا می توانم ۱۱ لیتر گوشت برای خرید هفتگی خود رزرو کنم؟,buying
من می خواهم خریدی را که به تازگی انجام داده ام لغو کنم، اذیتم نمی کند.,deleting
به مناسبت هالووین، آیا سفره‌ی تخفیفات پیاز پهن است؟,tracking
کاری که شما میکنید چیست؟,chitchat
همه موارد مورد نیازم را به سبد اضافه کرده ام ، و مراحل بعدی برای تکمیل سفارش را بیان کنید.,finishing
14 عدد روغن زیتون نیاز دارم.,buying
وضعیت سفارش شماره 2041 چیست؟,discount
من یک درخواست برای تغییر ترتیب سال 2016 دارم.,returning
مقدار مرغ را 13 عدد کنید,editting
آیا تخفیفی برای خرید پنیر در روز شنبه وجود دارد؟,tracking
آیا امکان تحویل سفارش شماره 773 در روز شنبه وجود دارد؟,scheduling
از خرید سیب پشیمان شدم، لطفا از سبد خریدم دیلیت کن.,editting
دوستدارم نامت را بدونم,chitchat
من خیلی وقته از شما خرید می کنم میشه به بنده تخفیف برای محصول هویج بدهید؟,tracking
به دلیل تخفیف ویژه ای که دیدم قصد دارم سیب را جایگزین پنیر کنم.,editting
نان رو از سفارشم حذف کن,editting
می‌توانم 8 کیلوگرم از کاهو را برای خرید هفتگی‌ام رزرو کنم؟,buying
کنجکاوم که از مجموعه سیب زمینی شما چه چیزی دارید، می‌توانم 14 لیتر امتحان کنم؟,buying
آیا تخفیفی برای خرید آبمیوه در روز یک شنبه وجود دارد؟,tracking
آیا برای جشن سال نو، جعبه‌ی سورپرایز تخفیفی برای محصول کاهو دارید؟,tracking
سفارش من را تا ساعت 9 ارسال کنید.,scheduling
اشتباه شد، به جای 8 عدد گوشت من 11 عدد می خواستم.,editting
لطفا تعداد نان های سبد خرید من را از 3 به 11 تغییر دهید.,editting
به دلیل خرابی کالا به شماره 1359 سفارش دریافت کرده ام. من می خواهم آن را برگردانم.,returning
لطفا تعداد پنیرهای سبد خرید من را از 13 به 9 تغییر دهید.,editting
می‌توانید بیان کنید که خیار چگونه از نظر فنی از خیار برتری دارد؟,inquiring
اصل بده,chitchat
لطفاً خیار را که در سبد خریدم است با خیار به‌روزرسانی کنید.,editting
من می خواهم خریدی را که به تازگی انجام داده ام حذف کنم، پول کافی ندارم.,deleting
سفارش شماره 1847 را به دلیل کیفیت بسیار پایین کالاهای ارسالی می‌خواهم برگشت بزنم.,returning
می‌خواهم سفارش شماره 1451 که محصول آبمیوه را در تاریخ 1402/8/13 خریداری کردم را پس بفرستم.,returning
کالاهای من را برای ساعت 9 روز پنجشنبه برنامه ریزی کنید.,scheduling
دوست دارم خریدی که تازه کردم را کنسل کنم، توانایی مالی به اندازه کافی ندارم.,deleting
من می خواهم یک دستور غذای جدید را امتحان کنم که به 13 کیلوگرم روغن زیتون نیاز دارد.,buying
آیا می‌ توانید سفارشم را قبل از ساعت 5 روز جمعه تحویل دهید؟,scheduling
سفارشم رو بفرستید برام همین چیزا رو بگید.,finishing
فروش ویژه سیر در سال نو دارید؟,tracking
آیا فروش ویژه ای در سال جدید گوجه فرنگی دارید؟,tracking
من می خواهم سفارش شماره 1381 را برای تحویل در روز سه شنبه ترتیب دهم.,scheduling
لطفا به جای 3 لیتر کره از 12 لیتر کره استفاده کنید,editting
برای خرید بیش از 14 لیتر از سیب، آیا تخفیفی وجود دارد؟,tracking
متأسفانه باید از شما بخواهم که خریدم را دیلیت کنید، زیرا موجودی مالی به اندازه کافی ندارم.,deleting
لطفاً فرایند دیلیت سفارش  1174 را آغاز کنید.,deleting
میشه 8 لیتر کاهو بفرستید؟,editting
لطفا به جای 2 کیلوگرم نان، 1 کیلوگرم پرتقال به من بدهید,editting
کاهوی شما تازه است؟ من 9 عدد میخوام,buying
برنجی که 14 روز پیش خریدم کجاست؟ پس کی ارسال میشه؟,discount
سفارش من کجاست؟,discount
پس چرا سفارشم نمیرسه؟ باید حتما تا سه شنبه به دستم برسونیدش.,discount
لطفاً سفارش شماره 1533 را برای تاریخ 1403/11/1، ساعت 4 آماده کنید.,scheduling
مقدار کالای گوجه فرنگی را از 7 شانه به 13 شانه اصلاح کنید.,editting
لطفاً شیر را که در سبد خریدم قرار دارد با ماهی به‌روزرسانی کنید، چون تازه‌تر است.,editting
سفارش 1747 را در تاریخ 1402/3/9 ارسال کنید.,scheduling
کاهوی سفارشی 1965 که روز سه شنبه خریداری شده نیاز به تعویض دارد.,returning
می‌خواهم گوجه فرنگی که در تاریخ 1402/10/12 خریداری کردم را عودت بدهم.,returning
از خرید پنیر پشیمان شدم، لطفا از سبد خریدم لغو کن.,editting
می خواهم بدانم آیا در کریسمس بر روی گوشت تخفیف می دهید؟,tracking
من میخوام 9 عدد سیب زمینی سفارش بدم,buying
سیر رو موجود دارید؟ ,inquiring
برای کباب کردن به 1 بطری کاهو نیاز دارم,buying
آیا پاستا در حال حاضر در انبار موجود است؟,inquiring
من می خواهم سفارش 1567 را برگردانم,returning
میشه از موجودی و اطلاعات محصول نان مطلع شوم؟,inquiring
من 9 لیتر هویج می خواستم.,buying
لطفاً فرایند پاک سفارش  840 را آغاز کنید.,deleting
پیاز رو اشتباهی به سبد اضافه کردم لطفا حذفش کنید.,editting
خریدم تموم شد,finishing
آیا سفارش شماره 2058 ارسال شده است؟,discount
سفارشم را حذف کنید، 13 روز پیش ثبت نام کردم.,deleting
مقدار کالای سیب را از 10 بطری به 14 بطری اصلاح کنید.,editting
بدلیل بروز خطای ناخواسته به شماره 1698 ثبت گردید. لطفا حذفش کن,deleting
سفارش من را قبل از ساعت 11 روز شنبه تحویل دهید,scheduling
می‌ خواهم سفارشم را تکمیل کنم,finishing
کیفیت کره چجوری هست؟,inquiring
میخواستم قیمت محصولات مقابل رو بدونم: 14 بطری پرتقال و 14 بطری پرتقال,inquiring
آیا تخفیفی برای خرید مرغ در روز چهارشنبه وجود دارد؟,tracking
آیا جعبه سورپرایز محصول پاستا با تخفیف برای هالووین دارید؟,tracking
پس از ثبت سفارش 215 در تاریخ 21/5/1401، کنجکاو هستم که چگونه پیشرفت می کند. آخرین گزارش چیست؟,discount
خرید های من همینا بود ، برایم ارسال کنید.,finishing
می‌خواهم بدانم کره چه امتیازاتی نسبت به کالاهای مشابه دارد.,inquiring
میخواستم بدونم آیا 14 شانه گوشت موجود هست؟,inquiring
لطفا سفارشم را برگردانید من این کالاها را نمی خواهم، این کالاهایی که شما فرستادید خراب بود.,returning
از شما درخواست دارم که سفارش 841 را لغو نمایید، زیرا موجودی مالی به اندازه کافی ندارم.,deleting
آیا می توانم با کد رهگیری 203 زمان تخمینی رسیدن بسته خود را استعلام کنم؟,discount
دوست دارم خریدی که تازه کردم را پاک کنم، به دردم نمیخوره.,deleting
ممنونم، همین موارد رو میخواستم فقط,finishing
ثبت سفارش کن,finishing
خرید های من همینا بود لطفا برایم ارسال کنید.,finishing
آیا امکان تحویل سفارش شماره 1143 در روز چهارشنبه وجود دارد؟,scheduling
من معلم آشپزی هستم، آیا 6 بطری از خیار دارید؟,buying
من قصد دارم سیب زمینی های خریداری شده در تاریخ 1301/05/02 را به دلیل اینکه این محصول را دوست نداشتم برگردانم.,returning
بدلیل بروز خطای ناخواسته به شماره 526 ثبت گردید. لطفا آن را لغو کنید.,deleting
آیا خرید ماهی در روز دوشنبه تخفیف دارد؟,tracking
من میخواهم سفارش شماره 1742 را که 8 روز پیش برای محصول سیب ثبت شده است به دلیل قدیمی بودن و خرابی محصولات برگردانم.,returning
به چه اسمی صدات کنم؟,chitchat
در صورت امکان این لیست اقلام را برای من ارسال کنید,finishing
لطفا سیب زمینی را که به تازگی به سبد اضافه شده با کره جایگزین کنید.,editting
سفارشم به دستم رسید الان، اما به خاطر بسته بندی ارسال بسیار بد بود میخواهم سفارشم رو عوض بزنید,returning
در روزهای اخیر بازار ماکارونی با تخفیف داغ است؟,tracking
لطفا شیر داخل سبد خریدم را با ماهی به روز کنید چون تازه تر است.,editting
آیا می توانید یک شراب خوب توصیه کنید؟ برای یک موقعیت خاص به 13 شانه نیاز دارم.,buying
میخواستم بدونم آیا 10 عدد ماهی رو حاضر دارید برای سفارش؟,inquiring
میزان اجناس هویج را از 9 لیتر به 12 لیتر تغییر دهید.,editting
پیاز رو موجود دارید؟ ,inquiring
متوجه شدم محصول کره مورد نظرم نیست، چگونه می‌توانم آن را مرجوع کنم؟,returning
می‌خواهم بدانم شیر چه امتیازاتی نسبت به کالاهای مشابه دارد.,inquiring
خریدام تمام شد.,finishing
من تخم مرغ می خواستم,buying
من میزبان یک مهمانی بزرگ هستم و به 8 بطری سیر نیاز دارم.,buying
آیا کوپن تخفیفی برای اولین خریدم از کالای سیر دارید؟,tracking
داریم مهمونی داریم برنج میخواستم.,buying
می خواهم روغن زیتونی را که فراموش کرده ام به سبد خرید اضافه کنم.,buying
از خریدی که روز چهارشنبه داشتم پشیمان شدم، پاک کنید.,deleting
خریدم رو عوض بزنید,returning
لطفاً آخرین سفارش من را حذف کنید، موجودی مالی به اندازه کافی ندارم.,deleting
میشه اسمتون رو بگید و خودتون رو معرفی کنید؟,chitchat
مقدار فرآورده های گوجه فرنگی را از 11 به 13 تغییر دهید.,editting
آیا می‌توانم در مورد زمان تقریبی رسیدن بسته‌ام با کد پیگیری 1677 جویا شوم؟,discount
من می خواهم کاهویی را که در سبد خریدم گذاشته ام حذف کنم.,editting
من میزبان یک مهمانی بزرگ هستم و به 8 بطری از سیر نیاز دارم.,buying
سفارش من را پنجشنبه ساعت 10 ارسال کنید.,scheduling
من نیاز به 13 کیلوگرم از پاستا دارم .,buying
آیا می توانید سفارش من را قبل از ساعت 10 شنبه تحویل دهید؟,scheduling
برای خرید نان در این روزها، آیا پیشنهاد ویژه‌ای دارید؟,tracking
از شما می خواهم زمان تحویل سفارش شماره 1907 را برای 17/7/1400 تعیین کنید.,scheduling
بررسی کنید ببینید سفارش 976 کجاست؟,discount
می‌خواهم یک وعده غذایی قورمه سبزی آماده کنم، به 10 شانه از آبمیوه درجه یک نیاز دارم.,buying
لطفا سفارشم رو مرجوع بزنید. به دلیل اشتباه خرید کردم,returning
لطفاً مرغ را که در سبد خریدم قرار دارد با مرغ به‌روزرسانی کنید، چون تازه‌تر است.,editting
انتخاب های خود را انجام داده ام ، چگونه میتوانم انها را ثبت کنم ؟,finishing
من یک معلم آشپزی هستم، آیا شما 7 بطری برنج دارید؟,buying
متأسفانه باید از شما بخواهم که خریدم را لغو کنید، زیرا اندازه اشتباهی انتخاب کردم.,deleting
میشه قیمت تخم مرغ رو بدونم؟,inquiring
من به موارد زیر نیاز دارم: 11 شانه آب میوه.,buying
با سلام، آیا می‌توانید سفارشم را که به تازگی ثبت شده است، کنسل نمایید؟,deleting
به مناسبت سال نو، آیا سفره‌ی تخفیفات سیب زمینی پهن است؟,tracking
اگر میشه این لیست از اجناس رو بفرست به من,finishing
به چه سامی باید صدات کنم؟,chitchat
مرغ مربوط به سفارش شماره 1027 که در روز پنج شنبه خریداری شده، نیاز به تعویض دارد.,returning
ممکن است نام شما را بدانم,chitchat
برای درست کردن سالاد شیرازی 1 عدد شیر میخواستم.,buying
می‌خواهم بدانم که آیا پنیر قابلیت ارتقاء یا توسعه در آینده را دارد؟,inquiring
درخواست عودت سفارش شماره 1529 رو دارم.,returning
میخوام این اقلام رو برام بفرستی,finishing
قصد دارم کاهو را با پنیر جایگزین کنم، لطفاً راهنمایی کنید.,editting
میشه پیگیری کنید ببینید سفارش من دقیقا کجا هست. شماره سفارشم: 1906,discount
برای خرید بیش از 3 بطری از گوجه فرنگی، آیا تخفیفی وجود دارد؟,tracking
می‌خواهم سیب را که فراموش کرده بودم به سبد خریدم اضافه کنم، آیا هنوز ممکن است؟,buying
در روزهای اخیر، آیا بازار تخفیف کره داغ است؟,tracking
آیا می توانید به جای برنج 3 بطری پاستا به من بدهید؟,editting
کنجکاوم که از مجموعه شیر شما چه چیزی دارید، می‌توانم 8 شانه امتحان کنم؟,buying
خرید 7 روز پیش من به دلیل انتخاب نادرست باید لغو شود، لطفا اقدام لازم را انجام دهید.,deleting
آیا می توانید 13 شانه بفرستید؟,editting
لطفا سفارشم را برگردانید حمل و نقل به دلیل بسته بندی بسیار بد بود,returning
لطفاً سفارش شماره 163 را برای تاریخ 1401/5/2، ساعت 1 آماده کنید.,scheduling
خداحافظ,chitchat
به موارد زیر نیاز دارم 12 کیلوگرم از سیب زمینی .,buying
12 کیلوگرم سیب زمینی نیاز دارم.,buying
میشه سفارشم رو مرجوع کنید؟ چون از خریدم پشیمان شدم.,returning
من می خواهم یک دستور غذای جدید را امتحان کنم که به 4 قاشق غذاخوری روغن زیتون نیاز دارد.,buying
آیا می توانید برنجی را که به اشتباه به سبد خرید اضافه شده است بردارید؟,editting
سیب زمینی هاتون ساخت چه کشوری هست؟,inquiring
آیا می توانم سفارش شماره 812 را برای تحویل ساعت 10 صبح رزرو کنم؟,scheduling
می‌خواهم هویج را که فراموش کرده‌ام به سبد خرید اضافه کنم.,buying
لطفاً سفارش من با شماره 291 را حذف کنید.,deleting
من قصد دارم گوجه فرنگی خریداری شده در 1402/8/14 را به دلیل جنس هایی فرستادید خراب بودند برگردانم.,returning
کالای روغن زیتون گارانتی دارد؟,inquiring
وضعیت سفارش شماره 1611 چگونه است؟,discount
میشه 10 کیلو پنیر بفرستید؟,editting
میخواهم شیر را از سفارشم حذف کنم.,editting
من قصد دارم خیار را با روغن زیتون جایگزین کنم، لطفا راهنمایی کنید.,editting
اشتباهی خریدم خیار مورخ 17/7/1403 را میخواهم برگردانم.,returning
می خواستم از مغازه شما لباس بخرم,buying
لطفاً فرایند پاک سفارش  901 را آغاز کنید.,deleting
اشتباه کردم، می‌توانید سفارش 1589 را بردارید؟,deleting
آیا تخفیفی برای خرید نان در روز چهارشنبه وجود دارد؟,tracking
برنج رو از سفارشم دیلیت کن,editting
سفارش 1469 را کنسل کن.,deleting
پشیمان شدم، گوجه فرنگی را از سفارش من لغو کنید,editting
لیست خریدی که گفتم ، برای من ثبت کن,finishing
می‌خواهم بدانم آیا برای برنج در عید تخفیفی ارائه می‌دهید؟,tracking
لطفاً فرایند حذف سفارش  834 را آغاز کنید.,deleting
اسمتون چیه؟,chitchat
فروش ویژه کاهو در تخفیف های زمستانی دارید؟,tracking
خیار هاتون ساخت چه کشوری هست؟,inquiring
شیر چه تفاوت‌هایی با شیر دارد؟,inquiring
میشه به جای خیار 4 برش پنیر بهم بدی؟,editting
من می خواهم پاستا را از سبد خریدم حذف کنم و به جای آن خیار اضافه کنم.,editting
می‌توانید پیاز را که به اشتباه به سبد اضافه شده است بردارید؟,editting
بررسی کنید ببینید سفارش 364 کجاست؟,discount
ثبت سفارش کنید. سفارش من تموم شده است.,finishing
مقدار مرغ رو 13 عدد کنید,editting
11 کیلو کاهو نیاز دارم.,buying
فراموش کردم، لطفا آب میوه را به سبد خرید من اضافه کنید.,buying
سفارش شماره 1553 برای برنج خریداری شده در روز جمعه مطابق انتظار نبود، می خواهم آن را برگردانم.,returning
میخوام سفارشم رو دیلیت کنم,deleting
آیا سفارش شماره 966 که شامل کاهو بود آماده ارسال شده است؟,discount
تخم مرغ را به سبد خرید من اضافه کنید.,buying
آیا در تعطیلات تابستان فروش ویژه سیب دارید؟,tracking
اسمت را به من بگو,chitchat
چگونه می توانم از شما تشکر کنم؟,chitchat
نان را با آبمیوه در سبد خریدم عوض کن.,editting
سبد خریدم کامل است، لطفاً مراحل پرداخت را توضیح دهید.,finishing
آیا امکان دارد سفارش شماره 1500 را در 1401/3/18 تحویل بگیرم؟,scheduling
برای مراسم کریسمس تخفیفی دارید؟,tracking
لطفاً سفارش من با شماره 1848 را دیلیت کنید.,deleting
از شما درخواست دارم که سفارش 1899 را کنسل نمایید، زیرا دیگر به آن احتیاجی ندارم.,deleting
از شما درخواست دارم که سفارش 825 را کنسل نمایید، زیرا از مکان دیگری میخواهم خرید کنم.,deleting
به دلیل یک خطای ناخواسته، سفارشی با شماره  549 ثبت شده است. خواهشمند است آن را لغو فرمایید.,deleting
من اشتباه کردم، می توانید سفارش 54 را تحویل بگیرید؟,deleting
خدا یار و همراه شما,chitchat
کنجکاوم که از مجموعه نان شما چه چیزی دارید، می‌توانم 11 لیتر امتحان کنم؟,buying
من یکی از مشتریان مجموعه شما هستم، می توانید برای خرید روغن زیتون به من تخفیف بدهید؟,tracking
انتخاب های خود را انجام داده ام ، چگونه میتوانم سفارشم را ثبت کنم ؟,finishing
می‌خواهم پنیر خریداری شده با سفارش شماره 1890 در 1401/5/12 را به دلیل اشتباه خرید کردم مرجوع کنم.,returning
4 عدد پنیر میخواستم .,buying
شغلت رو بگو,chitchat
10 شانه از مرغ میخواستم .,buying
لطفا آخرین سفارش من را کنسل کنید، من در جای دیگر قیمت بهتری پیدا کردم.,deleting
من برای کباب کردن نیاز به 1 بطری از کاهو دارم,buying
تمایل دارم از به‌روزرسانی‌های مربوط به مرحله‌ای که سفارش 1578 در آن قرار دارد مطلع شوم. آخرین وضعیت سفارش چیست؟,discount
به مناسبت هالووین، آیا سفره‌ی تخفیفات کاهو پهن است؟,tracking
آیا سفارش شماره 117 ارسال شده است؟,discount
میخواستم سفارشم رو ساعت 4 بفرستید.,scheduling
آیا برای مشتریان دائمی مانند من، تخفیف خاصی برای کره در نظر گرفته‌اید؟,tracking
من می خواهم کره را از سبد خریدم حذف کنم و به جای آن هویج اضافه کنم.,editting
آیا برای مشتریان دائمی مانند من، تخفیف خاصی برای گوجه فرنگی در نظر گرفته‌اید؟,tracking
می‌خواهم کاهو را که در سبد خریدم قرار داده‌ام پاک کنم.,editting
زمان تقریبی تحویل سفارش شماره 2181 را می‌توانید بگویید؟ من 3 روز پیش این سفارشو ثبت کرده بودم,discount
اسمتو بگو,chitchat
لطفاً نان را که در سبد خریدم قرار دارد با روغن زیتون به‌روزرسانی کنید، چون تازه‌تر است.,editting
لطفا مراحل لغو سفارش 1064 را شروع کنید.,deleting
من علاقه مند به برنامه ریزی تحویل سفارش شماره 1947 برای تاریخ 7/3/1402 هستم.,scheduling
سفارش 1931 را در تاریخ 1402/8/21 ارسال کنید.,scheduling
من علاقه مند به برنامه ریزی برای تحویل سفارش شماره 651 برای تاریخ 13/4/1300 هستم.,scheduling
لطفا خیار موجود در سبد خرید من را با پاستا که تازه تر است به روز کنید.,editting
خرید های من همینا بود. برایم ارسال کنید.,finishing
من میزبان یک مهمانی بزرگ هستم و به 8 لیتر از تخم مرغ نیاز دارم.,buying
من می خواهم از حراج هالووین استفاده کنم، آیا برنج شامل تخفیف می شود؟,tracking
از زحمتی که برام کشیدی متشکرم,chitchat
می‌توانید یک شراب خوب پیشنهاد کنید؟ به 13 شانه برای یک مناسبت خاص نیاز دارم.,buying
قصد دارم شیر را به دلیل تخفیف ویژه‌ای که دیدم با پیاز تعویض کنم.,editting
مسئول میان‌وعده‌های مهمانی اداره هستم، به 5 بطری از گوشت میخواستم.,buying
می‌خواهم بدانم سفارش #1780 در کجا در حال انجام است.,discount
آبمیوه 1 شانه رو به سبد خریدم بیافزونید,buying
مقدار شیر رو 5 عدد کنید,editting
ممنون میشم کمک کنید,chitchat
آیا سفارش 1740 در حال حاضر در راه است؟,discount
باید سفارش 504 رو عودت بدهم ,returning
میشه از موجودی و اطلاعات محصول کاهو مطلع شوم؟,inquiring
چه زمانی سفارشم را دریافت خواهم کرد؟,discount
میخواستم یک سری جنس بخرم از مغازه شما,buying
منتظر تحویل سفارش شماره 1153 در اولین ساعت شنبه هستم.,scheduling
من دوباره اومدم,chitchat
انتخاب من تمام شده است. لطفا سفارش من را ارسال کنید,finishing
حال روحی مساعدی دارید؟,chitchat
می‌خواهم زمان تحویل سفارش شماره 2331 را برای 1401/10/3 تنظیم کنید.,scheduling
بررسی کنید ببینید سفارش 988 کجاست؟,discount
سفارشمو بفرست منم همین چیزا رو میخواستم,finishing
من باید سفارش 559 را روز دوشنبه حذف کنم.,deleting
میخواستم بدونم در تعطیلات تابستان برای مرغ تخفیف هم میدین؟,tracking
فروش ویژه سیر در تخفیفات زمستانی دارید؟,tracking
خریدام تموم شد. همین ها را نهایی کنید.,finishing
خواهشمندم، زمان انتظار برای تکمیل تحویل سفارش 2027 چه موقع خواهد بود؟,discount
هلو عزیزم,chitchat
از خرید مرغ پشیمان شدم، لطفا از سبد خریدم دیلیت کن.,editting
من می خواهم خریدی را که انجام داده ام حذف کنم، آدرس را اشتباه وارد کردم.,deleting
ممنونم ، همه موارد رو میخواستم فقط,finishing
کالایی که به دستم رسیده معیوب است، میخواستم که عودت بدهم,returning
آیا تخفیفی برای خرید کره در روز چهارشنبه وجود دارد؟,tracking
آیا پس از 4 بار استفاده باز هم امکان برگشت پاستا وجود دارد؟ من چند روز پیش اجناسم را تحویل گرفتم اما به دلیل نظرم میخواهم برگردانم.,returning
خرید من را حذف کنید,deleting
به دلایلی که می‌آورم، سفارشم را حذف می‌کنم: دیگر به آن نیازی ندارم.,deleting
آیا گوشت در طیف وسیعی از مدل‌ها و طرح‌ها در دسترس است؟,inquiring
من می خواهم شماره سفارش 2053 خود را برگردانم,returning
از شما می خواهم زمان تحویل سفارش شماره 2212 را برای تاریخ 6/6/1403 تعیین کنید.,scheduling
من باید انبارم را با 11 عدد سیب زمینی پر کنم.,buying
من کره اشتباهی خریدم، آیا می توانم آن را به عنوان مرجوعی ثبت کنم؟,returning
دلیل این همه تاخیر چیست؟  وضعیت دقیق آب میوه الان چگونه است؟,discount
سفارشم را لغو کنید، 13 روز پیش ثبت کرده بودم.,deleting
آیا این روزها پیشنهاد ویژه ای برای خرید کاهو دارید؟,tracking
من برای کوچولویم شیرینی می خواستم، سیب زمینی دارید؟,buying
من علاقه‌مند به برنامه‌ریزی تحویل سفارش شماره 998 برای تاریخ 1402/4/28 هستم.,scheduling
مرسی از لطفت,chitchat
آیا سفارش شماره 1192 ارسال شده است؟,discount
من یکی از مشتریان شما هستم، آیا می توانید برای خرید سیب به من تخفیف بدهید؟,tracking
می‌خواهم ماهی را که در سبد خریدم قرار داده‌ام لغو کنم.,editting
برای خرید بیش از 1 عدد از پنیر، آیا تخفیفی وجود دارد؟,tracking
به جای برنج سیب زمینی را در سبد خریدم قرار بده.,editting
اطلاعات بیشتری از شیر هاتون میخوام بدونم.,inquiring
آیا می توانید سفارش من را حذف کنید؟ محصول مورد نظر را در جای دیگری پیدا کردم.,deleting
می‌خواهم روغن زیتون را که فراموش کرده‌ام به سبد خرید اضافه کنم.,buying
تمایل دارم از به‌روزرسانی‌های مربوط به مرحله‌ای که سفارش 668 در آن قرار دارد مطلع شوم. آخرین وضعیت سفارش چیست؟,discount
آیا می‌توانم سفارش شماره 1852 را برای تحویل در ساعت 5 رزرو کنم؟,scheduling
سفارش من را در تاریخ 1400/06/11 ارسال کنید,scheduling
من میزبان یک مهمانی بزرگ هستم و به 7 بطری از پیاز نیاز دارم.,buying
انتخاب هام تموم شده. سفارشم را ارسال کنید لطفا.,finishing
سفارش شماره 1825 را در 1403/4/14 ثبت کردم، وضعیت آن چگونه است؟,discount
آیا می توانید سفارش من را لغو کنید؟ برام مهم نیست,deleting
وضعیت سفارش شماره 2041 چگونه است؟,discount
سلام تو کی هستی,chitchat
خرید من تمام شد لطفا اینها را نهایی کنید.,finishing
پودر لباسشویی ام تموم شده، آبمیوه برام بفرستید,buying
سفارشم را حذف کنید، 5 روز پیش ثبت کرده بودم.,deleting
برای تهیه سالاد شیرازی 9 عدد خیار می خواستم.,buying
آیا می توانید سفارش من را تغییر دهید؟ زیرا کیفیت کالای ارسالی بسیار پایین است,returning
می‌خواهم اطلاعاتی در مورد ترکیبات و مواد استفاده شده در تخم مرغ بدانم.,inquiring
میشه زمان تقریبی تحویل سفارش شماره 409 رو بگید؟ من این سفارش را 14 روز پیش ثبت کردم,discount
می‌خواهم از حراج هالووین استفاده کنم، آیا مرغ هم شامل تخفیف می‌ شود؟,tracking
از شما ممنونم,chitchat
می خواستم خریدم را برگردانم و روند بازپرداخت سفارشم را شروع کنم.,returning
در روزهای اخیر بازار تخفیف کره داغ است؟,tracking
من معلم آشپزی هستم، آیا شما 3 عدد هویج دارید؟,buying
شنیدم بهترین سیر شهر رو داری، لطفا 13 شونه برام بذار.,buying
سفارشم به دستم رسید الان، اما به خاطر جنس هایی فرستادید خراب بودند میخواهم سفارشم رو برگشت بزنید,returning
برای سیر در عید تخفیفی ارائه می دهید؟,tracking
خرید من را با شماره رهگیری 953 پیگیری کنید.,discount
برای مهمانی لطفا سفارش شماره 521 را تا تاریخ 19/10/1400 تحویل بگیرید.,scheduling
سفارشم رو روز چهارشنبه ساعت 7 ارسال کنید.,scheduling
میخواستم بدونم آیا 3 بطری کاهو موجود هست؟,inquiring
می‌خواهم پنیر که در تاریخ 1402/4/28 خریداری کردم را مرجوع کنم.,returning
آیا سفارش 1983 در حال حاضر در راه است؟,discount
با سلام، آیا می‌توانید سفارشم را که به تازگی ثبت شده است، لغو نمایید؟,deleting
من کنجکاو هستم که از مجموعه تخم مرغ خود چه چیزی دارید، آیا می توانم 7 بطری را امتحان کنم؟,buying
میشه پیگیری کنید ببینید سفارش من دقیقا کجا هست. شماره سفارشم: 1296,discount
میخواستم خریدم ساعت 11 فرستاده بشود.,scheduling
لطفا سفارش من را برگردونید. من این کالاها کیفیت بسیار پایین کالاهای ارسالی رو نمیخوام.,returning
می‌خواهم نان را که در سبد خریدم قرار داده‌ام دیلیت کنم.,editting
هلو,chitchat
من یه سفارش داشتم,buying
آیا شماره سفارش 1697 ارسال شده است؟,discount
لطفا سفارش شماره 2240 را برای تاریخ 1400/6/12 تهیه نمایید.,scheduling
سفارشمو ساعت 5 بفرستید.,scheduling
آیا برنامه ای برای فروش ماهی در این فصل دارید؟,tracking
لطفا 5 شانه پیاز به من بدهید.,buying
لیست خریدی که گفتم رو برای ما ثبت کن,finishing
من می خواهم سفارش شماره 1499 را که 6 روز پیش برای فرآورده گوشتی ثبت شده است برگردانم، زیرا بسته بندی ارسال بسیار بد بود.,returning
من مشتاقم بدانم آیا سفارش 394 ارسال شده است یا خیر.,discount
از شما درخواست دارم که سفارشم را پاک نمایید، زیرا تغییرات برنامه‌ریزی داشتم.,deleting
منتظر تحویل سفارش شماره 1563 در اولین ساعت یک شنبه هستم.,scheduling
میخواستم که خریدم را تعویض کنم کنم و روند بازپرداخت سفارشم را شروع کنم.,returning
من علاقه مند به برنامه ریزی برای تحویل سفارش شماره 1165 برای تاریخ 26/11/1403 هستم.,scheduling
آیا می توانید وضعیت فعلی سفارش شماره 2076 را توضیح دهید؟,discount
آیا مرغ شما تازه است؟ من 13 کیلوگرم می خواهم.,buying
به جای 8 بطری سیب زمینی لطفا 1 بطری سیب زمینی بکنیدش,editting
برنج که 14 روز پیش خریدم الان کجاست؟ پس کی ارسال میشه؟,discount
خرید 4 روز پیش من به دلیل انتخاب نادرست باید لغو شود، لطفا اقدام لازم را انجام دهید.,deleting
من به گوشت محلی علاقه دارم، آیا می توانم 5 لیتر از آنها را داشته باشم؟,buying
خریدام تموم شده لطفا همین ها را نهایی کنید.,finishing
خرید من را لغو کنید,deleting
من باید سفارش 427 را روز دوشنبه حذف کنید.,deleting
لطفاً سفارش شماره 1155 را برای تاریخ 1403/8/1 آماده کنید.,scheduling
تخم مرغ خریداری شده در 9 ام معیوب است و می خواهم آن را برگردانم.,returning
لطفا سفارشم را برگردانید من این کالاها را نمی خواهم، کیفیت کالاهای ارسالی بسیار پایین است.,returning
آیا این روزها پیشنهاد ویژه ای برای خرید برنج دارید؟,tracking
سفارش من را دوشنبه ساعت 8 ارسال کنید.,scheduling
می‌خواهم ماهی که در تاریخ 1400/10/27 خریداری کردم را پس بدهم.,returning
همه موارد مورد نیازم را به سبد اضافه کرده ام ، لطفا مراحل لازم برای تکمیل سفارش را بیان کنید.,finishing
من می خواهم مقداری از کره، 12 کیلوگرم را انتخاب کنم.,buying
مرغ میخواستم .,buying
پس از ثبت سفارش 57 در 1400/6/22، کنجکاوم که پیشرفت آن چگونه است. آخرین گزارش چیست؟,discount
من کنجکاو هستم که از مجموعه نان خود چه چیزی دارید، آیا می توانم 11L را امتحان کنم؟,buying
بدلیل بروز خطای ناخواسته به شماره 811 ثبت گردید. لطفا آن را لغو کنید.,deleting
نیاز دارم سفارش 427 که روز دوشنبه را دیلیت کنید.,deleting
آیا می‌توانید وضعیت کنونی سفارش با شماره 2076 را روشن سازید؟,discount
با سلام، آیا می‌توانید سفارشم را که به تازگی ثبت شده است، حذف نمایید؟,deleting
می‌خواهم بدانم سفارش شماره 2093 در کدام مرحله از فرآیند قرار دارد.,discount
سفارش من را قبل از ساعت 8 روز سه شنبه تحویل دهید,scheduling
سفارش 1355 را لغو کن.,deleting
آیا امکان پس دادن سیب با سفارش شماره 1330 پس از 12 استفاده هنوز وجود دارد؟,returning
آیا جعبه سورپرایز تخفیفی برای محصولات خیار برای هالووین دارید؟,tracking
از شما می خواهم این موارد را برای من ارسال کنید,finishing
چیزی که به اطلاع رساندم را ثبت سفارش و ارسال کن.,finishing
به مناسبت سال نو، آیا سفره‌ی تخفیفات کاهو پهن است؟,tracking
سفارش شماره 697 را به دلیل اشتباه خرید کردم می‌خواهم تعویض کنم.,returning
نیاز دارم انبار آشپزخانه‌ام را با 11 عدد از سیب زمینی پر کنم.,buying
میشه به جای خیار بهم گوجه فرنگی بدی؟,editting
برای پنیر در کریسمس تخفیفی ارائه می دهید؟,tracking
به مناسبت سال نو، آیا سفره‌ی تخفیفات گوجه فرنگی پهن است؟,tracking
اصل لطفا,chitchat
من مشتاقم تا دریابم آیا سفارش 37 ارسال شده است.,discount
باید سفارش 848 رو پس بدهم ,returning
قبل از تکمیل سفارش، می خواهم گوشت را از سبد خرید خود لغو کنم.,editting
قصد دارم هویج مربوط به سفارش شماره 1145 را که در تاریخ 1403/5/14 خریداری شده است برگردانم.,returning
در روزهای اخیر، آیا بازار تخفیف سیب زمینی داغ است؟,tracking
آیا کاهو شما تازه است؟ من 9 عدد می خواهم.,buying
آیا می‌توانم سیب زمینی را که پیش‌تر در سبد گذاشته‌ام با ماهی تعویض کنم؟,editting
میشه از تخم مرغ 14 لیتر بفرستی؟,editting
فروش ویژه شیر در کریسمس دارید؟,tracking
به جای 4 شانه شیر لطفا 9 شانه تخم مرغ بهم بده,editting
لطفاً فرایند پاک سفارش  2093 را آغاز کنید.,deleting
می‌توانید سفارشم را لغو کنید؟ اشتباه ثبت کردم.,deleting
درخواست حذف سفارش شماره 1228 دارم چون میخوام از جای دیگه خرید کنم.,deleting
میشه به جای سیب بهم 10 شانه کاهو بدی؟,editting
مقدار کالای گوجه فرنگی را از 11 عدد به 13 عدد اصلاح کنید.,editting
من به گوشت محلی علاقه‌ مندم، می‌توانم 5 لیتر از آن‌ها را بگیرم؟,buying
برای مراسم سال نو تخفیفی دارید؟,tracking
پشیمانم لطفا سفارشم را حذف کنید,deleting
آبمیوه ای که 7 روز پیش خریدم الان کجاست؟ پس کی ارسال میشه؟,discount
بررسی کنید ببینید سفارش 2308 کجاست؟,discount
میشه بهم تخفیف بدی,tracking
هویج دارای تاییدیه‌ های بین‌المللی مانند SQF است؟,inquiring
میشه قیمت پنیر رو بدونم؟,inquiring
پنیر را از سبد خریدم لغو کن,editting
می‌خواهم اطلاعاتی در مورد فلسفه تولید و زنجیره تامین سیب به دست آورم.,inquiring
به موارد زیر نیاز دارم 8 عدد از مرغ .,buying
میل شدیدی به پاستا دارم لطفاً 8 عدد برای من بفرستید .,buying
چند وقتی است خبری از سفارشم نیست، پس کجاست؟,discount
آیا می‌توانم سفارش شماره 812 را برای تحویل در ساعت 10 رزرو کنم؟,scheduling
اشتباه بود به جای 8 تکه گوشت 11 عدد می خواستم.,editting
می‌خواهم از حراج کریسمس استفاده کنم، آیا سیب هم شامل تخفیف می‌ شود؟,tracking
وضعیت سفارش شماره 644 چیست؟,discount
آیا می‌توانید وضعیت کنونی سفارش با شماره 276 را روشن سازید؟,discount
گوجه هایی که در تاریخ 12/10/1402 خریدم را میخواهم برگردانم.,returning
آیا شماره سفارش 1659 ارسال شده است؟,discount
برنج میخواستم .,buying
درخواست حذف سفارش با شماره  1228 را دارم، چرا که از مکان دیگری میخواهم خرید کنم.,deleting
آیا کوپن تخفیفی برای اولین خریدم از کالای شیر دارید؟,tracking
کیفیت هویج چجوری هست؟,inquiring
بدلیل بروز خطای ناخواسته به شماره 882 ثبت گردید. لطفا حذفش کن,deleting
من به دنبال گزینه های گیاهی هستم، به خصوص مرغ 12 لیتری,buying
من می خواهم از مزایده کریسمس استفاده کنم، آیا سیب شامل تخفیف می شود؟,tracking
آیا خرید بالای 11 کیلوگرم گوشت تخفیف دارد؟,tracking
میشه خریدم رو روز سه شنبه تا ساعت 4 بفرستید؟,scheduling
قبل از تکمیل سفارش، می خواهم نان را از سبد خریدم حذف کنم.,editting
برای مهمانی لطفا سفارش شماره 1540 را تا تاریخ 1/11/1400 تحویل دهید.,scheduling
از خرید سیب پشیمانم، لطفا آن را از سبد خریدم حذف کنید.,editting
آیا برای جشن عید، جعبه‌ی سورپرایز تخفیفی برای محصول گوشت دارید؟,tracking
درخواست لغو سفارش با شماره  650 را دارم، چرا که اشتباه ثبت کردم.,deleting
سفارشم رو روز یک شنبه ساعت 7 ارسال کنید.,scheduling
آیا پاستا در راستای پایداری و مسئولیت‌های اجتماعی شرکت تولید کننده طراحی شده است؟,inquiring
من به سیب، به ویژه 8 عدد نیاز دارم.,buying
مرغ چه ویژگی‌هایی دارد و آیا برای نداشتن مواد مضر غیر طبیعی مناسب است؟,inquiring
لطفا آخرین سفارش من را حذف کنید، من تغییراتی در برنامه داشتم.,deleting
من می خواهم سفارش شماره 1453 را که 6 روز پیش برای محصول روغن زیتون ثبت شده است برگردانم زیرا تاریخ مصرف محصول به پایان رسیده است.,returning
محصولی که دریافت کردم معیوب است، می خواستم آن را برگردانم,returning
آیا خرید بالای 14 لیتر سیب تخفیف دارد؟,tracking
فروش ویژه آبمیوه در عید دارید؟,tracking
سلام، امروز چطوری؟,chitchat
کی سفارشم به دستم میرسه؟,discount
من الان سفارشمو گرفتم ولی به خاطر اقلامی که ارسال کردید خراب شد. از شما می خواهم سفارش من را تغییر دهید,returning
پشیمانم، پاستا را از سفارش من لغو کنید,editting
سفارش من برای سه شنبه بفرستید چون من دیگر در خانه نیستم.,scheduling
من می خواستم 9 بطری سیب بخرم,buying
من برای کوچولویم غذا می خواستم، ماکارونی دارید؟,buying
من به دنبال پیشنهادات ویژه برای پرتقال هستم، آیا چیزی برای ارائه دارید؟,tracking
من می‌خواهم کره را به صورت عمده خریداری کنم، آیا قیمت بهتری پیشنهاد می‌کنید؟,tracking
قصد دارم آبمیوه را به دلیل تخفیف ویژه‌ای که دیدم با نان تعویض کنم.,editting
آیا می‌توانم هویج را که پیش‌تر در سبد گذاشته‌ام با پنیر تعویض کنم؟,editting
درخواست تعویض سفارش 1228 رو دارم .,returning
سیب زمینی های خریداری شده مورخ 10/6/1402 را به دلیل مغایرت محصولات ارسالی با سفارشی که داشتم می خواهم برگردانم.,returning
می‌خواهم یک وعده غذایی قورمه سبزی آماده کنم، به 7 عدد از گوجه فرنگی درجه یک نیاز دارم.,buying
آیا برای مشتریان دائمی مثل من تخفیف ویژه ای برای پنیر دارید؟,tracking
آیا کره با استانداردهای FSSC مطابقت دارد و آیا برای مصارف چربی 0 درصد داشتن تایید شده است؟,inquiring
سفارشم را دیلیت کنید، 10 روز پیش ثبت کرده بودم.,deleting
آیا می توانم هویج هایی را که قبلاً در سبد گذاشته بودم با پنیر جایگزین کنم؟,editting
بچه های من جوجه شما را دوست دارند، آیا می توانید 14 را از من بگذرانید؟,buying
آیا می توانم گوشتی را که 4 روز پیش خریده ام برگردانم؟,returning
آیا سفارش شماره 425 ارسال شده است؟,discount
من می‌خواهم سیب را به صورت عمده خریداری کنم، آیا قیمت بهتری پیشنهاد می‌کنید؟,tracking
فروش ویژه آب میوه در عید دارید؟,tracking
میخواستم که خریدم را برگردانم کنم و روند بازپرداخت سفارشم را شروع کنم.,returning
آیا شیر برای افرادی با شرایط خاص مانند طبیعی بودن و بدون داشتن مواد شیمیایی مناسب است؟,inquiring
میخواستم بدونم سفارشی که دادم تا شنبه به دستم میرسه یا نه؟,discount
من باید سفارش 1451 را برگردانم,returning
آیا امکان تحویل سفارش شماره 612 در روز چهارشنبه وجود دارد؟,scheduling
آیا می توانید برای من 14 قطعه ماهی سفارش دهید؟,buying
می‌خواهم زمان تحویل سفارش شماره 2212 را برای 1403/6/6 تنظیم کنید.,scheduling
می‌توانید توضیح دهید که چگونه پاستا می‌تواند به بهبود رژیمی بودن و مخصوص ورزشکاران کمک کند؟,inquiring
سفارش خودتون رو ثبت کن,finishing
به مناسبت تخفیف های زمستانی، آیا جدول تخفیف های ماهی پهن است؟,tracking
شاد و شاداب هستید؟,chitchat
آیا شماره سفارش 2058 ارسال شده است؟,discount
من یکی از مشتریان شما هستم، برای خرید خیار به من تخفیف بدهید؟,tracking
وقتت بخیر,chitchat
آیا می توانید وضعیت فعلی سفارش شماره 2041 را توضیح دهید؟,discount
سلام، حال روحی مساعدی دارید؟,chitchat
آیا می توانم در مورد زمان تخمینی رسیدن بسته خود با کد رهگیری 1803 استعلام بگیرم؟,discount
دلیل اینهمه تاخیر چیه؟  سیبمن الان دقیقا در چه وضعیتی است؟,discount
لطفا ماهی در سبد خرید من را با تخم مرغ به روز کنید.,editting
آیا امکان پس دادن گوجه فرنگی با سفارش شماره 39 پس از 13 استفاده هنوز وجود دارد؟,returning
پودر لباسشوییم تموم شده برام گوجه بفرست,buying
سوالاتی راجع به کالای گوشت دارم.,inquiring
خستهت کردم دستت درد نکنه,chitchat
من الان سفارشم رو دریافت کردم ولی با توجه به اتمام تاریخ انقضای محصولات از شما میخوام که سفارشم رو پس بدید,returning
آیا امکان تحویل سفارش شماره 773 در روز یک شنبه وجود دارد؟,scheduling
اجناسی که به اطلاع میرسد را ثبت سفارش و ارسال کن.,finishing
شما می توانید سفارش 452 را پیگیری کنید.,discount
مرغ را از سبد خریدم پاک کن,editting
خرید 2 روز پیش من به دلیل انتخاب نادرست باید حذف شود لطفا اقدام لازم را انجام دهید.,deleting
آیا می توانید خرید من را چهارشنبه تا ساعت 9 ارسال کنید؟,scheduling
به جای سیر پنیر را در سبد خریدم قرار بده.,editting
همه موارد مورد نیازم را به سبد اضافه کرده ام ، لطفا نکات بعدی برای تکمیل سفارش را بیان کنید.,finishing
متوجه شدم محصول سیب زمینی آن چیزی نیست که من می خواهم، چگونه می توانم آن را برگردانم؟,returning
من یکی از مشتریان مجموعه شما هستم، برای خرید کره به من تخفیف بدهید؟,tracking
آیا سیب در رنگ‌های دیگری نیز موجود است؟,inquiring
من میزبان یک مهمانی بزرگ هستم و به 5 کیلوگرم هویج نیاز دارم.,buying
من به دنبال گزینه‌های گیاه‌خواری هستم، به ویژه 4 عدد از برنج,buying
آیا می توانید 1 شانه پرتقال را بسته بندی کنید و برای من بفرستید؟,buying
آیا سفارش 272 برای ارسال آماده شده است، یا هنوز در مرحله پیش‌ارسال معطل مانده است؟,discount
خرید من تمام شد لطفا آن را نهایی کنید و قیمت کل را به من بگویید.,finishing
پاستا مربوط به سفارش شماره 1039 که در روز سه شنبه خریداری شده، نیاز به تعویض دارد.,returning
می‌توانید بیان کنید که تخم مرغ چگونه از نظر فنی از تخم مرغ برتری دارد؟,inquiring
آیا برای مشتریان دائمی مانند من، تخفیف خاصی برای پرتقال در نظر گرفته‌اید؟,tracking
میشه سفارش 993 را پیگیری کنید.,discount
آیا شما شاد و سرحال هستید؟,chitchat
گوجه فرنگی که 9 روز پیش تحویل گرفته‌ام، نیاز به تعویض دارد و دوست داشتم که برای من آن ها را مرجوع بدهید.,returning
من باید سفارش 205 را در روز یکشنبه لغو کنم.,deleting
دوست دارم خریدی که تازه کردم را حذف کنم، جای دیگری قیمت بهتری پیدا کردم.,deleting
از خریدی که در روز سه شنبه انجام دادم پشیمانم، آن را لغو کنید.,deleting
من مرغ میخواستم,buying
لطفا سفارش من را برگردونید. من این کالاها جنس هایی فرستادید خراب بودند رو نمیخوام.,returning
اقلامم را جمع کن,finishing
من به خیار، به ویژه 3 کیلوگرم نیاز دارم.,buying
به جای 12 عدد سیب لطفا 10 عدد سیب بکنیدش,editting
آیا سیب زمینی شما تازه است؟ من 11 بطری می خواهم.,buying
آیا می توانید خرید من را در روز سه شنبه تا ساعت 11 ارسال کنید؟,scheduling
دستور پخت من نیاز به 11 لیتر از پنیر دارد، آیا موجود است؟,buying
می‌خواستم کاهو را به سبد خریدم اضافه کنم، اما به نظر می‌رسد در لیست نیست لطفا اضافه کنید اون رو.,buying
من می‌خواهم اسموتی درست کنم و به 5 شانه از ماهی مخلوط نیاز دارم.,buying
پشیمون شدم سیر رو از سفارشم لغو کن,editting
در روزهای اخیر بازار تخفیف سیب زمینی داغ است؟,tracking
من قصد دارم گوجه فرنگی را با شیر جایگزین کنم، لطفا راهنمایی کنید.,editting
خودتان را معرفی کنید,chitchat
سفارش من را ساعت 1 ارسال کنید.,scheduling
میشه قیمت برنج رو بدونم؟,inquiring
کالاهای من را برای ساعت 4 روز پنجشنبه برنامه ریزی کنید.,scheduling
شنیدم بهترین ماهی شهر رو داری لطفا 7 لیتر برام بذار.,buying
من می خواهم گوشت را از سفارشم حذف کنم.,editting
سفارش من را برای دوشنبه ارسال کنید زیرا من دیگر در خانه نیستم.,scheduling
لطفا سفارش شماره 1155 را برای تاریخ 1/8/1403 تهیه نمایید.,scheduling
من این هفته فقط دوشنبه خونه هستم، لطفا سفارشم را در آن زمان ارسال کنید.,scheduling
می‌خواهم اطلاعاتی در مورد فلسفه تولید و زنجیره تامین سیب زمینی به دست آورم.,inquiring
من تصادفاً با شماره 366 سفارش دادم. لطفاً آن را حذف کنید.,deleting
سفارش من را تا ساعت 7 ارسال کنید.,scheduling
میشه سفارشم رو برگشت کنید؟ چون دوست نداشتم این محصول رو,returning
سفارش شماره 572 من باید لغو شود زیرا آدرس را اشتباه وارد کردم.,deleting
آیا می توانم پرتقال هایی را که 5 روز پیش خریده ام پس بدهم؟,returning
سلام و عرض ادب,chitchat
از شما می خواهم زمان تحویل سفارش شماره 1950 را برای 8/12/1400 تعیین کنید.,scheduling
من می خواهم یک دستور جدید را امتحان کنم که 2 پرتقال می خواهد.,buying
آیا شماره سفارش 1445 ارسال شده است؟,discount
من می‌خواهم پیاز را به صورت عمده خریداری کنم، آیا قیمت بهتری پیشنهاد می‌کنید؟,tracking
میشه به جای ماهی بهم گوشت بدی؟,editting
لطفاً پرتقال را که در سبد خریدم قرار دارد با نان به‌روزرسانی کنید، چون تازه‌تر است.,editting
تازگی‌ها چه خبر؟,chitchat
خوبی؟,chitchat
سفارش من را تا ساعت 4 ارسال کنید.,scheduling
آیا خرید کره در روز چهارشنبه تخفیف دارد؟,tracking
من مسئول تنقلات مهمانی دفتر هستم، 10 کیلو پیاز می خواستم.,buying
فروش ویژه کاهو در تخفیفات زمستانی دارید؟,tracking
آیا می توانید سفارش شماره 1953 را ساعت 4 تحویل دهید؟,scheduling
سفارشم را برای روز یک شنبه ارسال کنید چون وقت دیگر خونه نیستم.,scheduling
من مسئول تنقلات مهمانی شرکت هستم، 5 بطری گوشت می خواستم.,buying
می‌خواهم بدانم سفارش #306 در کجا در حال انجام است.,discount
زمان تقریبی تحویل سفارش شماره 1243 را می‌توانید بگویید؟ من 2 روز پیش این سفارشو ثبت کرده بودم,discount
دوباره اومدم,chitchat
سفارشم کجاست؟,discount
آیا خیار حاوی موادی است که ممکن است باعث حساسیت در افراد با شرایط طبیعی بودن و بدون داشتن مواد شیمیایی  شود؟,inquiring
آیا پرتقال برای افرادی با شرایط خاص مانند رژیمی بودن و مخصوص ورزشکاران مناسب است؟,inquiring
به مناسبت هالووین، آیا سفره‌ی تخفیفات پرتقال پهن است؟,tracking
من رژیم دارم و به 7 لیتر شیر کم چرب نیاز دارم.,buying
میشه خریدم رو روز پنج شنبه تا ساعت 3 بفرستید؟,scheduling
من یک معلم آشپزی هستم، آیا شما 6 بطری خیار دارید؟,buying
میشه به جای برنج بهم 3 بطری پاستا بدی؟,editting
اشتباه کردم، می‌توانید سفارش 1316 را بردارید؟,deleting
آیا می توانم 5 بطری روغن زیتون داشته باشم؟,buying
آیا می توانید سفارش شماره 817 را در 7 تحویل دهید؟,scheduling
آیا سیر در حال حاضر در انبار موجود است؟,inquiring
لطفاً سفارش شماره 2240 را برای تاریخ 1400/6/12 آماده کنید.,scheduling
درخواست برگشت سفارش 1075 رو دارم .,returning
سفارش من را لغو کنید، من آن را 13 روز پیش ثبت کردم.,deleting
میشه به جای خیار بهم 4 شانه پنیر بدی؟,editting
سفارش شماره 1084 برای نان که 13 روز پیش تحویل گرفته‌ام، می‌خواهم مرجوعی ثبت کنم.,returning
میشه زمان تقریبی تحویل سفارش شماره 487 رو بگید؟ من این سفارش را 6 روز پیش ثبت کردم,discount
برنج که 11 روز پیش خریدم الان کجاست؟ پس کی ارسال میشه؟,discount
میخواستم سفارشم رو ساعت 7 بفرستید.,scheduling
موارد من را ثبت کنید,finishing
یا برای خرید عمده تخفیف دارید؟ من به 12 شانه ماهی علاقه مند هستم.,buying
من با شما خداحافظی می کنم,chitchat
خوبید شما؟,chitchat
کالای ارسالی بسیار آسیب دیده است لطفا مرجوع کنید,returning
لطفا سفارش شماره 408 من را حذف کنید.,deleting
لطفاً فرآیند حذف سفارش 101 را شروع کنید.,deleting
می‌خواهم مرغ را که در سبد خریدم قرار داده‌ام به دلیل تغییر نظرم پاک کنم.,editting
برای گوجه فرنگی در عید تخفیفی ارائه می دهید؟,tracking
سیب زمینی چه ویژگی‌هایی دارد و آیا برای طبیعی بودن و بدون داشتن مواد شیمیایی مناسب است؟,inquiring
برای خرید بیش از 11 شانه از آبمیوه، آیا تخفیفی وجود دارد؟,tracking
می‌خواهم از قیمت روز سیر مطلع شوم، آیا می‌ توانید کمک کنید؟,inquiring
می‌خواهم بدانم سفارش شماره 715 کی به دستم می‌رسد.,discount
می‌خواهم شیر را که فراموش کرده بودم به سبد خریدم اضافه کنم، آیا هنوز ممکن است؟,buying
می‌خواهم بدانم که آیا پیاز قابلیت ارتقاء یا توسعه در آینده را دارد؟,inquiring
شاد و سلامت هستید؟,chitchat
آیا می توانید وضعیت فعلی سفارش شماره 1353 را توضیح دهید؟,discount
من باید سفارش 60 را چهارشنبه حذف کنم.,deleting
سبد خریدم کامل است ، میتوانید مراحل پرداخت را توضیح دهید.,finishing
لطفا مراحل حذف سفارش 1534 را شروع کنید.,deleting
لطفاً تعداد پنیر در سبد خریدم را از 13 به 9 تغییر دهید.,editting
می‌خواهم از قیمت روز گوشت مطلع شوم، آیا می‌ توانید کمک کنید؟,inquiring
لطفاً سفارش من با شماره 1654 را لغو کنید.,deleting
قبل از تکمیل سفارش، می‌خواهم نان را از سبد خریدم حذف کنم.,editting
سفارشمو ساعت 1 بفرستید.,scheduling
من می خواهم ماه را که در تاریخ 29/2/1403 خریده ام برگردانم.,returning
تمامی اقلام مورد نظرم را خریداری کردهام.,finishing
حذف سفارش شماره 402,deleting
من رو به مرحله پرداخت ببرید چون خریدهایی که داشتم تموم شد.,finishing
آیا می توانید هویج را از سفارش من لغو کنید؟,editting
آیا سفارش شماره 207 که شامل گوجه فرنگی بود آماده ارسال است؟,discount
می‌خواهم خیار را که در سبد خریدم قرار داده‌ام به دلیل تغییر نظرم کنسل کنم.,editting
می‌خواهم درک عمیق‌تری از خصوصیات بارز و منحصر به فرد گوجه فرنگی کسب کنم.,inquiring
در روزهای اخیر، آیا بازار تخفیف پاستا داغ است؟,tracking
اشتباه بود به جای 2 لیتر شیر 9 لیتر می خواستم.,editting
من خیلی وقته از شما خرید می کنم میشه به بنده تخفیف برای محصول روغن زیتون بدهید؟,tracking
به دلیل تخفیف ویژه ای که دیدم قصد دارم برنج را با هویج جایگزین کنم.,editting
 بچه‌های من روغن زیتون شما را دوست دارند، می‌توانید 6 کیلوگرم برای من کنار بگذارید؟,buying
من میخوام از مزایده عید استفاده کنم، آیا گوجه فرنگی شامل تخفیف می شود؟,tracking
با تشکر,chitchat
آیا می توانید وضعیت فعلی سفارش شماره 805 را توضیح دهید؟,discount
آیا سفارش شماره 2115 که شامل تخم مرغ است آماده ارسال است؟,discount
من میخوام کاهو 12 لیتری سفارش بدم,buying
دوست دارم خریدی که تازه کردم را حذف کنم، توانایی مالی به اندازه کافی ندارم.,deleting
سفارشم را قبل از ساعت 8 روز سه شنبه تحویل دهید ,scheduling
از خرید کره پشیمان شدم، لطفا از سبد خریدم پاک کن.,editting
عصر بخیر,chitchat
پاستا را از سفارش من حذف کنید,editting
بای بای,chitchat
من منتظر تحویل سفارش شماره 562 در اولین ساعت روز شنبه هستم.,scheduling
قصد دارم گوجه فرنگی را با شیر جایگزین کنم، لطفاً راهنمایی کنید.,editting
من می خواهم خرید خود را لغو کنم زیرا اندازه را اشتباه انتخاب کردم.,deleting
آیا سفارش شماره 834 ارسال شده است؟,discount
من می خواهم سفارش شماره 882 خود را برگردانم,returning
به دلیل کیفیت بسیار پایین کالای ارسالی میخواهم سفارش شماره 1847 را برگردانم.,returning
می‌خواهم سفارش شماره 1192 را برای تحویل در روز دوشنبه تنظیم کنم.,scheduling
من منتظر تحویل سفارش شماره 1567 در اولین ساعت یک شنبه هستم.,scheduling
من قصد دارم ماهی مربوط به سفارش شماره 178 را که در 1400/6/28 خریداری شده را مرجوعی ثبت کنم.,returning
لطفا شماره سفارش من 1936 را حذف کنید.,deleting
آیا برنامه ای برای فروش سیب زمینی در این فصل دارید؟,tracking
موجودی گوشت هاتون چقدر است؟,inquiring
فروش ویژه سیر در سال جدید دارید؟,tracking
من فقط یک شنبه این هفته در خانه هستم، لطفا سفارش من را ارسال کنید.,scheduling
برای مواردی که انتخاب کرده ام سفارش دهید,finishing
آیا امکان دارد پیاز را که پیش‌تر انتخاب کرده‌ام با هویج تعویض کنم؟,editting
آیا خرید بالای 9 شانه از کره تخفیف دارد؟,tracking
سیب زمینی را به اشتباه خریداری کرده‌ام، آیا می‌توانم آن را عودت بدهم؟,returning
آبمیوه را با گوشت در سبد خریدم عوض کن.,editting
خریدام همین بود. سفارشم رو ثبت کن.,finishing
اطلاعات بیشتری از روغن زیتون هاتون میخوام بدونم.,inquiring
چطور هستید؟,chitchat
متأسفانه باید از شما بخواهم که خریدم را لغو کنید، زیرا آدرس اشتباهی وارد کردم.,deleting
دوست دارم خریدی که تازه کردم را پاک کنم، محصول مورد نظر را در جای دیگری یافتم.,deleting
لطفاً هویج را که در سبد خریدم قرار دارد با سیب به‌روزرسانی کنید، چون تازه‌تر است.,editting
من برای کوچولویم غذا می خواستم، پنیر داری؟,buying
کیفیت مرغ چجوری هست؟,inquiring
ثبت سفارش :,finishing
میخواستم بدونم سفارشی که ثبت کردم تا جمعه به دستم میرسه یا نه؟,discount
به مناسبت تخفیف های زمستانی سفره تخفیف برنج پهن است؟,tracking
گوجه فرنگی را از سفارش من لغو کنید,editting
من گوجه فرنگی اشتباه خریدم، آیا می توانم آن را برگردانم؟,returning
من 10 تا سیب زمینی می خواستم.,buying
لغو سفارش شماره 1850,deleting
من می خواهم سفارش شماره 1451 را که محصول آب میوه را در تاریخ 13/8/1402 خریده ام برگردانم.,returning
سلام، احوال شریفتان چطور است؟,chitchat
نیاز دارم سفارش 559 که روز دوشنبه را حذف کنید.,deleting
اقلامم را ارسال کردم.,finishing
سفارشم را لغو کنید، 2 روز پیش ثبت کرده بودم.,deleting
میزان مواد شیمیایی که در روغن زیتون به کار رفته چقدر است؟,inquiring
می‌خواهم پاستا را از سبد خریدم پاک کنم و به جای آن خیار اضافه نمایم.,editting
مقدار پرتقال رو 13 کیلوگرم کنید,editting
برای گوجه فرنگی عید تخفیف میدین؟,tracking
آیا برای مشتریان دائمی مانند من، تخفیف خاصی برای خیار در نظر گرفته‌اید؟,tracking
من قصد دارم سفارش مربوط به سفارش شماره 345 را که در تاریخ 1402/5/18 خریداری شده است برگردانم.,returning
پشیمونم پیاز رو از سفارشم حذف کن,editting
شماره سفارش 1841 را که محصول پنیر را در تاریخ 12/4/1401 خریده ام می خواهم برگردانم.,returning
در سبد خریدم پرتقال را با سیب زمینی عوض کنید.,editting
بدلیل بروز خطای ناخواسته به شماره 1151 ثبت گردید. لطفا آن را لغو کنید.,deleting
من مشتاقم بدانم آیا سفارش 2137 ارسال شده است یا خیر.,discount
برای بچه کوچیکم مقداری خوراکی می خواستم، سیب زمینی دارید؟,buying
من معلم آشپزی هستم، آیا 7 بطری از برنج دارید؟,buying
من رو به مرحله بعدی ببرید چون خریدهایی که داشتم تموم شد.,finishing
سلام چطوری شریف؟,chitchat
پس چرا سفارشم نمیرسه؟ باید حتما تا جمعه به دستم برسونیدش.,discount
می‌توانید یک شراب خوب پیشنهاد کنید؟ به 5 لیتر برای یک مناسبت خاص نیاز دارم.,buying
من می خواهم شیر را از سفارشم حذف کنم.,editting
پیاز را اشتباه به سبد خریدم افزودم لطفا دیلیت کنید.,editting
پنیر را اشتباه به سبد خریدم افزودم لطفا دیلیت کنید.,editting
من علاقه‌مند به برنامه‌ریزی تحویل سفارش شماره 386 برای تاریخ 1401/2/9 هستم.,scheduling
درخواست لغو سفارش با شماره 650 دارم چون اشتباه وارد کردم.,deleting
بررسی کنید ببینید سفارش 92 کجاست؟,discount
من به 2 کیلو خیار علاقه دارم.,buying
آیا میتوانی اسمت رو به من بگویی و یا حتی خودت را معرفی بکنی؟,chitchat
میل شدیدی به مرغ دارم لطفاً 14 شانه برای من بفرستید .,buying
می‌توانید ماهی را که به اشتباه به سبد اضافه شده است بردارید؟,editting
آیا می توانید سفارش شماره 1230 را ساعت 11 تحویل دهید؟,scheduling
آیا می توانید پنیر را از سفارش من حذف کنید؟,editting
"به دلیل تاریخ مصرف محصولات گذشته بود, می‌خواهم شیر خریداری شده مورخ 1401/4/11 را برگشت بزنم.",returning
بعد از ثبت سفارش 2304 در تاریخ 1401/12/23 کنجکاو هستم که ببینم چگونه پیشرفت می کند. آخرین گزارش چیست؟,discount
من علاقه مند به برنامه ریزی برای تحویل سفارش شماره 1230 برای تاریخ 5/9/1403 هستم.,scheduling
آیا شما خوشحال هستید؟,chitchat
لطفا هویج را در سبد خرید من با سیب به روز کنید زیرا تازه تر است.,editting
کره که 2 روز پیش خریدم الان کجاست؟ پس کی ارسال میشه؟,discount
سفارشم به دستم رسید الان، اما به خاطر محصولات قدیمی و خراب و داغون هستند میخواهم سفارشم رو مرجوع بزنید,returning
می‌خواهم درک عمیق‌تری از خصوصیات بارز و منحصر به فرد ماهی کسب کنم.,inquiring
مقدار محصول گوجه فرنگی را از 14 لیتر به 1 لیتر تغییر بدهید.,editting
من به 11 لیتر سیب نیاز دارم.,buying
سفارشم را برای روز شنبه ارسال کنید چون وقت دیگر خونه نیستم.,scheduling
سفارش 2100 را لغو کن.,deleting
لطفا مرغ را در سبد خرید من با تخم مرغ به روز کنید زیرا تازه تر هستند.,editting
برای مشتریان همیشگی مثل من برای گوجه فرنگی تخفیف ویژه ای دارید؟,tracking
منتظر تحویل سفارش شماره 2269 در اولین ساعت سه شنبه هستم.,scheduling
می‌خواهم بدانم آیا برای سیب زمینی در سال نو تخفیفی ارائه می‌دهید؟,tracking
می‌خواهم از حراج هالووین استفاده کنم، آیا روغن زیتون هم شامل تخفیف می‌ شود؟,tracking
شیر را از سبد خرید من لغو کنید,editting
گوشت خریداری شده در تاریخ 1303/01/19 را به دلیل اتمام تاریخ مصرف کالای ارسالی برگردانم.,returning
آیا می‌توانید وضعیت کنونی سفارش با شماره 2041 را روشن سازید؟,discount
من از خریدی که روز دوشنبه انجام دادم پشیمانم، آن را لغو کنید.,deleting
کالای هویج گارانتی دارد؟,inquiring
متوجه شدم محصول کره ای آن چیزی نیست که من می خواهم، چگونه می توانم آن را برگردانم؟,returning
من می خواهم سفارشم را با شماره 1194 برگردانم,returning
سفارشم را در تاریخ 1400/11/6 بفرستید,scheduling
کاهو را از سبد خریدم دیلیت کن,editting
میشه اسمشو بگی,chitchat
پشیمون شدم کاهو رو از سفارشم حذف کن,editting
میشه این اجناسی که گفتم رو برای من آماده کنی و بفرستی,finishing
گوجه فرنگی رو از سفارشم کنسل کن,editting
آیا سفارش 895 برای ارسال آماده شده است، یا هنوز در مرحله پیش‌ارسال معطل مانده است؟,discount
موفق و پیروز باشید,chitchat
آیا برای جشن سال نو تخفیف دارید؟,tracking
خستهت کردم خداحافظ,chitchat
اصل میدی؟,chitchat
آیا خرید کاهو در روز یکشنبه تخفیف دارد؟,tracking
به دلیل یک خطای ناخواسته، سفارشی با شماره  1696 ثبت شده است. خواهشمند است آن را پاک فرمایید.,deleting
لطفاً تعداد کاهو در سبد خریدم را از 6 به 8 تغییر دهید.,editting
میشه قیمت شیر رو بدونم؟,inquiring
با توجه به اتمام تاریخ انقضای کالای ارسالی تصمیم به برگشت سفارش شماره 405 دارم.,returning
می‌خواهم بدانم سفارش شماره 791 در کدام مرحله از فرآیند قرار دارد.,discount
از خریدی که روز سه شنبه داشتم پشیمان شدم، کنسل کنید.,deleting
آیا می توانید یک شراب خوب توصیه کنید؟ برای یک موقعیت خاص به 5 لیتر نیاز دارم.,buying
برای بودجه‌ بندی، نیاز به دانستن قیمت دقیق تخم مرغ دارم.,inquiring
آبمیوه خریداری شده در تاریخ 1302/07/13 را به دلیل اینکه کالا آسیب دیده رسیده است را پس می گیرم.,returning
مچکرم ازت زحمتت دادم,chitchat
آیا تخفیفی برای خرید سیب در روز شنبه وجود دارد؟,tracking
کالاهای من را برای ساعت 1 روز دوشنبه برنامه ریزی کنید.,scheduling
می‌خواهم از قیمت روز سیب زمینی مطلع شوم، آیا می‌ توانید کمک کنید؟,inquiring
سپاس,chitchat
آیا می توانید پنیری را که به اشتباه به سبد اضافه شده است بردارید؟,editting
از شما درخواست دارم که سفارش 2174 را پاک نمایید، زیرا محصول مورد نظر را در جای دیگری یافتم.,deleting
خدافظی میکنم ازت,chitchat
به جای گوشت، خیار را در سبد خرید من قرار دهید.,editting
می‌خواهم اطلاعاتی در مورد ترکیبات و مواد استفاده شده در سیب بدانم.,inquiring
برای مهمانی لطفا سفارش شماره 1411 را در تاریخ 1403/3/14 تحویل دهید.,scheduling
من اشتباه کردم، می توانید سفارش 1512 را تحویل بگیرید؟,deleting
می خوام این کالاهارو.,finishing
به طور تصادفی یک سفارش با شماره 2208 ثبت کردم. لطفاً آن را پاک کنید.,deleting
آیا امکان دریافت سفارش شماره 2290 در تاریخ 23/7/1402 وجود دارد؟,scheduling
لطفاً روند حذف سفارش 1824 را شروع کنید.,deleting
آیا پس از 3 بار استفاده باز هم امکان برگشت نان با شماره سفارش 1639 وجود دارد؟,returning
به دنبال آگاهی در مورد وضعیت فعلی سفارش با شناسه 2185 هستم.,discount
اقلام من را بفرست,finishing
اگر میشه یه لیست از اجناس رو بفرست برای من,finishing
من علاقه‌مند به برنامه‌ریزی تحویل سفارش شماره 1986 برای تاریخ 1403/2/8 هستم.,scheduling
پشیمون شدم پاستا رو از سفارشم لغو کن,editting
آیا سفارش 2206 در حال حاضر در راه است؟,discount
قصد دارم سیب را با پاستا جایگزین کنم، لطفاً راهنمایی کنید.,editting
خدا حافظ,chitchat
لطفاً سفارش شماره 665 را برای تاریخ 1403/6/26 آماده کنید.,scheduling
من را به مرحله پرداخت ببرید چون خریدهایی که داشتم تموم شد.,finishing
ثبت سفارش کنید. سفارش من ثبت شده است.,finishing
من معلم آشپزی هستم، شما 13 نان دارید؟,buying
پس چرا سفارشم نمیرسه؟ باید حتما تا پنج شنبه به دستم برسونیدش.,discount
در سبد خریدم نان را با آب میوه عوض کن.,editting
می خواهم بدانم سفارش شماره 2093 در کجا در حال انجام است.,discount
روزت بخیر,chitchat
آیا می توانید برای من کیلوگرم 2 از هویج را بسته بندی کنید و برای من بفرستید؟,buying
آیا می توانید 1 لیتر تخم مرغ بفرستید؟,editting
آیا می توانید یک شراب خوب توصیه کنید؟ برای یک موقعیت خاص به 10 لیتر نیاز دارم.,buying
چطور هستید,chitchat
خوب هستید؟,chitchat
برای خرید بیش از 3 شانه از تخم مرغ، آیا تخفیفی وجود دارد؟,tracking
یا تخفیفی برای خرید عمده دارید؟ به 1 لیتر از تخم مرغ علاقه‌مندم.,buying
به مناسبت هالووین سفره تخفیف پیاز پهن است؟,tracking
سفارش شماره 623 را به دلیل بسته بندی ارسال بسیار بد بود می‌خواهم عودت بدهم.,returning
لطفاً تخم مرغ را که در سبد خریدم قرار دارد با مرغ به‌روزرسانی کنید، چون تازه‌تر است.,editting
میشه سفارش 239 را پیگیری کنید.,discount
لطفا سفارش من رو تا روز چهارشنبه ارسال کنید.,scheduling
گوجه های خریداری شده در تاریخ 1402/8/14 را به دلیل خراب بودن انواعی که ارسال کردید برمی گردم.,returning
سفارش شماره 513 برای کره که در سه شنبه خریداری شده بود، مطابق انتظار نبود، می‌خواهم مرجوعی ثبت کنم.,returning
من قصد دارم برنج را با ماهی جایگزین کنم لطفا راهنمایی کنید.,editting
پس چرا سفارشم نمیرسه؟ باید حتما تا دوشنبه به دستم برسونیدش.,discount
بدلیل بروز خطای ناخواسته به شماره 2034 ثبت گردید. لطفا حذفش کن,deleting
برای جشنی که قراره برگزار کنیم باید حتما سفارشم روز سه شنبه ارسال بشود.,scheduling
من قصد دارم سفارش خود را لغو کنم، به دلایل زیر: تغییرات برنامه داشتم.,deleting
من درخواست تغییر سفارش 218 را دارم.,returning
منتظر تحویل سفارش شماره 252 در اولین ساعت جمعه هستم.,scheduling
آیا سفارش شماره 1445 ارسال شده است؟,discount
برای تهیه سالاد شیرازی 7 عدد شانه هویج می خواستم.,buying
سفارشم رو روز سه شنبه ساعت 3 ارسال کنید.,scheduling
من می خواهم به روز رسانی در مورد وضعیت سفارش 1339 دریافت کنم. آخرین وضعیت سفارش چگونه است؟,discount
درود,chitchat
من قصد دارم سیب را با ماکارونی جایگزین کنم، لطفا راهنمایی کنید.,editting
من در تاریخ 1403/04/14 به شماره 1825 ثبت کردم، وضعیت آن چگونه است؟,discount
میخواهم برنج را از سفارشم کنسل کنم.,editting
جعبه سورپرایز تخفیف دار برای محصول هویج برای جشن سال نو دارید؟,tracking
خدمتتون درود میفرستم,chitchat
خیار را با نان در سبد خریدم عوض کن.,editting
من به دنبال گزینه‌های گیاه‌خواری هستم، به ویژه 5 بطری از خیار,buying
می‌توانید سیر را که در حال حاضر نیازی به آن ندارم از سبد خریدم بردارید؟,editting
من برنج می خواستم,buying
دوست دارم خریدی که تازه کردم را کنسل کنم، به دردم نمیخوره.,deleting
تشکر میکنم ازت,chitchat
نیاز دارم سفارش 2050 که روز پنج شنبه را پاک کنید.,deleting
من می خواهم گوشت موجود در سبد خریدم را حذف کنم.,editting
صبح بخیر,chitchat
سفارش من را در تاریخ 1400/02/21 ارسال کنید,scheduling
آیا می توانید سفارش شماره 442 را ساعت 3 تحویل دهید؟,scheduling
به طور تصادفی یک سفارش با شماره 1922 ثبت کردم. لطفاً آن را پاک کنید.,deleting
کالایی که به دستم رسیده معیوب است، میخواستم که پس بدهم,returning
لطفا سفارش من رو تا روز دوشنبه ارسال کنید.,scheduling
من قصد دارم آبمیوه خریداری شده در 1402/7/13 را به دلیل کالاها آسیب دیده به دست بنده رسیده است مرجوع کنم.,returning
من می خواهم سفارش شماره 949 خود را برگردانم,returning
من برای کباب کردن نیاز به 8 کیلوگرم از پرتقال دارم,buying
لطفا سفارش شماره 291 من را حذف کنید.,deleting
من برای کوچولویم شیرینی می خواستم، پرتقال دارید؟,buying
بررسی کنید تا ببینید سفارش 1873 کجاست؟,discount
می‌توانید بگویید تخم مرغ از کدام کشور وارد می‌شود؟,inquiring
سفارش من را ثبت کنید,finishing
آیا امکان دارد سفارش شماره 2294 را در 1400/5/26 تحویل بگیرم؟,scheduling
انشاالله سلامت باشید,chitchat
آیا می توانید به جای خیار به من گوجه فرنگی بدهید؟,editting
تمامی اقلام مورد نیاز را انتخاب کردهام.,finishing
من میخواهم سیر را به صورت عمده بخرم قیمت بهتری پیشنهاد میکنید؟,tracking
چجوریه؟ روغن زیتون,inquiring
آیا شماره سفارش 1811 ارسال شده است؟,discount
بررسی کنید تا ببینید سفارش 976 کجاست؟,discount
آیا فروش ویژه سیر در تخفیف های زمستانی دارید؟,tracking
لطفاً سفارش شماره 690 را برای تاریخ 1403/3/10 آماده کنید.,scheduling
قصد دارم سیب را به دلیل تخفیف ویژه‌ای که دیدم با کاهو تعویض کنم.,editting
من 10 بطری مرغ می خواستم.,buying
پس از ثبت سفارش 294 در 1402/10/14، کنجکاوم که پیشرفت آن چگونه است. آخرین گزارش چیست؟,discount
من درخواست برگشت سفارش 1075 را دارم.,returning
سفارش من را حذف کنید، من آن را 9 روز پیش ثبت کردم.,deleting
من می خواهم سفارش 2228 را برگردانم,returning
من می خواهم به روز رسانی در مورد وضعیت سفارش 1825 دریافت کنم. آخرین وضعیت سفارش چگونه است؟,discount
آیا می توانید مرغی را که در حال حاضر به آن نیاز ندارم از سبد خریدم حذف کنید؟,editting
لطفاً نانی که به تازگی به سبد اضافه شده است را با شیر جایگزین کنید.,editting
می‌خواهم سفارش شماره 428 که محصول گوشت را در تاریخ 1401/11/24 خریداری کردم را بازگردانم.,returning
من میخوام سوپ سبزیجات درست کنم، به 1 عدد گوجه فرنگی درجه یک نیاز دارم.,buying
می‌توانید سفارش شماره 161 را در ساعت 9 تحویل دهید؟,scheduling
آیا تخفیفی برای خرید ماهی در روز دوشنبه وجود دارد؟,tracking
آیا تخفیفی برای خرید مرغ در روز یک شنبه وجود دارد؟,tracking
خدا یار و نگهدار,chitchat
لطفا سفارش شماره 2272 را برای تاریخ 21/6/1402 ساعت 11 صبح تهیه نمایید.,scheduling
آیا امکان دارد نان را که پیش‌تر انتخاب کرده‌ام با نان تعویض کنم؟,editting
آیا می‌توانم آبمیوه را که پیش‌تر در سبد گذاشته‌ام با روغن زیتون تعویض کنم؟,editting
لطفا سفارش شماره 1533 را برای تاریخ 1403/11/1 ساعت 4 تهیه نمایید.,scheduling
مقدار گوجه فرنگی را از 7 شانه به 13 شانه تغییر دهید.,editting
میخواستم سفارشم رو ساعت 5 بفرستید.,scheduling
اشتباه کردم، می‌توانید سفارش 1679 را بردارید؟,deleting
سلام، کمک میخواستم,chitchat
سفارشم را ثبت کنید,finishing
من 7 تکه ماهی می خواستم.,buying
من می خواهم از تخفیف تعطیلات تابستانی استفاده کنم، آیا شیر شامل تخفیف می شود؟,tracking
میشه به جای پرتقال بهم 7 کیلوگرم مرغ بدی؟,editting
لطفا مراحل حذف سفارش 1174 را شروع کنید.,deleting
پشیمانم، پرتقال را از سفارشم حذف کن,editting
میخواهم سفارشم با شماره 2279 رو تعویض کنم,returning
آیا امکان پس دادن نان با سفارش شماره 1639 پس از 3 استفاده هنوز وجود دارد؟,returning
من 13 کیلو پاستا نیاز دارم.,buying
به جای گوشت خیار را در سبد خریدم قرار بده.,editting
من می خواهم سفارش خود را حذف کنم,deleting
می‌خواهم بدانم سفارش شماره 1267 کی به دستم می‌رسد.,discount
سفارش 1075 را لغو کن.,deleting
می‌خواهم یک وعده غذایی قورمه سبزی آماده کنم، به 13 شانه از شیر درجه یک نیاز دارم.,buying
محصول هویج را از سفارش من لغو کنید,editting
آیا میتوانی نامت رو به من بگویی؟,chitchat
برای خرید بیش از 14 بطری از گوشت، آیا تخفیفی وجود دارد؟,tracking
به جای 12 بطری سیب زمینی لطفا 12 بطری برنج بدهید.,editting
قصد دارم خیار را با خیار جایگزین کنم، لطفاً راهنمایی کنید.,editting
به طور تصادفی یک سفارش با شماره 366 ثبت کردم. لطفاً آن را پاک کنید.,deleting
فروش ویژه سیب در تعطیلات تابستانی دارید؟,tracking
انشاالله سلامت باشی,chitchat
من اشتباه کردم می توانید سفارش 2222 را تحویل بگیرید؟,deleting
من به روغن زیتون محلی علاقه‌ مندم، می‌توانم 14 شانه از آن‌ها را بگیرم؟,buying
آیا می توان کره ای را که قبلا انتخاب کردم با سیب جایگزین کرد؟,editting
لطفاً سفارش من با شماره 1936 را دیلیت کنید.,deleting
وضعیت سفارش شماره 1417 چیست؟,discount
اجناس ارسال شده خیلی آسیب دیده لطفا تعویض کنید,returning
مچکرم از لطفتون,chitchat
چیکارا میتوانی کنی,chitchat
میشه این اجناسی که گفتم رو برای من اماده کنی و.,finishing
میشه از کره 7 کیلوگرم بفرستی؟,editting
می‌خواهم درک عمیق‌تری از خصوصیات بارز و منحصر به فرد پنیر کسب کنم.,inquiring
قصد دارم مرغ مربوط به سفارش شماره 425 را که در تاریخ 1400/10/5 خریداری شده است برگردانم.,returning
مقدار محصول پنیر را از 2 لیتر به 7 لیتر تغییر دهید.,editting
من به دنبال پیشنهادات ویژه برای پرتقال هستم، آیا پیشنهادی دارید؟,tracking
سفارش من را پیگیری کنید,discount
من می خواهم مقداری کره 12 کیلوگرمی انتخاب کنم.,buying
خواهشمندم، زمان انتظار برای تکمیل تحویل سفارش 812 چه موقع خواهد بود؟,discount
من مشتاقم تا دریابم آیا سفارش 748 ارسال شده است.,discount
هویج برام بفرستید .,buying
من می خواستم کاهو را به سبد خریدم اضافه کنم، اما به نظر نمی رسد در لیست قرار گیرد، لطفا آن را اضافه کنید.,buying
آیا می توانید سیری را که در حال حاضر به آن نیاز ندارم از سبد خریدم حذف کنید؟,editting
پشیمان شدم لطفا سفارشم را لغو کن,deleting
میشه پیگیری کنید ببینید سفارش من دقیقا کجا هست. شماره سفارشم: 272,discount
خدانگهدار,chitchat
چه خبر؟ همه چی خوب پیش میره؟,chitchat
پس از ثبت سفارش 270 در تاریخ 1401/6/17، کنجکاو هستم که چگونه پیشرفت می کند. آخرین گزارش چیست؟,discount
میخواستم بدونم سفارشی که دادم تا سه شنبه به دستم میرسه یا نه؟,discount
من تصادفا با شماره 2208 سفارش دادم لطفا حذفش کنید.,deleting
آیا می توانید برای من شانه 8 از سیب را بسته بندی کنید و برای من بفرستید؟,buying
میشه به جای تخم مرغ 10 عدد شیر بهم بدی؟,editting
سفارش 841 را پاک کن.,deleting
من از مشتری های مجموعه شما هستم میشه برای خرید سیب زمینی به من تخفیف بدهید؟,tracking
قیمت سیر در حال حاضر چقدر است؟,inquiring
بعد از ثبت سفارش 57 در تاریخ 22/6/1400 کنجکاو هستم که چگونه پیشرفت می کند. آخرین گزارش چیست؟,discount
من می خواهم از تخفیف تعطیلات تابستانی استفاده کنم، آیا پنیر شامل تخفیف می شود؟,tracking
همه موارد مورد نیازم را در سبد اضافه کرده ام ، لطفا مراحل بعدی برای تکمیل سفارش را بیان کنید.,finishing
آیا سفارش 1983 در حال حاضر در مسیر مقصد قرار دارد؟,discount
فراموش کردم، لطفا سیب زمینی را به سبد خرید من اضافه کنید.,buying
به دلیل تخفیف ویژه ای که دیدم قصد دارم کاهو را با سیب جایگزین کنم.,editting
من قصد دارم سفارشم را پاک کنم، به خاطر دلایلی که می گم: دیگر به آن احتیاجی ندارم.,deleting
لطفاً تعداد سیب زمینی در سبد خریدم را از 10 به 4 تغییر دهید.,editting
من اشتباه کردم می توانید سفارش 263 را تحویل بگیرید؟,deleting
من به دنبال پیشنهادهای ویژه برای سیب هستم، آیا پیشنهادی دارید؟,tracking
قیمت کره نسبت به کره چگونه است؟,inquiring
من به آبمیوه، به ویژه 14 لیتر نیاز دارم.,buying
سیب 9 بطری میخواستم بخرم,buying
می تونم اسم شما را بدونم,chitchat
آیا سفارش شماره 1697 ارسال شده است؟,discount
من علاقه مند به برنامه ریزی تحویل سفارش شماره 1986 برای تاریخ 8/2/1403 هستم.,scheduling
من نیاز به 14 عدد از روغن زیتون دارم .,buying
مقدار محصول پنیر را از 2 لیتر به 7 لیتر تغییر بدهید.,editting
اخیرا چه خبر؟,chitchat
میخواستم خریدم ساعت 9 ارسال بشه.,scheduling
می‌خواهم از حراج تعطیلات تابستانی استفاده کنم، آیا پنیر هم شامل تخفیف می‌ شود؟,tracking
من به دنبال پیشنهادات ویژه برای سیر هستم، آیا پیشنهادی دارید؟,tracking
سفارش من با شماره 572 باید پاک شود، چون آدرس اشتباهی وارد کردم.,deleting
ممنونم ازت دمت گرم,chitchat
من می خواهم خریدی را که انجام دادم حذف کنم، اذیتم نمی کند.,deleting
اقلامی که انتخاب کرده ام را برایم ثبت نام کن,finishing
لطفا سفارش من را جایگزین کنید از خریدم پشیمان شدم,returning
برای خرید پاستا در این روزها، آیا پیشنهاد ویژه‌ای دارید؟,tracking
میخواستم بدونم آیا 14 لیتر مرغ موجود هست؟,inquiring
آیا می توانید خرید من را پنجشنبه تا ساعت 3 ارسال کنید؟,scheduling
هویج رو اشتباهی به سبد اضافه کردم لطفا حذفش کنید.,editting
من کنجکاو هستم که از مجموعه تخم مرغ خود چه چیزی دارید، آیا می توانم 10L را امتحان کنم؟,buying
زحمت کشیدی,chitchat
میخواستم درخواست بازپرداخت سفارشم را بکنم چون تاریخ مصرف کالای ارسالی گذشته است,returning
منتظر تحویل سفارش شماره 1567 در اولین ساعت یک شنبه هستم.,scheduling
برای تهیه سالاد شیرازی 2 عدد سیب زمینی می خواستم.,buying
می‌خواهم از حراج هالووین استفاده کنم، آیا برنج هم شامل تخفیف می‌ شود؟,tracking
قصد دارم سیب را با برنج جایگزین کنم، لطفاً راهنمایی کنید.,editting
لطفاً سفارش من با شماره 408 را دیلیت کنید.,deleting
میل شدیدی به مرغ دارم، لطفاً 10 بطری برای من بسته‌بندی کنید. و بفرستید,buying
از شما تقاضا دارم سفارش 1068 را حذف کنید زیرا از خرید پشیمان هستم.,deleting
شنیده‌ام بهترین ماهی شهر را دارید، لطفاً 7 لیتر برای من بگذارید.,buying
آیا برنامه ای برای فروش آب میوه خاص در این فصل دارید؟,tracking
می‌خواهم آبمیوه را از سبد خریدم کنسل کنم و به جای آن کاهو اضافه نمایم.,editting
پاستا رو از سفارشم حذف کن,editting
من خیلی وقته از شما خرید می کنم میشه به بنده تخفیف برای محصول آبمیوه بدهید؟,tracking
پنیر را به اشتباه خریداری کرده‌ام، آیا می‌توانم آن را عودت بدهم؟,returning
موجودی سیب هاتون چقدر است؟,inquiring
آیا می توانید برای 7 شانه آب میوه سفارش دهید؟,buying
شما چه کار انحام میدی؟ ,chitchat
میخوام سفارشم رو لغو کنم,deleting
خسته نباشی لذت بردم از کار باهات,chitchat
آیا می توانید خرید من را دوشنبه تا ساعت 9 ارسال کنید؟,scheduling
از شما می خواهم زمان تحویل سفارش شماره 1475 را برای 9/4/1402 تعیین کنید.,scheduling
من می خواهم خریدی را که به تازگی انجام داده ام حذف کنم، محصول مورد نظر را در جای دیگری پیدا کردم.,deleting
من به تخم مرغ نیاز دارم مخصوصا 11 لیتر.,buying
آیا می توانم هویج را که قبلاً در سبد گذاشته بودم با خیار جایگزین کنم؟,editting
پنیر رو موجود دارید؟ ,inquiring
اشتباه شد، به جای 7 لیتر هویج من 10 لیتر می خواستم.,editting
سلامی دوباره خدمت تو,chitchat
سفارش شماره 340 که 13 روز پیش برای محصول تخم مرغ ثبت شده بود را می‌خواهم پس بفرستم چون نظرم عوض شد.,returning
سفارشمو ساعت 11 بفرستید .,scheduling
آیا می توانید وضعیت فعلی سفارش شماره 1788 را توضیح دهید؟,discount
من این هفته فقط جمعه خونه هستم، لطفا سفارشم را در آن زمان ارسال کنید.,scheduling
قصد دارم نان را به دلیل تخفیف ویژه‌ای که دیدم با گوشت تعویض کنم.,editting
آیا می‌توانید وضعیت کنونی سفارش با شماره 1859 را روشن سازید؟,discount
خیلی لطف کردی,chitchat
ارسال سفارش 1931 در تاریخ 21/8/1402.,scheduling
پشیمون شدم پرتقال رو از سفارشم حذف کن,editting
من اشتباه کردم می توانید سفارش 1022 را تحویل بگیرید؟,deleting
برای درست کردن سالاد شیرازی 5 بطری هویج میخواستم.,buying
قبل از تکمیل سفارش، می‌خواهم مرغ را به دلیل تغییر قیمت از سبد خریدم حذف کنم.,editting
برای مهمانی که قرار است جشن بگیریم، سفارش من باید روز سه شنبه ارسال شود.,scheduling
سفارش من را قبل از ساعت 11 روز پنجشنبه تحویل دهید,scheduling
آیا می توانید سفارش من را لغو کنید؟ من جای دیگه قیمت بهتری پیدا کردم,deleting
آیا می توانید سفارش من را قبل از ساعت 10 روز پنجشنبه تحویل دهید؟,scheduling
می‌خواهم بدانم آیا برای پرتقال در سال نو تخفیفی ارائه می‌دهید؟,tracking
قبل از تکمیل سفارش، می‌خواهم سیب را به دلیل تغییر قیمت از سبد خریدم حذف کنم.,editting
آیا روغن زیتون در حال حاضر در انبار موجود است؟,inquiring
من خیلی وقته از شما خرید می کنم میشه به بنده تخفیف برای محصول نان بدهید؟,tracking
پشیمانم، خیار را از سفارش من لغو کنید,editting
کره که 9 روز پیش تحویل گرفته‌ام، نیاز به تعویض دارد و دوست داشتم که برای من آن ها را عودت بدهید.,returning
من قصد دارم سفارشم را پاک کنم، به خاطر دلایلی که می گم: توانایی مالی به اندازه کافی ندارم.,deleting
آیا در سال جدید برای نان تخفیف می دهید؟,tracking
لطفا زمان انتظار برای تکمیل تحویل سفارش 720 کی خواهد بود؟,discount
میشه سفارشم رو برگشت کنید؟ چون کیفیت بسیار پایین کالاهای ارسالی,returning
لطفاً فرایند دیلیت سفارش  1534 را آغاز کنید.,deleting
سبد خریدم کامل است ، لطفا مراحل خرید را توضیح دهید.,finishing
کالایی که به دستم رسیده معیوب است، میخواستم که برگردانم,returning
برای بودجه‌ بندی، نیاز به دانستن قیمت دقیق هویج دارم.,inquiring
من می‌خواهم یک دستور پخت جدید را امتحان کنم که به 4 عدد از هویج نیاز دارد.,buying
پودر لباسشویی ام تموم شده، سیب برام بفرستید,buying
آیا می توانید سفارش من را لغو کنید؟ اشتباه ثبت نام کردم,deleting
می توانید پیگیری کنید تا ببینید سفارش من دقیقا کجاست. شماره سفارش من: 830,discount
برای مراسم تعطیلات تابستانی تخفیفی دارید؟,tracking
من قصد دارم سفارشم را لغو کنم، به دلایلی که می‌آورم: پول کافی ندارم.,deleting
متأسفانه باید از شما بخواهم که خریدم را حذف کنید، زیرا محصول مورد نظر را در جای دیگری یافتم.,deleting
نوبت من است که شام ​​بپزم، به 3 لیتر شیر زیر نیاز دارم,buying
می‌خواهم کره را از سبد خریدم کنسل کنم و به جای آن هویج اضافه نمایم.,editting
شب مهمونی داریم، آبمیوه میخواستم.,buying
سلام، چطور مطوری؟,chitchat
لطفاً روند حذف سفارش 834 را شروع کنید.,deleting
