text,label
سفارش شماره 524 را به اشتباه خریداری کرده‌ام، چگونه می‌توانم آن را مرجوعی ثبت کنم؟,returning
یک سفارش داشتم,buying
پس چرا سفارشم نمیرسه؟ باید حتما تا پنج شنبه به دستم برسونیدش.,tracking
به دنبال آگاهی در مورد وضعیت فعلی سفارش با شناسه 1049 هستم.,tracking
سفارش شماره 758 که 1 روز پیش برای محصول رب ثبت شده بود را می‌خواهم پس بفرستم چون محصولات ارسالی با سفارشی که داشتم مغایرت داره.,returning
خدانگهدار,chitchat
من رو به یک آدم وصل کن,customer-service
برای مهمانی، لطفاً سفارش شماره 1508 را در 1401/6/10 تحویل دهید.,scheduling
متوجه شدم محصول ماهی مورد نظرم نیست، چگونه می‌توانم آن را مرجوع کنم؟,returning
به طور تصادفی یک سفارش با شماره 538 ثبت کردم. لطفاً آن را دیلیت کنید.,deleting
به جای 13 کیلوگرم تخم مرغ لطفا 14 کیلوگرم ماست بهم بده,editting
می‌توانید سفارش شماره 1360 را در ساعت 7 تحویل دهید؟,scheduling
آیا سفارش شماره 677 در مسیر ارسال است؟,tracking
مرغ 9 بسته میخوام ثبت سفارش کنم,buying
من به سیب زمینی محلی علاقه‌ مندم، می‌توانم 8 لیتر از آن‌ها را بگیرم؟,buying
چقدر طول میکشه تا دیگر نتوانم سفارشم را بازگشت بزنم؟,inquiring
حالتان خوب است؟,chitchat
سفارشم را ثبت کنید,finishing
آیا 12 شانه از سیب دارید ؟,buying
لطفا سفارش من را برگردونید. من این کالاها کالاها رو اشتباهی ارسال کردید رو نمیخوام.,returning
می‌خواهم روغن سرخ کردنی را به دلیل تغییر در برنامه غذایی‌ام از سبد خرید دیلیت کنم.,editting
درخواست مرجوع سفارش شماره 59 رو دارم.,returning
روزت بخیر,chitchat
آیا امکان مرجوع کردن خیار بعد از 8 استفاده هنوز وجود دارد؟ من کالاهایم را چند روزه که دریافت کردم ولی به دلیل نظرم عوض شد میخواهم پس بدهم.,returning
میشه از پرتقال 7 کیلوگرم بفرستی؟,editting
می‌خواهم زمان تحویل سفارش شماره 685 را برای 1400/12/28 تنظیم کنید.,scheduling
خرید 11 روز پیشم باید به دلیل انتخاب نادرست لغو گردد، لطفاً اقدامات لازم را انجام دهید.,deleting
آیا سفارش شماره 1623 در مسیر ارسال است؟,tracking
آیا می توانم محصولات سفارش خود را اصلاح کنم؟,inquiring
می‌توانید سفارشم را حذف کنید؟ آدرس اشتباهی وارد کردم.,deleting
همه موارد مورد نیازم را به سبد اضافه کرده ام، لطفاً مراحل بعدی برای تکمیل سفارش را بیان کنید.,finishing
آیا تغییر یک مورد در سبد خرید فعلی من در حال حاضر مجاز است؟,inquiring
می‌خواهم زمان تحویل سفارش شماره 76 را برای 1401/6/5 تنظیم کنید.,scheduling
سفارشم به دستم رسید الان، اما به خاطر جنس هایی فرستادید خراب بودند میخواهم سفارشم رو عوض بزنید,returning
چطور می‌توانم سفارش خود را پیگیری کنم؟,inquiring
آیا تخفیفی برای خرید سیب زمینی در روز چهارشنبه وجود دارد؟,inquiring
چگونه می‌توانم آدرس حمل و نقل خود را به‌روزرسانی کنم؟,inquiring
میشه برام 10 شانه پیاز ثبت سفارش کنی .,buying
به طور تصادفی یک سفارش با شماره 2208 ثبت کردم. لطفاً آن را پاک کنید.,deleting
چطور مطوری؟,chitchat
لطفاً فرایند پاک سفارش  825 را آغاز کنید.,deleting
می‌خواهم از وضعیت فعلی سفارش شماره 542 مطلع شوم.,tracking
برای خرید بیش از 14 کیلوگرم از ماهی، آیا تخفیفی وجود دارد؟,inquiring
به جای 7 عدد شیر لطفا 7 عدد پرتقال بدهید.,editting
چگونه می‌توانم کد تخفیفم را استفاده کنم ؟,inquiring
حال دلت چطوره؟,chitchat
سفارشمو ساعت 2 بفرستید .,scheduling
از شما ممنونم,chitchat
اقلامی که انتخاب کرده ام را برایم ثبت سفارش کن,finishing
لطفا سفارش من رو تا روز شنبه ارسال کنید.,scheduling
می‌خواهم سفارش شماره 2230 که محصول مرغ را در تاریخ 1401/3/14 خریداری کردم را مرجوعی ثبت کنم.,returning
می توانم 8 کیلوگرم از شیر را رزرو کنم ؟,buying
من ممکن است نیاز به تعویض یک مورد داشته باشم، آیا هنوز هم می توان سبد خرید نهایی نشده را تغییر داد؟,inquiring
سفارش شماره 1731 برای سیب زمینی که در دوشنبه خریداری شده بود، مطابق انتظار نبود، می‌خواهم مرجوع کنم.,returning
اشتباه کردم، می‌توانید سفارش 629 را بردارید؟,deleting
از خرید هویج پشیمان شدم، لطفا از سبد خریدم پاک کن.,editting
قصد دارم شیر را به دلیل تخفیف ویژه‌ای که دیدم با پیاز تعویض کنم.,editting
سفارشم را حذف کنید، 9 روز پیش ثبت کرده بودم.,deleting
اگر سفارش من هنوز ارسال نشده است، آیا می توانم کالاهایی که انتخاب کردم را تغییر دهم؟,inquiring
می‌خواهم آبمیوه را که در سبد خریدم قرار داده‌ام کنسل کنم.,editting
لطفاً سفارش شماره 1741 را برای تاریخ 1400/12/7، ساعت 5 آماده کنید.,scheduling
آیا می توانم 2 کیلو از دلستر را داشته باشم؟,buying
می‌توانید سیر را که به اشتباه به سبد اضافه شده است بردارید؟,editting
آیا فروشگاه شما شرایط خرید اقساطی را دارد؟,inquiring
میخواهم پاستا را از سفارشم دیلیت کنم.,editting
می‌خواهم بدانم سفارش شماره 2085 کی به دستم می‌رسد.,tracking
میشه سفارش 1823 را پیگیری کنید.,tracking
لطفاً سفارش شماره 2272 را برای تاریخ 1402/6/21، ساعت 11 آماده کنید.,scheduling
سفارشم را دیلیت کنید، 5 روز پیش ثبت کرده بودم.,deleting
سفارشم را برای روز جمعه ارسال کنید چون وقت دیگر خونه نیستم.,scheduling
میشه سفارشم رو برگشت کنید؟ چون از خریدم پشیمون شدم,returning
می‌خواهم سفارش شماره 249 که محصول پوشک بچه را در تاریخ 1401/12/28 خریداری کردم را برگردونم.,returning
خستت کردم بای,chitchat
به دلیل محصولات قدیمی و خراب و داغون هستند، تصمیم دارم سفارش شماره 887 را مرجوعی ثبت کنم.,returning
می‌خواهم بدانم نان چه امتیازاتی نسبت به کالاهای مشابه دارد.,inquiring
برای درست کردن سالاد شیرازی 2 کیلوگرم شیر میخواستم.,buying
در صورت انتخاب گزینه حمل و نقل استاندارد، آیا می توانم سفارش خود را پیگیری کنم؟,inquiring
لطفاً سفارش شماره 2240 را برای تاریخ 1400/6/12 آماده کنید.,scheduling
آیا می توانم برای سوالات مربوط به بازگشت کالا با پشتیبانی تماس بگیرم؟,customer-service
لطفاً آخرین سفارش من را کنسل کنید، جای دیگری قیمت بهتری پیدا کردم.,deleting
می‌خواهم هویج را که در سبد خریدم قرار داده‌ام کنسل کنم.,editting
آیا سفارش شماره 24 ارسال شده است؟,tracking
لطفاً آبمیوه را که به تازگی به سبد اضافه شده است با دلستر جایگزین نمایید.,editting
لطفاً سفارش من با شماره 1077 را پاک کنید.,deleting
می‌خواهم اطلاعاتی در مورد ترکیبات و مواد استفاده شده در روغن سرخ کردنی بدانم.,inquiring
بای,chitchat
تمایل دارم از به‌روزرسانی‌های مربوط به مرحله‌ای که سفارش 2231 در آن قرار دارد مطلع شوم. آخرین وضعیت سفارش چیست؟,tracking
میخواهم با یک کارشناس صحبت کنم,customer-service
سفارش شماره 910 برای کاهو که 7 روز پیش تحویل گرفته‌ام، می‌خواهم مرجوع کنم.,returning
موجودی تخم مرغ هاتون چقدر است؟,inquiring
آیا برای مشتریان دائمی مانند من، تخفیف خاصی برای ماست در نظر گرفته‌اید؟,inquiring
میشه سفارشم رو عودت کنید؟ چون بسته بندی ارسال بسیار بد بود,returning
وظیفه تو چیه؟,chitchat
میخواستم که خریدم را برگردانم کنم و روند بازپرداخت سفارشم را شروع کنم.,returning
در سفارشم اشتباه کوچکی کردم. آیا می توانم قبل از پردازش آن را به روز کنم؟,inquiring
یا تخفیفی برای خرید عمده دارید؟ به 1 گرم از نوشابه علاقه‌مندم.,buying
به دنبال آگاهی در مورد وضعیت فعلی سفارش با شناسه 1505 هستم.,tracking
"به دلیل اشتباه خرید کردم, می‌خواهم خیار خریداری شده مورخ 1403/5/16 را برگردانم.",returning
لطفاً فرایند کنسل سفارش  2209 را آغاز کنید.,deleting
سفارش شماره 1588 را به دلیل محصولات ارسالی با سفارشی که داشتم مغایرت داره می‌خواهم مرجوع کنم.,returning
آیا اصلاح انتخاب سفارش من در حالی که در انتظار تایید است کاری است که می توانم انجام دهم؟,inquiring
آیا می‌توانم پاستا را که پیش‌تر در سبد گذاشته‌ام با دلستر تعویض کنم؟,editting
من می خواهم مقداری از سیب زمینی، 14 شانه را انتخاب کنم.,buying
دیگه چه خبر؟,chitchat
کالایی که به دستم رسیده معیوب است، میخواستم که مرجوعی ثبت کنم,returning
آیا برای بازگرداندن کالا به رسید نیاز دارم؟,inquiring
می خواهم سفارش 717 رو مرجوع کنم ,returning
من این هفته فقط شنبه خونه هستم، لطفا سفارشم را در آن زمان ارسال کنید.,scheduling
تا درودی دیگر بدرود,chitchat
میشه از برنج 12 گرم بفرستی؟,editting
از خریدی که روز جمعه داشتم پشیمان شدم، لغو کنید.,deleting
آیا سفارش شماره 1034 در مسیر ارسال است؟,tracking
متأسفانه باید از شما بخواهم که خریدم را لغو کنید، زیرا دیگر به آن احتیاجی ندارم.,deleting
پشیمون شدم گوجه فرنگی رو از سفارشم لغو کن,editting
متوجه شدم محصول کره مورد نظرم نیست، چگونه می‌توانم آن را مرجوع کنم؟,returning
شرایط گارانتی خریدیار چگونه است ؟,inquiring
می‌خواهم پرتقال را به دلیل تغییر در برنامه غذایی‌ام از سبد خرید کنسل کنم.,editting
لطفاً فرایند کنسل سفارش  1064 را آغاز کنید.,deleting
اگر از کیفیت محصول راضی نباشم چه؟,inquiring
ماست چه تفاوت‌هایی با ماست دارد؟,inquiring
خواهشمندم، زمان انتظار برای تکمیل تحویل سفارش 2088 چه موقع خواهد بود؟,tracking
زحمتت دادم خسته شدی,chitchat
لطفاً آخرین سفارش من را حذف کنید، اشتباه ثبت کردم.,deleting
آیا می‌توانم روغن سرخ کردنی را که پیش‌تر در سبد گذاشته‌ام با گوجه فرنگی تعویض کنم؟,editting
برای بودجه‌ بندی، نیاز به دانستن قیمت دقیق پاستا دارم.,inquiring
سفارشم را پاک کنید، 13 روز پیش ثبت کرده بودم.,deleting
میشه خریدم رو روز دوشنبه تا ساعت 5 بفرستید؟,scheduling
از خریدی که روز دوشنبه داشتم پشیمان شدم، پاک کنید.,deleting
من باید با یک کارشناس صحبت کنم,customer-service
میخواهم با یک متخصص صحبت کنم,customer-service
میخوام سفارشم رو خط بزنم,deleting
من از مشتری های مجموعه شما هستم میشه برای خرید سیب به من تخفیف بدهید؟,inquiring
"به دلیل تاریخ مصرف محصولات گذشته بود, می‌خواهم ماهی خریداری شده مورخ 1401/2/8 را مرجوع کنم.",returning
قبل از تکمیل سفارش، می‌خواهم گوجه فرنگی را از سبد خریدم دیلیت کنم.,editting
من باید یک انتخاب را عوض کنم - آیا ویرایش سفارشات باز در خط مشی قرار می گیرد؟,inquiring
می‌خواهم بدانم روغن زیتون با 7 بسته چه قیمتی خواهد داشت.,inquiring
می‌خواهم بدانم سفارش شماره 1271 در کدام مرحله از فرآیند قرار دارد.,tracking
چند وقتی است خبری از سفارشم نیست، پس کجاست؟,tracking
لطفاً برنج را که به تازگی به سبد اضافه شده است با ماست جایگزین نمایید.,editting
آیا پشتیبانی مشتری در تعطیلات آخر هفته در دسترس است؟,inquiring
آیا سیب شما تازه است؟ من 11 کیلوگرم می خواهم.,buying
می‌خواهم زمان تحویل سفارش شماره 1532 را برای 1402/10/17 تنظیم کنید.,scheduling
آیا می‌توانم سفارش شماره 1440 را برای تحویل در ساعت 11 رزرو کنم؟,scheduling
سفارشم با شماره 1687 را رهیابی کنید.,tracking
آیا سفارش شماره 2015 ارسال شده است؟,tracking
برای درست کردن سالاد شیرازی 14 تا هویج میخواستم.,buying
یک سری کالا برای خرید داشتم.,buying
خداحافظ,chitchat
می‌خواهم بدانم سفارش شماره 1190 در کدام مرحله از فرآیند قرار دارد.,tracking
می‌خواهم روغن زیتون خریداری شده با سفارش شماره 1154 در 1402/10/5 را به دلیل نظرم عوض شد مرجوع کنم.,returning
میخواستم خریدم ساعت 6 فرستاده بشود.,scheduling
می خواهم سفارش 2174 رو بازگردانم ,returning
بررسی کنید ببینید سفارش 641 کجاست؟,tracking
می‌توانید یک شراب خوب پیشنهاد کنید؟ به 2 بسته برای یک مناسبت خاص نیاز دارم.,buying
آیا می‌توانم کاهو را که پیش‌تر در سبد گذاشته‌ام با روغن زیتون تعویض کنم؟,editting
لطفاً سفارش شماره 543 را برای تاریخ 1400/8/2، ساعت 9 آماده کنید.,scheduling
سفارش شماره 206 را در 1400/7/5 ثبت کردم، وضعیت آن چگونه است؟,tracking
پشیمون شدم مرغ رو از سفارشم لغو کن,editting
ثبت سفارش کن,finishing
وضعیت سفارش شماره 235 چیست؟,tracking
قیمت ماست نسبت به ماست چگونه است؟,inquiring
سفارش من با شماره 1417 باید حذف شود، چون موجودی مالی به اندازه کافی ندارم.,deleting
می‌توانید روغن زیتون را که در حال حاضر نیازی به آن ندارم از سبد خریدم بردارید؟,editting
آیا هویج با استانداردهای FSSC مطابقت دارد و آیا برای مصارف افراد دیابیتی تایید شده است؟,inquiring
می‌خواهم از وضعیت فعلی سفارش شماره 861 مطلع شوم.,tracking
آیا می‌توانم سفارش شماره 1852 را برای تحویل در ساعت 5 رزرو کنم؟,scheduling
خواهشمندم، زمان انتظار برای تکمیل تحویل سفارش 1083 چه موقع خواهد بود؟,tracking
میشه از پیاز 12 کیلوگرم بفرستی؟,editting
قصد دارم پنیر را با آبمیوه جایگزین کنم، لطفاً راهنمایی کنید.,editting
"به دلیل کالاها رو اشتباهی ارسال کردید, می‌خواهم کیک خریداری شده مورخ 1401/10/23 را پس بفرستم.",returning
می‌توانید بگویید پیاز از کدام کشور وارد می‌شود؟,inquiring
میخواستم کل سفارشم را کنسل کنم چون از مکان دیگری میخواهم خرید کنم,deleting
آیا برای مشتریان دائمی مانند من، تخفیف خاصی برای خیار در نظر گرفته‌اید؟,inquiring
پس چرا سفارشم نمیرسه؟ باید حتما تا یک شنبه به دستم برسونیدش.,tracking
کدام شرکت حمل و نقل برای ارسال استفاده می شود؟,inquiring
ماست را از سبد خریدم دیلیت کن,editting
میل شدیدی به خیار دارم، لطفاً 9 بطری برای من بسته‌بندی کنید. و بفرستید,buying
درخواست مرجوع سفارش 307 رو دارم .,returning
پیاز رو از سفارشم لغو کن,editting
آیا می توانید برای من گرم 6 از مرغ را بسته بندی کنید و برای من بفرستید؟,buying
می‌خواهم مرغ را که فراموش کرده‌ام به سبد خرید اضافه کنم.,buying
نحوه پرداخت هر سفارش چگونه است؟,inquiring
برای خرید سیب زمینی در این روزها، آیا پیشنهاد ویژه‌ای دارید؟,inquiring
احوالت؟,chitchat
به دنبال آگاهی در مورد وضعیت فعلی سفارش با شناسه 1603 هستم.,tracking
آیا 9 لیتر از روغن سرخ کردنی دارید ؟,buying
اشتباه شد، به جای 14 بسته پاستا من 8 بسته می خواستم.,editting
به مناسبت عید، آیا سفره‌ی تخفیفات گوشت پهن است؟,inquiring
آیا سیب دارای گارانتی یا خدمات پس از فروش است؟,inquiring
شیر چه تفاوت‌هایی با شیر دارد؟,inquiring
دوست دارم خریدی که تازه کردم را کنسل کنم، به دردم نمیخوره.,deleting
می‌توانید سفارش شماره 1316 را در ساعت 4 تحویل دهید؟,scheduling
میخواستم خریدم ساعت 4 فرستاده بشود.,scheduling
به طور تصادفی یک سفارش با شماره 1249 ثبت کردم. لطفاً آن را دیلیت کنید.,deleting
آیا می‌توانم خیار را که 3 روز پیش خریده‌ام، برگشت بزنم؟,returning
زیاد بهت زحمت دادم شرمنده,chitchat
آیا سفارش شماره 1192 ارسال شده است؟,tracking
لطفاً گوشت را که در سبد خریدم است با رب به‌روزرسانی کنید.,editting
اشتباه کردم، می‌توانید سفارش 75 را بردارید؟,deleting
پشیمان شدم لطفا سفارشم را حذف کن,deleting
"به دلیل بسته بندی ارسال بسیار بد بود, می‌خواهم ماست خریداری شده مورخ 1401/3/15 را مرجوع کنم.",returning
آیا گوجه فرنگی در راستای پایداری و مسئولیت‌های اجتماعی شرکت تولید کننده طراحی شده است؟,inquiring
سفارشمو ساعت 10 بفرستید.,scheduling
می‌خواهم کیک خریداری شده با سفارش شماره 1613 در 1401/7/28 را به دلیل محصولات ارسالی با سفارشی که داشتم مغایرت داره بازگردانم.,returning
می توانم 12 کیلوگرم از تخم مرغ را رزرو کنم ؟,buying
می‌خواهم بدانم نان با 5 لیتر چه قیمتی خواهد داشت.,inquiring
لطفا سفارش من رو تا روز چهارشنبه ارسال کنید.,scheduling
می‌توانید بیان کنید که دلستر چگونه از نظر فنی از دلستر برتری دارد؟,inquiring
نیاز دارم سفارش 83 که روز سه شنبه را پاک کنید.,deleting
سفارشم رو بفرستید برام همین چیزا رو میخواستم.,finishing
آیا امکان دارد هویج را که پیش‌تر انتخاب کرده‌ام با هویج تعویض کنم؟,editting
لطفاً 5 بسته از نوشابه را به من بدهید.,buying
به طور تصادفی یک سفارش با شماره 1606 ثبت کردم. لطفاً آن را حذف کنید.,deleting
میل شدیدی به گوشت دارم لطفاً 4 بطری برای من بفرستید .,buying
خرید 5 روز پیشم باید به دلیل انتخاب نادرست حذف گردد، لطفاً اقدامات لازم را انجام دهید.,deleting
برنج بهم بده 1 شانه,buying
اسمتون چیه؟,chitchat
من مشتاقم تا دریابم آیا سفارش 979 ارسال شده است.,tracking
سفارشم را در تاریخ 1403/7/26 بفرستید,scheduling
سیب رو از سفارشم پاک کن,editting
من می‌خواهم اسموتی درست کنم و به 9 لیتر از سیب مخلوط نیاز دارم.,buying
می‌توانید سفارشم را دیلیت کنید؟ آدرس اشتباهی وارد کردم.,deleting
آیا امکان پس دادن پوشک بچه با سفارش شماره 393 پس از 13 استفاده هنوز وجود دارد؟,returning
برای مهمانی، لطفاً سفارش شماره 1574 را در 1402/2/2 تحویل دهید.,scheduling
به جای 13 تا کاهو لطفا 3 تا برنج بهم بده,editting
کالاهایی که ارسال شده است بسیار آسیب دیده اند، لطفا عوض کنید,returning
متوجه شدم محصول کیک مورد نظرم نیست، چگونه می‌توانم آن را پس بدهم؟,returning
کی سفارشم به دستم میرسه؟,tracking
پشیمان شدم لطفا سفارشم را پاک کن,deleting
لطفاً 8 کیلو از کره را به من بدهید.,buying
تمامی اقلام مورد نظرم را انتخاب کرده‌ام.,finishing
چیکارا می‌کنی؟,chitchat
من می‌خواهم یک دستور پخت جدید را امتحان کنم که به 2 بطری از کیک نیاز دارد.,buying
دوست دارم خریدی که تازه کردم را کنسل کنم، اشتباه ثبت کردم.,deleting
می‌توانید بگویید کاهو از کدام کشور وارد می‌شود؟,inquiring
می‌خواهم سفارش شماره 1888 را برای تحویل در روز چهارشنبه تنظیم کنم.,scheduling
لطفاً فرایند کنسل سفارش  2061 را آغاز کنید.,deleting
کالای خیار گارانتی دارد؟,inquiring
آیا می توانم 11 بطری از گوجه فرنگی را داشته باشم؟,buying
نیاز دارم انبار آشپزخانه‌ام را با 9 بطری از سیب زمینی پر کنم.,buying
باید سفارش 1337 رو مرجوع کنم ,returning
11 گرم پیاز,buying
من قصد دارم سفارشم را دیلیت کنم، به خاطر دلایلی که می گم: پشیمان شدن از خرید.,deleting
میخواستم کل سفارشم را دیلیت کنم چون جای دیگری قیمت بهتری پیدا کردم,deleting
می‌خواهم درک عمیق‌تری از خصوصیات بارز و منحصر به فرد کره کسب کنم.,inquiring
می‌توانید یک شراب خوب پیشنهاد کنید؟ به 13 تا برای یک مناسبت خاص نیاز دارم.,buying
پنیر که در 6 خریداری شده بود، معیوب است و می‌خواهم آن را مرجوعی ثبت کنم.,returning
آیا سفارش شماره 1766 ارسال شده است؟,tracking
آیا برای جشن سال نو، جعبه‌ی سورپرایز تخفیفی برای محصول روغن سرخ کردنی دارید؟,inquiring
آیا می‌ توانید سفارشم را قبل از ساعت 10 روز شنبه تحویل دهید؟,scheduling
به دلیل یک خطای ناخواسته، سفارشی با شماره  1826 ثبت شده است. خواهشمند است آن را حذف فرمایید.,deleting
پنیر میخواستم .,buying
می‌توانید سفارش شماره 879 را در ساعت 3 تحویل دهید؟,scheduling
اشتباه کردم، می‌توانید سفارش 801 را بردارید؟,deleting
من به گوجه فرنگی محلی علاقه‌ مندم، می‌توانم 12 عدد از آن‌ها را بگیرم؟,buying
لطفاً سفارش شماره 708 را برای تاریخ 1400/8/24، ساعت 10 آماده کنید.,scheduling
پس از ثبت سفارش 367 در 1402/12/9، کنجکاوم که پیشرفت آن چگونه است. آخرین گزارش چیست؟,tracking
هویج 14 عدد میخواستم بخرم,buying
وضعیت سفارش شماره 1538 چیست؟,tracking
سفارش شماره 351 برای خیار که 8 روز پیش تحویل گرفته‌ام، می‌خواهم مرجوعی ثبت کنم.,returning
سفارش شماره 1420 را پاک,deleting
می‌توانید پوشک بچه را که در حال حاضر نیازی به آن ندارم از سبد خریدم بردارید؟,editting
میشه از موجودی و اطلاعات محصول خیار مطلع شوم؟,inquiring
لطفاً خیار را که در سبد خریدم قرار دارد با هویج به‌روزرسانی کنید، چون تازه‌تر است.,editting
میخوام اسمتو داشته باشم,chitchat
آیا می‌توانم مرغ را که 11 روز پیش خریده‌ام، برگردانم؟,returning
خریدم رو عودت کنید,returning
سفارشم رو تا ساعت 9 بفرستید.,scheduling
آیا سفارش 379 برای ارسال آماده شده است، یا هنوز در مرحله پیش‌ارسال معطل مانده است؟,tracking
خریدام همین بود. سفارشم رو ثبت کن.,finishing
سفارشمو ساعت 6 بفرستید .,scheduling
آیا امکان تحویل سفارش شماره 1171 در روز چهارشنبه وجود دارد؟,scheduling
به جای 7 شانه گوشت لطفا 6 شانه گوشت بکنیدش,editting
لطفاً نوشابه را که در سبد خریدم است با پنیر به‌روزرسانی کنید.,editting
لطفاً سفارش شماره 1019 را برای تاریخ 1403/8/18 آماده کنید.,scheduling
کمک میخوام کی میتونه منو راهنمایی بکنه؟,customer-service
12 تا از کره میخواستم، موجود دارید؟,buying
پشیمون شدم پاستا رو از سفارشم پاک کن,editting
شغل شما چیست؟,chitchat
لطفاً سفارش شماره 11 را برای تاریخ 1402/8/13، ساعت 11 آماده کنید.,scheduling
می‌خواستم مرغ را به سبد خریدم اضافه کنم، اما به نظر می‌رسد در لیست نیست لطفا اضافه کنید اون رو.,buying
آیا امکان دارد سفارش شماره 344 را در 1400/5/9 تحویل بگیرم؟,scheduling
آیا سفارش شماره 111 ارسال شده است؟,tracking
پشیمون شدم پنیر رو از سفارشم حذف کن,editting
قیمت دلستر نسبت به دلستر چگونه است؟,inquiring
سفارش شماره 79 را به اشتباه خریداری کرده‌ام، چگونه می‌توانم آن را پس بفرستم؟,returning
درخواست دیلیت سفارش با شماره  2030 را دارم، چرا که اندازه اشتباهی انتخاب کردم.,deleting
سفارش من با شماره 1931 باید حذف شود، چون به دردم نمیخوره.,deleting
وضعیت سفارش شماره 1465 چیست؟,tracking
آیا سفارش شماره 2188 در مسیر ارسال است؟,tracking
پوشک بچه را اشتباه به سبد خریدم افزودم لطفا لغو کنید.,editting
سفارش شماره 5 برای گوجه فرنگی که 13 روز پیش تحویل گرفته‌ام، می‌خواهم بازگردانم.,returning
میزان مواد شیمیایی که در کیک به کار رفته چقدر است؟,inquiring
من به مرغ، به ویژه 13 عدد نیاز دارم.,buying
تخم مرغ که در 10 خریداری شده بود، معیوب است و می‌خواهم آن را عودت بدهم.,returning
می‌خواهم پاستا خریداری شده با سفارش شماره 1433 در 1403/3/6 را به دلیل دوست نداشتم این محصول رو مرجوع کنم.,returning
درخواست دیلیت سفارش با شماره  927 را دارم، چرا که موجودی مالی به اندازه کافی ندارم.,deleting
میشه سفارش 1810 را پیگیری کنید.,tracking
می‌خواهم بدانم برنج چه امتیازاتی نسبت به کالاهای مشابه دارد.,inquiring
سفارشم را پیگیری کن,tracking
متوجه شدم محصول گوشت مورد نظرم نیست، چگونه می‌توانم آن را برگردونم؟,returning
آیا می توانم 6 عدد از سیر را داشته باشم؟,buying
می توانم 2 لیتر از هویج را رزرو کنم ؟,buying
4 گرم از خیار میخواستم .,buying
خرید 6 روز پیشم باید به دلیل انتخاب نادرست کنسل گردد، لطفاً اقدامات لازم را انجام دهید.,deleting
آیا می‌توانم سفارش شماره 111 را برای تحویل در ساعت 5 رزرو کنم؟,scheduling
میخواستم بدونم آیا 2 بطری پوشک بچه موجود هست؟,inquiring
خیلی لطف کردی,chitchat
اشتباه کردم، می‌توانید سفارش 263 را بردارید؟,deleting
2 لیتر بده پس,buying
یا تخفیفی برای خرید عمده دارید؟ به 8 شانه از تخم مرغ علاقه‌مندم.,buying
می‌خواهم برنج که در تاریخ 1402/6/12 خریداری کردم را مرجوعی ثبت کنم.,returning
میشه خریدم رو روز یک شنبه تا ساعت 8 بفرستید؟,scheduling
به 9 بسته از هویج نیاز دارم.,buying
به 9 شانه از نوشابه علاقه مندم .,buying
خستت کردم دستت دردنکنه,chitchat
مقدار محصول مرغ را از 10 کیلوگرم به 5 کیلوگرم تغییر بدهید.,editting
سفارشم را در تاریخ 1401/12/22 بفرستید,scheduling
می‌توانید سفارشم را پاک کنید؟ تغییرات برنامه‌ریزی داشتم.,deleting
می‌خواهم بدانم آیا برای سیر در تخفیفات زمستانی تخفیفی ارائه می‌دهید؟,inquiring
میشه سفارش 427 را پیگیری کنید.,tracking
من به دنبال گزینه‌های گیاه‌خواری هستم، به ویژه 12 شانه از گوشت,buying
می‌خواهم یک وعده غذایی قورمه سبزی آماده کنم، به 13 گرم از پنیر درجه یک نیاز دارم.,buying
سفارشم را در تاریخ 1400/5/7 بفرستید,scheduling
نیاز دارم انبار آشپزخانه‌ام را با 4 کیلوگرم از سیب زمینی پر کنم.,buying
آیا سیب در حال حاضر در انبار موجود است؟,inquiring
لطفاً فرایند کنسل سفارش  1953 را آغاز کنید.,deleting
آیا سفارش شماره 2050 که شامل ماهی بود آماده ارسال شده است؟,tracking
من به کره، به ویژه 1 کیلوگرم نیاز دارم.,buying
کالاهایی که ارسال شده است بسیار آسیب دیده اند، لطفا تعویض کنید,returning
به طور تصادفی یک سفارش با شماره 1672 ثبت کردم. لطفاً آن را پاک کنید.,deleting
یا تخفیفی برای خرید عمده دارید؟ به 4 کیلو از کاهو علاقه‌مندم.,buying
آیا می‌توانم سیب زمینی را که پیش‌تر در سبد گذاشته‌ام با ماهی تعویض کنم؟,editting
حال و روزت بخیر,chitchat
آیا امکان تحویل سفارش شماره 2195 در روز یک شنبه وجود دارد؟,scheduling
لطفاً 2 عدد از پنیر را به من بدهید.,buying
آیا میتوانید بسته را به یک آدرس دیگری بفرستید؟,inquiring
اشتباه کردم، می‌توانید سفارش 240 را بردارید؟,deleting
اسم رو میشه بهم بگی؟,chitchat
سفارش شماره 551 که 11 روز پیش برای محصول پرتقال ثبت شده بود را می‌خواهم برگردانم چون محصولات ارسالی با سفارشی که داشتم مغایرت داره.,returning
شب مهمونی داریم، پیاز میخواستم.,buying
پشیمان شدم لطفا سفارشم را لغو کن,deleting
لطفاً کیک را که به تازگی به سبد اضافه شده است با پاستا جایگزین نمایید.,editting
می‌خواهم از حراج هالووین استفاده کنم، آیا پوشک بچه هم شامل تخفیف می‌ شود؟,inquiring
دوست دارم خریدی که تازه کردم را دیلیت کنم، آدرس اشتباهی وارد کردم.,deleting
سفارشم رو روز جمعه ساعت 2 ارسال کنید.,scheduling
میشه از ماهی 5 گرم بفرستی؟,editting
خوب هستید؟,chitchat
سفارش 875 را لغو کن.,deleting
میخواستم سفارشم رو ساعت 8 بفرستید.,scheduling
اگر اطلاعات ردیابی من نشان دهد که سفارش من بازگشت خورده چه می شود؟,inquiring
سفارش شماره 1349 را در 1402/12/23 ثبت کردم، وضعیت آن چگونه است؟,tracking
آیا امکان پس دادن پنیر با سفارش شماره 271 پس از 9 استفاده هنوز وجود دارد؟,returning
سفارش شماره 1383 را به دلیل تاریخ مصرف کالای ارسالی گذشته است می‌خواهم برگردانم.,returning
میخوام سفارشم رو پاک کنم,deleting
می‌توانید رب را که به اشتباه به سبد اضافه شده است بردارید؟,editting
تمایل دارم از به‌روزرسانی‌های مربوط به مرحله‌ای که سفارش 2074 در آن قرار دارد مطلع شوم. آخرین وضعیت سفارش چیست؟,tracking
می‌خواهم بدانم که آیا نوشابه قابلیت ارتقاء یا توسعه در آینده را دارد؟,inquiring
شیر میخواستم .,buying
ماست مربوط به سفارش شماره 1565 که در روز جمعه خریداری شده، نیاز به تعویض دارد.,returning
میخواستم خریدم ساعت 5 فرستاده بشود.,scheduling
میشه برام 1 تا نان ثبت سفارش کنی .,buying
آیا می توانم محتویات سبد خرید خود را قبل از تسویه حساب یا بسته شدن نهایی اصلاح کنم؟,inquiring
با سلام، آیا می‌توانید سفارشم را که به تازگی ثبت شده است، لغو نمایید؟,deleting
دستور پخت من نیاز به 14 گرم از تخم مرغ دارد، آیا موجود است؟,buying
با سلام، آیا می‌توانید سفارشم را که به تازگی ثبت شده است، دیلیت نمایید؟,deleting
اجناسی که به اطلاع رساندم را ثبت سفارش و ارسال کن.,finishing
سیب زمینی رو به سبد خریدم اضافه کنید.,buying
شیر را اشتباه به سبد خریدم افزودم لطفا پاک کنید.,editting
قیمت برنج نسبت به برنج چگونه است؟,inquiring
کالاهایم را برای ساعت 6 روز دوشنبه برنامه ریزی کنید.,scheduling
آیا می‌ توانید سفارشم را قبل از ساعت 9 روز پنج شنبه تحویل دهید؟,scheduling
قبل از تکمیل سفارش، می‌خواهم پرتقال را از سبد خریدم لغو کنم.,editting
آیا کاهو برای افرادی با شرایط خاص مانند رژیمی بودن و مخصوص ورزشکاران مناسب است؟,inquiring
پس از ثبت سفارش 229 در 1403/4/17، کنجکاوم که پیشرفت آن چگونه است. آخرین گزارش چیست؟,tracking
لطفاً تعداد روغن زیتون در سبد خریدم را از 8 به 8 تغییر دهید.,editting
میخواستم بدونم سفارشی که ثبت کردم تا سه شنبه به دستم میرسه یا نه؟,tracking
لطفاً شیر را که در سبد خریدم قرار دارد با پنیر به‌روزرسانی کنید، چون تازه‌تر است.,editting
آیا می‌توانم پس از ثبت سفارش، آن را تغییر دهم ؟,inquiring
آیا مبادله یک کالا در سبد خرید من قبل از نهایی شدن مجاز است؟,inquiring
لطفاً تعداد پیاز در سبد خریدم را از 6 به 11 تغییر دهید.,editting
قیمت گوجه فرنگی با توجه به نوسانات اخیر بازار چه تغییری کرده است؟,inquiring
ساعات کاری فروشگاه چیست؟,inquiring
به جای 8 تا پنیر لطفا 8 تا آبمیوه بدهید.,editting
8 گرم بده پس,buying
سلام علیکم,chitchat
مچکرم ازت زحمتت دادم,chitchat
آیا شیر شما تازه است؟ من 13 گرم می خواهم.,buying
تمایل دارم از به‌روزرسانی‌های مربوط به مرحله‌ای که سفارش 1717 در آن قرار دارد مطلع شوم. آخرین وضعیت سفارش چیست؟,tracking
متأسفانه باید از شما بخواهم که خریدم را حذف کنید، زیرا محصول مورد نظر را در جای دیگری یافتم.,deleting
مقدار مرغ رو 2 تا کنید,editting
کالاها معمولا بعد چه مدتی به دستم میرسه؟,inquiring
آیا 8 لیتر از کیک دارید ؟,buying
مقدار محصول سیر را از 10 بطری به 3 بطری تغییر بدهید.,editting
به دلیل دوست نداشتم این محصول رو، تصمیم دارم سفارش شماره 2022 را پس بدهم.,returning
به دلیل یک خطای ناخواسته، سفارشی با شماره  1900 ثبت شده است. خواهشمند است آن را دیلیت فرمایید.,deleting
میشه خریدم رو روز دوشنبه تا ساعت 9 بفرستید؟,scheduling
می‌خواهم نوشابه خریداری شده با سفارش شماره 1437 در 1400/8/16 را به دلیل تاریخ مصرف محصولات گذشته بود برگشت بزنم.,returning
می‌خواهم سفارش شماره 1841 که محصول پاستا را در تاریخ 1401/12/4 خریداری کردم را بازگردانم.,returning
سفارشم رو روز جمعه ساعت 9 ارسال کنید.,scheduling
آیا می توانم سفارش خود را بدون ایجاد حساب کاربری به عنوان مهمان ثبت کنم؟,inquiring
قیمت تخم مرغ با توجه به نوسانات اخیر بازار چه تغییری کرده است؟,inquiring
لطفا سفارش من رو تا روز سه شنبه ارسال کنید.,scheduling
یا تخفیفی برای خرید عمده دارید؟ به 12 بسته از پاستا علاقه‌مندم.,buying
حال روحی مساعدی دارید؟,chitchat
به دلیل یک خطای ناخواسته، سفارشی با شماره  722 ثبت شده است. خواهشمند است آن را دیلیت فرمایید.,deleting
میشه پیگیری کنید ببینید سفارش من دقیقا کجا هست. شماره سفارشم: 1568,tracking
چه خبرا؟,chitchat
میشه به جای سیر بهم روغن سرخ کردنی بدی؟,editting
سفارش 76 را در تاریخ 1402/3/5 ارسال کنید.,scheduling
سفارش شماره 1878 برای آبمیوه که در پنج شنبه خریداری شده بود، مطابق انتظار نبود، می‌خواهم تعویض کنم.,returning
آیا شما پرداخت درب محل را قبول می کنید؟,inquiring
می‌خواهم ماهی که در تاریخ 1403/2/29 خریداری کردم را پس بدهم.,returning
من می‌خواهم کیک را به صورت عمده خریداری کنم، آیا قیمت بهتری پیشنهاد می‌کنید؟,inquiring
14 کیلوگرم آبمیوه میخواستم .,buying
خریدم رو با شماره پیگیری 1226 را رهگیری کنید.,tracking
میشه به جای پیاز بهم 4 لیتر پوشک بچه بدی؟,editting
قصد دارم گوشت را به دلیل تخفیف ویژه‌ای که دیدم با کیک تعویض کنم.,editting
سفارش شماره 623 را پاک,deleting
از شما درخواست دارم که سفارشم را حذف نمایید، زیرا دیگر به آن احتیاجی ندارم.,deleting
لطفاً کیک را که به تازگی به سبد اضافه شده است با گوشت جایگزین نمایید.,editting
خسته نباشی,chitchat
میخواستم بدونم سفارشی که ثبت کردم تا دوشنبه به دستم میرسه یا نه؟,tracking
به دلیل یک خطای ناخواسته، سفارشی با شماره  242 ثبت شده است. خواهشمند است آن را دیلیت فرمایید.,deleting
سفارش من با شماره 1364 باید حذف شود، چون موجودی مالی به اندازه کافی ندارم.,deleting
مرسی از لطفت,chitchat
تخم مرغ را به اشتباه خریداری کرده‌ام، آیا می‌توانم آن را برگشت بزنم؟,returning
من دیگه میرم بای,chitchat
لطفاً گوشت را که به تازگی به سبد اضافه شده است با پرتقال جایگزین نمایید.,editting
من می خواهم مقداری از ماهی، 5 بسته را انتخاب کنم.,buying
می‌توانید شیر را که در حال حاضر نیازی به آن ندارم از سبد خریدم بردارید؟,editting
14 تا,buying
میخواهم پیاز را از سفارشم لغو کنم.,editting
می‌خواهم بدانم گوشت با 5 کیلو چه قیمتی خواهد داشت.,inquiring
میل شدیدی به شیر دارم لطفاً 10 عدد برای من بفرستید .,buying
به چه سامی باید صدات کنم؟,chitchat
نیاز دارم انبار آشپزخانه‌ام را با 9 عدد از سیب پر کنم.,buying
سفارش من با شماره 328 باید لغو شود، چون توانایی مالی به اندازه کافی ندارم.,deleting
حتما باید با یک کارشناس تخصصی حرف بزنم,customer-service
دلستر دارای تاییدیه‌ های بین‌المللی مانند FSSC است؟,inquiring
زمان تقریبی تحویل سفارش شماره 1290 را می‌توانید بگویید؟ من 6 روز پیش این سفارشو ثبت کرده بودم,tracking
احوال شریفتان چطور است؟,chitchat
آیا امکان دارد هویج را که پیش‌تر انتخاب کرده‌ام با ماست تعویض کنم؟,editting
نیاز دارم انبار آشپزخانه‌ام را با 5 تا از آبمیوه پر کنم.,buying
به دلیل یک خطای ناخواسته، سفارشی با شماره  1976 ثبت شده است. خواهشمند است آن را لغو فرمایید.,deleting
سفارش شماره 697 را به دلیل از خریدم پشیمون شدم می‌خواهم تعویض کنم.,returning
میشه از تخم مرغ 1 شانه بفرستی؟,editting
لطفاً آخرین سفارش من را حذف کنید، اندازه اشتباهی انتخاب کردم.,deleting
آیا تخفیفی برای خرید گوشت در روز دوشنبه وجود دارد؟,inquiring
باید سفارش 684 رو پس بفرستم ,returning
آیا میتوانی نامت رو به من بگویی؟,chitchat
منتظر تحویل سفارش شماره 1287 در اولین ساعت پنج شنبه هستم.,scheduling
متأسفانه باید از شما بخواهم که خریدم را کنسل کنید، زیرا اندازه اشتباهی انتخاب کردم.,deleting
می‌توانید سفارشم را لغو کنید؟ محصول مورد نظر را در جای دیگری یافتم.,deleting
از خریدی که روز دوشنبه داشتم پشیمان شدم، حذف کنید.,deleting
قصد دارم رب را به دلیل تخفیف ویژه‌ای که دیدم با دلستر تعویض کنم.,editting
موجودی روغن زیتون هاتون چقدر است؟,inquiring
سفارشمو ساعت 11 بفرستید .,scheduling
لطفاً سفارش من با شماره 2232 را حذف کنید.,deleting
به جای 1 بطری دلستر لطفا 1 بطری نوشابه بدهید.,editting
سفارشم را قبل از ساعت 8 روز سه شنبه تحویل دهید ,scheduling
سفارشمو ساعت 9 بفرستید.,scheduling
موجودی پنیر هاتون چقدر است؟,inquiring
یکم از روغن زیتون بهم بگو,inquiring
لطفاً نوشابه را که به تازگی به سبد اضافه شده است با روغن سرخ کردنی جایگزین نمایید.,editting
به دنبال آگاهی در مورد وضعیت فعلی سفارش با شناسه 17 هستم.,tracking
آیا امکان پس دادن روغن زیتون با سفارش شماره 386 پس از 8 استفاده هنوز وجود دارد؟,returning
پس چرا سفارشم نمیرسه؟ باید حتما تا سه شنبه به دستم برسونیدش.,tracking
تعریف کاهو مغازه شما خیلی پیچیده است، لطفا 6 بسته برام بفرستید.,buying
قبل از تکمیل سفارش، می‌خواهم کاهو را به دلیل تغییر قیمت از سبد خریدم پاک کنم.,editting
آیا شماره تلفن پشتیبانی مشتری وجود دارد؟,customer-service
برای بودجه‌ بندی، نیاز به دانستن قیمت دقیق نان دارم.,inquiring
می‌خواهم سفارش خود را نهایی کنم، راهنمایی‌های لازم برای پرداخت را می‌خواهم.,inquiring
میخواستم کل سفارشم را کنسل کنم چون جای دیگری قیمت بهتری پیدا کردم,deleting
چه خدماتی ارایه می دهی؟,chitchat
آیا می توانید برای من عدد 13 از روغن زیتون را بسته بندی کنید و برای من بفرستید؟,buying
من تا کی میتونم چیزی که خریدم رو برگردونم؟,inquiring
درخواست مرجوع سفارش 1707 رو دارم .,returning
آیا امکان پس دادن مرغ با سفارش شماره 1512 پس از 4 استفاده هنوز وجود دارد؟,returning
خریدم رو عوض بزنید,returning
قصد دارم ماهی را با کاهو جایگزین کنم، لطفاً راهنمایی کنید.,editting
پاستا رو کنسل کن.,editting
من به تخم مرغ محلی علاقه‌ مندم، می‌توانم 5 لیتر از آن‌ها را بگیرم؟,buying
روغن زیتون هاتون ساخت چه کشوری هست؟,inquiring
انتخاب ‌های خود را انجام داده ام، چگونه می‌توانم سفارشم را ثبت کنم؟,finishing
خریدم رو دیلیت کنید,deleting
پشیمون شدم سیب رو از سفارشم حذف کن,editting
پوشک بچه که 2 روز پیش تحویل گرفته‌ام، نیاز به تعویض دارد و دوست داشتم که برای من آن ها را عوض بدهید.,returning
می‌توانید سفارشم را کنسل کنید؟ جای دیگری قیمت بهتری پیدا کردم.,deleting
لطفاً 3 بطری از روغن زیتون را به من بدهید.,buying
آیا می‌توانم سفارش شماره 760 را برای تحویل در ساعت 9 رزرو کنم؟,scheduling
5 تا بده پس,buying
به طور تصادفی یک سفارش با شماره 1284 ثبت کردم. لطفاً آن را لغو کنید.,deleting
من می خواهم مقداری از خیار، 6 تا را انتخاب کنم.,buying
خواهشمندم، زمان انتظار برای تکمیل تحویل سفارش 1823 چه موقع خواهد بود؟,tracking
من علاقه‌مند به برنامه‌ریزی تحویل سفارش شماره 1948 برای تاریخ 1402/4/5 هستم.,scheduling
سفارشم به دستم رسید الان، اما به خاطر تاریخ مصرف کالای ارسالی گذشته است میخواهم سفارشم رو برگشت بزنید,returning
آیا گوجه فرنگی در طیف وسیعی از مدل‌ها و طرح‌ها در دسترس است؟,inquiring
سفارش من با شماره 825 باید پاک شود، چون محصول مورد نظر را در جای دیگری یافتم.,deleting
آیا سفارش شماره 1366 ارسال شده است؟,tracking
برنج که 12 روز پیش تحویل گرفته‌ام، نیاز به تعویض دارد و دوست داشتم که برای من آن ها را عوض بدهید.,returning
میشه پیگیری کنید ببینید سفارش من دقیقا کجا هست. شماره سفارشم: 995,tracking
لطفاً سفارش شماره 127 را برای تاریخ 1400/5/21، ساعت 3 آماده کنید.,scheduling
جدیدا چه خبر؟,chitchat
لطفاً ماهی را که در سبد خریدم است با آبمیوه به‌روزرسانی کنید.,editting
چگونه می توانم با پشتیبانی مشتری تماس بگیرم؟,customer-service
شغلت رو بگو,chitchat
از زحمتی که برام کشیدی متشکرم,chitchat
می‌توانم 14 کیلوگرم از ماهی را برای خرید هفتگی‌ام رزرو کنم؟,buying
من می‌خواهم یک دستور پخت جدید را امتحان کنم که به 11 عدد از کیک نیاز دارد.,buying
7 کیلوگرم ماست میخواستم .,buying
میخواستم که خریدم را مرجوع کنم کنم و روند بازپرداخت سفارشم را شروع کنم.,returning
منو به یک شخص پاسخگو وصل کن,customer-service
من علاقه‌مند به برنامه‌ریزی تحویل سفارش شماره 2243 برای تاریخ 1403/2/14 هستم.,scheduling
تمایل دارم از به‌روزرسانی‌های مربوط به مرحله‌ای که سفارش 948 در آن قرار دارد مطلع شوم. آخرین وضعیت سفارش چیست؟,tracking
از شما درخواست دارم که سفارش 1360 را کنسل نمایید، زیرا دیگر به آن احتیاجی ندارم.,deleting
سفارش شماره 1724 را به اشتباه خریداری کرده‌ام، چگونه می‌توانم آن را بازگردانم؟,returning
من قصد دارم سفارشم را دیلیت کنم، به خاطر دلایلی که می گم: از مکان دیگری میخواهم خرید کنم.,deleting
برای مهمانی، لطفاً سفارش شماره 1203 را در 1401/9/17 تحویل دهید.,scheduling
می‌خواهم خریدم را به دلیل توانایی مالی به اندازه کافی ندارم لغو کنم.,deleting
می‌توانید بگویید هویج از کدام کشور وارد می‌شود؟,inquiring
آیا می‌توانم آبمیوه را که 7 روز پیش خریده‌ام، برگشت بزنم؟,returning
من می‌خواهم گوجه فرنگی را به صورت عمده خریداری کنم، آیا قیمت بهتری پیشنهاد می‌کنید؟,inquiring
چند سال است که فروشگاه شما تاسیس شده است؟,inquiring
آیا می‌توانید وضعیت کنونی سفارش با شماره 892 را روشن سازید؟,tracking
من خطایی می بینم که باید اصلاحش کنم. آیا تغییر سبد باز من برای رفع آن مجاز است؟,inquiring
می‌خواهم از وضعیت فعلی سفارش شماره 673 مطلع شوم.,tracking
می‌خواهم نان را که فراموش کرده بودم به سبد خریدم اضافه کنم، آیا هنوز ممکن است؟,buying
خداقوت,chitchat
5 بطری گوشت بده,buying
عدد 9 پاستا برام کنار بگذارید,buying
اشتباه شد، به جای 2 عدد مرغ من 12 عدد می خواستم.,editting
زمان تقریبی تحویل سفارش شماره 1310 را می‌توانید بگویید؟ من 14 روز پیش این سفارشو ثبت کرده بودم,tracking
من به کاهو محلی علاقه‌ مندم، می‌توانم 9 عدد از آن‌ها را بگیرم؟,buying
اشتباه شد، به جای 4 کیلو نان من 12 کیلو می خواستم.,editting
سفارشم را قبل از ساعت 8 روز جمعه تحویل دهید ,scheduling
آیا امکان خرید به صورت قسط بندی شده را دارم؟,inquiring
من قصد دارم سفارشم را خط بزنم، به خاطر دلایلی که می گم: اشتباه ثبت کردم.,deleting
متأسفانه باید از شما بخواهم که خریدم را کنسل کنید، زیرا جای دیگری قیمت بهتری پیدا کردم.,deleting
سوالاتی راجع به کالای کره دارم.,inquiring
هویج مربوط به سفارش شماره 1356 که در روز چهارشنبه خریداری شده، نیاز به تعویض دارد.,returning
لطفاً پوشک بچه را که به تازگی به سبد اضافه شده است با کاهو جایگزین نمایید.,editting
می‌توانید سفارشم را کنسل کنید؟ به دردم نمیخوره.,deleting
مقدار پوشک بچه رو 7 عدد کنید,editting
می‌خواهم پوشک بچه خریداری شده با سفارش شماره 1890 در 1401/5/12 را به دلیل بسته بندی ارسال بسیار بد بود مرجوع کنم.,returning
میخواستم که خریدم را پس بفرستم کنم و روند بازپرداخت سفارشم را شروع کنم.,returning
پس از ثبت سفارش 270 در 1401/6/17، کنجکاوم که پیشرفت آن چگونه است. آخرین گزارش چیست؟,tracking
سفارشم رو روز یک شنبه ساعت 9 ارسال کنید.,scheduling
من قصد دارم گوشت مربوط به سفارش شماره 1795 را که در 1403/5/21 خریداری شده را مرجوع کنم.,returning
سفارش 2081 را پاک کن.,deleting
آیا امکان پیگیری سفارش شماره 1989 وجود دارد؟,tracking
می‌خواهم خیار را که فراموش کرده بودم به سبد خریدم اضافه کنم، آیا هنوز ممکن است؟,buying
می‌خواستم سیب زمینی را به سبد خریدم اضافه کنم، اما به نظر می‌رسد در لیست نیست لطفا اضافه کنید اون رو.,buying
خدا حافظت باشه,chitchat
سفارشم را قبل از ساعت 1 روز جمعه تحویل دهید ,scheduling
سفارشم را لغو کنید، 7 روز پیش ثبت کرده بودم.,deleting
من مشتاقم تا دریابم آیا سفارش 1787 ارسال شده است.,tracking
میخواستم سفارشم رو عوض بزنم به دلیل محصولات قدیمی و خراب و داغون هستند,returning
لطفا سفارشم رو مرجوع بزنید. به دلیل کالاها رو اشتباهی ارسال کردید,returning
مقدار کالای سیر را از 9 عدد به 14 عدد اصلاح کنید.,editting
سفارش من با شماره 330 باید لغو شود، چون موجودی مالی به اندازه کافی ندارم.,deleting
مچکرم,chitchat
امروز چیکار کردی؟,chitchat
لطفا سفارشم رو تعویض بزنید. به دلیل محصولات ارسالی با سفارشی که داشتم مغایرت داره,returning
آبمیوه که 13 روز پیش تحویل گرفته‌ام، نیاز به تعویض دارد و دوست داشتم که برای من آن ها را عوض بدهید.,returning
شغلتو بگو ببینم,chitchat
روغن زیتون را از سبد خریدم حذف کن,editting
با سلام، آیا می‌توانید سفارشم را که به تازگی ثبت شده است، حذف نمایید؟,deleting
کیک رو از سفارشم لغو کن,editting
آیا امکان پیگیری سفارش شماره 292 وجود دارد؟,tracking
پیاز را اشتباه به سبد خریدم افزودم لطفا دیلیت کنید.,editting
آیا سفارش 478 در حال حاضر در مسیر مقصد قرار دارد؟,tracking
از شما درخواست دارم که سفارش 1556 را لغو نمایید، زیرا اندازه اشتباهی انتخاب کردم.,deleting
آبمیوه رو پاک کن.,editting
می‌توانید پیاز را که به اشتباه به سبد اضافه شده است بردارید؟,editting
بررسی کنید ببینید سفارش 236 کجاست؟,tracking
چجوری ازت تشکر کنم,chitchat
مرغ دارای تاییدیه‌ های بین‌المللی مانند SQF است؟,inquiring
برای مهمانی، لطفاً سفارش شماره 173 را در 1400/11/6 تحویل دهید.,scheduling
می توانم یک تماس از طرف پشتیبانی مشتری داشته باشم؟,customer-service
فروش ویژه ماست در سال نو دارید؟,inquiring
13 بطری پاستا بده,buying
من می‌خواهم هویج را به صورت عمده خریداری کنم، آیا قیمت بهتری پیشنهاد می‌کنید؟,inquiring
می توانم 7 کیلوگرم از نان را رزرو کنم ؟,buying
من به دنبال گزینه‌های گیاه‌خواری هستم، به ویژه 5 بطری از پوشک بچه,buying
میخواستم سفارشم رو ساعت 5 بفرستید.,scheduling
سفارش 2129 را در تاریخ 1402/7/1 ارسال کنید.,scheduling
آیا امکان دارد دلستر را که پیش‌تر انتخاب کرده‌ام با نوشابه تعویض کنم؟,editting
من قصد دارم سفارشم را کنسل کنم، به خاطر دلایلی که می گم: جای دیگری قیمت بهتری پیدا کردم.,deleting
من به دنبال پیشنهادات ویژه برای پرتقال هستم، آیا چیزی برای ارائه دارید؟,inquiring
می‌خواهم از وضعیت فعلی سفارش شماره 1930 مطلع شوم.,tracking
می‌خواهم بدانم که آیا تخم مرغ قابلیت ارتقاء یا توسعه در آینده را دارد؟,inquiring
شب مهمونی داریم، شیر میخواستم.,buying
آیا هویج دارای گارانتی یا خدمات پس از فروش است؟,inquiring
می‌توانید یک شراب خوب پیشنهاد کنید؟ به 9 عدد برای یک مناسبت خاص نیاز دارم.,buying
می‌خواهم زمان تحویل سفارش شماره 2031 را برای 1400/1/18 تنظیم کنید.,scheduling
من برای کباب کردن نیاز به 10 گرم از شیر دارم,buying
آیا امکان مرجوع کردن برنج بعد از 4 استفاده هنوز وجود دارد؟ من کالاهایم را چند روزه که دریافت کردم ولی به دلیل دوست نداشتم این محصول رو میخواهم پس بدهم.,returning
میل شدیدی به ماهی دارم، لطفاً 5 لیتر برای من بسته‌بندی کنید. و بفرستید,buying
من قصد دارم سیر مربوط به سفارش شماره 345 را که در 1402/5/18 خریداری شده را برگشت بزنم.,returning
شما چه کار انحام میدی؟ ,chitchat
بررسی کنید ببینید سفارش 1477 کجاست؟,tracking
خرید 9 روز پیشم باید به دلیل انتخاب نادرست حذف گردد، لطفاً اقدامات لازم را انجام دهید.,deleting
منتظر تحویل سفارش شماره 739 در اولین ساعت شنبه هستم.,scheduling
می خواهم سفارش 319 رو برگردونم ,returning
آیا امکان دارد سفارش شماره 1698 را در 1403/2/4 تحویل بگیرم؟,scheduling
خیار رو از سفارشم پاک کن,editting
آیا امکان پیگیری سفارش شماره 1047 وجود دارد؟,tracking
یادم رفت، لطفا نوشابه هم به سبد خریدم اضافه کن.,buying
دوست دارم خریدی که تازه کردم را لغو کنم، جای دیگری قیمت بهتری پیدا کردم.,deleting
لطفاً فرایند پاک سفارش  342 را آغاز کنید.,deleting
برای بودجه‌ بندی، نیاز به دانستن قیمت دقیق روغن سرخ کردنی دارم.,inquiring
ماهی که 4 روز پیش خریدم الان کجاست؟ پس کی ارسال میشه؟,tracking
می توانم 3 بطری از کره را رزرو کنم ؟,buying
شبت بخیر سلام,chitchat
من به دنبال نان هستم، آیا آنها را در گرم حمل می کنید؟,buying
چه کارهایی میتوانی انجام دهی؟,chitchat
سلام و عرض ادب,chitchat
می خواهم سفارش 1901 رو تعویض کنم ,returning
قبل از تکمیل سفارش، می‌خواهم نان را از سبد خریدم پاک کنم.,editting
میشه سفارشم رو عوض کنید؟ چون محصولات قدیمی و خراب و داغون هستند,returning
سفارشم را پاک کنید، 9 روز پیش ثبت کرده بودم.,deleting
سفارشمو ساعت 1 بفرستید.,scheduling
اگر در زمان تحویل در خانه نباشم چه کنم ؟,inquiring
8 شانه از نوشابه میخواستم .,buying
چیکارا میتوانی کنی,chitchat
یا تخفیفی برای خرید عمده دارید؟ به 1 کیلو از پیاز علاقه‌مندم.,buying
سفارش شماره 1240 که 1 روز پیش برای محصول دلستر ثبت شده بود را می‌خواهم عودت بدهم چون نظرم عوض شد.,returning
میخواهم سفارشم با شماره 1194 رو برگشت بزنم,returning
آیا امکان تحویل سفارش شماره 2108 در روز یک شنبه وجود دارد؟,scheduling
سفارشم را در تاریخ 1403/10/11 بفرستید,scheduling
برای خرید بیش از 2 بسته از پیاز، آیا تخفیفی وجود دارد؟,inquiring
من را به یک متخصص وصل کن,customer-service
سفارشم را دیلیت کنید، 4 روز پیش ثبت کرده بودم.,deleting
قصد دارم سیر را به دلیل تخفیف ویژه‌ای که دیدم با دلستر تعویض کنم.,editting
پشیمون شدم سیب رو از سفارشم دیلیت کن,editting
درخواست پاک سفارش با شماره  34 را دارم، چرا که جای دیگری قیمت بهتری پیدا کردم.,deleting
پشیمون شدم ماهی رو از سفارشم پاک کن,editting
سلام روز بخیر,chitchat
سفارش شماره 371 برای پوشک بچه که در جمعه خریداری شده بود، مطابق انتظار نبود، می‌خواهم پس بدهم.,returning
میشه سفارشم رو برگشت کنید؟ چون کالاها آسیب دیده به دست بنده رسیده است,returning
آیا سفارش شماره 1128 ارسال شده است؟,tracking
وضعیت سفارش شماره 549 چیست؟,tracking
می‌توانم 9 شانه از شیر را برای خرید هفتگی‌ام رزرو کنم؟,buying
موجودی سیر هاتون چقدر است؟,inquiring
می‌توانید برنج را که به اشتباه به سبد اضافه شده است بردارید؟,editting
خدمتتون درود میفرستم,chitchat
می‌توانید سفارش شماره 461 را در ساعت 8 تحویل دهید؟,scheduling
لطفا سفارشم رو عوض بزنید. به دلیل تاریخ مصرف محصولات گذشته بود,returning
خریدم رو مرجوع کنید,returning
آیا امکان مرجوع کردن کاهو بعد از 14 استفاده هنوز وجود دارد؟ من کالاهایم را چند روزه که دریافت کردم ولی به دلیل بسته بندی ارسال بسیار بد بود میخواهم پس بدهم.,returning
آیا سفارش شماره 1530 ارسال شده است؟,tracking
لطفاً راهنمایی کنید که چگونه می‌توانم سفارش را نهایی کنم.,inquiring
آیا امکان دارد سفارش شماره 2147 را در 1400/5/29 تحویل بگیرم؟,scheduling
به دلیل کالاها آسیب دیده به دست بنده رسیده است، تصمیم دارم سفارش شماره 1430 را بازگردانم.,returning
متوجه شدم محصول سیب زمینی مورد نظرم نیست، چگونه می‌توانم آن را برگردانم؟,returning
کالاهایم را برای ساعت 11 روز یک شنبه برنامه ریزی کنید.,scheduling
من به دنبال پیشنهادات ویژه برای روغن زیتون هستم، آیا چیزی برای ارائه دارید؟,inquiring
از شما درخواست دارم که سفارش 1554 را دیلیت نمایید، زیرا به دردم نمیخوره.,deleting
چجوری میتونم کمک بگیرم؟,customer-service
می‌توانید سفارش شماره 1953 را در ساعت 4 تحویل دهید؟,scheduling
به جای پوشک بچه پیاز را در سبد خریدم قرار بده.,editting
ماهی 12 کیلو میخوام ثبت سفارش کنم,buying
میل شدیدی به کاهو دارم، لطفاً 13 کیلو برای من بسته‌بندی کنید. و بفرستید,buying
از شما درخواست دارم که سفارشم را کنسل نمایید، زیرا موجودی مالی به اندازه کافی ندارم.,deleting
آیا سفارش 943 برای ارسال آماده شده است، یا هنوز در مرحله پیش‌ارسال معطل مانده است؟,tracking
آیا می‌توانم پاستا را که پیش‌تر در سبد گذاشته‌ام با سیب تعویض کنم؟,editting
میل شدیدی به نوشابه دارم لطفاً 14 لیتر برای من بفرستید .,buying
ماهی چه تفاوت‌هایی با ماهی دارد؟,inquiring
سفارشم رو روز سه شنبه ساعت 2 ارسال کنید.,scheduling
هلو,chitchat
می‌خواهم سفارش شماره 946 را برای تحویل در روز سه شنبه تنظیم کنم.,scheduling
ماهی را به اشتباه خریداری کرده‌ام، آیا می‌توانم آن را عودت بدهم؟,returning
آیا سیب زمینی دارای گارانتی یا خدمات پس از فروش است؟,inquiring
محصول کره را از سفارشم دیلیت کن,editting
میشه به جای پنیر بهم مرغ بدی؟,editting
سفارش شماره 227 را به دلیل تاریخ مصرف محصولات گذشته بود می‌خواهم تعویض کنم.,returning
من به دنبال گزینه‌های گیاه‌خواری هستم، به ویژه 7 کیلو از رب,buying
سفارش شماره 1757 را در 1403/8/6 ثبت کردم، وضعیت آن چگونه است؟,tracking
اگر میشه این لیست از اجناس رو بفرست برای من,finishing
ممنونم، همین موارد رو میخواستم فقط,finishing
سفارشم با شماره 1304 را رهیابی کنید.,tracking
سفارشم را قبل از ساعت 2 روز چهارشنبه تحویل دهید ,scheduling
12 لیتر از پنیر میخواستم .,buying
میشه از موجودی و اطلاعات محصول مرغ مطلع شوم؟,inquiring
پشیمان شدم لطفا سفارشم را کنسل کن,deleting
میخواستم بدونم آیا 11 تا پوشک بچه موجود هست؟,inquiring
می‌خواهم سیب را از سبد خریدم دیلیت کنم و به جای آن نوشابه اضافه نمایم.,editting
میخواستم خریدم ساعت 3 فرستاده بشود.,scheduling
آیا برای مشتریان دائمی مانند من، تخفیف خاصی برای ماهی در نظر گرفته‌اید؟,inquiring
من به کمی تجدید نظر نیاز دارم، آیا دامنه تغییر پیش پرداخت سبدهای باز را پوشش می دهد؟,inquiring
باید سفارش 650 رو عودت بدهم ,returning
می‌خواهم از وضعیت فعلی سفارش شماره 1819 مطلع شوم.,tracking
خرید 3 روز پیشم باید به دلیل انتخاب نادرست حذف گردد، لطفاً اقدامات لازم را انجام دهید.,deleting
متوجه شدم محصول کاهو مورد نظرم نیست، چگونه می‌توانم آن را برگردانم؟,returning
سفارش شماره 625 را در 1401/7/10 ثبت کردم، وضعیت آن چگونه است؟,tracking
می‌خواهم بدانم مرغ چه امتیازاتی نسبت به کالاهای مشابه دارد.,inquiring
لطفا سفارش من را برگردونید. من این کالاها کیفیت بسیار پایین کالاهای ارسالی رو نمیخوام.,returning
من به دنبال نان هستم، آیا آنها را در کیلوگرم حمل می کنید؟,buying
از شما درخواست دارم که سفارشم را لغو نمایید، زیرا موجودی مالی به اندازه کافی ندارم.,deleting
سفارشم را دیلیت کنید، 12 روز پیش ثبت کرده بودم.,deleting
نیاز دارم سفارش 918 که روز پنج شنبه را حذف کنید.,deleting
می‌خواهم دلستر خریداری شده با سفارش شماره 1301 در 1400/1/27 را به دلیل تاریخ مصرف کالای ارسالی گذشته است برگردانم.,returning
میل شدیدی به خیار دارم لطفاً 4 کیلو برای من بفرستید .,buying
لطفاً سفارش شماره 1412 را برای تاریخ 1403/4/10، ساعت 2 آماده کنید.,scheduling
اسمت چیه؟,chitchat
آیا می توانم 3 بطری از مرغ را داشته باشم؟,buying
می‌خواهم از قیمت روز کیک مطلع شوم، آیا می‌ توانید کمک کنید؟,inquiring
چگونه میتوانم سوالات رایج بپرسم؟,inquiring
لطفاً سفارش من با شماره 542 را دیلیت کنید.,deleting
آیا کیک شما تازه است؟ من 6 گرم می خواهم.,buying
آیا امکان دارد سفارش شماره 143 را در 1403/12/28 تحویل بگیرم؟,scheduling
میشه قیمت پوشک بچه رو بدونم؟,inquiring
سفارش 1102 را در تاریخ 1403/5/12 ارسال کنید.,scheduling
6 کیلو تخم مرغ,buying
میخواستم درخواست بازپرداخت سفارشم را بکنم چون محصولات ارسالی با سفارشی که داشتم مغایرت داره,returning
سفارشم رو روز شنبه ساعت 6 ارسال کنید.,scheduling
محصولی که دریافت کردم خرابه چه کار بکنم؟,inquiring
سلام حالت چطوره؟,chitchat
پس چرا سفارشم نمیرسه؟ باید حتما تا جمعه به دستم برسونیدش.,tracking
7 عدد کیک میخواستم .,buying
من علاقه‌مند به برنامه‌ریزی تحویل سفارش شماره 1542 برای تاریخ 1400/5/21 هستم.,scheduling
میخواستم قیمت محصولات مقابل رو بدونم: 2 بسته ماست و 2 بسته ماست,inquiring
من می خواهم 1 تا از نوشابه را دریافت کنم.,buying
میخواستم کل سفارشم را حذف کنم چون پشیمان شدن از خرید,deleting
حال و احوالت چطوره,chitchat
به دلیل یک خطای ناخواسته، سفارشی با شماره  1521 ثبت شده است. خواهشمند است آن را پاک فرمایید.,deleting
ماست را به اشتباه خریداری کرده‌ام، آیا می‌توانم آن را بازگردانم؟,returning
آیا سفارش شماره 796 که شامل ماهی بود آماده ارسال شده است؟,tracking
آیا می توانم برای سفارش خود زمان تحویل مشخصی درخواست کنم؟,inquiring
اگر بخواهم چیزی را تعویض کنم، می‌توانم انتخاب‌های محصول را در سبد خریدم تغییر دهم؟,inquiring
اسمتو بگو ببینم,chitchat
پس از ثبت سفارش 418 در 1403/3/19، کنجکاوم که پیشرفت آن چگونه است. آخرین گزارش چیست؟,tracking
من قصد دارم سفارشم را دیلیت کنم، به خاطر دلایلی که می گم: محصول مورد نظر را در جای دیگری یافتم.,deleting
آیا ماست در حال حاضر در انبار موجود است؟,inquiring
لطفاً سیب را که در سبد خریدم است با پوشک بچه به‌روزرسانی کنید.,editting
آیا امکان پیگیری سفارش شماره 2016 وجود دارد؟,tracking
به 11 تا از پرتقال علاقه مندم .,buying
آیا امکان دارد سفارش شماره 623 را در 1403/3/2 تحویل بگیرم؟,scheduling
میشه به جای برنج بهم 3 تا روغن سرخ کردنی بدی؟,editting
از خریدی که روز سه شنبه داشتم پشیمان شدم، کنسل کنید.,deleting
آیا باید مدارکی برای بازگرداندن کالا ارائه کنم؟,inquiring
نیاز دارم سفارش 1353 که روز سه شنبه را لغو کنید.,deleting
آیا سفارش 268 در حال حاضر در مسیر مقصد قرار دارد؟,tracking
من قصد دارم سفارشم را حذف کنم، به خاطر دلایلی که می گم: از مکان دیگری میخواهم خرید کنم.,deleting
شغلتون چیه؟,chitchat
به 2 بسته از گوجه فرنگی نیاز دارم.,buying
برای درست کردن سالاد شیرازی 3 عدد سیر میخواستم.,buying
اصل میدی؟,chitchat
سیب رو به سبد خریدم اضافه کنید.,buying
میشه برام 2 بطری پیاز ثبت سفارش کنی.,buying
میخواستم درخواست بازپرداخت سفارشم را بکنم چون تاریخ مصرف کالای ارسالی گذشته است,returning
سفارشم کجاست؟,tracking
میشه سفارشم رو عوض کنید؟ چون از خریدم پشیمان شدم.,returning
به جای 6 بطری گوشت لطفا 6 بطری هویج بدهید.,editting
لطفاً تعداد برنج در سبد خریدم را از 11 به 11 تغییر دهید.,editting
سفارش 387 را در تاریخ 1403/12/30 ارسال کنید.,scheduling
آیا پشتیبانی مشتری موجود است؟,customer-service
سفارش شماره 1995 را دیلیت,deleting
می‌خواهم بدانم کیک چه امتیازاتی نسبت به کالاهای مشابه دارد.,inquiring
میل شدیدی به برنج دارم، لطفاً 13 لیتر برای من بسته‌بندی کنید. و بفرستید,buying
بدرود,chitchat
درخواست تعویض سفارش 1964 رو دارم .,returning
قصد دارم هویج را به دلیل تخفیف ویژه‌ای که دیدم با پرتقال تعویض کنم.,editting
به مناسبت عید، آیا سفره‌ی تخفیفات پوشک بچه پهن است؟,inquiring
خریدم رو پاک کنید,deleting
کره برام بفرستید .,buying
برای خرید نان در این روزها، آیا پیشنهاد ویژه‌ای دارید؟,inquiring
سپاسگزارم,chitchat
شب مهمونی داریم، سیب میخواستم.,buying
ساعات کار پاسخ گویی به مشتری چگونه است؟,inquiring
مرسی,chitchat
من تصادفاً اندازه کالایم را اشتباه سفارش دادم. میتونم عوضش کنم؟,inquiring
می‌خواهم خیار را که فراموش کرده‌ام به سبد خرید اضافه کنم.,buying
قبل از تکمیل سفارش، می‌خواهم رب را به دلیل تغییر قیمت از سبد خریدم پاک کنم.,editting
سفارشم را حذف کنید، 5 روز پیش ثبت کرده بودم.,deleting
لطفا سفارش من را برگردونید. من این کالاها اشتباه خرید کردم رو نمیخوام.,returning
سلام، خوب هستید؟,chitchat
سفارشمو ساعت 10 بفرستید .,scheduling
آیا سفارش شماره 1846 که شامل دلستر بود آماده ارسال شده است؟,tracking
گوشت میخواستم .,buying
نان رو حذف کن.,editting
خدا یار و همراه شما,chitchat
سفارشم را قبل از ساعت 7 روز دوشنبه تحویل دهید ,scheduling
میشه سفارشم رو تعویض کنید؟ چون محصولات قدیمی و خراب و داغون هستند,returning
مغازه شما چه روش های پرداختی را پشتیبانی می کند؟,inquiring
من این هفته فقط دوشنبه خونه هستم، لطفا سفارشم را در آن زمان ارسال کنید.,scheduling
آیا می توانم درمورد درخواست های خود به پشتیبانی مشتری ایمیل بزنم؟,customer-service
گوشت که 6 روز پیش تحویل گرفته‌ام، نیاز به تعویض دارد و دوست داشتم که برای من آن ها را مرجوع بدهید.,returning
قصد دارم نان را به دلیل تخفیف ویژه‌ای که دیدم با گوشت تعویض کنم.,editting
سفارشم را در تاریخ 1401/8/1 بفرستید,scheduling
آیا امکان دارد شیر را که پیش‌تر انتخاب کرده‌ام با ماهی تعویض کنم؟,editting
خدا یار و نگهدار,chitchat
سوالاتی راجع به کالای کیک دارم.,inquiring
می‌خواهم سیب زمینی که در تاریخ 1403/11/15 خریداری کردم را برگشت بزنم.,returning
آیا امکان پیگیری سفارش شماره 2284 وجود دارد؟,tracking
درود بر شما,chitchat
می‌خواهم کاهو را که در سبد خریدم قرار داده‌ام به دلیل تغییر نظرم دیلیت کنم.,editting
میشه به من اسمت رو بگی و خودت رو معرفی بکنی؟,chitchat
امکان تغییر بازه ارسال سفارشات حضوری وجود دارد ؟ ,inquiring
شغلت چیه؟,chitchat
آیا می توانم از طریق پیام رسان ها به پشتیبانی مشتری برسم؟,customer-service
 بچه‌های من گوشت شما را دوست دارند، می‌توانید 3 بطری برای من کنار بگذارید؟,buying
سفارش شماره 1881 را به دلیل اشتباه خرید کردم می‌خواهم پس بفرستم.,returning
سفارش شماره 35 را حذف,deleting
خوبی؟,chitchat
میشه به جای گوشت بهم 8 کیلو پرتقال بدی؟,editting
به طور تصادفی یک سفارش با شماره 2305 ثبت کردم. لطفاً آن را پاک کنید.,deleting
کالاهایم را برای ساعت 2 روز پنج شنبه برنامه ریزی کنید.,scheduling
من قصد دارم سفارشم را دیلیت کنم، به خاطر دلایلی که می گم: اندازه اشتباهی انتخاب کردم.,deleting
آیا آدرس ایمیل خاصی برای انواع مختلف استعلام وجود دارد؟,inquiring
درخواست تعویض سفارش شماره 1734 رو دارم.,returning
اشتباهاتی در سفارشم وجود دارد لطفا من را به پشتیبانی سفارش وصل کن,customer-service
می‌خواهم خیار را که در سبد خریدم قرار داده‌ام به دلیل تغییر نظرم کنسل کنم.,editting
می‌توانید پاستا را که به اشتباه به سبد اضافه شده است بردارید؟,editting
نان چه تفاوت‌هایی با نان دارد؟,inquiring
پشتیبانی برای عیب یابی مشکلات شبکه یا اتصال وجود دارد؟,customer-service
پشیمون شدم تخم مرغ رو از سفارشم حذف کن,editting
دلیل اینهمه تاخیر چیه؟ شیر من الان دقیقا در چه وضعیتی است؟,tracking
لطفاً روغن زیتون را که در سبد خریدم است با ماهی به‌روزرسانی کنید.,editting
میشه پیگیری کنید ببینید سفارش من دقیقا کجا هست. شماره سفارشم: 2008,tracking
خرید 1 روز پیشم باید به دلیل انتخاب نادرست حذف گردد، لطفاً اقدامات لازم را انجام دهید.,deleting
میخواهم سفارشم با شماره 1276 رو بازگردانم,returning
می‌خواهم خریدم را به دلیل به دردم نمیخوره خط بزنم.,deleting
درخواست برگشت سفارش 747 رو دارم .,returning
سفارش شماره 1587 که 12 روز پیش برای محصول تخم مرغ ثبت شده بود را می‌خواهم برگشت بزنم چون تاریخ مصرف محصولات گذشته بود.,returning
آیا پیاز دارای گارانتی یا خدمات پس از فروش است؟,inquiring
برای خرید گوجه فرنگی در این روزها، آیا پیشنهاد ویژه‌ای دارید؟,inquiring
سفارش شماره 2262 برای سیب که 2 روز پیش تحویل گرفته‌ام، می‌خواهم عودت بدهم.,returning
من به پاستا، به ویژه 3 لیتر نیاز دارم.,buying
لطفاً فرایند لغو سفارش  1482 را آغاز کنید.,deleting
متوجه شدم محصول روغن سرخ کردنی مورد نظرم نیست، چگونه می‌توانم آن را بازگردانم؟,returning
آیا روغن سرخ کردنی دارای گارانتی یا خدمات پس از فروش است؟,inquiring
می‌توانید مرغ را که در حال حاضر نیازی به آن ندارم از سبد خریدم بردارید؟,editting
آیا روش های نوین پرداخت مانند رمزارز را قبول می کنید؟,inquiring
آیا گوشت حاوی موادی است که ممکن است باعث حساسیت در افراد با شرایط افراد دیابیتی  شود؟,inquiring
میشه سفارش 2263 را پیگیری کنید.,tracking
مرسی خوب شد صحبت کردیم,chitchat
آیا می‌ توانید سفارشم را قبل از ساعت 7 روز پنج شنبه تحویل دهید؟,scheduling
12 گرم پوشک بچه میخواستم .,buying
تحویل اکسپرس چیست ؟ ,inquiring
سلامی دوباره خدمت تو,chitchat
شنیده‌ام بهترین روغن سرخ کردنی شهر را دارید، لطفاً 2 شانه برای من بگذارید.,buying
دستور پخت من نیاز به 12 بطری از روغن سرخ کردنی دارد، آیا موجود است؟,buying
آیا امکان پس دادن شیر با سفارش شماره 305 پس از 12 استفاده هنوز وجود دارد؟,returning
خودتو معرفی می‌کنی؟,chitchat
سفارشم را قبل از ساعت 1 روز سه شنبه تحویل دهید ,scheduling
آیا می توانم برای درخواست صورتحساب یا پرداخت با پشتیبانی تماس بگیرم؟,customer-service
سلام، چطوری؟,chitchat
لطفاً روغن سرخ کردنی را که در سبد خریدم است با روغن زیتون به‌روزرسانی کنید.,editting
آیا سفارش 941 در حال حاضر در مسیر مقصد قرار دارد؟,tracking
من رژیم دارم و نیاز به 14 کیلوگرم از پوشک بچه کم‌چرب دارم.,buying
2 لیتر از آبمیوه میخواستم .,buying
آیا روغن سرخ کردنی در طیف وسیعی از مدل‌ها و طرح‌ها در دسترس است؟,inquiring
کالاهایی که ارسال شده است بسیار آسیب دیده اند، لطفا مرجوع کنید,returning
می‌خواهم نان که در تاریخ 1400/7/6 خریداری کردم را عودت بدهم.,returning
به جای نوشابه ماست را در سبد خریدم قرار بده.,editting
به جای 6 کیلو هویج لطفا 7 کیلو کاهو بهم بده,editting
می‌خواهم سیر را به دلیل تغییر در برنامه غذایی‌ام از سبد خرید کنسل کنم.,editting
آیا سفارش شماره 801 که شامل پنیر بود آماده ارسال شده است؟,tracking
به موارد زیر نیاز دارم 9 تا از نوشابه .,buying
می‌خواهم پنیر را که در سبد خریدم قرار داده‌ام به دلیل تغییر نظرم پاک کنم.,editting
آیا امکان پس دادن گوجه فرنگی با سفارش شماره 39 پس از 13 استفاده هنوز وجود دارد؟,returning
آیا محصولات ارگانیک ارائه می‌دهید ؟,inquiring
کالایی که به دستم رسیده معیوب است، میخواستم که برگردونم,returning
سفارش من رو ثبت کن,finishing
آیا سفارش شماره 709 ارسال شده است؟,tracking
آیا سفارش شماره 1293 در مسیر ارسال است؟,tracking
میخواهم پوشک بچه را از سفارشم دیلیت کنم.,editting
آیا امکان مرجوع کردن سیر بعد از 13 استفاده هنوز وجود دارد؟ من کالاهایم را چند روزه که دریافت کردم ولی به دلیل اشتباه خرید کردم میخواهم پس بدهم.,returning
ثبت سفارش کنید. سفارش من تموم شده است.,finishing
سفارش شماره 2176 که 11 روز پیش برای محصول تخم مرغ ثبت شده بود را می‌خواهم تعویض کنم چون دوست نداشتم این محصول رو.,returning
تمایل دارم از به‌روزرسانی‌های مربوط به مرحله‌ای که سفارش 1673 در آن قرار دارد مطلع شوم. آخرین وضعیت سفارش چیست؟,tracking
لطفاً فرایند دیلیت سفارش  1534 را آغاز کنید.,deleting
آیا سفارش 662 در حال حاضر در مسیر مقصد قرار دارد؟,tracking
آیا گزینه پشتیبانی فوری برای امور مهم وجود دارد؟,customer-service
پس از ثبت سفارش 1691 در 1400/2/19، کنجکاوم که پیشرفت آن چگونه است. آخرین گزارش چیست؟,tracking
آیا سیر حاوی موادی است که ممکن است باعث حساسیت در افراد با شرایط چربی 0 درصد داشتن  شود؟,inquiring
منتظر تحویل سفارش شماره 1161 در اولین ساعت سه شنبه هستم.,scheduling
سلام، حالت خوبه؟,chitchat
میشه از موجودی و اطلاعات محصول نان مطلع شوم؟,inquiring
برای مهمانی، لطفاً سفارش شماره 593 را در 1402/6/17 تحویل دهید.,scheduling
آیا پشتیبانی مشتری در تعطیلات آخر هفته یا تعطیلات در دسترس است؟,customer-service
می‌توانید سفارش شماره 2022 را در ساعت 1 تحویل دهید؟,scheduling
آیا سفارش شماره 961 در مسیر ارسال است؟,tracking
لطف کردی,chitchat
می‌توانید یک شراب خوب پیشنهاد کنید؟ به 8 کیلوگرم برای یک مناسبت خاص نیاز دارم.,buying
من می خواهم 13 عدد از پرتقال را دریافت کنم.,buying
مراحل تایید و ثبت سفارش را می‌خواهم دنبال کنم، از کجا شروع کنم؟,inquiring
سفارشم را قبل از ساعت 6 روز یک شنبه تحویل دهید ,scheduling
سفارشم رو روز جمعه ساعت 1 ارسال کنید.,scheduling
میشه پوشک بچه رو از سفارشم حذف کنی؟,editting
می‌خواهم از وضعیت فعلی سفارش شماره 1868 مطلع شوم.,tracking
آیا می‌توانم در مورد زمان تقریبی رسیدن بسته‌ام با کد پیگیری 1900 جویا شوم؟,tracking
بررسی کنید ببینید سفارش 1120 کجاست؟,tracking
به دنبال آگاهی در مورد وضعیت فعلی سفارش با شناسه 2215 هستم.,tracking
می‌خواهم شیر را از سبد خریدم پاک کنم و به جای آن آبمیوه اضافه نمایم.,editting
درخواست عوض سفارش شماره 334 رو دارم.,returning
می‌خواهم زمان تحویل سفارش شماره 170 را برای 1403/11/18 تنظیم کنید.,scheduling
پس از ثبت سفارش 779 در 1400/10/14، کنجکاوم که پیشرفت آن چگونه است. آخرین گزارش چیست؟,tracking
لطفاً سفارش من با شماره 258 را حذف کنید.,deleting
من نیاز به 12 کیلو از دلستر دارم .,buying
به چه کاری مشغولی؟,chitchat
می‌خواهم ماست را به دلیل تغییر در برنامه غذایی‌ام از سبد خرید دیلیت کنم.,editting
می‌خواهم یک وعده غذایی قورمه سبزی آماده کنم، به 6 لیتر از پاستا درجه یک نیاز دارم.,buying
روزت بخیر و شادی,chitchat
سیب هاتون ساخت چه کشوری هست؟,inquiring
تخفیف میخواستم,inquiring
می‌خواهم سفارش شماره 2283 را برای تحویل در روز سه شنبه تنظیم کنم.,scheduling
لطفاً سفارش شماره 805 را برای تاریخ 1403/3/17 آماده کنید.,scheduling
می‌خواهم تخم مرغ را به دلیل تغییر در برنامه غذایی‌ام از سبد خرید حذف کنم.,editting
خرید های من همینا بود لطفا برایم ارسال کنید.,finishing
به دلیل یک خطای ناخواسته، سفارشی با شماره  1252 ثبت شده است. خواهشمند است آن را کنسل فرمایید.,deleting
با سلام، آیا می‌توانید سفارشم را که به تازگی ثبت شده است، کنسل نمایید؟,deleting
آیا می‌توانید وضعیت کنونی سفارش با شماره 489 را روشن سازید؟,tracking
می‌خواهم اطلاعاتی در مورد فلسفه تولید و زنجیره تامین نوشابه به دست آورم.,inquiring
بررسی کنید ببینید سفارش 192 کجاست؟,tracking
لطفاً فرایند دیلیت سفارش  1174 را آغاز کنید.,deleting
سفارشم را حذف کنید، 3 روز پیش ثبت کرده بودم.,deleting
کالاهایم را برای ساعت 5 روز پنج شنبه برنامه ریزی کنید.,scheduling
میشه برنج رو از سفارشم پاک کنی؟,editting
پوشک بچه که 13 روز پیش خریدم الان کجاست؟ پس کی ارسال میشه؟,tracking
آیا امکان دارد سیر را که پیش‌تر انتخاب کرده‌ام با دلستر تعویض کنم؟,editting
لطفا سفارش من را برگردونید. من این کالاها بسته بندی ارسال بسیار بد بود رو نمیخوام.,returning
خیار رو موجود دارید؟ ,inquiring
درخواست عودت سفارش شماره 1403 رو دارم.,returning
یکم از کالا کاهو بهم بگو,inquiring
11 بسته,buying
آیا مواردی وجود دارد که قابل بازگشت نباشد؟,inquiring
منتظر تحویل سفارش شماره 803 در اولین ساعت پنج شنبه هستم.,scheduling
میشه قیمت هویج رو بدونم؟,inquiring
می‌خواهم خیار را از سبد خریدم لغو کنم و به جای آن خیار اضافه نمایم.,editting
خریدام تموم شد.,finishing
پس چرا سفارشم نمیرسه؟ باید حتما تا دوشنبه به دستم برسونیدش.,tracking
آیا امکان پیگیری سفارش شماره 1950 وجود دارد؟,tracking
لطفاً سفارش شماره 619 را برای تاریخ 1400/4/24 آماده کنید.,scheduling
من باید یک مورد را تغییر دهم - آیا سیاست پیش خرید سبدهای ویرایش را پوشش می دهد؟,inquiring
قصد دارم کره را با کاهو جایگزین کنم، لطفاً راهنمایی کنید.,editting
باید با پشتیبانی محصول صحبت کنم، سفارشم اشتباه ارسال شده است.,customer-service
روغن زیتون را به اشتباه خریداری کرده‌ام، آیا می‌توانم آن را برگشت بزنم؟,returning
من علاقه‌مند به برنامه‌ریزی تحویل سفارش شماره 1084 برای تاریخ 1401/8/10 هستم.,scheduling
به جای 4 بسته شیر لطفا 9 بسته تخم مرغ بهم بده,editting
ظهرت بخیر,chitchat
آیا امکان تحویل سفارش شماره 373 در روز شنبه وجود دارد؟,scheduling
کالای سیر گارانتی دارد؟,inquiring
آیا در صورت خرابی کالا سفارش مرجوعه را قبول میکنید؟,inquiring
پس از ثبت سفارش 961 در 1403/8/30، کنجکاوم که پیشرفت آن چگونه است. آخرین گزارش چیست؟,tracking
دلستر که 6 روز پیش خریدم الان کجاست؟ پس کی ارسال میشه؟,tracking
نیاز دارم سفارش 1146 که روز چهارشنبه را دیلیت کنید.,deleting
میل شدیدی به دلستر دارم لطفاً 1 بطری برای من بفرستید .,buying
می‌خواهم سفارش شماره 1560 که محصول پنیر را در تاریخ 1401/11/8 خریداری کردم را عودت بدهم.,returning
آیا برای جشن تخفیفات زمستانی، جعبه‌ی سورپرایز تخفیفی برای محصول روغن سرخ کردنی دارید؟,inquiring
آیا امکان پیگیری سفارش شماره 638 وجود دارد؟,tracking
لطفاً سفارش شماره 1533 را برای تاریخ 1403/11/1، ساعت 4 آماده کنید.,scheduling
سلام، امروز چطوری؟,chitchat
پرتقال را به اشتباه خریداری کرده‌ام، آیا می‌توانم آن را تعویض کنم؟,returning
خریدم رو حذف کنید,deleting
سفارشم به دستم رسید الان، اما به خاطر کالاها آسیب دیده به دست بنده رسیده است میخواهم سفارشم رو عوض بزنید,returning
سفارش شماره 1671 را به دلیل محصولات قدیمی و خراب و داغون هستند می‌خواهم پس بدهم.,returning
از شما درخواست دارم که سفارشم را دیلیت نمایید، زیرا از مکان دیگری میخواهم خرید کنم.,deleting
خریدم رو تعویض کنید,returning
مقدار پنیر رو 7 شانه کنید,editting
خریدم رو تعویض بزنید,returning
سفارشم به دستم رسید الان، اما به خاطر تاریخ مصرف محصولات گذشته بود میخواهم سفارشم رو عودت بزنید,returning
آیا کیک در رنگ‌های دیگری نیز موجود است؟,inquiring
من قصد دارم کره مربوط به سفارش شماره 1276 را که در 1402/11/2 خریداری شده را مرجوعی ثبت کنم.,returning
شاد و شاداب هستید؟,chitchat
میخواستم خریدم ساعت 2 فرستاده بشود.,scheduling
آیا نوشابه در راستای پایداری و مسئولیت‌های اجتماعی شرکت تولید کننده طراحی شده است؟,inquiring
"به دلیل دوست نداشتم این محصول رو, می‌خواهم دلستر خریداری شده مورخ 1401/10/9 را پس بدهم.",returning
من به دنبال پیشنهادات ویژه برای مرغ هستم، آیا چیزی برای ارائه دارید؟,inquiring
"به دلیل از خریدم پشیمون شدم, می‌خواهم کیک خریداری شده مورخ 1402/12/28 را برگردونم.",returning
خریدم رو برگشت بزنید,returning
لطفاً سفارش شماره 163 را برای تاریخ 1401/5/2، ساعت 1 آماده کنید.,scheduling
دلستر را با پیاز در سبد خریدم عوض کن.,editting
من برای کباب کردن نیاز به 2 گرم از سیب زمینی دارم,buying
آیا سفارش شماره 1017 در مسیر ارسال است؟,tracking
میشه برام 9 کیلو پاستا ثبت سفارش کنی .,buying
آیا می توانم خرید خود را اصلاح کنم زیرا ارسال یا تکمیل نشده است؟,inquiring
میشه برام 8 تا پیاز ثبت سفارش کنی.,buying
باید با پشتیبانی سفارشات صحبت کنم,customer-service
آیا سفارش 1804 برای ارسال آماده شده است، یا هنوز در مرحله پیش‌ارسال معطل مانده است؟,tracking
سلام,chitchat
موفق باشی خدافظ,chitchat
زمان تقریبی تحویل سفارش شماره 1243 را می‌توانید بگویید؟ من 2 روز پیش این سفارشو ثبت کرده بودم,tracking
به دلیل کالاها آسیب دیده به دست بنده رسیده است، تصمیم دارم سفارش شماره 772 را بازگردانم.,returning
من قصد دارم پیاز خریداری شده در 1400/7/22 را به دلیل دوست نداشتم این محصول رو برگردانم.,returning
مقدار گوجه فرنگی رو 5 بطری کنید,editting
درخواست برگشت سفارش 2093 رو دارم .,returning
متأسفانه باید از شما بخواهم که خریدم را پاک کنید، زیرا اشتباه ثبت کردم.,deleting
مقدار کالای روغن زیتون را از 2 شانه به 2 شانه اصلاح کنید.,editting
به طور تصادفی یک سفارش با شماره 2020 ثبت کردم. لطفاً آن را کنسل کنید.,deleting
من این هفته فقط پنج شنبه خونه هستم، لطفا سفارشم را در آن زمان ارسال کنید.,scheduling
یادم رفت، لطفا کاهو هم به سبد خریدم اضافه کن.,buying
لطفاً ماست را که در سبد خریدم قرار دارد با نوشابه به‌روزرسانی کنید، چون تازه‌تر است.,editting
سفارشم را قبل از ساعت 9 روز پنج شنبه تحویل دهید ,scheduling
میشه قیمت روغن زیتون رو بدونم؟,inquiring
"به دلیل تاریخ مصرف محصولات گذشته بود, می‌خواهم گوشت خریداری شده مورخ 1400/8/10 را برگردانم.",returning
خریدم رو لغو کنید,deleting
منتظر تحویل سفارش شماره 1567 در اولین ساعت چهارشنبه هستم.,scheduling
آیا امکان پیگیری سفارش شماره 966 وجود دارد؟,tracking
میخواستم بدونم سفارشی که ثبت کردم تا پنج شنبه به دستم میرسه یا نه؟,tracking
می‌خواهم شیر که در تاریخ 1401/4/4 خریداری کردم را پس بدهم.,returning
می‌خواهم بدانم که آیا نان قابلیت ارتقاء یا توسعه در آینده را دارد؟,inquiring
می‌خواهم نان را که در سبد خریدم قرار داده‌ام به دلیل تغییر نظرم دیلیت کنم.,editting
آیا بهینه سازی محتوای سفارش باز من تا زمانی که نهایی نشده باشد مجاز است؟,inquiring
کالاهایم را برای ساعت 8 روز جمعه برنامه ریزی کنید.,scheduling
قصد دارم تخم مرغ را به دلیل تخفیف ویژه‌ای که دیدم با کاهو تعویض کنم.,editting
مقدار کالای پرتقال را از 14 تا به 8 تا اصلاح کنید.,editting
خرید 4 روز پیشم باید به دلیل انتخاب نادرست پاک گردد، لطفاً اقدامات لازم را انجام دهید.,deleting
می‌خواهم گوجه فرنگی را از سبد خریدم دیلیت کنم و به جای آن گوجه فرنگی اضافه نمایم.,editting
اطلاعات بیشتری از پاستا هاتون میخوام بدونم.,inquiring
زمان تقریبی تحویل سفارش شماره 502 را می‌توانید بگویید؟ من 4 روز پیش این سفارشو ثبت کرده بودم,tracking
سفارش من با شماره 1887 باید دیلیت شود، چون تغییرات برنامه‌ریزی داشتم.,deleting
منتظر تحویل سفارش شماره 252 در اولین ساعت جمعه هستم.,scheduling
می‌خواهم اطلاعاتی در مورد ترکیبات و مواد استفاده شده در شیر بدانم.,inquiring
زمان تقریبی تحویل سفارش شماره 794 را می‌توانید بگویید؟ من 4 روز پیش این سفارشو ثبت کرده بودم,tracking
میخواستم سفارشم رو ساعت 9 بفرستید.,scheduling
میشه آبمیوه رو پاک کنی؟,editting
تا چه زمانی میتوانم کالایم را عودت بدهم؟,inquiring
 بچه‌های من مرغ شما را دوست دارند، می‌توانید 3 بسته برای من کنار بگذارید؟,buying
روغن زیتون 3 بطری میخواستم بخرم,buying
آیا گوجه فرنگی برای افرادی با شرایط خاص مانند افراد دیابیتی مناسب است؟,inquiring
من قصد دارم سفارشم را خط بزنم، به خاطر دلایلی که می گم: اندازه اشتباهی انتخاب کردم.,deleting
آیا 12 عدد از پرتقال دارید ؟,buying
سفارش شماره 1154 برای کیک که در شنبه خریداری شده بود، مطابق انتظار نبود، می‌خواهم پس بفرستم.,returning
کاهو 5 بطری میخواستم بخرم,buying
میشه پیگیری کنید ببینید سفارش من دقیقا کجا هست. شماره سفارشم: 1343,tracking
سفارش شماره 2152 را در 1400/6/22 ثبت کردم، وضعیت آن چگونه است؟,tracking
می‌توانید سفارشم را حذف کنید؟ دیگر به آن احتیاجی ندارم.,deleting
درخواست عوض سفارش 697 رو دارم .,returning
من قصد دارم سفارشم را کنسل کنم، به خاطر دلایلی که می گم: توانایی مالی به اندازه کافی ندارم.,deleting
وضعیت سفارش شماره 2285 چیست؟,tracking
به مناسبت تعطیلات تابستانی، آیا سفره‌ی تخفیفات پاستا پهن است؟,inquiring
برای بچه کوچیکم مقداری خوراکی می خواستم، روغن سرخ کردنی دارید؟,buying
آیا می‌توانم در مورد زمان تقریبی رسیدن بسته‌ام با کد پیگیری 260 جویا شوم؟,tracking
سفارش شماره 936 را لغو,deleting
آیا می‌توانید وضعیت کنونی سفارش با شماره 576 را روشن سازید؟,tracking
وظیفه شما در اینجا چیست؟,chitchat
می‌خواهم از وضعیت فعلی سفارش شماره 1780 مطلع شوم.,tracking
آیا می‌توانم سفارش شماره 1636 را برای تحویل در ساعت 4 رزرو کنم؟,scheduling
می‌خواهم سیر را که فراموش کرده‌ام به سبد خرید اضافه کنم.,buying
میشه این اجناسی که گفتم رو برای من آماده کنی و بفرستی,finishing
میخواستم که خریدم را پس بدهم کنم و روند بازپرداخت سفارشم را شروع کنم.,returning
به دلیل نظرم عوض شد، تصمیم دارم سفارش شماره 127 را مرجوع کنم.,returning
من به دنبال گزینه‌های گیاه‌خواری هستم، به ویژه 8 کیلو از کیک,buying
سفارشم را در تاریخ 1403/11/1 بفرستید,scheduling
پنیر رو موجود دارید؟ ,inquiring
من رژیم دارم و نیاز به 1 بطری از پنیر کم‌چرب دارم.,buying
3 شانه,buying
کیفیت برنج چجوری هست؟,inquiring
نیاز دارم سفارش 1682 که روز پنج شنبه را حذف کنید.,deleting
من مشتاقم تا دریابم آیا سفارش 308 ارسال شده است.,tracking
هلو عزیزم,chitchat
آیا می‌توانم در مورد زمان تقریبی رسیدن بسته‌ام با کد پیگیری 1612 جویا شوم؟,tracking
آیا می توانم از نماینده پشتیبانی مشتری درخواست تماس بکنم؟,customer-service
انتخاب‌ هایم را به پایان رسانده‌ام و مایل به ثبت سفارش هستم، مرحله بعدی چیست؟,finishing
آیا تخفیفی برای خرید نان در روز سه شنبه وجود دارد؟,inquiring
خواهشمندم، زمان انتظار برای تکمیل تحویل سفارش 2326 چه موقع خواهد بود؟,tracking
می‌توانید سفارشم را لغو کنید؟ به دردم نمیخوره.,deleting
آیا می‌توانم در مورد زمان تقریبی رسیدن بسته‌ام با کد پیگیری 1853 جویا شوم؟,tracking
می‌خواهم بدانم سفارش شماره 1799 در کدام مرحله از فرآیند قرار دارد.,tracking
درخواست دیلیت سفارش با شماره  1939 را دارم، چرا که اشتباه ثبت کردم.,deleting
دلیل اینهمه تاخیر چیه؟ سیب زمینی من الان دقیقا در چه وضعیتی است؟,tracking
آیا تخم مرغ را می‌توان با تخم مرغ ترکیب کرد؟,inquiring
سفارشم به دستم رسید الان، اما به خاطر جنس هایی فرستادید خراب بودند میخواهم سفارشم رو برگشت بزنید,returning
آیا سفارش شماره 1539 ارسال شده است؟,tracking
مچکرم از لطفتون,chitchat
می‌خواهم سفارش شماره 1519 که محصول سیب زمینی را در تاریخ 1403/2/5 خریداری کردم را پس بدهم.,returning
میخواستم سفارشم رو مرجوع بزنم به دلیل نظرم عوض شد,returning
من علاقه‌مند به برنامه‌ریزی تحویل سفارش شماره 215 برای تاریخ 1401/3/18 هستم.,scheduling
از خریدی که روز دوشنبه داشتم پشیمان شدم، دیلیت کنید.,deleting
من می‌خواهم اسموتی درست کنم و به 1 کیلوگرم از آبمیوه مخلوط نیاز دارم.,buying
من می‌خواهم یک دستور پخت جدید را امتحان کنم که به 8 کیلو از رب نیاز دارد.,buying
سفارشمو ساعت 8 بفرستید .,scheduling
آیا می‌ توانید سفارشم را قبل از ساعت 5 روز دوشنبه تحویل دهید؟,scheduling
من باید یک مورد را عوض کنم، آیا ویرایش جزئیات سفارش من هنوز برای اصلاح در دسترس است؟,inquiring
آیا در صورت گم شدن بسته بندی اصلی می توانم کالایی را پس بدهم؟,inquiring
من معلم آشپزی هستم، آیا 5 گرم از شیر دارید؟,buying
کاهو رو موجود دارید؟ ,inquiring
برای مهمانی، لطفاً سفارش شماره 1022 را در 1401/7/11 تحویل دهید.,scheduling
آیا تیم پشتیبانی مشتری اختصاصی برای مسائل فنی وجود دارد؟,customer-service
یادم رفت، لطفا گوشت هم به سبد خریدم اضافه کن.,buying
کالاهایی که ارسال شده است بسیار آسیب دیده اند، لطفا عودت کنید,returning
پرتقال هاتون ساخت چه کشوری هست؟,inquiring
کالای روغن سرخ کردنی گارانتی دارد؟,inquiring
سفارشم رو روز چهارشنبه ساعت 7 ارسال کنید.,scheduling
زمان تقریبی تحویل سفارش شماره 2007 را می‌توانید بگویید؟ من 14 روز پیش این سفارشو ثبت کرده بودم,tracking
نان را با آبمیوه در سبد خریدم عوض کن.,editting
درخواست عوض سفارش 214 رو دارم .,returning
میشه برام 11 شانه گوشت ثبت سفارش کنی.,buying
به دلیل یک خطای ناخواسته، سفارشی با شماره  108 ثبت شده است. خواهشمند است آن را حذف فرمایید.,deleting
از شما درخواست دارم که سفارشم را لغو نمایید، زیرا اندازه اشتباهی انتخاب کردم.,deleting
خودتو معرفی کن,chitchat
برای خرید هویج در این روزها، آیا پیشنهاد ویژه‌ای دارید؟,inquiring
آیا می‌توانم پرتقال را که پیش‌تر در سبد گذاشته‌ام با پاستا تعویض کنم؟,editting
آیا برای مشتریان دائمی مانند من، تخفیف خاصی برای روغن سرخ کردنی در نظر گرفته‌اید؟,inquiring
پشیمون شدم برنج رو از سفارشم پاک کن,editting
خریدم رو عودت بزنید,returning
تعریف سیب مغازه شما خیلی پیچیده است، لطفا 7 لیتر برام بفرستید.,buying
خریدم رو با شماره پیگیری 1493 را رهگیری کنید.,tracking
میخواهم سیب زمینی را از سفارشم پاک کنم.,editting
خیلی زحمت کشیدید,chitchat
نام شریفتان را بفرمایید,chitchat
"به دلیل تاریخ مصرف کالای ارسالی گذشته است, می‌خواهم کاهو خریداری شده مورخ 1402/3/24 را برگشت بزنم.",returning
می‌خواهم خیار را از سبد خریدم لغو کنم و به جای آن برنج اضافه نمایم.,editting
شب مهمونی داریم، نوشابه میخواستم.,buying
صبحگاهت بخیر,chitchat
متأسفانه باید از شما بخواهم که خریدم را دیلیت کنید، زیرا از مکان دیگری میخواهم خرید کنم.,deleting
پشیمون شدم سیب رو از سفارشم پاک کن,editting
میخواهم سفارشم با شماره 1982 رو مرجوعی ثبت کنم,returning
خریدم تموم شد، لطفا همینارو نهایی کنید و قیمت کل رو بهم بگید.,finishing
من قصد دارم سفارشم را خط بزنم، به خاطر دلایلی که می گم: از مکان دیگری میخواهم خرید کنم.,deleting
اشتباه کردم، می‌توانید سفارش 1734 را بردارید؟,deleting
به مناسبت کریسمس، آیا سفره‌ی تخفیفات گوشت پهن است؟,inquiring
عصرت بخیر,chitchat
آیا می توانید برای من کیلو 14 از مرغ را بسته بندی کنید و برای من بفرستید؟,buying
پنیر چه تفاوت‌هایی با پنیر دارد؟,inquiring
آیا راهی وجود دارد که بتوانم محتویات سبد خرید خود را قبل از ثبت سفارش، اصلاح کنم؟,inquiring
می‌توانید گوجه فرنگی را که به اشتباه به سبد اضافه شده است بردارید؟,editting
خریدی داشتم.,buying
می‌خواهم آبمیوه که در تاریخ 1401/11/15 خریداری کردم را تعویض کنم.,returning
اصل بده,chitchat
در صورتی که سفارش به صورت ناقص تحویل شده باشد، آیا امکان پیگیری وجود دارد ؟,inquiring
درخواست لغو سفارش با شماره  1546 را دارم، چرا که به دردم نمیخوره.,deleting
بررسی کنید ببینید سفارش 619 کجاست؟,tracking
چی کاره‌ای؟,chitchat
آیا می توانید برای من بطری 8 از تخم مرغ را بسته بندی کنید و برای من بفرستید؟,buying
سفارشم را لغو کنید، 8 روز پیش ثبت کرده بودم.,deleting
قیمت شیر نسبت به شیر چگونه است؟,inquiring
اشتباه کردم، می‌توانید سفارش 935 را بردارید؟,deleting
از شما درخواست دارم که سفارش 1842 را دیلیت نمایید، زیرا موجودی مالی به اندازه کافی ندارم.,deleting
سفارش 1086 را در تاریخ 1400/7/22 ارسال کنید.,scheduling
آیا سفارش 2161 در حال حاضر در مسیر مقصد قرار دارد؟,tracking
پشیمون شدم کاهو رو از سفارشم حذف کن,editting
خدافظی میکنم ازت,chitchat
می‌خواهم از قیمت روز هویج مطلع شوم، آیا می‌ توانید کمک کنید؟,inquiring
تخم مرغ 4 تا رو به سبد خریدم بیافزونید,buying
آیا بازبینی سفارش من در چارچوب دستورالعمل ها قرار می گیرد زیرا به طور کامل پردازش نشده است؟,inquiring
سفارشم را برای روز یک شنبه ارسال کنید چون وقت دیگر خونه نیستم.,scheduling
پشیمون شدم آبمیوه رو از سفارشم حذف کن,editting
تا چند روز مهلت دارم محصول خریداری شده ی خود را مرجوع کنم ؟ ,inquiring
در ارتباط با مشکلی که دارم باید با یک شخص صحبت کنم,customer-service
آیا می‌توانم در مورد زمان تقریبی رسیدن بسته‌ام با کد پیگیری 14 جویا شوم؟,tracking
میشه کره رو از سفارشم حذف کنی؟,editting
ممنونم ازت دمت گرم,chitchat
آیا می‌توانم سفارش خود را پس از ثبت تغییر دهم؟,inquiring
می‌خواهم روغن زیتون را که در سبد خریدم قرار داده‌ام به دلیل تغییر نظرم حذف کنم.,editting
سفارشم را برای روز چهارشنبه ارسال کنید چون وقت دیگر خونه نیستم.,scheduling
لطفاً فرایند پاک سفارش  1538 را آغاز کنید.,deleting
می‌خواهم سفارش شماره 311 را برای تحویل در روز دوشنبه تنظیم کنم.,scheduling
پس چرا سفارشم نمیرسه؟ باید حتما تا چهارشنبه به دستم برسونیدش.,tracking
آیا سفارش 1825 در حال حاضر در مسیر مقصد قرار دارد؟,tracking
وضعیت سفارش شماره 905 چیست؟,tracking
لطفاً آخرین سفارش من را پاک کنید، اشتباه ثبت کردم.,deleting
روغن زیتون رو از سفارشم حذف کن,editting
سفارش من با شماره 1654 باید کنسل شود، چون اشتباه ثبت کردم.,deleting
به دلیل تاریخ مصرف کالای ارسالی گذشته است، تصمیم دارم سفارش شماره 288 را مرجوع کنم.,returning
می‌خواهم کره را که در سبد خریدم قرار داده‌ام به دلیل تغییر نظرم دیلیت کنم.,editting
آیا امکان دارد سفارش شماره 2309 را در 1401/1/25 تحویل بگیرم؟,scheduling
پنیر را به اشتباه خریداری کرده‌ام، آیا می‌توانم آن را عودت بدهم؟,returning
نوبت من است که شام بپزم، به موارد زیر نیاز دارم 5 کیلو ازآبمیوه,buying
به مناسبت کریسمس، آیا سفره‌ی تخفیفات تخم مرغ پهن است؟,inquiring
برای مهمانی، لطفاً سفارش شماره 1544 را در 1400/4/18 تحویل دهید.,scheduling
سفارش شماره 1742 که 8 روز پیش برای محصول برنج ثبت شده بود را می‌خواهم برگشت بزنم چون تاریخ مصرف کالای ارسالی گذشته است.,returning
سیب زمینی دارای تاییدیه‌ های بین‌المللی مانند SQF است؟,inquiring
منتظر تحویل سفارش شماره 1338 در اولین ساعت یک شنبه هستم.,scheduling
اشتباه شد، به جای 8 گرم کره من 12 گرم می خواستم.,editting
به دنبال آگاهی در مورد وضعیت فعلی سفارش با شناسه 411 هستم.,tracking
رب را به اشتباه خریداری کرده‌ام، آیا می‌توانم آن را پس بدهم؟,returning
آیا سفارش شماره 1622 ارسال شده است؟,tracking
مرغ را با پوشک بچه در سبد خریدم عوض کن.,editting
خرید 10 روز پیشم باید به دلیل انتخاب نادرست دیلیت گردد، لطفاً اقدامات لازم را انجام دهید.,deleting
سفارش من با شماره 1622 باید دیلیت شود، چون جای دیگری قیمت بهتری پیدا کردم.,deleting
می‌خواهم برنج را که در سبد خریدم قرار داده‌ام به دلیل تغییر نظرم کنسل کنم.,editting
به جای خیار دلستر را در سبد خریدم قرار بده.,editting
مقدار محصول کره را از 9 بسته به 4 بسته تغییر بدهید.,editting
قصد دارم سیر را به دلیل تخفیف ویژه‌ای که دیدم با پنیر تعویض کنم.,editting
میشه خریدم رو روز دوشنبه تا ساعت 1 بفرستید؟,scheduling
دستور پخت من نیاز به 3 تا از آبمیوه دارد، آیا موجود است؟,buying
قبل از تکمیل سفارش، می‌خواهم برنج را از سبد خریدم پاک کنم.,editting
آیا 2 شانه از کره دارید ؟,buying
میشه از موجودی و اطلاعات محصول پیاز مطلع شوم؟,inquiring
زمان تقریبی تحویل سفارش شماره 675 را می‌توانید بگویید؟ من 1 روز پیش این سفارشو ثبت کرده بودم,tracking
متشکرم که کمک کردی,chitchat
نوبت من است که شام بپزم، به موارد زیر نیاز دارم 2 عدد ازمرغ,buying
آیا امکان پیگیری سفارش شماره 222 وجود دارد؟,tracking
می‌توانید پاستا را که در حال حاضر نیازی به آن ندارم از سبد خریدم بردارید؟,editting
لطفاً سفارش شماره 354 را برای تاریخ 1401/11/23 آماده کنید.,scheduling
میخواستم که خریدم را تعویض کنم کنم و روند بازپرداخت سفارشم را شروع کنم.,returning
مقدار دلستر رو 1 کیلو کنید,editting
لطفاً کیک را که به تازگی به سبد اضافه شده است با مرغ جایگزین نمایید.,editting
خرید 10 روز پیشم باید به دلیل انتخاب نادرست پاک گردد، لطفاً اقدامات لازم را انجام دهید.,deleting
سفارشم را قبل از ساعت 6 روز چهارشنبه تحویل دهید ,scheduling
"به دلیل بسته بندی ارسال بسیار بد بود, می‌خواهم پاستا خریداری شده مورخ 1402/1/26 را عودت بدهم.",returning
سفارشم را پاک کنید، 7 روز پیش ثبت کرده بودم.,deleting
میشه سفارش 3 را پیگیری کنید.,tracking
میخوام سفارشم رو دیلیت کنم,deleting
لطفاً سفارش من با شماره 2181 را دیلیت کنید.,deleting
من رژیم دارم و نیاز به 3 کیلو از گوشت کم‌چرب دارم.,buying
ممکن است لازم باشد یک مورد را تغییر دهم - آیا تنظیم محتوای سفارش در حال حاضر امکان پذیر است؟,inquiring
دلستر 4 لیتر میخوام ثبت سفارش کنم,buying
وضعیت سفارش شماره 1536 چیست؟,tracking
کره را به اشتباه خریداری کرده‌ام، آیا می‌توانم آن را مرجوعی ثبت کنم؟,returning
من به دنبال نوشابه هستم، آیا آنها را در کیلوگرم حمل می کنید؟,buying
آیا می‌توانم روغن زیتون را که پیش‌تر در سبد گذاشته‌ام با کره تعویض کنم؟,editting
میشه بهم نسیه بدید؟ یعنی بعدا پرداخت کنم.,inquiring
سفارشم رو تا ساعت 8 بفرستید.,scheduling
آیا امکان پس دادن پنیر با سفارش شماره 276 پس از 10 استفاده هنوز وجود دارد؟,returning
درخواست عوض سفارش 2020 رو دارم .,returning
ممنون,chitchat
قصد دارم روغن سرخ کردنی را به دلیل تخفیف ویژه‌ای که دیدم با نان تعویض کنم.,editting
من قصد دارم سفارشم را لغو کنم، به خاطر دلایلی که می گم: موجودی مالی به اندازه کافی ندارم.,deleting
لطفا سفارش من را برگردونید. من این کالاها تاریخ مصرف محصولات گذشته بود رو نمیخوام.,returning
دوست دارم خریدی که تازه کردم را خط بزنم، پشیمان شدن از خرید.,deleting
رب که 13 روز پیش خریدم الان کجاست؟ پس کی ارسال میشه؟,tracking
من این هفته فقط یک شنبه خونه هستم، لطفا سفارشم را در آن زمان ارسال کنید.,scheduling
پشیمون شدم رب رو از سفارشم دیلیت کن,editting
اشتباه شد، به جای 11 کیلو مرغ من 7 کیلو می خواستم.,editting
کارهایی که میتوانی انجام دهی چیه؟,chitchat
نوبت من است که شام بپزم، به موارد زیر نیاز دارم 8 تا ازشیر,buying
سیب زمینی را از سبد خریدم حذف کن,editting
میتونم با پشتیبان صحبت بکنم؟,customer-service
به 8 لیتر از تخم مرغ نیاز دارم.,buying
می‌توانید توضیح دهید که چگونه کیک می‌تواند به بهبود رژیمی بودن و مخصوص ورزشکاران کمک کند؟,inquiring
می‌خواهم دلستر را که در سبد خریدم قرار داده‌ام به دلیل تغییر نظرم پاک کنم.,editting
دستت طلا خوشحال شدم,chitchat
1 بسته روغن سرخ کردنی میخواستم .,buying
برای جشنی که قراره برگزار کنیم باید حتما سفارشم روز یک شنبه ارسال بشود.,scheduling
خریدم رو کنسل کنید,deleting
اسمتو بگو,chitchat
سوالاتی راجع به کالای سیب دارم.,inquiring
سفارشمو ساعت 7 بفرستید .,scheduling
منتظر تحویل سفارش شماره 1005 در اولین ساعت دوشنبه هستم.,scheduling
میشه سفارش 2276 را پیگیری کنید.,tracking
من قصد دارم سفارشم را حذف کنم، به خاطر دلایلی که می گم: جای دیگری قیمت بهتری پیدا کردم.,deleting
متشکرم,chitchat
می‌خواهم رب را از سبد خریدم حذف کنم و به جای آن برنج اضافه نمایم.,editting
لطفاً آخرین سفارش من را لغو کنید، توانایی مالی به اندازه کافی ندارم.,deleting
میخواستم سفارشم رو ساعت 10 بفرستید.,scheduling
از شما درخواست دارم که سفارش 2264 را کنسل نمایید، زیرا به دردم نمیخوره.,deleting
برای جشنی که قراره برگزار کنیم باید حتما سفارشم روز سه شنبه ارسال بشود.,scheduling
نیاز دارم سفارش 2309 که روز شنبه را پاک کنید.,deleting
نامت رو بگو,chitchat
میخواستم بدونم آیا 13 عدد خیار موجود هست؟,inquiring
میخوام سفارشم رو لغو کنم,deleting
میشه سفارشم رو برگشت کنید؟ چون از خریدم پشیمان شدم.,returning
آیا پاستا در طیف وسیعی از مدل‌ها و طرح‌ها در دسترس است؟,inquiring
من قصد دارم سیر خریداری شده در 1402/3/6 را به دلیل نظرم عوض شد عودت بدهم.,returning
قیمت پنیر در حال حاضر چقدر است؟,inquiring
سفارش شماره 1196 برای ماست که 8 روز پیش تحویل گرفته‌ام، می‌خواهم برگردانم.,returning
اصل لطفا,chitchat
می‌خواهم خریدم را به دلیل دیگر به آن احتیاجی ندارم دیلیت کنم.,deleting
لطفاً تعداد نان در سبد خریدم را از 5 به 6 تغییر دهید.,editting
پشیمون شدم روغن سرخ کردنی رو از سفارشم دیلیت کن,editting
سفارشم را قبل از ساعت 11 روز شنبه تحویل دهید ,scheduling
پیاز را با پیاز در سبد خریدم عوض کن.,editting
گوجه فرنگی که در 10 خریداری شده بود، معیوب است و می‌خواهم آن را مرجوعی ثبت کنم.,returning
سفارشم را قبل از ساعت 9 روز چهارشنبه تحویل دهید ,scheduling
خیار بهم بده 6 لیتر,buying
سفارش 1150 را حذف کن.,deleting
می‌توانم 12 تا از کره را برای خرید هفتگی‌ام رزرو کنم؟,buying
لطفا اسمت رو بهم بگو,chitchat
آیا ماهی را می‌توان با ماهی ترکیب کرد؟,inquiring
من به دنبال سیب هستم، آیا آنها را در کیلوگرم حمل می کنید؟,buying
قصد دارم هویج را به دلیل تخفیف ویژه‌ای که دیدم با کاهو تعویض کنم.,editting
می‌خواهم سفارش شماره 1076 که محصول مرغ را در تاریخ 1403/7/26 خریداری کردم را پس بدهم.,returning
سفارشم با شماره 1610 را رهیابی کنید.,tracking
لیست خریدی که گفتم رو برای من ثبت کن,finishing
ماست که 7 روز پیش تحویل گرفته‌ام، نیاز به تعویض دارد و دوست داشتم که برای من آن ها را تعویض بدهید.,returning
من قصد دارم سفارشم را حذف کنم، به خاطر دلایلی که می گم: اشتباه ثبت کردم.,deleting
اشتباه کردم، می‌توانید سفارش 2187 را بردارید؟,deleting
سبد خریدم کامل است، لطفاً مراحل پرداخت را توضیح دهید.,finishing
 بچه‌های من پنیر شما را دوست دارند، می‌توانید 1 عدد برای من کنار بگذارید؟,buying
کار و بار چطوره؟,chitchat
چه خبر؟ همه چی خوب پیش میره؟,chitchat
میل شدیدی به مرغ دارم لطفاً 13 کیلوگرم برای من بفرستید .,buying
به جای هویج گوشت را در سبد خریدم قرار بده.,editting
سفارشم تمام شد.,finishing
سفارشم رو تا ساعت 5 بفرستید.,scheduling
لطفاً تعداد کره در سبد خریدم را از 9 به 5 تغییر دهید.,editting
سفارشم به دستم رسید الان، اما به خاطر نظرم عوض شد میخواهم سفارشم رو عودت بزنید,returning
لطفاً تعداد هویج در سبد خریدم را از 5 به 8 تغییر دهید.,editting
به کمک نیاز دارم,customer-service
لطفا سفارشم رو تعویض بزنید. به دلیل کالاها آسیب دیده به دست بنده رسیده است,returning
نیاز دارم که با سامانه پشتیبانیتون صحبتی داشته باشم,customer-service
من به آبمیوه محلی علاقه‌ مندم، می‌توانم 13 تا از آن‌ها را بگیرم؟,buying
ماهی را از سبد خریدم حذف کن,editting
لطفاً تعداد سیب زمینی در سبد خریدم را از 12 به 5 تغییر دهید.,editting
میزان مواد شیمیایی که در کاهو به کار رفته چقدر است؟,inquiring
من به دنبال گزینه‌های گیاه‌خواری هستم، به ویژه 8 بطری از آبمیوه,buying
لطفاً فرایند پاک سفارش  613 را آغاز کنید.,deleting
درود خدمتت,chitchat
سفارشمو ساعت 2 بفرستید.,scheduling
لطفاً تعداد گوجه فرنگی در سبد خریدم را از 9 به 9 تغییر دهید.,editting
آیا سیر در رنگ‌های دیگری نیز موجود است؟,inquiring
سفارشم را ثبت کنید و اعلام کنید چگونه باید خریدم را پرداخت کنم.,finishing
سلام بر شما دوست عزیز,chitchat
من به دنبال گزینه‌های گیاه‌خواری هستم، به ویژه 13 بسته از سیر,buying
می‌خواهم پنیر را که فراموش کرده بودم به سبد خریدم اضافه کنم، آیا هنوز ممکن است؟,buying
سفارش 317 را دیلیت کن.,deleting
مقدار محصول پوشک بچه را از 4 بسته به 1 بسته تغییر بدهید.,editting
به طور تصادفی یک سفارش با شماره 895 ثبت کردم. لطفاً آن را لغو کنید.,deleting
سفارشم رو روز چهارشنبه ساعت 6 ارسال کنید.,scheduling
رب برام بفرستید .,buying
سلام، کمک میخواستم,chitchat
پس از ثبت سفارش 333 در 1402/10/14، کنجکاوم که پیشرفت آن چگونه است. آخرین گزارش چیست؟,tracking
میخواستم بدونم سفارشی که ثبت کردم تا یک شنبه به دستم میرسه یا نه؟,tracking
تخم مرغ را از سبد خریدم پاک کن,editting
یکم از گوشت بهم بگو,inquiring
برای مهمانی، لطفاً سفارش شماره 2114 را در 1400/12/7 تحویل دهید.,scheduling
سفارش شماره 1499 که 6 روز پیش برای محصول گوشت ثبت شده بود را می‌خواهم برگشت بزنم چون بسته بندی ارسال بسیار بد بود.,returning
من می خواهم 7 بسته از گوجه فرنگی را دریافت کنم.,buying
برای جشنی که قراره برگزار کنیم باید حتما سفارشم روز چهارشنبه ارسال بشود.,scheduling
متأسفانه باید از شما بخواهم که خریدم را لغو کنید، زیرا اندازه اشتباهی انتخاب کردم.,deleting
لطفاً تخم مرغ را که به تازگی به سبد اضافه شده است با ماهی جایگزین نمایید.,editting
صبحت بخیر,chitchat
زمان تقریبی تحویل سفارش شماره 1217 را می‌توانید بگویید؟ من 11 روز پیش این سفارشو ثبت کرده بودم,tracking
آیا می‌توانم در مورد زمان تقریبی رسیدن بسته‌ام با کد پیگیری 781 جویا شوم؟,tracking
من مشتاقم تا دریابم آیا سفارش 8 ارسال شده است.,tracking
سفارش شماره 2277 برای رب که 7 روز پیش تحویل گرفته‌ام، می‌خواهم تعویض کنم.,returning
می‌خواهم از وضعیت فعلی سفارش شماره 11 مطلع شوم.,tracking
قیمت نوشابه نسبت به نوشابه چگونه است؟,inquiring
من می‌خواهم یک دستور پخت جدید را امتحان کنم که به 10 عدد از گوشت نیاز دارد.,buying
میخواستم سفارشم رو برگشت بزنم به دلیل محصولات ارسالی با سفارشی که داشتم مغایرت داره,returning
بررسی کنید ببینید سفارش 2045 کجاست؟,tracking
رب 1 لیتر رو به سبد خریدم بیافزونید,buying
مقدار شیر رو 5 کیلو کنید,editting
آیا امکان مرجوع کردن سیر بعد از 14 استفاده هنوز وجود دارد؟ من کالاهایم را چند روزه که دریافت کردم ولی به دلیل محصولات ارسالی با سفارشی که داشتم مغایرت داره میخواهم پس بدهم.,returning
مرغ را با کره در سبد خریدم عوض کن.,editting
من میزبان یک مهمانی بزرگ هستم و به 2 کیلوگرم از برنج نیاز دارم.,buying
آیا آبمیوه حاوی موادی است که ممکن است باعث حساسیت در افراد با شرایط چربی 0 درصد داشتن  شود؟,inquiring
اشتباه کردم، می‌توانید سفارش 262 را بردارید؟,deleting
چطوری؟,chitchat
قصد دارم پیاز را با مرغ جایگزین کنم، لطفاً راهنمایی کنید.,editting
برای خرید بیش از 12 بطری از هویج، آیا تخفیفی وجود دارد؟,inquiring
کنجکاوم که از مجموعه رب شما چه چیزی دارید، می‌توانم 9 بسته امتحان کنم؟,buying
بررسی کنید ببینید سفارش 987 کجاست؟,tracking
سبد خریدم آماده است,finishing
تمایل دارم از به‌روزرسانی‌های مربوط به مرحله‌ای که سفارش 668 در آن قرار دارد مطلع شوم. آخرین وضعیت سفارش چیست؟,tracking
من علاقه‌مند به برنامه‌ریزی تحویل سفارش شماره 1143 برای تاریخ 1401/9/7 هستم.,scheduling
می توانم 1 تا از کاهو را رزرو کنم ؟,buying
برای مهمانی، لطفاً سفارش شماره 91 را در 1401/5/21 تحویل دهید.,scheduling
از شما درخواست دارم که سفارشم را پاک نمایید، زیرا پشیمان شدن از خرید.,deleting
من می‌خواهم یک دستور پخت جدید را امتحان کنم که به 5 بسته از پیاز نیاز دارد.,buying
من مشتاقم تا دریابم آیا سفارش 1026 ارسال شده است.,tracking
من باید یک مورد را تغییر دهم - آیا می توانم جزئیات سفارش در حال انجام خود را در این مرحله اصلاح کنم؟,inquiring
سفارش شماره 2334 را به اشتباه خریداری کرده‌ام، چگونه می‌توانم آن را مرجوعی ثبت کنم؟,returning
به دنبال آگاهی در مورد وضعیت فعلی سفارش با شناسه 1893 هستم.,tracking
آیا کانال های پشتیبانی مشتری مجزایی برای انواع مختلف سوالات وجود دارد؟,customer-service
موفق و پیروز باشید,chitchat
می‌خواهم زمان تحویل سفارش شماره 742 را برای 1400/9/20 تنظیم کنید.,scheduling
مرغ را با رب در سبد خریدم عوض کن.,editting
چکونه میتونم با کارشناس مربوطه صحبت کنم؟,customer-service
آیا می توانم برای کمک در موارد مسائل مربوط به سفارشم با پشتیبانی تماس بگیرم؟,customer-service
آیا می توانم کالایی را که با اعتبار فروشگاه خریداری کرده ام را برگردانم؟,inquiring
آیا خیار با استانداردهای SQF مطابقت دارد و آیا برای مصارف چربی 0 درصد داشتن تایید شده است؟,inquiring
برای کاهو در کریسمس تخفیفی ارائه می دهید؟,inquiring
لطفاً آخرین سفارش من را دیلیت کنید، تغییرات برنامه‌ریزی داشتم.,deleting
آیا خط تلفن پشتیبانی برای مواقع اضطراری وجود دارد؟,customer-service
از خرید دلستر پشیمان شدم، لطفا از سبد خریدم دیلیت کن.,editting
من می‌خواهم مرغ را به صورت عمده خریداری کنم، آیا قیمت بهتری پیشنهاد می‌کنید؟,inquiring
میزان مواد شیمیایی که در رب به کار رفته چقدر است؟,inquiring
درخواست کنسل سفارش با شماره  323 را دارم، چرا که پشیمان شدن از خرید.,deleting
می‌خواهم از وضعیت فعلی سفارش شماره 450 مطلع شوم.,tracking
برای جشنی که قراره برگزار کنیم باید حتما سفارشم روز دوشنبه ارسال بشود.,scheduling
درخواست دیلیت سفارش با شماره  1036 را دارم، چرا که موجودی مالی به اندازه کافی ندارم.,deleting
سفارشم را در تاریخ 1400/1/16 بفرستید,scheduling
میخواهم ماهی را از سفارشم لغو کنم.,editting
میخواستم ساعات کاری فروشگاه شمارو بدونم.,inquiring
درخواست لغو سفارش با شماره  650 را دارم، چرا که اشتباه ثبت کردم.,deleting
می‌توانید کیک را که در حال حاضر نیازی به آن ندارم از سبد خریدم بردارید؟,editting
سفارش 697 را دیلیت کن.,deleting
آیا می توانم وضعیت درخواست پشتیبانی مشتری خود را پیگیری کنم؟,customer-service
دلستر را از سبد خریدم لغو کن,editting
میشه سفارشم رو تعویض کنید؟ چون از خریدم پشیمان شدم.,returning
زمان تقریبی تحویل سفارش شماره 1749 را می‌توانید بگویید؟ من 10 روز پیش این سفارشو ثبت کرده بودم,tracking
می‌توانید توضیح دهید که چگونه خیار می‌تواند به بهبود طبیعی بودن و بدون داشتن مواد شیمیایی کمک کند؟,inquiring
بررسی کنید ببینید سفارش 2308 کجاست؟,tracking
قبل از تکمیل سفارش، می‌خواهم پرتقال را به دلیل تغییر قیمت از سبد خریدم لغو کنم.,editting
پاستا 12 عدد رو به سبد خریدم بیافزونید,buying
من رو به یک پشتیبانی وصل کن,customer-service
پنیر 13 شانه رو به سبد خریدم بیافزونید,buying
چه خبر؟,chitchat
می‌تونم اسمتو بدونم؟,chitchat
سفارش شماره 437 برای پیاز که در چهارشنبه خریداری شده بود، مطابق انتظار نبود، می‌خواهم برگردانم.,returning
تا چه زمانی میتونم کالا را برگشت بدهم؟,inquiring
سفارش شماره 710 را به اشتباه خریداری کرده‌ام، چگونه می‌توانم آن را مرجوعی ثبت کنم؟,returning
می خوام این کالاهارو بفرستی,finishing
کالایی که به دستم رسیده معیوب است، میخواستم که تعویض کنم,returning
می‌خواستم تأیید کنم که آیا اصلاح موارد سبد خرید من در حال حاضر یک قابلیت در دسترس است یا خیر.,inquiring
به 13 کیلوگرم از دلستر علاقه مندم .,buying
سفارشم را برای روز پنج شنبه ارسال کنید چون وقت دیگر خونه نیستم.,scheduling
آیا امکان پیگیری سفارش شماره 1911 وجود دارد؟,tracking
به مناسبت تخفیفات زمستانی، آیا سفره‌ی تخفیفات رب پهن است؟,inquiring
قصد دارم کیک را با روغن سرخ کردنی جایگزین کنم، لطفاً راهنمایی کنید.,editting
مسئول میان‌وعده‌های مهمانی اداره هستم، به 14 بطری از مرغ میخواستم.,buying
اشتباه شد، به جای 3 کیلوگرم سیر من 6 کیلوگرم می خواستم.,editting
بررسی کنید ببینید سفارش 1441 کجاست؟,tracking
آیا شماره تلفنی وجود دارد که بتوانم برای راهنمایی ردیابی سفارش با آن تماس بگیرم؟,inquiring
میخواستم که خریدم را بازگردانم کنم و روند بازپرداخت سفارشم را شروع کنم.,returning
آیا سفارش 1740 در حال حاضر در مسیر مقصد قرار دارد؟,tracking
گوجه فرنگی رو به سبد خریدم اضافه کنید.,buying
آیا می توانید برای من عدد 3 از ماهی را بسته بندی کنید و برای من بفرستید؟,buying
سفارشم رو تا ساعت 2 بفرستید.,scheduling
سفارشم رو روز جمعه ساعت 8 ارسال کنید.,scheduling
لطفا سفارش من رو تا روز جمعه ارسال کنید.,scheduling
موجودی آبمیوه هاتون چقدر است؟,inquiring
من به دنبال پیشنهادات ویژه برای پاستا هستم، آیا چیزی برای ارائه دارید؟,inquiring
می‌خواهم خریدم را به دلیل اندازه اشتباهی انتخاب کردم حذف کنم.,deleting
دوست دارم خریدی که تازه کردم را پاک کنم، از مکان دیگری میخواهم خرید کنم.,deleting
آیا می‌توانید وضعیت کنونی سفارش با شماره 1095 را روشن سازید؟,tracking
بهترین زمان برای برگشت دادن خرید هام کی هست؟,inquiring
میشه پیاز رو از سفارشم لغو کنی؟,editting
6 لیتر بده پس,buying
نیاز دارم سفارش 1626 که روز دوشنبه را لغو کنید.,deleting
از خرید مرغ پشیمان شدم، لطفا از سبد خریدم دیلیت کن.,editting
چه خبر از کار و زندگی؟,chitchat
سفارش شماره 167 را لغو,deleting
میخواستم کل سفارشم را خط بزنم چون اندازه اشتباهی انتخاب کردم,deleting
دلستر را به اشتباه خریداری کرده‌ام، آیا می‌توانم آن را برگردونم؟,returning
محصول گوشت را از سفارشم پاک کن,editting
آیا سفارش شماره 961 ارسال شده است؟,tracking
میخواهم کره را از سفارشم حذف کنم.,editting
چه کاره هستی؟,chitchat
من میزبان یک مهمانی بزرگ هستم و به 10 بسته از شیر نیاز دارم.,buying
میخواستم درخواست بازپرداخت سفارشم را بکنم چون کالاها آسیب دیده به دست بنده رسیده است,returning
میشه از موجودی و اطلاعات محصول سیب زمینی مطلع شوم؟,inquiring
من رژیم دارم و نیاز به 11 بطری از خیار کم‌چرب دارم.,buying
می‌خواهم بدانم سفارش شماره 1495 در کدام مرحله از فرآیند قرار دارد.,tracking
یا تخفیفی برای خرید عمده دارید؟ به 2 شانه از رب علاقه‌مندم.,buying
می‌توانید بگویید آبمیوه از کدام کشور وارد می‌شود؟,inquiring
سلام، چطور مطوری؟,chitchat
می‌خواهم برنج که در تاریخ 1401/9/10 خریداری کردم را پس بدهم.,returning
از کاری که برایم کردی سپاسگزارم,chitchat
می‌خواهم سیب را از سبد خریدم پاک کنم و به جای آن روغن سرخ کردنی اضافه نمایم.,editting
من می خواهم چیزی کوچک را تغییر دهم، آیا تغییر جزئیات سفارش هنوز امکان پذیر است؟,inquiring
من رژیم دارم و نیاز به 7 کیلو از آبمیوه کم‌چرب دارم.,buying
خرید 3 روز پیشم باید به دلیل انتخاب نادرست کنسل گردد، لطفاً اقدامات لازم را انجام دهید.,deleting
آیا سفارش 1092 برای ارسال آماده شده است، یا هنوز در مرحله پیش‌ارسال معطل مانده است؟,tracking
محصول شیر را از سفارشم دیلیت کن,editting
من این هفته فقط جمعه خونه هستم، لطفا سفارشم را در آن زمان ارسال کنید.,scheduling
پنیر را اشتباه به سبد خریدم افزودم لطفا پاک کنید.,editting
لطفاً فرایند پاک سفارش  2093 را آغاز کنید.,deleting
میشه خریدم رو روز دوشنبه تا ساعت 4 بفرستید؟,scheduling
پس از ثبت سفارش 537 در 1402/4/3، کنجکاوم که پیشرفت آن چگونه است. آخرین گزارش چیست؟,tracking
میتونم اسمت رو داشته باشم؟,chitchat
گرم 11 شیر برام کنار بگذارید,buying
کالایی که به دستم رسیده معیوب است، میخواستم که برگردانم,returning
آیا می‌توانم سفارش خود را اصلاح کنم اگر پردازش آن کامل نشده باشد؟,inquiring
میشه به جای کیک بهم گوجه فرنگی بدی؟,editting
سفارشم به دستم رسید الان، اما به خاطر از خریدم پشیمون شدم میخواهم سفارشم رو عوض بزنید,returning
برای جشنی که قراره برگزار کنیم باید حتما سفارشم روز پنج شنبه ارسال بشود.,scheduling
می‌توانید سفارش شماره 746 را در ساعت 2 تحویل دهید؟,scheduling
ماهی که 9 روز پیش تحویل گرفته‌ام، نیاز به تعویض دارد و دوست داشتم که برای من آن ها را تعویض بدهید.,returning
کالای اشتباهی سفارش دادم، شرایط مرجوعیت آن چیست؟,inquiring
من می‌خواهم یک دستور پخت جدید را امتحان کنم که به 4 گرم از خیار نیاز دارد.,buying
میشه سیب رو از سفارشم پاک کنی؟,editting
اشتباه شد، به جای 7 بسته هویج من 10 بسته می خواستم.,editting
می‌خواهم سفارش شماره 1768 را برای تحویل در روز سه شنبه تنظیم کنم.,scheduling
در روزهای اخیر، آیا بازار تخفیف پاستا داغ است؟,inquiring
وقتت بخیر,chitchat
می‌خواهم بدانم آیا برای رب در سال نو تخفیفی ارائه می‌دهید؟,inquiring
به موارد زیر نیاز دارم 10 کیلو از روغن زیتون .,buying
آیا سفارش 525 برای ارسال آماده شده است، یا هنوز در مرحله پیش‌ارسال معطل مانده است؟,tracking
به جای 5 لیتر مرغ لطفا 11 لیتر مرغ بکنیدش,editting
شغل شما در اینجا چیست و چه کاری انجام میدهید؟,chitchat
محصولاتتون از چه کشوری وارد میشوند؟,inquiring
من اومدم,chitchat
میشه سفارشم رو عودت کنید؟ چون از خریدم پشیمون شدم,returning
میخواستم کل سفارشم را کنسل کنم چون اندازه اشتباهی انتخاب کردم,deleting
می‌خواهم بدانم آیا برای تخم مرغ در تخفیفات زمستانی تخفیفی ارائه می‌دهید؟,inquiring
سفارش شماره 1642 که 3 روز پیش برای محصول مرغ ثبت شده بود را می‌خواهم برگردانم چون کیفیت بسیار پایین کالاهای ارسالی.,returning
آیا سفارش شماره 425 که شامل ماست بود آماده ارسال شده است؟,tracking
سفارشم کاملا خراب به دستم رسیده است من را به کارشناس مربوطه وصل کن,customer-service
آیا امکان پیگیری سفارش شماره 2140 وجود دارد؟,tracking
دستور پخت من نیاز به 11 تا از پرتقال دارد، آیا موجود است؟,buying
میشه سفارش 38 را پیگیری کنید.,tracking
با سلام، آیا می‌توانید سفارشم را که به تازگی ثبت شده است، پاک نمایید؟,deleting
سفارشمو ساعت 5 بفرستید .,scheduling
وضعیت سفارش شماره 205 چیست؟,tracking
می‌خواهم کیک خریداری شده با سفارش شماره 1927 در 1402/10/1 را به دلیل جنس هایی فرستادید خراب بودند پس بدهم.,returning
آیا سفارش 895 برای ارسال آماده شده است، یا هنوز در مرحله پیش‌ارسال معطل مانده است؟,tracking
اگر کالایی را پس از بازه زمانی مشخص شده برگردانم چه اتفاقی می افتد؟,inquiring
باید با پشتیبانی صحبت کنم,customer-service
من رژیم دارم و نیاز به 10 کیلو از نوشابه کم‌چرب دارم.,buying
خریدم رو با شماره پیگیری 1716 را رهگیری کنید.,tracking
آیا سفارش 1991 برای ارسال آماده شده است، یا هنوز در مرحله پیش‌ارسال معطل مانده است؟,tracking
ماهی رو لغو کن.,editting
من میزبان یک مهمانی بزرگ هستم و به 3 کیلو از کاهو نیاز دارم.,buying
می‌توانید سفارش شماره 1998 را در ساعت 6 تحویل دهید؟,scheduling
آیا سفارش شماره 1707 در مسیر ارسال است؟,tracking
سفارشم را برای روز سه شنبه ارسال کنید چون وقت دیگر خونه نیستم.,scheduling
روغن زیتون رو از سفارشم کنسل کن,editting
دستت درد نکنه,chitchat
آیا منابع پشتیبانی مشتری برای عیب یابی مشکلات رایج وجود دارد؟,customer-service
میشه پیگیری کنید ببینید سفارش من دقیقا کجا هست. شماره سفارشم: 283,tracking
پودر لباسشویی ام تموم شده، پنیر برام بفرستید,buying
شاد و خرسندی؟,chitchat
کیک رو به سبد خریدم اضافه کنید.,buying
خسته نباشی لذت بردم از کار باهات,chitchat
سلام شما کی هستید؟,chitchat
سیاست های بازگشت پول شما چگونه است؟,inquiring
می‌خواهم سفارش شماره 13 که محصول ماست را در تاریخ 1403/3/3 خریداری کردم را پس بفرستم.,returning
سیاست بازگشت شما چگونه است؟,inquiring
میخواهم برنج را از سفارشم حذف کنم.,editting
من قصد دارم کاهو خریداری شده در 1402/8/23 را به دلیل بسته بندی ارسال بسیار بد بود برگردانم.,returning
سیب رو از سفارشم کنسل کن,editting
کیفیت دلستر چجوری هست؟,inquiring
شب مهمونی داریم، گوجه فرنگی میخواستم.,buying
میخواستم سفارشم رو مرجوع بزنم به دلیل بسته بندی ارسال بسیار بد بود,returning
من برای کباب کردن نیاز به 5 گرم از پنیر دارم,buying
مسئول میان‌وعده‌های مهمانی اداره هستم، به 13 شانه از آبمیوه میخواستم.,buying
من قصد دارم سفارشم را کنسل کنم، به خاطر دلایلی که می گم: موجودی مالی به اندازه کافی ندارم.,deleting
من خیلی وقته از شما خرید می کنم میشه به بنده تخفیف برای محصول مرغ بدهید؟,inquiring
منتظر تحویل سفارش شماره 222 در اولین ساعت شنبه هستم.,scheduling
به طور تصادفی یک سفارش با شماره 2258 ثبت کردم. لطفاً آن را لغو کنید.,deleting
سفارش شماره 574 برای نان که در پنج شنبه خریداری شده بود، مطابق انتظار نبود، می‌خواهم تعویض کنم.,returning
پشیمان شدم لطفا سفارشم را دیلیت کن,deleting
بازه زمانی دریافت بازپرداخت چقدر است؟,inquiring
دستت درد نکنه بدرود,chitchat
سفارش 393 را در تاریخ 1400/11/5 ارسال کنید.,scheduling
پشیمون شدم سیب رو از سفارشم لغو کن,editting
دلستر چه ویژگی‌هایی دارد و آیا برای افراد دیابیتی مناسب است؟,inquiring
از خرید گوجه فرنگی پشیمان شدم، لطفا از سبد خریدم حذف کن.,editting
مقدار محصول مرغ را از 13 بطری به 8 بطری تغییر بدهید.,editting
درخواست عوض سفارش شماره 523 رو دارم.,returning
آیا 10 بطری از نان دارید ؟,buying
من از مشتری های مجموعه شما هستم میشه برای خرید سیر به من تخفیف بدهید؟,inquiring
قصد دارم نان را با برنج جایگزین کنم، لطفاً راهنمایی کنید.,editting
به دلیل یک خطای ناخواسته، سفارشی با شماره  445 ثبت شده است. خواهشمند است آن را حذف فرمایید.,deleting
من نیاز به 11 کیلو از روغن سرخ کردنی دارم .,buying
پودر لباسشویی ام تموم شده، سیب زمینی برام بفرستید,buying
متوجه شدم محصول روغن سرخ کردنی مورد نظرم نیست، چگونه می‌توانم آن را برگشت بزنم؟,returning
من می خواهم 2 کیلو از گوشت را دریافت کنم.,buying
چجوریه؟ آبمیوه,inquiring
میخواستم کل سفارشم را پاک کنم چون توانایی مالی به اندازه کافی ندارم,deleting
کالایی که به دستم رسیده معیوب است، میخواستم که پس بفرستم,returning
آیا می‌ توانید سفارشم را قبل از ساعت 10 روز چهارشنبه تحویل دهید؟,scheduling
می‌خواهم پنیر را که فراموش کرده‌ام به سبد خرید اضافه کنم.,buying
می‌خواهم از وضعیت فعلی سفارش شماره 1343 مطلع شوم.,tracking
آیا سفارش شماره 468 ارسال شده است؟,tracking
کالاهایم را برای ساعت 2 روز جمعه برنامه ریزی کنید.,scheduling
قصد دارم پنیر را با گوجه فرنگی جایگزین کنم، لطفاً راهنمایی کنید.,editting
به دلیل یک خطای ناخواسته، سفارشی با شماره  198 ثبت شده است. خواهشمند است آن را لغو فرمایید.,deleting
آیا می‌توانم سفارش شماره 1998 را برای تحویل در ساعت 5 رزرو کنم؟,scheduling
قصد دارم پوشک بچه را به دلیل تخفیف ویژه‌ای که دیدم با سیب زمینی تعویض کنم.,editting
سفارش 266 را حذف کن.,deleting
آیا می‌توانم روغن زیتون را که پیش‌تر در سبد گذاشته‌ام با آبمیوه تعویض کنم؟,editting
می‌خواهم سفارش شماره 8 را برای تحویل در روز سه شنبه تنظیم کنم.,scheduling
آیا می‌توانم در مورد زمان تقریبی رسیدن بسته‌ام با کد پیگیری 1173 جویا شوم؟,tracking
آیا امکان تحویل سفارش شماره 773 در روز یک شنبه وجود دارد؟,scheduling
می‌توانید سفارش شماره 1866 را در ساعت 4 تحویل دهید؟,scheduling
سفارش 1708 را دیلیت کن.,deleting
کالای پاستا گارانتی دارد؟,inquiring
سفارش شماره 571 برای روغن سرخ کردنی که 13 روز پیش تحویل گرفته‌ام، می‌خواهم بازگردانم.,returning
آیا سفارش شماره 942 که شامل پاستا بود آماده ارسال شده است؟,tracking
می‌خواهم بدانم رب چه امتیازاتی نسبت به کالاهای مشابه دارد.,inquiring
می‌خواستم ماست را به سبد خریدم اضافه کنم، اما به نظر می‌رسد در لیست نیست لطفا اضافه کنید اون رو.,buying
میخواستم کل سفارشم را کنسل کنم چون به دردم نمیخوره,deleting
در روزهای اخیر، آیا بازار تخفیف تخم مرغ داغ است؟,inquiring
قیمت کاهو نسبت به کاهو چگونه است؟,inquiring
سفارشم را قبل از ساعت 7 روز پنج شنبه تحویل دهید ,scheduling
می‌خواهم بدانم پنیر با 14 تا چه قیمتی خواهد داشت.,inquiring
من قصد دارم برنج خریداری شده در 1400/3/20 را به دلیل دوست نداشتم این محصول رو مرجوع کنم.,returning
شب مهمونی داریم، پنیر میخواستم.,buying
من مورد نادرستی را انتخاب کردم و باید آن را تغییر دهم، آیا می توانم سفارش خود را ویرایش کنم؟,inquiring
چطور می‌توانم سفارشم را پیگیری کنم ؟,inquiring
به طور تصادفی یک سفارش با شماره 1623 ثبت کردم. لطفاً آن را پاک کنید.,deleting
به دلیل دوست نداشتم این محصول رو، تصمیم دارم سفارش شماره 1545 را بازگردانم.,returning
میخواهم برنج را از سفارشم کنسل کنم.,editting
قیمت ماهی در حال حاضر چقدر است؟,inquiring
اقلامم را ثبت کن,finishing
خیار که 4 روز پیش خریدم الان کجاست؟ پس کی ارسال میشه؟,tracking
پس چرا سفارشم نمیرسه؟ باید حتما تا شنبه به دستم برسونیدش.,tracking
می‌خواهم از قیمت روز سیر مطلع شوم، آیا می‌ توانید کمک کنید؟,inquiring
مغازه شما تا کی باز است؟,inquiring
نان برام بفرستید .,buying
آیا می‌توانم سفارش شماره 815 را برای تحویل در ساعت 7 رزرو کنم؟,scheduling
قبل از تکمیل سفارش، می‌خواهم رب را از سبد خریدم کنسل کنم.,editting
لطفاً برنج را که در سبد خریدم است با رب به‌روزرسانی کنید.,editting
آبمیوه بهم بده 10 شانه,buying
می‌خواهم درک عمیق‌تری از خصوصیات بارز و منحصر به فرد گوشت کسب کنم.,inquiring
خریدم رو عوض کنید,returning
می‌خواهم بدانم سفارش شماره 1959 کی به دستم می‌رسد.,tracking
من می‌خواهم سیب را به صورت عمده خریداری کنم، آیا قیمت بهتری پیشنهاد می‌کنید؟,inquiring
مقدار شیر رو 14 تا کنید,editting
من قصد دارم گوجه فرنگی مربوط به سفارش شماره 1020 را که در 1402/1/16 خریداری شده را تعویض کنم.,returning
می‌خواهم سفارش شماره 1885 را برای تحویل در روز یک شنبه تنظیم کنم.,scheduling
آیا امکان دارد سفارش شماره 1037 را در 1401/11/3 تحویل بگیرم؟,scheduling
خریدم رو مرجوع بزنید,returning
آیا می‌توانم هویج را که 13 روز پیش خریده‌ام، عودت بدهم؟,returning
چطور میتوانم سفارشم را به صورت اقساطی پرداخت کنم ؟,inquiring
درود بر شما دوست عزیز,chitchat
میشه به جای ماهی بهم ماست بدی؟,editting
آیا می‌ توانید سفارشم را قبل از ساعت 8 روز سه شنبه تحویل دهید؟,scheduling
برای مراسم تخفیفات زمستانی تخفیفی دارید؟,inquiring
پرتقال که 1 روز پیش تحویل گرفته‌ام، نیاز به تعویض دارد و دوست داشتم که برای من آن ها را عودت بدهید.,returning
آیا می‌توانم سفارش شماره 261 را برای تحویل در ساعت 7 رزرو کنم؟,scheduling
مقدار کالای هویج را از 13 کیلوگرم به 8 کیلوگرم اصلاح کنید.,editting
میشه من رو به یک کارشناس متخصص وصل کنی؟,customer-service
امروز چطوری؟,chitchat
درخواست عوض سفارش شماره 654 رو دارم.,returning
رب را اشتباه به سبد خریدم افزودم لطفا لغو کنید.,editting
نیاز به راهنمایی دارم چه کاری انجام بدهم؟,customer-service
من باید یک قسمت از سفارش خود را تعمیر کنم، آیا تغییر محتویات هنوز امکان پذیر است؟,inquiring
از کجا می توانم شماره پیگیری خود را پیدا کنم؟,inquiring
در صورت بروز تاخیر در تامین کالا چطور اطلاع رسانی صورت میگیرد ؟,inquiring
تشکر میکنم ازت,chitchat
چجوری با پشتیبانی ارتباط برقرار بکنم؟,customer-service
تشکر,chitchat
من می خواهم 10 کیلوگرم از روغن زیتون را دریافت کنم.,buying
پس از ثبت سفارش 2028 در 1402/11/5، کنجکاوم که پیشرفت آن چگونه است. آخرین گزارش چیست؟,tracking
میخواستم کل سفارشم را حذف کنم چون توانایی مالی به اندازه کافی ندارم,deleting
به دلیل یک خطای ناخواسته، سفارشی با شماره  661 ثبت شده است. خواهشمند است آن را لغو فرمایید.,deleting
لطفا سفارش من را برگردونید. من این کالاها از خریدم پشیمون شدم رو نمیخوام.,returning
می‌خواهم تخم مرغ خریداری شده با سفارش شماره 912 در 1400/8/13 را به دلیل اشتباه خرید کردم برگشت بزنم.,returning
آیا امکان مرجوع کردن روغن زیتون بعد از 14 استفاده هنوز وجود دارد؟ من کالاهایم را چند روزه که دریافت کردم ولی به دلیل نظرم عوض شد میخواهم پس بدهم.,returning
درود,chitchat
شما احیانا خوب هستید؟,chitchat
خسته هم شدی عذر میخوام خدافظ,chitchat
ممکن است لازم باشد سفارشم را اصلاح کنم چیکار باید کنم؟,inquiring
از خرید نان پشیمان شدم، لطفا از سبد خریدم کنسل کن.,editting
قبل از تکمیل سفارش، می‌خواهم گوشت را به دلیل تغییر قیمت از سبد خریدم حذف کنم.,editting
آیا سفارش شماره 1811 ارسال شده است؟,tracking
گوجه فرنگی رو کنسل کن.,editting
میخواستم کل سفارشم را پاک کنم چون محصول مورد نظر را در جای دیگری یافتم,deleting
می‌توانید سفارشم را حذف کنید؟ اشتباه ثبت کردم.,deleting
من قصد دارم سفارشم را کنسل کنم، به خاطر دلایلی که می گم: اشتباه ثبت کردم.,deleting
سفارش هایم را بفرستید.,finishing
نحوه نهایی کردن سفارشم چگونه است؟,inquiring
من نیاز به 14 بطری از تخم مرغ دارم .,buying
آیا امکان پیگیری سفارش شماره 2152 وجود دارد؟,tracking
میتونم اسمتو بپرسم,chitchat
خوبی؟ خوشی؟,chitchat
سفارش 1355 را لغو کن.,deleting
می‌خواهم از وضعیت فعلی سفارش شماره 1228 مطلع شوم.,tracking
آیا ماهی در رنگ‌های دیگری نیز موجود است؟,inquiring
درخواست مرجوع سفارش 1410 رو دارم .,returning
من به هویج محلی علاقه‌ مندم، می‌توانم 2 کیلو از آن‌ها را بگیرم؟,buying
سفارشم تموم شد. همینارو میخواستم.,finishing
اقا من اومدم دوباره مزاحمت بشم,chitchat
می‌خواهم سفارش شماره 1087 که محصول پیاز را در تاریخ 1402/7/8 خریداری کردم را عودت بدهم.,returning
می‌توانید یک شراب خوب پیشنهاد کنید؟ به 14 گرم برای یک مناسبت خاص نیاز دارم.,buying
من علاقه‌مند به برنامه‌ریزی تحویل سفارش شماره 2217 برای تاریخ 1403/4/17 هستم.,scheduling
میخواستم بدونم آیا 7 تا ماهی موجود هست؟,inquiring
سفارش شماره 111 را به دلیل دوست نداشتم این محصول رو می‌خواهم بازگردانم.,returning
من سفارش اشتباهی دادم چه کاری باید بکنم؟,inquiring
زحمت کشیدی,chitchat
می‌خواهم زمان تحویل سفارش شماره 1907 را برای 1400/7/17 تنظیم کنید.,scheduling
لطفاً سفارش شماره 1877 را برای تاریخ 1400/3/4 آماده کنید.,scheduling
سفارش شماره 1552 برای شیر که 8 روز پیش تحویل گرفته‌ام، می‌خواهم برگردانم.,returning
پشیمون شدم دلستر رو از سفارشم لغو کن,editting
سفارش 851 را حذف کن.,deleting
می‌خواهم اطلاعاتی در مورد فلسفه تولید و زنجیره تامین برنج به دست آورم.,inquiring
کالایی که به دستم رسیده معیوب است، میخواستم که پس بدهم,returning
تمایل دارم از به‌روزرسانی‌های مربوط به مرحله‌ای که سفارش 770 در آن قرار دارد مطلع شوم. آخرین وضعیت سفارش چیست؟,tracking
چجوریه؟ پاستا,inquiring
بای بای,chitchat
قبل از تکمیل سفارش، می‌خواهم پاستا را از سبد خریدم حذف کنم.,editting
پس از چه مدتی باید یک کالا را برگردانم؟,inquiring
میخواستم بدونم سفارشی که ثبت کردم تا جمعه به دستم میرسه یا نه؟,tracking
ماست رو به سبد خریدم اضافه کنید.,buying
آیا می‌توانم گوشت را که پیش‌تر در سبد گذاشته‌ام با پیاز تعویض کنم؟,editting
اقلامم را ارسال کن.,finishing
اشتباه شد، به جای 5 گرم دلستر من 14 گرم می خواستم.,editting
میخواستم بدونم سفارشی که ثبت کردم تا چهارشنبه به دستم میرسه یا نه؟,tracking
لطفاً فرایند پاک سفارش  1998 را آغاز کنید.,deleting
لطفاً سفارش شماره 1831 را برای تاریخ 1403/2/25 آماده کنید.,scheduling
سلام و عرض ادب و احترام,chitchat
رب میخواستم .,buying
اسم شما چیست؟,chitchat
میشه مرغ رو از سفارشم پاک کنی؟,editting
من مشتاقم تا دریابم آیا سفارش 811 ارسال شده است.,tracking
قصد دارم کاهو را به دلیل تخفیف ویژه‌ای که دیدم با روغن زیتون تعویض کنم.,editting
از شما درخواست دارم که سفارشم را دیلیت نمایید، زیرا به دردم نمیخوره.,deleting
سیب بهم بده 9 بسته,buying
آیا می‌توانم سفارش شماره 1644 را برای تحویل در ساعت 5 رزرو کنم؟,scheduling
برای درست کردن سالاد شیرازی 10 بطری پوشک بچه میخواستم.,buying
می توانم 3 لیتر از کاهو را رزرو کنم ؟,buying
خریدام تموم شد لطفا همین ها را نهایی کنید.,finishing
من مشتاقم تا دریابم آیا سفارش 2275 ارسال شده است.,tracking
آیا مرغ با استانداردهای IFS مطابقت دارد و آیا برای مصارف طبیعی بودن و بدون داشتن مواد شیمیایی تایید شده است؟,inquiring
سیاست های بازگشت کالا شما چگونه است؟,inquiring
میتونم شماره پشتیبانی رو داشته باشم؟,customer-service
وضعیت سفارش شماره 247 چیست؟,tracking
خداقوت پهلوان خسته هم نباشی,chitchat
میشه سفارش 1050 را پیگیری کنید.,tracking
من به برنج، به ویژه 8 تا نیاز دارم.,buying
نوشابه رو از سفارشم دیلیت کن,editting
می‌توانید سفارشم را کنسل کنید؟ محصول مورد نظر را در جای دیگری یافتم.,deleting
سفارش من با شماره 144 باید دیلیت شود، چون پشیمان شدن از خرید.,deleting
اشتباه شد، به جای 7 عدد سیب زمینی من 3 عدد می خواستم.,editting
حالت خوبه؟,chitchat
میشه قیمت آبمیوه رو بدونم؟,inquiring
اشتباه کردم، می‌توانید سفارش 1663 را بردارید؟,deleting
آیا می توانم سید خرید خود را تغییر دهم زیرا پرداخت هنوز انجام نشده؟,inquiring
آیا قیمت ماهی از زمان بهار تغییر کرده است؟,inquiring
آیا نان در رنگ‌های دیگری نیز موجود است؟,inquiring
چه راه هایی برای پرداخت سفارش ها وجود دارد؟,inquiring
سفارش 1263 را در تاریخ 1401/1/18 ارسال کنید.,scheduling
آیا امکان پیگیری سفارش شماره 1041 وجود دارد؟,tracking
میشه پیگیری کنید ببینید سفارش من دقیقا کجا هست. شماره سفارشم: 272,tracking
میخواستم بدونم آیا 11 بطری گوشت رو حاضر دارید برای سفارش؟,inquiring
منتظر تحویل سفارش شماره 2050 در اولین ساعت دوشنبه هستم.,scheduling
میشه به جای کیک بهم آبمیوه بدی؟,editting
می‌توانید سفارش شماره 161 را در ساعت 9 تحویل دهید؟,scheduling
برای مراسم عید تخفیفی دارید؟,inquiring
میشه به جای مرغ بهم 14 گرم هویج بدی؟,editting
میخواهم دلستر را از سفارشم دیلیت کنم.,editting
می‌خواهم درک عمیق‌تری از خصوصیات بارز و منحصر به فرد پیاز کسب کنم.,inquiring
لطفاً گوشت را که به تازگی به سبد اضافه شده است با کره جایگزین نمایید.,editting
میشه قیمت سیب رو بدونم؟,inquiring
آیا می‌توانم سفارش شماره 1700 را برای تحویل در ساعت 2 رزرو کنم؟,scheduling
آیا می توانم اقلام سبد خرید خود را قبل از نهایی کردن کامل تراکنش تغییر دهم؟,inquiring
خواهشمندم، زمان انتظار برای تکمیل تحویل سفارش 1948 چه موقع خواهد بود؟,tracking
برای بودجه‌ بندی، نیاز به دانستن قیمت دقیق خیار دارم.,inquiring
من رژیم دارم و نیاز به 10 بطری از پاستا کم‌چرب دارم.,buying
آیا سفارش شماره 1623 که شامل دلستر بود آماده ارسال شده است؟,tracking
گارانتی کالاها شامل چه مواردی می‌ شود ؟ چطور میتوانم از خدمات گارانتی استفاده کنم ؟ ,inquiring
قبل از تکمیل سفارش، می‌خواهم کره را از سبد خریدم دیلیت کنم.,editting
من به خیار محلی علاقه‌ مندم، می‌توانم 12 عدد از آن‌ها را بگیرم؟,buying
میخواستم کل سفارشم را لغو کنم چون پشیمان شدن از خرید,deleting
برای گرفتن راهنمایی مربوط به گشتیبانی محصول به کجا مراجعه بکنم؟,customer-service
آیا امکان پیگیری سفارش شماره 1314 وجود دارد؟,tracking
سیب 4 بطری میخواستم بخرم,buying
لطفاً فرایند پاک سفارش  886 را آغاز کنید.,deleting
آیا امکان پیگیری سفارش شماره 1343 وجود دارد؟,tracking
آیا سفارش 198 در حال حاضر در مسیر مقصد قرار دارد؟,tracking
آیا سفارش 1239 در حال حاضر در مسیر مقصد قرار دارد؟,tracking
اشتباه شد، به جای 3 کیلوگرم هویج من 7 کیلوگرم می خواستم.,editting
می‌خواهم سفارش شماره 198 را برای تحویل در روز شنبه تنظیم کنم.,scheduling
می‌خواهم خریدم را به دلیل محصول مورد نظر را در جای دیگری یافتم پاک کنم.,deleting
آیا سفارشی کردن سفارش من در حالت تعلیق از طریق اصلاح موارد مجاز است؟,inquiring
میشه خریدم رو روز سه شنبه تا ساعت 3 بفرستید؟,scheduling
میشه سفارشم رو عودت کنید؟ چون از خریدم پشیمان شدم.,returning
خواهشمندم، زمان انتظار برای تکمیل تحویل سفارش 2315 چه موقع خواهد بود؟,tracking
تخم مرغ برام بفرستید .,buying
نیاز به پشتبیانی دارم راجب سفارشم چیکار بکنم؟,customer-service
مرغ را اشتباه به سبد خریدم افزودم لطفا کنسل کنید.,editting
سپاس,chitchat
لطفاً سفارش شماره 2160 را برای تاریخ 1403/12/15، ساعت 11 آماده کنید.,scheduling
می‌خواهم خریدم را به دلیل موجودی مالی به اندازه کافی ندارم کنسل کنم.,deleting
می‌خواهم یک وعده غذایی قورمه سبزی آماده کنم، به 9 گرم از کره درجه یک نیاز دارم.,buying
می توانم 11 کیلو از ماهی را رزرو کنم ؟,buying
سفارشم را برای روز شنبه ارسال کنید چون وقت دیگر خونه نیستم.,scheduling
من قصد دارم سیب مربوط به سفارش شماره 586 را که در 1402/12/8 خریداری شده را تعویض کنم.,returning
انشاالله سلامت باشی,chitchat
من مشتاقم تا دریابم آیا سفارش 2137 ارسال شده است.,tracking
میخوام با پشتیبانیتون حرف بزنم,customer-service
من می‌خواهم رب را به صورت عمده خریداری کنم، آیا قیمت بهتری پیشنهاد می‌کنید؟,inquiring
آیا امکان مرجوع کردن تخم مرغ بعد از 5 استفاده هنوز وجود دارد؟ من کالاهایم را چند روزه که دریافت کردم ولی به دلیل دوست نداشتم این محصول رو میخواهم پس بدهم.,returning
سلام خوبی؟,chitchat
آیا تنظیم محتویات سبد خرید من هنوز امکان پذیر است زیرا هنوز پردازش نشده است؟,inquiring
قبل از تکمیل سفارش، می‌خواهم آبمیوه را به دلیل تغییر قیمت از سبد خریدم پاک کنم.,editting
من علاقه‌مند به برنامه‌ریزی تحویل سفارش شماره 872 برای تاریخ 1401/4/14 هستم.,scheduling
مسئول میان‌وعده‌های مهمانی اداره هستم، به 3 کیلو از روغن زیتون میخواستم.,buying
منتظر تحویل سفارش شماره 1563 در اولین ساعت یک شنبه هستم.,scheduling
وضعیت سفارش شماره 1289 چیست؟,tracking
محصول روغن زیتون را از سفارشم دیلیت کن,editting
قبل از تکمیل سفارش، می‌خواهم شیر را از سبد خریدم کنسل کنم.,editting
خریدم رو برگشت کنید,returning
آیا امکان پس دادن نان با سفارش شماره 2332 پس از 5 استفاده هنوز وجود دارد؟,returning
میشه خریدم رو روز پنج شنبه تا ساعت 7 بفرستید؟,scheduling
من می خواهم 6 بطری از هویج را دریافت کنم.,buying
کالایی که به دستم رسیده معیوب است، میخواستم که بازگردانم,returning
میشه پاستا رو لغو کنی؟,editting
متأسفانه باید از شما بخواهم که خریدم را پاک کنید، زیرا آدرس اشتباهی وارد کردم.,deleting
لطفاً سفارش شماره 2116 را برای تاریخ 1401/3/18، ساعت 10 آماده کنید.,scheduling
نیاز دارم سفارش 1155 که روز شنبه را لغو کنید.,deleting
می‌توانید سیب زمینی را که به اشتباه به سبد اضافه شده است بردارید؟,editting
زمان تخمینی تحویل سفارش من چقدر است؟,inquiring
می‌ خواهم سفارشم را تکمیل کنم,finishing
دلیل اینهمه تاخیر چیه؟ آبمیوه من الان دقیقا در چه وضعیتی است؟,tracking
برای بچه کوچیکم مقداری خوراکی می خواستم، ماست دارید؟,buying
پرتقال رو موجود دارید؟ ,inquiring
می‌خواهم از وضعیت فعلی سفارش شماره 279 مطلع شوم.,tracking
مرسی عزیزم,chitchat
برای خرید بیش از 1 تا از روغن سرخ کردنی، آیا تخفیفی وجود دارد؟,inquiring
رب که 6 روز پیش تحویل گرفته‌ام، نیاز به تعویض دارد و دوست داشتم که برای من آن ها را مرجوع بدهید.,returning
آیا می‌توانم روغن سرخ کردنی را که 2 روز پیش خریده‌ام، برگشت بزنم؟,returning
آیا تخفیفی برای خرید ماست در روز جمعه وجود دارد؟,inquiring
لطفاً سفارش من با شماره 1953 را دیلیت کنید.,deleting
برای خرید کاهو در این روزها، آیا پیشنهاد ویژه‌ای دارید؟,inquiring
از خریدی که روز جمعه داشتم پشیمان شدم، کنسل کنید.,deleting
آیا امکان پیگیری سفارش شماره 10 وجود دارد؟,tracking
آیا کره در طیف وسیعی از مدل‌ها و طرح‌ها در دسترس است؟,inquiring
پاستا که در 1 خریداری شده بود، معیوب است و می‌خواهم آن را پس بفرستم.,returning
آیا می‌ توانید سفارشم را قبل از ساعت 6 روز پنج شنبه تحویل دهید؟,scheduling
ماهی مربوط به سفارش شماره 367 که در روز دوشنبه خریداری شده، نیاز به تعویض دارد.,returning
چطور میتوانم سفارشم را لغو کنم ؟,inquiring
سفارشم رو روز یک شنبه ساعت 11 ارسال کنید.,scheduling
قیمت کره با توجه به نوسانات اخیر بازار چه تغییری کرده است؟,inquiring
میخواهم نان را از سفارشم پاک کنم.,editting
آیا امکان تحویل سفارش شماره 1827 در روز دوشنبه وجود دارد؟,scheduling
سلام، احوال شریفتان چطور است؟,chitchat
آیا می توانید برای من تا 5 از تخم مرغ را بسته بندی کنید و برای من بفرستید؟,buying
آیا می‌توانم سفارش شماره 851 را برای تحویل در ساعت 4 رزرو کنم؟,scheduling
میشه خریدم رو روز چهارشنبه تا ساعت 9 بفرستید؟,scheduling
میشه برام 3 بسته روغن سرخ کردنی ثبت سفارش کنی.,buying
آیا تخفیفی برای خرید نوشابه در روز چهارشنبه وجود دارد؟,inquiring
آیا تخفیفی برای خرید دلستر در روز دوشنبه وجود دارد؟,inquiring
من رو به مرحله پرداخت ببرید چون خریدهایی که داشتم تموم شد.,finishing
من می خواهم مقداری از دلستر، 10 شانه را انتخاب کنم.,buying
سلام، حالتان خوب است؟,chitchat
میشه من رو به یک فرد پاسخگو مرتبط کنی؟,customer-service
آیا 11 لیتر از سیب دارید ؟,buying
روغن زیتون که 4 روز پیش خریدم الان کجاست؟ پس کی ارسال میشه؟,tracking
آیا می توانم برای درخواست های مربوط به سفارش با پشتیبانی مشتری تماس بگیرم؟,customer-service
گوجه فرنگی را به اشتباه خریداری کرده‌ام، آیا می‌توانم آن را برگردانم؟,returning
دستور پخت من نیاز به 12 شانه از رب دارد، آیا موجود است؟,buying
باید حتما با یک شخص درباره مشکلم صحبت کنم,customer-service
آیا می‌ توانید سفارشم را قبل از ساعت 4 روز پنج شنبه تحویل دهید؟,scheduling
مقدار کالای گوجه فرنگی را از 12 شانه به 4 شانه اصلاح کنید.,editting
تازگی‌ها چه خبر؟,chitchat
دلستر رو موجود دارید؟ ,inquiring
آیا می توانم برای جزئیات محصول با پشتیبانی تماس بگیرم؟,customer-service
آیا درگاه پشتیبانی مشتری وجود دارد؟,customer-service
سلام، احوالت؟,chitchat
آیا امکان دارد سفارش شماره 796 را در 1401/3/3 تحویل بگیرم؟,scheduling
دوستدارم نامت را بدونم,chitchat
من رژیم دارم و نیاز به 3 تا از سیب زمینی کم‌چرب دارم.,buying
خدافظ,chitchat
میخواستم بدونم آیا 8 تا نان موجود هست؟,inquiring
باید با کارشناس مربوط به سفارشات صحبت کنم,customer-service
محصول دلستر را از سفارشم پاک کن,editting
تمایل دارم از به‌روزرسانی‌های مربوط به مرحله‌ای که سفارش 1299 در آن قرار دارد مطلع شوم. آخرین وضعیت سفارش چیست؟,tracking
آیا می‌توانم روغن زیتون را که پیش‌تر در سبد گذاشته‌ام با رب تعویض کنم؟,editting
حالت چطوره عزیزم,chitchat
شما چه کاری برای من میتوانی انجام بدهی؟,chitchat
کاری که شما میکنید چیست؟,chitchat
1 کیلوگرم سیب زمینی بده,buying
من برای کباب کردن نیاز به 10 تا از دلستر دارم,buying
آیا سفارش 2094 برای ارسال آماده شده است، یا هنوز در مرحله پیش‌ارسال معطل مانده است؟,tracking
سلام، حال روحی مساعدی دارید؟,chitchat
آیا می توانم کالایی را در صورتی که استفاده شده است اما هنوز در شرایط خوبی است برگردانم؟,inquiring
میخواهم پوشک بچه را از سفارشم پاک کنم.,editting
خواهشمندم، زمان انتظار برای تکمیل تحویل سفارش 2027 چه موقع خواهد بود؟,tracking
می‌خواهم نوشابه را که در سبد خریدم قرار داده‌ام دیلیت کنم.,editting
پس از ثبت سفارش 1370 در 1403/4/22، کنجکاوم که پیشرفت آن چگونه است. آخرین گزارش چیست؟,tracking
من دوباره اومدم,chitchat
برای مراسم تعطیلات تابستانی تخفیفی دارید؟,inquiring
می‌خواهم زمان تحویل سفارش شماره 713 را برای 1403/7/16 تنظیم کنید.,scheduling
می‌خواهم گوشت را به دلیل تغییر در برنامه غذایی‌ام از سبد خرید حذف کنم.,editting
متأسفانه باید از شما بخواهم که خریدم را کنسل کنید، زیرا اشتباه ثبت کردم.,deleting
لطفاً نان را که در سبد خریدم قرار دارد با ماست به‌روزرسانی کنید، چون تازه‌تر است.,editting
آیا امکان تحویل سفارش شماره 382 در روز شنبه وجود دارد؟,scheduling
آیا سفارش شماره 2006 که شامل نان بود آماده ارسال شده است؟,tracking
شرایط واجد یک محصول برای بازگشت چیست؟,inquiring
سیب که 10 روز پیش تحویل گرفته‌ام، نیاز به تعویض دارد و دوست داشتم که برای من آن ها را عودت بدهید.,returning
من مشتاقم تا دریابم آیا سفارش 1526 ارسال شده است.,tracking
من خیلی وقته از شما خرید می کنم میشه به بنده تخفیف برای محصول ماهی بدهید؟,inquiring
چه زمانی شماره پیگیری خود را دریافت خواهم کرد؟,inquiring
موفق باشید,chitchat
به 9 تا از کاهو نیاز دارم.,buying
سیب زمینی 8 بطری میخوام ثبت سفارش کنم,buying
میخواستم با یک کارشناس صحبت کنم,customer-service
می‌خواهم گوشت را که در سبد خریدم قرار داده‌ام حذف کنم.,editting
برای درست کردن سالاد شیرازی 14 شانه ماهی میخواستم.,buying
سفارشم را قبل از ساعت 11 روز پنج شنبه تحویل دهید ,scheduling
میخواستم سفارشم را رهگیری کنم,tracking
سفارشم را قبل از ساعت 3 روز سه شنبه تحویل دهید ,scheduling
فورا من رو به کارشناس متصل کم,customer-service
اگر سفارشم خراب به دستم رسید چه کاری باید انجام بدهم؟,inquiring
میخواهم سفارشم با شماره 1708 رو برگردونم,returning
می‌خواهم بدانم تخم مرغ چه امتیازاتی نسبت به کالاهای مشابه دارد.,inquiring
آیا کوپن تخفیفی برای اولین خریدم از کالای هویج دارید؟,inquiring
سفارشم را در تاریخ 1400/9/4 بفرستید,scheduling
چگونه میتوانم با یک کارشناس حرف بزنم,customer-service
کالاهایم را برای ساعت 4 روز پنج شنبه برنامه ریزی کنید.,scheduling
می‌خواهم بدانم سفارش شماره 41 در کدام مرحله از فرآیند قرار دارد.,tracking
میخواستم سفارشم رو ساعت 7 بفرستید.,scheduling
انتخاب هام تموم شد. سفارشم را ارسال کنید لطفا.,finishing
وضعیت سفارش شماره 1107 چیست؟,tracking
میخواهم سفارشم با شماره 247 رو مرجوع کنم,returning
سفارشم با شماره 2297 را رهیابی کنید.,tracking
درخواست مرجوع سفارش 1781 رو دارم .,returning
5 بطری بده پس,buying
می‌خواهم تخم مرغ خریداری شده با سفارش شماره 1885 در 1401/1/3 را به دلیل محصولات قدیمی و خراب و داغون هستند مرجوعی ثبت کنم.,returning
سفارش شماره 970 را به دلیل اشتباه خرید کردم می‌خواهم پس بدهم.,returning
قصد دارم مرغ را به دلیل تخفیف ویژه‌ای که دیدم با آبمیوه تعویض کنم.,editting
آیا سفارش 397 برای ارسال آماده شده است، یا هنوز در مرحله پیش‌ارسال معطل مانده است؟,tracking
یا تخفیفی برای خرید عمده دارید؟ به 6 کیلوگرم از آبمیوه علاقه‌مندم.,buying
آیا میتوانی اسمت رو به من بگویی و یا حتی خودت را معرفی بکنی؟,chitchat
سفارشم را برای روز دوشنبه ارسال کنید چون وقت دیگر خونه نیستم.,scheduling
سفارش 428 را در تاریخ 1402/6/8 ارسال کنید.,scheduling
می‌توانید توضیح دهید که چگونه تخم مرغ می‌تواند به بهبود طبیعی بودن و بدون داشتن مواد شیمیایی کمک کند؟,inquiring
شاد و سلامت هستید؟,chitchat
میخوام این اقلام رو برام بفرستی,finishing
باید سفارش 929 رو پس بفرستم ,returning
میشه کاهو رو از سفارشم کنسل کنی؟,editting
من می‌خواهم اسموتی درست کنم و به 2 لیتر از کاهو مخلوط نیاز دارم.,buying
