,text,label
0,باید کلی بشوری تا از روی صورت پاک بشود بویه ملایمی هم داره … پوست من مختلطه است مخصوص پوست‌های خشک و معمولیش را گرفتم که زیاد قوی نباشد و پوستم را خشک نکند الان عدد ماه دارمش اوایلش راضی بودم اما بعد از مدتی دیدم دور چشمام داره چروک‌های خیلی ریز میفته دیگر عدد - عدد روز یک بار ازش استفاده می‌کنم آن هم فقط روی قسمته است چرب پوستم ,1
1,خوبه است ولی روی موهای من تاثیر زیادی نداشت ,0
2,نخرید رنگش در می‌آید به دست ,1
3,بوی خوبی داره و خوب تمیز می‌کند ولی اسکراب قوی نیست ,0
4,هفته پیش گرفتم . ظاهرش خیلی خوبه است ولی بعده عدد عدد روز دوره لبش شکست عدد عدد روز بیشتر کار نمی‌کند . و اصلاً توصیه نمی‌کنم . ,1
5,من یک هفته هست که استفاده می‌کنم که واقعاً تاثیرش را دیدم حتماً بهتان پیشنهاد می‌کنم ,0
6,حتماً بخرید ,0
7,هرچقدر بگم سفت و سخته این کرم کم گفتم … به سختی را پوست پخش می‌شود و تا چند دقیقه حس این را داری که یک چیزی چسبیده به صورتت . کاور متوسطی داره رنگش برای من که برنزم تقریباً یه‌درجه روشنه است و برای سبزه‌ها یا گندمیای تیره خوبه است . در کل هیچوقت سمتش نمی‌روم دوباره . برخلاف محصولات دیگر این برند . ,1
8,عالیه و موها را نرم و براق می‌کند ,0
9,من در پیشنهاد ویژه گرفتم . خوب بود ,0
10,عالی ,0
11,ممنون از دیجی کالا بابت گذاشتن محصولات با کیفیت ,0
12,متاسفانه بخاطر تعریف‌های زیادی که ازش شده_بود خریدم . اصلاً روی جوش تاثیری ندارد . پوست را فوق‌العاده خشک و کدر می‌کند . ,1
13,سریع جذب پوست می‌شود و فوق‌العاده خوشبو هستش ,0
14,کیفیت خوبه است ، یک گلس هم داره . ,0
15,خیلی عالی بود . اگر مثل من از جوش سرسیاه روی بینیتان متنفرید و هرچی تمیز می‌کنید باز هم هستش حتماً از این ماسک استفاده کنید ,0
16,چیزی که در تعریف این محصول درباره محفظه نگهدارینده نوشته : « محفظه‌ی اشکی‌مانند ماسک پیوردرم از جنس شیشه‌ی شفاف ساخته‌شده و در آن به‌صورت چوب‌پنبه‌ای است . » اصلاً صحت ندارد و بسته بندی کاغذیه است و به هیچ وجه به شکلی که در توضیحات اشاره‌شده شباهت ندارد . ,1
17,بسته بندی عالی از نظر رنگ عالی من که خیلی خوشم آمد بخرید بخرید ,0
18,سلام خدمت دوستان عزیز ,0
19,با سلام . جنس این کوله‌پشتی بسیار بد است و بیش از آنکه به کوله‌پشتی لپ‌تاپ شبیه باشد شبیه کیف مدارس است . شایسته_است به جنس اجناس دقت بیشتری داشته_باشد ,1
20,بعنوان پد روزانه خیلی خوبه است ,0
21,یک کابل با کیفیت که هیچ ایرادی نمی‌شود ازش گرفت ,0
22,من این و خریدم وقتی به دستم رسید دیدم عین یک طلقه است ، کلاً هیچ کاری نمی‌کند برای گوشی و پس دادم . اصلاً پیشنهاد نمی‌کنم پولتان و بابتش بدید . ,1
23,داخل پیشنهاد شگفت‌انگیز گرفتم یک عمر کار می‌کند ,0
24,درود . الیاف این مسواک از کیفیت خوبی برخوردار نبوده و با هر بار مسواک زدن نیز از جای خود کنده_می‌شد . ,1
25,رایحه خوبی داره . سبکه است و چرب و سنگین نیست . قبل از آرایش خوب روی پوست می‌خوابد ,0
26,من برای دوستم گرفتم . خوب بود و با کیفیت ,0
27,واقعاً از‌نظر‌کیفیت ساخت فوق‌العاده هست و بسیار مقاوم در برابر ضربه ، حتی جلوی‌ضربه به ال سی‌دی هم‌گرفته می‌شود بخاطر بالا اومدن لبه قاب ,0
28,من‌بعد از امتحان کردن بیش از بیست برند داخلی و خارجی این را امتحان کردم . واقعاً عالیست . چربی را کنترل می‌کند خارش را از بین می‌برد حتی برای من شوره را هم کنترل کرد . ,0
29,عالیه من رنگ مشکیش را گرفتم واقعاً خوبه است ,0
30,خیلی بد رنگ می‌کند قشنگ معلومه است یک چیز مالیدی به خودت خیلی غیر طبیعیه است اردن خیلی رنگش طبیعی تره ,1
31,خیلی بده اصلاً به درد نمی‌خورد ,1
32,من آبی روشن سفارش دادم اصلاً آن رنگی نبود که در عکس بود ، عدد روز استفاده کردم گوشه‌ی قاب خود به خود شکست . ,1
33,اثر داره ولی باید چندین بار استفاده کرد تا اثر آن را دیدی ,0
34,کیفیت کرم هنوز جای تحقیق و ارائه کار بهتر داره تا روی صورت سبک و با مواد موثره است طبیعی ضد جوش از طرق فن‌آوری نانو در مدت زمان اثر و درمان و همچنین زیبایی پوست به گوتاهترین زمان برسه پوست من‌بعد از استفاده دوتا جوش ریز زد که دلیلش سنگینی این محصوله است ,0
35,قسمت‌های نگه‌دارنده گوشی از جنس بدیه و خیلی زود خورد می‌شود و اگر گوشی از دست بیفته است یا از گوشی جدا می‌شود یا می‌شکند ,1
36,عالیه پوست باز و روشن می‌کند ,0
37,عالی بود ,0
38,چرمش خوبه است البته رنگش با اونی که گذاشتن در عکس متفاوته آبی متمایل به سبزه در کل قیمتش زیاده ایراد اصالیش آینه که لبه‌ها را پوشش نمیده ,0
39,خیلی خوبه است . من راضی هستم . تخفیف مناسبی هم داره ,0
40,من چند وقتی می‌شود گرفتمش ! ,0
41,فوق‌العاده هست . هم از نظر قیمت و کیفیت ,0
42,عالیه فقط یکم کوتاه هست . ,0
43,خیلیی خوب بود واقعاً راضیم ازش …نسبت به قیمتش فوق العادس …حتی اولین بار که استفاده می‌کنید می‌توانید تاثیرش را ببینید …مچککرم دیجی ,0
44,کرم بسیارخوبیه ,0
45,خوب ,0
46,خیلی طراحی باحالی داره رنگ سورمه‌ای گرفتم من خیلی ازش راضیم ,0
47,خیلی هم خوب از همه طرف محافظت می‌کند از گوشی / کیفیت و جنسش خوبه است / فقط کمی جای اثر انگشت می‌ماند ,0
48,عالی ,0
49,این کابل فقط چند ثانیه گوشی را شارژ می‌کند و بعد قطع می‌شود … با انواع باتری و پورت یو اس بی امتحان کردم . قطع می‌شود . ,1
50,در کل به صرفه و عالی ,0
51,آن مشخصاتی که در عکس هست نبود یعنی +++pa را نداشت ولی چون کلاً سان سنس محصولات خوبی داره مرجوع نکردم اگر برایتان PA مهم هست این کرم آن نیست ,0
52,همه چه خوبه است ,0
53,بوی خوبی داره و روشن‌کننده هم هست ولی حتماً بعد از عدد دقیقه ماسازشسته شود ,0
54,سلام ,1
55,من از چندین پد مختلف استفاده کردم اما این پد ایپک نسبت به کیفیت و نوعی که از جمله دوخت اطراف پد و جنسش بسیار عالیه ,0
56,خیلی دوستداشتنیه ,0
57,مسواک خوبیه است من راضی‌ام تمیز می‌کند ولی زمان مسواک زدن طولانی می‌شود . ,0
58,مانیتورهای سری جدید بنکی را ، علاوه بر کیفیت همیشگی دارای شیستم هوشمند هماهنگی با محیط هست . بسته به نوع رنگ و شدت نور محیط تنظیم می‌شود صفحه‌اش . ,0
59,عملکرد بسیار خوب ولی به علت غلظت کم استفاده از آن برای خودکودکان مشکل است . ,0
60,تاثیر ندارد ,1
61,برای پوستای چرب واقعاً ایده‌آل هستش ، هم آبرسانی خوبی داره هم زود جذب می‌شود ، بوش هم عالیه ,0
62,رنگای آبی و صورتی بگیرید تنوع بشود قشنگن ,0
63,حتی ماسک زغال از این بهتره است . چون ازش تعریف کرده_بودند خریدم اما برای من که پوست روشن و چرب دارم اصلاً خوب نبود . اثری ندارد . کمی به پوست رنگ می‌دهد و شستشوی آن سخت هست . ,1
64,اولش دو دل بودم بگیرم یا نه بعد این‌که گرفتم رسید دستم واقعاً شگفت‌زده شودم ولی بعد یک مدت از بغل چسبش خراب شد و دیگر قابل‌استفاده نیست ,1
65,خیلی بده واقعاً پولم را ریختم دور چون انتن گوشی کلاً می‌پرد ,1
66,من عدد ماهه که خریدم ,0
67,من راضیم پوستم احساس سنگینی ندارد و اینکه اول روی پوست برق میندازه ولی بعداً کم می‌شود . من یک کرم فرانسوی عدد برابر قیمت این گرفتم که همین حالت فلوئیدی . داشت و دقیقاً مثل این کرم اول صورت را برق مینداخت تازه بوی بدی هم داشت . به نظرم این یکی بوی بدی هم نمیده ,0
68,عالی برای من ار همه نظر عالی ,0
69,قابل‌قبول بود ,0
70,اسامی سامسونگ زیر مدل grnd perym دارن فقط کار می‌کند بالاتر کار نمی‌کند ,1
71,افتضاح . به معنی واقعی کلمه . جوش‌ها را زیاد می‌کند . احساس می‌کنی مایع ظرفشویی به صورتت می‌زنی . من دوتا تهیه کردم . ولی بعد از چند بار استفاده کنار گذاشتم . تعجب می‌کنم از کسانی که کلی تعریف کرده بودن . عزیزان نظرات شما در تصمیم‌گیری دیگران موثره است . پس لطفاً در کامنت گذاشتن دقت کنید ,1
72,ماندگاری خوبی داره و خیلی سریع خشک می‌شود ,0
73,من که راضیم پوستم شفاف‌تر شده ,0
74,اصلاً کیفیت ندارد ,1
75,اگر به دنبال یک کابل شارژ عدد متری هستید شک نکنید ، واقعاً کالا مناسب و با کیفیتی است ,0
76,کرم خوبیه است راضی بودم ,0
77,بهترین نخ دندان بین همه مارک‌ها ,0
78,بوی خوبی داره ,0
79,رنگش با پوست هماهنگ است ,0
80,خوش‌رنگ و دارای غلظت مناسب است و به راحتی و روانی روی سطح ناخن پخش می‌شود ,0
81,خیلی خیلی کابل با کیفیت و اورجینالیه ,0
82,این محلول هیچ کارایی مثبتی ندارد فقط حنا داخلش یک کم‌رنگ می‌دهد به مو تاثیر مثبت ندارد وفقط نفعش برای سازنده این محلول هست شرکت طلسم ,1
83,از لحاظ محافظ گوشی مناسب است ولی خیلی سریع در عدد ساعت بعد از استفاده ، رنگ دور قاب پاک می‌شود ,1
84,خوشحال که این صابون را در دیجیکالا دیدم . ,0
85,من با توجه به اینکه رابط داخل کارتن گوشیم را گم کردم این را خریدم و تا حالا فقط یکبار برای گوشی آیفون عدد استفاده کردم و خوب بوده . ,0
86,این اسکراب به حدی دوست‌داشتنی و فوق العادس که هنوز سفارش نداده می‌خواهم یکی دیگر هم بگیرم صورت را شفاف و روشن می‌کند و حس طراوت و سرزندگی به آدم می‌دهد حتی بار اول استفاده هم می‌توانی تاثیرش را ببینی من چند روزه دارم استفاده می‌کنم و واقعاً نتیجه گرفتم صورتم مثل آینه شده حتماً پیشنهاد می‌کنم و از دیجی کالا خواهش می‌کنم قیمت را یکم پایین‌تر بیاره تا بتوانیم تعداد بالاتری سفارش بدهیم با تشکر از دیجی ,0
87,بن ,1
88,نه‌تنها کابلی که ارسال شد مثل همینی که در تصویر بود نبود بلکه اصلاً کار نمی‌کرد ! ,1
89,سریع خشک می‌شود و موندگاره ولی اصلاً این رنگی نیست ، کاملاً سبزه ,0
90,واقعاً تاثیرگذاره است ,0
91,خیلی کم کف می‌کند ولی رایحه‌های خوبی داره خصوصاً هلو .. من در پیشنهاد شگفت‌انگیز خریدم و قیمتش عالی بود ,0
92,بوی خوبی داره ، بعد استفاده حس می‌کنم پوستم روشن‌تر شده ,0
93,از لحاظ اثر گذاری این کرم عالی بود ,0
94,من این ماسک را خریدم و همان هفته اول متوجه تاثیر فوق العادش شودم موهایم خرد می‌شد و خشک‌شده و می‌ریخت ایم ماسک باعث تقویت و نرم شدنش شد ,0
95,لطافت عالی به پوست می‌دهد ، در ابتدا من با نظر همسرم از این لوسیون استفاده کردم و خشکی پوست را عالی بر طرف نمود و حال دیگر به صورت عادت از این لوسیون استفاده می‌کنم ، زیرا بعد استفاده ، حس بسیار خوبی به انسان می‌دهد . ,0
96,پوشش دهی خوب برای پوست چرب عالیه ,0
97,کیفیت کالا بسیار خوب هستش فقط قیمت کالا بالا هستش ,0
98,چراغ جهت میزان نمایش مقدار شارژ ندارد ,0
99,بکار نمی‌آد ,1
100,خیلی عالیه . همه الودگی‌های روی پوست و داخل منافذ پوست را به راحتی پاک می‌کند و ارایش ضدآب را هم به راحتی تمیز می‌شود . مرسی همسرم بابت انتخابت ,0
101,لطفاً موجود کنید خیلی خوب بود من راضی بودم ازش ,0
102,با توجه به قیمت شگفت‌انگیز ارزش خرید دارد ,0
103,این کابل دو روز پیش رسید دستم فقط اسم سامسونگ سمت type c درج نشده همانند عکس ,0
104,بسیار عالی فقط قیمتش بالاست ,0
105,عالیه مثل اصلش کار می‌کند ,0
106,اگر ژل شستشوی صورت می‌خواهید انتخاب مناسبی نیست اما اگر بدنبال یک اسکراب ملایم و لایه بردار هستید انتخاب خوبیه است ,1
107,برای پوست چرب مناسب هست ,1
108,عالی و سریع ,0
109,نسبت به قیمتش خیلی عالیه ، طی مدت یکماه است مشابه کابل اصلی کارکرد داشته ,0
110,این نوار بهداشتی سایز مناسب داره و چهار بال بودنش هم ایده‌ی خیلی خیلی خوبیه است ,0
111,این ژل و من بار دوم که دارم می‌خرم ، خیلی عالیه ، بعد از اینکه آرایشم و با میسلار واتر پاک می‌کنم صورتم و با این ژل میشورم و می‌گذارم سی ثانیه بموند و بعد میشورم . اصلاً باعث جوش نمی‌شود و بعد از استفاده هم نرمی و بوی خیلی خوبی به پوستم می‌دهد . اگر می‌دانستم تا عدد تاریخ داره ، دوتاش و می‌گرفتم . شک نکنید برای خریدش . با تشکر از دیجی کالا که این محصول و با قیمت مناسب برای فروش داره🌼 ,0
112,اصلاً دوفاز خوبی نیست و موها را بسیار خشک می‌کند ، دوفاز آبی رنگ نلی خیلی بهتر از این محصوله است ,1
113,نسبت به قیمتش خوبه است . من رنگ مشکیش را گرفتم ظاهرش خوبه است اندازشم خوبه است و فیت گوشیه است . من کلاً گوشی از دستم نمی‌افتد که از نظر محافظت بخواهم نظر بدم . درکل من راضیم . درضمن نمونه‌های گرانتر این طرح هم هست که همینه و فرقی ندارن با این . ,0
114,قطر محصول هنگام خرید مشخص نبود ,0
115,بعد از حدود عدد سال استفاده هنوز عالی شارژ می‌کند واقعاً کیقیتش فوق‌العاده است و از آن مهمتر طولش هست که خریدش را جذاب می‌کند ,0
116,هم قیمت مناسب بود هم کیفیت ,0
117,موهای من بخاطر استفاده از دکلره خیلی خشک است . بعد از حمام از این کرم استفاده می‌کنم خوبه است اما در مقایسه با کرم قبلیم از مارک دیگر ، نرم کنندگی کمتری می‌دهد . ,0
118,خوبه است ,0
119,نسبت به قیمتش ارزش ندارد ,1
120,کالا اشتباه مینی یواس بی بود اما که یک تایپ سی جایزه گرفتم ,0
121,عالیه واقن پیشنهاد می‌شود ,0
122,پلاستیک بازیافتیه است نفطه‌های روشن داده روش نخرید ,1
123,بااین قیمت مناسبه است ,0
124,لب تاپ عدد ٫ عدد به همراه ظرف غذا و کتاب و جزوه‌ها به راحتی جا می‌شود و کیفیت مناسبی داره ,0
125,من برای htc عدد خریدم ,0
126,با سلام ,0
127,امروز به دستم رسید . مدتیه است از محصولات پریم استفاده می‌کنم و کانلا راضی‌ام . ,0
128,عالی ,0
129,پیشنهاد می‌کنم حتماً بخرید . هم قیمت مناسبی داره هم سبکه است و کاملاً را گوشی سوار می‌شود خیلی خوبه است ,0
130,کابل خوبیه است ولی یکم کوتاهه است اما کار راه میندازه ولی قیمت خیلی بالاست برای عدد ٫ عدد متر کابل ,0
131,واق‌ها نسبت به قیمتی که داره عالیه هم حجم زیادی داره هم کیفیت بینظیری داره ، به شدت پیشنهاد می‌شود ,0
132,با سلام ,1
133,اگر یک کوله ارزان قیمت دم دستی بخواهید خوبه است ولی برای لپ‌تاپ و خیلی پر کردنش فکر نکنم جان داشته باشد ,1
134,من چند روزی هست دارم استفاده می‌کنم چند بار هم باهاش بک آپ گرفتم سرعتش خیلی خوبه است انتخاب خوبیه است به نسبت قیمتش عالیه ارزش داره توصیه می‌کنم ممنون از دیجیکالا بابت قیمت‌های خوب ,0
135,هفته پیش به دستم رسید و کاملاً راضی هستم ازش ، پیشنهاد می‌شود ,0
136,خمیر دندان خوبیه است اگر دنداناتان واستان مهمه حتماً این را بگیرید ,0
137,کیفیت کابل فوق العادست ,0
138,یک هفتس که این aux را خریدم ، نسبت به قیمتش کیفیتش خوبه است ، فقط کمی صداش پایینه است حس می‌کنم که البته مطمین نیستم برای aux هست یا مربوط به گوشیمه است . ,0
139,من پوست بی‌آب ولی چربی دارم البته با اینکخ خیلی چرب و براق نمی‌شود به راحتی جوش می‌زند ، قبلاً به تجویز پزشک کرم اکتی پور را می‌زدم ولی روی پوستم می‌ماسید .. ولی این مدل اکتی پور یعنی bb cream اصلاً آنطور نبود ,0
140,کیفیت و کاربرد عالی ,0
141,علی بود ,0
142,برای آماتور‌ها عالیه ,0
143,بهترین نخ دندان موجود در بازار هست منتهی قیمت نسبتاً بالایی هم داره و برای آنایی که هزینه براشان مهمه به صرفه نیست ,0
144,برای وصل کردنps عدد به مانیتور این کابل نیست ,1
145,حجمش خیلی کمه نسبت به قیمت اصلیش که عدد تومنه است و انگار حجمش کمتر از عدد میله و زیادی رقیقه انگار آب قاطی شامپو کردی اما سری دوم که خریدم تخفیف خورده_بود و قیمتش متناسب با حجم شامپو بود اما از نظر کیفیتی خیلی خوبه است و برای موهایه است من که خشک و شکننده و آدامسی هستن خیلی خوبه است و با یک ماسک تقویت‌کننده مو مکمل خوبی برای مو می‌شون ,0
146,بدک نیست نسبت به پولی که می‌دهید خوبه است ، کلان خوش‌دست می‌کند گوشی را ,0
147,خوب ,0
148,قدرت پاک‌کنندگی بسیار ضعیف . برای پاک شودن صورت می‌بایست حدتقل سه بار شستشو کرد . ,1
149,اولین خرید ماسک موی من بود طبق دستور استفاده کردم اما موهایم بهم چسبیدن و مثل این بود که بهشان وازلین زدم البته نیم ساعت صبر کردم که شاید حالت چسبندگی موهایم برطرف بشود فایده نداشت برگشتم حمام وشستمش وماسک مو را هم دور انداختم . ,1
150,اصلاً سمت خرید این محصول نروید هیچگون محافظتی برای لپ‌تاپ ندارد ,1
151,درب شامپو سفت و غیر استاندارد . زیاد کف نمی‌کند . و رایحه جالبی هم ندارد ,1
152,تاثیر ندارد ,1
153,نسبت به قیمت خوب بود ,0
154,بسیا عالی و مناسب ,0
155,من‌بعد از استفاده متوجه شودم خرابه ,1
156,به اندازه پولش کار می‌کند خیالتان راحت ,0
157,کلاً دوهفته کار کرد و بعدش قطعی پیدا کرد و دیگر شارژ نمی‌کند ,1
158,خوب بود ,0
159,اگر طول کابل برایتان مهمه حتماً بخرید از کیفیتش هم راضی‌ام ,0
160,با کمی هزینه بیشتر محصول بهتری بخرید . کیفیت خوبی ندارد . ولی برای شارژ خوبه است . برای انتقال داده مناسب نیست . ,1
161,خوبه است ,0
162,من چند ساله برای پوست دستم که فوق‌العاده حساسه است و به طور وحشتناکی در مواجهه با آب دچار خشکی می‌شود استفاده می‌کنم و واقعاً راضیم ، چربی نسبتاً خوبی داره و برای پوست‌های خشک کاربردیه است ، البته چون پوست صورتم بر خلاف پوست دستم چربه برای صورت ازش استفاده نمی‌کنم . ,0
163,اولش فکر کردم چون روکشش فلزیه است سیمش انعطاف‌پذیری خوبی ندارد اما وقتی دستم رسید دیدم برعکس سیمش کاملاً انعطاف پذیره از شارژ سریع پشتیبانی می‌کند حتی از خود سیم اورژینال گوشی هم داخل شارژ کردنش سریع تره و زودتر شارژ می‌شود گوشی باهاش . در کل سیم خیلی باکیفیتیه است که در نگاه اول که به دستتان برسه خودتان متوجه می‌شوید . با تشکر از دیجی کالا ,0
164,واقعاً بی‌نظیر و در بسته بندی عالی ممنون از دیجی کالا ,0
165,با این قیمت خوبه است و کاربری راحتی دارد ,0
166,عالی ,0
167,کیفیت قسمت دکمه‌ها بسیار بده ، آنقدر سفته که عملاً دکمه پاور را نمی‌شود فشار داد !! ,1
168,خیلی عالیه این سرم و من برای ریش گرفتم که موخوره داشت و تمام موخره هایش از بین رفت و همینطور که از اسمش پیداست یک استیل خاصی به ریشم داده و برق خاصی می‌زند ریش که خیلی از این سرم رازی هستم و با تشکر فراوان از دیجی کالا ,0
169,اولش که در دیجی دیدم خیلی خوشم آمد چون این مدل خیلی گوشی را سالم نگاه می‌دارد و شیک هست ، فقط وقتی آوردن یک چیز خورد در ذوقم که دور گوشی را قابش کامل پوشش نمیده ,0
170,بد نیست ,0
171,کیفیتش عالیه ,0
172,جنسش خیلی خشک و بی‌کیفیت هستش . ,1
173,واقعاً قاب خوبیه است فقط اگر تازه گلس انداختید نندازید را گوشیتان بزارید چند وقت بگذرد واقعاً ارزش داره به این سیلیکونی یا ژله آیا ,0
174,بعد از سالها استفاده از شامپوهای مختلف و عدم رضایت از نتیجه ، بالاخره با استفاده از این شامپو مدتهاست که شوره ندارم . ,0
175,دوستان درست گفته بودن این‌که در دست لیز نمی‌خورد خیلی خوبه است و راضیم از انتخابش ,0
176,موافقم ,0
177,همه‌اش را استفاده کردم اما کوچکترین تاثیری ازش ندیدم . دوستان توجه کنید که اگر یک کرم مرطوب‌کننده همان لحظه که استفاده می‌شود پوست را نرم کند که کار شاقی نکرده ، یک مرطوب‌کننده خوب باید در دراز مدت خشکی پوست را از بین ببره و آن را درمان کند . که این کرم اصلاً خشکی را از بین نبرد و تاثیر جوان‌سازی هم ازش ندیدم . ,1
178,به نظرم بهترین کرم آبرسانه که علاوه بر اینکه کاملاً طبیعیه است و عصاره گیاه هستش از مواد شیمیایی استفاده نشده و موندگاری بالایی داره و سریع جذب می‌شود ، من برای ترک پاهایم هم استفاده کردم که واقعاً مثل معجزه بود در سه هفته بطور کامل همه ترک‌های پاهایم را از بین برد و وااقعا باور نکردنیه است و خارق العادست این کرم ، پیشنهاد می‌کنم علاوه بر استفاده مرطوب‌کننده این کرم اگر ترک پا دارید حتماً برایش استفاده کنید ، موفق باشید . ,0
179,خوب و قشنگه است ,0
180,حجم مناسب خوشبو بسیار لطیف کننده پوست و عالی … قیمت در پیشنهاد شگفت‌انگیز عالیه ,0
181,فقط حکم برق ناخن را داره . هیچ حفاظتی انجام نمی‌دهه و به ماندگاری خاصی ندارد زود بلند می‌شود تز را ناخن . از گلدن رز انتظار اینچنین نمی‌رفت !! ,1
182,این شوینده ، از برند معتبری هست که با توجه به قیمت و حجم ، ارزش خرید بالایی دارد . استفاده از آن به عنوان ماسک هم مزیت دوم آن هست . ,0
183,بسیار با کیفیت و قدرتمند ,0
184,جنس مورد نظر فاقد جای اثر انگشت بود ,1
185,حجم زیاد قیمت مناسب آبرسانی زیاد ,0
186,در یک‌کلام افتضاح هستش ، اصلاً نگیرید که به دنداناتان آسیب وارد می‌کند !!!! ,1
187,خیلی خوب و محکم عالیه ممنون ,0
188,عالیه ,0
189,من حدود عدد ساله الا را استفاده می‌کنم قبلاً کیفیت بالاتری داشت اما الان مثل قبل نیست ولی این بار که این محصول را خریدم راضی بودم . ,0
190,این فقط کرم نیست بلکه درمان‌کننده‌ی ترک پاست ,0
191,همه‌اش دروغه است هیچ تاثیری ندارد حدود یک ماهه روزی دوبار دارم استفاده می‌کنم هیچ تاثیری نداشته فقط بوی تند کنجد می‌دهد انگار همه‌اش روغن کنجده ,1
192,من در این عدد هفته‌ای که از این کابل استفاده می‌کنم اصلاً گره نمی‌خورد ، چون همیشه شارژم را با خودم می‌برم تا نمی‌شود ، وسر سوکت‌ها که فنر داره باعث شده طول عمر بیشتر داشته باشد ، وخوب شارژ می‌کند . در پیشنهاد ویژه خریدم . نسبت به قیمتش خوبه است و راضیم . ,0
193,جنسش خوبه است ,0
194,در کل خوبه است ، بند برای خود ایرپادها ندارد ، فقط یک آویز فلزی داره برای جاکلیدی ، من رنگ سبزآبی گرفتم ، خوبه است ، پیشنهاد می‌کنم ,0
195,خوبه است ,0
196,واقعاً ارزش خرید داره ,0
197,واقعاً کابل محکم ضخیم و زیبایی من مشابه این کابل را ندیده_بودم سرعتشم عالیه جنسشم خیلی خوبه است پیشنهادش می‌کنم دوستان واقعاً بسیار زیبا و شیک . ,0
198,برای پوست بچه و بزرگسال هم حتی مناسب هست ,0
199,یکی از بهترین پاک‌کننده‌های پوست ,0
200,با این قیمت من راضی بودم به نظرم ارزش داشت ,0
201,خیلی خوب و راحت فیت شد روی گوشی و دکمه‌ها خیلی راحت کار می‌کنن ,0
202,خوبه است ,0
203,خوب تمیز می‌کند ,0
204,حتماً خریدش را پیشنهاد می‌کنم ,0
205,سلام ,0
206,گوشه‌های تیزی داره که دست را اذیت می‌کند . ,1
207,بسیار سبک است و خوب هم روی پوست می‌نشیند و سفیدی نمی‌زند ، البته به پوست من نساخت و جوش زیرپوستی زدم . ,0
208,عکسش از خودش بهتره است ,1
209,سلام خدمت دوستان ,1
210,صابون‌های گلمر واقعاً باکیفیت هستن و قدرت پاک‌کنندگی خوبی دارن حیف که زیاد گران شودن ,0
211,واقعاً عالیه ، ایشنهاد می‌کنم حتماً استفاده کنید ، اگر موهای خشک و کدر و آسیب‌دیده‌ای دارید ! کاملاً موها را نرم و براق می‌کند از همان بار اول استفاده کردن ! چرب نمی‌کند ! موهای من آسیب‌دیده بود و با قوی‌ترین و کرونترین ماسک موها و با وجود استفاده سرم موی بعد حمام ، باز هم زبر بود ، ولی با آگرادو نرم شد . غلطت یک سرم موی غلیط را ندارد ، چون روغن مو هست ! ولی با حجم زیاد و قیمت مناسبش می‌توانید به اندازه مدت زمان یک سرم مو ازش استفاده کنید و زودی تمام نشه ! ,0
212,اولش ممکنه جا بخورید ولی بعد یکم بگذرد حس خوبی می‌دهد …قشنگه ,0
213,بدرد نخورترین کالایی که داخل تمام عمرم خریدم ,1
214,ظاهر خوبی داره و محکمه ولی جایگاه هندزفری و شارژر کوچکه است و نمی‌توانم از هندزفری استفاده کنم ,1
215,شرکتی که فرستاده_بود بسته بندیش خیلی راحت باز شد و برایم خیلی جالب بود یک قلب قرمز کوچولو داخلش گذاشته_بود ,0
216,بسیار باکیفیت و در کیفیت و میزان صدا هیچ تاثیر منفی‌ای ندارد . ,0
217,من که راضی هستم ,0
218,پیشنهاد می‌شود ,0
219,خیلی خوش‌بو و نرم ، آبرسانیشم عالیه ,0
220,یک مقدار قیمتش بالا رفته اما همچنان با قیمت‌های موجود بین محصولات دیگر بهترین گزینه است . ,0
221,بهتر از این می‌توانست باشع ,0
222,من برای خودم نگرفتم ولی کسی که برایش گرفتم اعتراضی نکرده ,0
223,امروز دستم رسیده . ,0
224,زیباست ، ولی متاسفانه اطرافش شل هست و یک جاهای از بدنه گوشی فاصله می‌گیرد ، پلاستیک شیشه مانندش هم بعد از یک مدت از قاب جدا می‌شود ، اصلاً پیشنهاد نمی‌کنم با این قیمت بخرید ، پولتان را دور ریختید ,1
225,یک هفته است خریدم نمی‌توانم نظر قطعی بدم . ولی غلیظه و خوب پوشش می‌دهد . ,0
226,قیمت مناسب ، کیفیت عالی و بی‌رقیب ,0
227,برای دومین باره می‌خرم ,0
228,کاش حجمش بیشتر بود زود تمام شد ,0
229,اصلاً ارزش خرید ندارد طعم بدی داره حالم بد شده استفاده کردم ,1
230,دوستان دقت کنید اگر لپ تاپتان ultrabook هستش به راحتی تا عدد اینچ جا می‌شود .. اما اگر لپ‌تاپ قطرش زیاده یا عدد ٫ عدد هستش احتمالاً با این کیف به مشکل برمی‌خورید ,0
231,قدرت پاک‌کنندگی صفر ,1
232,بسیار عالی برای من هم مثل معجزه بود دو روزه جوشام خوب شد . از دیجی کالا ممنونم . ,0
233,کرم ضد آفتاب و بی‌بی کرم جفتشان خوب بودند ,0
234,خیلی خوبه است این روغن ارگان . موها را نرم می‌کند . کاش قیمتش کمتر بود همیشه ازش استفاده می‌کردم ,0
235,اگر درب را به پشت گوشی برگردانید صفحه را قفل می‌کند . تصور کنید بخواهید بازی کنید یا با گوشی کار کنید باید درب را همینجور با دست مثل کتاب باز نگاه دارید که به پشت گوشی نزدیک نشه و صفحه قفل نشه که بسیار آزار دهنده ست . من گذاشتمش کنار و یک مدل دیگر خریدم . ,1
236,با توجه به قیمتی که داره انتظار همچین کیفیت بالایی ازش نداشتم ,0
237,واقعاً متاسفم ! این کرم مثلاً صد میله . اما به محض اینکه بازش کردم متوجه شودم که همه‌اش حواست ! و شاید کلاً بیس میل کرم داخلشه است . ,1
238,فقط تبلت و نهایتاً چیزهای خیلی کوچک در کنارش جا می‌شون . من دوساله دارم الان با این قیمت نمی‌ارزد . ,1
239,من پوستم کاملاً چرب و زود جوش می‌زند . ضد آفتاب‌های فاقد چربی زیادی امتحان کردم همشان صورت را برق مینداختن ولی این مارک را استفاده کردم کاملاً خشک و مات بود و هیج براق کنندگی نداشت فقط یک چیز اینکه در رنگ پوست تغییری ایجاد نمی‌کند همین . ,0
240,اصلاً گول ظاهرش را نخورید ,1
241,چون قیمت دیگر مدل‌های ست مانیکور بسیار بالاتر آزید مورد است و این مدل کمترین قیمت را دارد من این را انتخاب کردم کیفیت در آن کمی پایید است اما در کل از نظر زیبایی می‌توان گفت قشنگ است . در ست من موچین خراب است و کارایی ندارد و مو نمی‌کند اما بقیه وسایل خوب کار می‌کنند و از کیفیت نسبتاً خوبی برخوردار است . ,0
242,من این محصول را در شگفت‌انگیز خریدم به نظرم ارزش خریدن با قیمت شگفت‌انگیز را داشت ,0
243,قیمتش در شگفت‌انگیز خوب بود ,0
244,خیلی خوبه است حتماً پیشنهاد می‌کنم همین که ماته است ، جای دست نمی‌موند خیلی عالیه ,0
245,بنظر من خیلی بصرفد و خوبه است ، مدل پمپی بودنش هم خیلی خوبه است چون دیگر نگران پریدن استون نمی‌شوید ، در کل که بنظر من حتماً امتحانش کنید ,0
246,این کاور از جنس و کیفیت خوبی برخورداره است و زیبایی گوشی را به خوبی نمایش می‌دهد ,0
247,برای موی من جواب داد ,0
248,هم سرعت شارژ و هم سرعت انتقال اطلاعات از کامپیوتر به گوشی خیلی بالاست . داخل این بازار پراز وسایل چینی خسته‌کننده کالای ایرانی خیلی با کیفیتیه است . من خودم به‌شخصه از کالاهای ایرانی و خوب تسک را حمایت می‌کنم ,0
249,خیلی خوب و با کیفیته است و حس استحکام را منتقل می‌کند به لحاظ سرعت انتقال داده هم حرفی باقی نمی‌زارد و بی‌نقص عمل می‌کند ، تا به امروز که مشکلی نداشته و بدنش هم کاملاً مقاوم و با دوام و از جنس پلاایکه سخت و مرغوبه است ,0
250,در یک‌کلام بی نظیره است ,0
251,چون برای کل صورت قابل‌استفاده بود و نظرهای مثبت زیادی درموردش نوشته بودن سفارش دادم . الان که دارم ازش استفاده می‌کنم می‌بینم واقعاً خوبه است و نظرات بجایی درموردش دادن ,0
252,بعد از چند روز به کندی شارژ می‌کند و واقعاً خوب نیست ,1
253,کیفیت خیلی خوبی داره ,0
254,از این تبدیل برای اتصال تبلت ویندوز به دیتاپرژکتور استفاده کردم . با وجود طول زیاد کابل بدون نیاز به اتصال پاور جداگانه تصویر خوبی در خروجی داد . ,0
255,چربی پوست و متعادل می‌کند ,0
256,سلام . ,0
257,انتظار یک کرم عالی نداشته_باشید ولی در شگفت‌انگیز ارزش خرید دارد ,0
258,این پماد برای سوختگی و التهاب عالیه حتی برای مخاط ,0
259,از هر جهت عالیه ، ,0
260,به نسبت قیمت خوب ,0
261,من که یکهفته استفاده می‌کنم راضی هستم حس خوبی دارم بعد استفاده . ,0
262,این شامپو بدن دارای اسکراب‌های ریزی درونش هست که به تمیزکنندگی پوست کمک می‌کند . درضمن ، برند نیوها داخل محصولات بهداشتی جزء اولین هاست و قیمت خیلی مناسبی هم داره . ,0
263,خیلی خوبه است ,0
264,کار راه اندازه ,0
265,خیلی خوب بود بر خلاف عکس و ظاهرش خیلی نرم و کاربردیه است …قیمتشم مناسبه است به گوشی شخصیت می‌دهد ,0
266,سفید کنندگی قوی . ,0
267,راضی‌کننده است ,0
268,رقیق و خیلی شله . مدت زیادی جواب نمیده . در کل در شگفت‌انگیز هم خریدم راصی نیستم ,1
269,بسیار با کیفیت ,0
270,من از خریدم راضی هستم ,0
271,با این قیمت خیلی خوبه است من عیبی ندیدم کیفیت بد نیست ,0
272,کیفیت خوب ماندگاری بالا ضد تعریق ، براحتی جذب پوست می‌شود ,0
273,عالی بود ممنون الان یک سال دارمش ,0
274,علی‌رغم این‌که روی محصول نوشته التیام‌بخش و با توجه به این‌که آلوئه و نارگیل باید ضد حساسیت باشن ، بدن من کهیر زد ، اگر پوست حساس یا خشک دارید اصلاً سراغش نروید ,1
275,من خانمم استفاده کرده خیلی راضی بوده و موهای هایلایت شده را بسیار نرم می‌کند و رایحه بسیار خوبی داره و با توجه به حجمش قیمت بسیار مناسب ,0
276,من تازه این کرم مو را گرفتم قبلاً یک مدل دیگر آزید مارک را خریداری کرده_بودم ، ، متاسفانه پمپ قوطیش مشکل داره وکلا کار نمی‌کند ضمناً داخلش خیلی کم کرم را ریختن تقریباً نصف قوطیش خالیه ,0
277,پیشنهاد می‌کنم ,0
278,واقعاً عالیه ,0
279,من چند ساله از این کرم دور چشم مصرف می‌کنم و راضی‌ام ,0
280,قیمت مناسب دیجی کالا نسبت به فروشندگان اینترنتی و داروخانه‌ها و با توجه به اینکه قبلاً این محصول را استفاده کردم باعث شد من این محصول را از دیجی کالا تهیه کنم ! ,0
281,واقعاً عالیه من وقتی دیدم ساخت ایران هست اول از خریدم پشیمان شودم ولی بعد از استفاده نظرم عوض شد نسبت به قیمتش عالیه ,0
282,بی تاثیر و بی‌کیفیت ,1
283,ابن مدل نسبت به مدل سادش خیلی بهتر هست ,0
284,خمیر دندان خوبی هست ولی به کسانی که دندان‌های حساسی دارن توصیه نمی‌کنم چرا که درد دندان هنگام خوردن خوردنی‌های خنک از بین نمی‌رود می‌توانم بگم بیشتر هم می‌شود !!! ,1
285,دوستان من تازه فهمیدم که بعضی از کالاها چند فروشنده دارند می‌توانیم قیمت مناسب را انتخاب کنیم این شامپو عالیه فقط تاریخ مصرفش کمه ,0
286,با تشکر از سایت دی جی کالا من که واقعاً از خریدم رضایت دارم و دقیقاً همانی بود که داخل سایت گذاشته ,0
287,با سلام ,1
288,تشکر از دیجی کالا بخاطر اینکه خرید را راحت کرده ,0
289,من مدت‌ها است که کیو وی استفاده می‌کنم ولی این سری در تخفیف دیجی که این را خریدم متاسفانه متاسفانه معطره است ، و برای منی که به خاطر حساسیت به بو کلاً سمت کیو وی رفتم ، یک شوکه که کرم را باز کنی ببینی بو داره !!! البته چند دقیقه بعد استفاده بوش می‌برد … . ولی من دیگر این مدل قوطیش را اصلاً نمی‌خرم . ,1
290,بوی بد ,1
291,در نگاه اول عالیه ,1
292,گارد خوبی هست و ازش راصی هستم مدلشم عالیه اما یک عیب برزگ داشته آن هم در گلس داخل پک که دارای یک خال در وسط هست و مشکل اینجاست که نمیتوایم از فروشگاها این نوع گلس تهیه کتیم ,0
293,موهای من نسبتاً سلامت بود ، دمیج نبود ، فقط گره می‌خورد به هم ، با این قیمت بالا و حجم کم اصلاً به صرفه نیست ، در ضمن تاثیری را موهایم هم نداشت ، نرم‌کننده ایرانی از این بهتره است ,1
294,من این را برای استفاده روی گوشی موتورولا خریدم اول که به کابل میکرو USB وصل نمی‌شد به زور که کابلمم خراب کرد وصل شد بعد گوشیم را شارژ نمی‌کرد انداختم دور ,1
295,خیلی خوبه است . ,0
296,از این تخفیفات بیشتر بزارید لطفاً واقعاً تخفیفاتان عالیه ,0
297,عالی بود موهایم را خیلی نرم کرد ,0
298,سلام ,0
299,خیلی خوش‌رنگ و شیکه است ولی رنگش کمی با عکس فرق داره ، در مایه‌های یاسیه است ,0
300,انواع مسواک‌های اورال بی و سیگنال را تست کردم ولی این یکی فوق العادست هم مقاومت خیلی خوبی داره و هم عالی تمیز می‌کند . ,0
301,کوچک‌ترین تاثیری ندارد ,1
302,کیفیتش خوبه است ,0
303,عالیه ,0
304,من اردیبهشت خریدم و واقعاً عالیه ,0
305,تعداد فوشندگانی که کالاهای دیجی کالا را ارائه می‌دهن زیاده ، موقع خرید هر جنسی می‌توانید فروشنده مورد نظر را که از نظر زمان ارسال ، دارا مودن تاییدیه دیجی کالا و یا حتی قیمت کالا را انتخاب و بعد اقدام به ثبت سفارش کنید ( من خودم اوایل نمی‌دانستم ) ,0
306,خیلی ساده و شیک ,0
307,سلام دوستان من این کابل داخل سایت به چشمم خورد و خیلی جالب به نظرم رسید چون من این کابل را داخل امریکا داخل Hypershop خریده_بودم . از دیجی کالا خریدم و دیدم دقیقاً همان کابل جالبه است در ایران ارزانتره است …از نظر کیفیت هم بخواهم بگم که واقعاً عالیه من واقعاً راضیم هم تاییدیه‌های امریکا را داره هم تاییدیه اپل را . واقعاً خوبه است ممنون از سایت خوبتان … . ,0
308,بسیار جنس عالیی داره و داخلش مخمله است تا پشت گوشی خط نیوفته ,0
309,برای زدودن جرم عالیه ولی خوشبو نمی‌کند ,0
310,من شامپو را خوب خریدم بازار قیمتش بیشتر بودممنون دیجی کالا ,0
311,عالی بود راحت وصل می‌شود صدا هم قطع و وصل نمی‌شود اندازه‌اش هم خوبه است امیدوارم زود خراب نشه فقط ,0
312,موقع شارژ سوکت شارژر کمی اذیت می‌کند ولی در کل خوبه است ,0
313,صادقانه می‌گویم که عالی هست ,0
314,این کابل خیلی خوبه است چون هم میکروفون و دکمه ولوم داره عالیه ,0
315,جنس این نوع کاور باید مخمل مانند باشد ولی این کاملاً پارچه هست ,1
316,آخر با این پولی که میدی نباید این روغن دستت را بگیرد ,1
317,بسیار دیر شارژ می‌کند ,1
318,خوبه است وتاثیر گذار ولی ماندگاری کمی داره ,0
319,کابل خوبیه است نسبت به قیمتش و کیفیت خوبی داره . ,0
320,منکه است خیلی راضی‌ام ,0
321,کارم را راه انداخت ,0
322,ضرر نمی‌کنید تز خریدش ,0
323,اصلاً از لحاظ کیفیت مشابه عملکرد خارجی‌ها نیست و فایده ندارد ,1
324,امروز بدهستم رسید خیلی خوبه است ,0
325,مثل گلاب میمونه و من بوی گلاب را چون دوست دارم اصلاً مشکلی باهاش ندارم ,0
326,راضی بودم ، خیلی موهایم را نرم و لطیف کرده و برای کسانی که موهای خشکی دارن پیشنهاد می‌کنم . ,0
327,پوستم از شدت خشکی خارش داشت با این کرم برطرف شد بوی خیلی ملایمی داره سبک هم هست مرطوب‌کننده و نرم‌کننده واقعیه است مثل بعضی کرم‌ها نیست که فقط چرب باشد ,0
328,خوب و کاربردی ,0
329,نسبت به کرم مشابه خارجی که استفاده کرده_بودم خیلی بود . بدون حس چربی پوست را تا مدت زیادی مرطوب نگاه می‌دارد . ,0
330,نسبت به قیمتش می‌ارزد ,1
331,بهترین گزینه برای پوسته سر واقعاً عالی بود ,0
332,من این کرم دوماه است پیش خریدم ، با این‌که هم صبح هم شب به صورت منظم به صورتم زدم ولی هنوز تمام نشده و فکرم می‌کنم تا دوماه است دیگه‌ام می‌توانم ازش استفاده کنم حجمش خیلی خوبه است ، من از این مارک برای دور چشمم هم خریدم و راضی‌ام ، بوی خوب و ملایمی هم داره ، چربیش روی صورت نمی‌ماسد و سریع جذب می‌شود در کل به نسبت قیمتش عالیه ,0
333,پیشنهاد می‌شود ,0
334,من لک نداشتم اما تاثیرش در طراوت و شادابی پوست و کوچک شودن منافذ پوست واقعاً عالیه تنها نقطه ضعفش قیمت بالاشه است ,0
335,من وقتی می‌خواهستم این قاب را بخرم برایم زیبایی و سبکی مهم نبود و فقط می‌خواهستم نهایت محافظت را داشته_باشم چون گوشی خیلی گران شده و تعمیراتش هم گرونه است . ,0
336,قوی و خوش دسته ,0
337,نخرید . پولتان را هدر دادید . حجمش هم زیاده ، میمونه روی دستتان ,1
338,بیشتر باعث وز شودن موها می‌شود ,1
339,بدنیست ولی ما که تفاوتی حس نکردم ,0
340,جای سوتکش به گوشیم نخورد ,1
341,سلام من این کاور را از دیجی کالا خریدم ، رنگ مشکی خالص و رنگ قرمز و مشکی ، که هردو زیبایی خاص خودشو داره ، از نظر کیفیت ساخت عالیه ، بسیار محکم و مقاوم در برابر ضربه ، از تمام زوایای گوشی کاملاً محافظت می‌کند و به معنای واقعی یک گارد تمام و کمال هست ، با استفاده از این کاور حس خیلی خوبی به کاربر منتقل می‌شود ، بسیار شیک و زیبا و زیبایی گوشی را چند برابر می‌کند ، خیلی خوش‌دست هست مخصوصاً برای دست‌های مردونه است ( مناسب آقایان ) ، درپوش درگاها خیلی عالی طراحی‌شده و استفاده ازش خیلی راحت هست ، با گلس‌های استاندارد مثل موکول مدل تی پی یو و یا بوف و … مشکلی ندارد و لبه ها را بلند نمی‌کند و استفاده از دکمه‌ها هم خیلی راحت و نرم هست ، در مجموع بین تمام کاورهایی که امتحان کردم این از همه بهتر بوده و واقعاً دوست‌داشتنی هست ,0
342,عالی ,0
343,من رنگ طوسی خریدم خیلی خوبه است ,0
344,کرمه خوبیه است ,0
345,موهای من را عین چوب سفت و شکننده و ترد کرده بطوریکه وقتی می‌زنم حتی قابلیت شانه کردن را از موهایم می‌گیرد . ,1
346,سلام دوستان من این محصول دو هفته پیش خریدم بعد دو هفته فکر کردم فکر خودمه است که مزه‌ام بلند شده ریمل هم نمی‌زنم ولی همه می‌گوین چیکار کردی چه زدی یک‌کلام حرف ندارد من سینره سریت‌ها همه چه زدم ولی الکی بود این بعد دو هفته جواب داد ,0
347,این دستگاه دیروز به دستم رسید . دوتا باتری آلکالاین خوب انداختم توش . با قدرت تمام سوهان می‌زند . برای ناخن کاشت یکم قدرتش کمه ولی خوب مرتب می‌کند . جالبه است که ناخن کاشتمو سوهان زدم ، با اینکه لاک ژل را برد بعد بافر زدم و بعدم سری پولیش و واقعاً باز برق افتاد سطح ناخن . درکل دستگاه خوبیه است اگر زود خراب نشه . ولی دوتا مشکل هست یک اینکه احتمالاً سوهان یدکش نیست در بازار و وقتی سطح سوهان از بین بره دستگاه دیگر کارایی ندارد . یکیم اینکه سریش بهتر بود یکم باریکتر می‌بود که گوشه‌های ناخنم خوب فرم بده . در هر حال من الان دارم برای مامانم هم سفارش می‌دهم . ,0
348,نه خوبه است نه بده اسمش نخ دندانه ,1
349,همین الان برای اولین استفاده کردم و با هر تکانی قطع می‌شود . پشیمانم از خریدم بافت پارچه ایش برای حفاظت بیشتر نیست و صرفاً زیبایی داره ,1
350,خیلی سریع شارژ می‌کند به شدت راضیم ازش ,0
351,مارک کرم که مشخصه خوبه است قیمتش هم خیلی خوب بود ,0
352,قیمت این محصول بالاست اما کیفیت مناسبی دارد ,1
353,اصلاً نخرید ,1
354,هرگز پیشنهاد نمی‌شود ,1
355,اولاً روی بسته بندی محصول کد QR هست که می‌توانید اصالت کالا را برسی کنی . ,0
356,برای عدد اینچ بزرگه است باید برش داده بشود ,0
357,اولش که بازش کردم کابل نازک بود گفتم حتماً بدرد نمی‌خورد ولی در نهایت ناباوری سرعت بالایی در هنگام شارژ و انتقال دیتا داره . در خریدش شک نکنید ,0
358,بوی گند می‌دهد ,1
359,از نظر بنده کاملاً مناسب هست . ,0
360,خیلی فوق‌العاده بود . هر یک دونش با اینکه کوچکه است و فکر می‌کنید که کافی نیست اما عدد تا انگشتو جواب می‌دهد . حتی من یک جاهایی لاک اکلیلی زده_بودم که سخت پاک می‌شود اما به راحتی پاک شد با این پد . بعدشم چون روغنی هستش ناخن را خشک نمی‌کند و بطور کلی فوق العادست . اینکه کوچکه است هم اول به نظر نقطه‌ی ضعف می‌آید اما زمانی که شما پدتان اندازش بزرگه است و مثلاً فقط می‌خواهید دستتان را پاک کنید عملاً کلی از پد را استفاده نشده میندازید بیرون چون برای عدد تا انگشت زیاد آمده است اما این چون سایزش کوچکه است حیف نمی‌شود ,0
361,HTC ساپورت نمی‌کند ,1
362,عاالیه توخریدش شک نکنید ,0
363,در کل خوبه است و لاک را نگاه می‌دارد ,0
364,به عنوان کسی که حداقل عدد سال است با سیستم‌های کامپیوتری روزانه بیش از عدد ساعت کار می‌کنم ، درباره این مانیتور می‌توانم بگم بی نظیره است فقط ,0
365,خیلی خوشبو هست و راحت شسته می‌شود و تاثیرش خیلی خوبه است و پوست را شفاف می‌کند ,0
366,خیلی خوب بود . عالی بود ,0
367,من بدون شناخت قبلی خریدم ولی راضی‌ام . مقرون به صرفه است و خیلی خوشبو . ,0
368,خیلی راحت جذب پوست می‌شود برق نمی‌زند خیلی طبیعی می‌شوید البته پوست من خیلی روشنتر از این کرم هست و تقریباً برای پوست من برنزه هست ولی کاملاً طبیعی میشینه روی پوست ,0
369,من الان چندماهه دارم ازش استفاده می‌کن . خیلی خیلی مناسبه است . اپل که می‌خرید یک کم سخته تان ولی بعدش که عادت کردید عالیه . مخصوصاً برای برنامه‌نویس‌ها که می‌شود چندتا پن را همزمان باز کرد و کنار هم کدها را دید و مقایسه کرد . ,0
370,من قرمزش را سفارش دادم عالیه خیلی خوشگله است و خوشم آمده است ,0
371,خوب بود کلاً ,0
372,برای گرافیک سیستمم خریدم و خروجی پورت دی وی‌ای را تبدیل کردم به اچ دی‌ام ای که به نحو احسنت از عهده این کار بر آمد ضمناً Ugreen یکی از برندهای بسیار با کیفیت در زمینه لوازم جانبی کامپیوتر هست ,0
373,این کرم ایرانی بسیار خوب بوده و از استفاده آن راضی هستیم ,0
374,خیلی مناسب و باندازد و قابل‌انعطاف بود . ,0
375,عالی ,0
376,مرطوب‌کننده خوبیه است ,0
377,زیبایی خاص خودش را داره به خاطر طرحش و نسبتاً شیک و قشنگه است ,0
378,تاریخ انقضا عدد هستش ,0
379,بنظرم برای هدیه دادن مناسبه است قشنگه است ستش کامله است ,0
380,خریداری شد برای هارد اکسترنال قدیمی اما متاسفانه قابلیت انتقال دیتا ندارد ,1
381,کیفیت عالی محصول و بسته بندی فوق‌العاده + تاییده است اپل ,0
382,صالوت فوق‌العاده قوی هست . من اوایل متوجه نمیدشم که وقتی این را می‌زنم پوستم حساس می‌شود خشک می‌شود دونه‌های ریز قرمز می‌زند . ولی وقتی عدد هفته گذشت متوجه شودم به شدت پوستم بهش حساسه است و اصلاً پیشنهاد نمی‌کنم ,1
383,من وصلش کردم به a عدد عدد واقعاً کارم را راه انداخت ,0
384,متاسفانه علیرغم اینکه در توضیحات نوشته شارژ با سرعت بالا ، اما از فست شارژ پشتیبانی نمی‌کند ,1
385,با توجه به قیمت کیفیت مناسب ,0
386,دوستان من سه تا کابل از این برند خریدم واقعاً جنس عالی هستند نسبت به قیمتشان عالیه دوستان توجه کنید تایپ سی هستش نه میکرو ,0
387,با توجه به قیمت داروخونه قیمتی فعلی دیجیکالا به صرفه تره ,0
388,خیلی کیفیت ساخت بالایی داره و دوامش عالیه و گره هم نمی‌خورد ,0
389,واقعاً راضیم و از خریدم خوشحالم در برابر ضربه مقاومت داره و طراحیش قشنگه است ,0
390,پوستم را خشک نکرد بوی خیلی خوبی داره ,0
391,جنس عالی خیلی گوشی قشنگ می‌شود ,0
392,برای پاک کردن سیاهی ناشی از چای و سیگار عالیه و خیلی خوب سفید می‌کند حداکثر در عدد بار استفاده جواب صد در صد می‌گیرید ولی به مینای دندان آسیب می‌رساند و لثه را حساس می‌کند نباید خیلی استفاده کرد جز مواقع حساس مثل عروسی و مهمانی ,0
393,چون تازه استفاده کردم نمی‌توانم دقیق نظر بدم ، ولی درکل راضی هستم . ,0
394,خیلی خیلی خوب وتاثیر گذار من روی شانه هایم جای جوش مونده_بود الان خیلی کم شودن حیف که موجود نیست لطفاً موجودش کنید ,0
395,این مانیتور را جهت طراحی صنعتی خریدم و بسیار از انتخاب و خدمات تحویل و ارسال راضی هستم ,0
396,با سلام ,0
397,نرم کنندگی خوبی داره و ماندگار . بوی ملایمی داره و قیمتش در پیشنهاد ویژه خیلی عالی بود ,0
398,اصله ,0
399,با توجه به حجم زیاد مو و ضخیم بودن آن این محصول راضی‌کننده بود برای من . کمی حالت نرم کنندگی به مو می‌دهد بعد از شست و شو اما موهای من همچنان به نرم‌کننده احتیاج داشت ,0
400,جنس بیرونی خوبه است دوخت خوبی داره جادار اما برای لب تاب عدد ٫ عدد اینچی یک مقدار کوچکه است بزرگترین نقطه ضعفش استری داخلشه است که اصلاً کیفیت ندارد انگار نایلون دوختن و بعد از مدت کوتاهی در اثر استفاده زیاد از بین میره ,1
401,همه رنگ‌ها خشک‌شده بودند ! ,1
402,من یک ماهه خریدم یک هفته می‌شود که برای حجم اثر کرده و راضی هستم واقعاً . ,0
403,بسته بندیش شیکه است ,0
404,فقط از خش افتادن جلوگیری می‌کند و لیزم هست و واقعاً نمی‌ارزد ,1
405,من دو ساله از این خمیر دندان استفاده می‌کنم ,0
406,دکمه هایش بیش از حد سفته و زیاد شفاف نیست ! ,1
407,من وقتی از این ماسک استفاده کردم صورتم حداقل عدد روز به شدت لطیف بود البته من در هفته حداقل دو بار ماسک استفاده می‌کنم و آلوورا فوق العادس به همین دلیل هرماه عدد تا آلورا سفارش می‌دهم . ,0
408,برای درمان جوش نیست دوستان مثلاً کسانی که بدن و صورتشان چرب می‌شود و ممکنه جوش بزند برای جلوگیری از جوش و استفاده به عنوان صابون معمولی خوبه است ولی برای درمان جوش باید سراغ محصولات دیگه‌ای برید از این صابون روی پوست جوش دار استفاده کنید تقریباً تاثیری داخل بهبود جوش‌ها ندارد و فقط باعث می‌شود پوستتان بیشتر جوش نزند برای استفاده بدن هم باید بگم اصلاً پوست را خشک نمی‌کند و پوست را نرم و لطیف می‌کند ,0
409,فقط به درد گوش بچه عدد و عدد ساله می‌خورد … . ,1
410,برای اولین بار بود استفاده می‌کردم . بوی خوبی نداشت ولی موهایم را نرم کرد . ,0
411,همین الان رسید دستم ,1
412,بد نبود فقط پایید صحفه است که شارژر می‌خورد یک تکه خالی میمونه که اگر بود عالی بود ولی در کل نسبت به قیمتش عالیه ، من رنگ سفیدش را برای گوشی مشکی خریدم خوشگل شد ,0
413,دوستان این قاب واقعاً عالی هم زیباست هم مقاوم هست ولی اگر از گلس‌های تماام صفحه استفاده می‌کنید این قاب را نگیرید یا گلس را عوض کنید چون به لبه‌های گلس فشار می‌آرد و باعث اینجاد حباب در دور تا دور گوشی تان می‌شود یعنی گلس را باید بندازی دور یا با چسب بچسبانی ,0
414,من خیلی خوشم آمد . واقعاً دستو چرب نمی‌کند . بوش هم عالیه ,0
415,بسیار مناسب و قابل‌قبول برای درمان لثه ,0
416,نسبت به قیمتش اه خوبه است فقط برای لپ‌تاپ‌های عدد اینچی است به عدد اصلاً نیمخوره . ,0
417,واقعاً بوی سیر می‌دهد و کلی باید بشورم تا یکی سیر از سرم بره ,1
418,من یک بار دیگر هم نظرم گفتم که این شامپو خوبه است ولی موندم از نظر آن‌ها یی که شامپو ایرانی پر از پارابن و سولفات با این شامپو بدون سولفات و پارابن مقایسه کردن و از شامپو‌های پر از نقد ایرانی تعریف کردن ,0
419,من برا‌ی ps عدد گرفتم کار کرده و تصویر و صدا هم داره ,0
420,نکته‌ای در ابتدا نگرانم کرد عدم وجود سوراخ واسه‌ی اسپیکر بود . ولی بیشتر که دقت کردم دیدم هندمندانه است صدا به جای اینکه از پایید گوشی پخش بشود به روبروی گوشی هدایت می‌شود که در واقع خیلی بهتر هست برای کسی که با گوشی داره کار می‌کند . قدرت صدا هم در عین ناباوری اصلاً کم نشده با این طراحی . ,0
421,امروز به دستم رسید دستگاه پر قدرت و کاربردییه است ,0
422,اصلاً انگار نه انگار که کارش انتقال تصویر هیچ اتفاقی نمیفته ,1
423,بعد از حمام ازش استفاده می‌کنم حس خیلی خوبی به پوستم می‌دهد عالیه در واقع ,0
424,هیچ مشکلی ندارد خیلی زیبا و با کیفیت ,0
425,با سلام این محصول را من تازه خریدم از دیجی کالا در شگفت‌انگیز خریدم با توجه به قیمتی که در شکقت انگیز خورده_بود به نظر من خوب بود با استفاده از نظر دوستان این محصول را خریدم محصول خوبیه است کیفیتشم مناسبه است فضای کافی‌ام داره دوختشم مورد قبوله است فقط اگر در بندهاشم عرق‌گیر وجود داشت بهتر بود در کل عالی ممنون از دیجی کالا ,0
426,منکه است راضیم ازش ,0
427,من رنگ مشوی خریداری کردم . از دور گوشی به خوبی مراقبت می‌کند . جنسشم خوبه است . اما هوشمند نیست که با بستن در ان گوشی خاموش بشود . ,0
428,پیشنهاد نمی‌کنم کاملاً بی‌کیفیت ,1
429,بسیار شکننده می‌باشد با یکبار افتادن و همچنین گذاشتن در جیب شلوار شکست ,1
430,اصلاً به درد نمی‌خورد نخررید ,1
431,جای گوشی داخل کاور محکم به نظر نمی‌آد دایم نگران افتادن گوشی از کاور هستی بخصوص در هوای گرم ,0
432,من که ازش راضی م . مخصوصاً چون لپتاپم را کیبوردش حروف فارسی ندارد این خیلی به دردم می‌خورد برای تایپ ,0
433,"یک درصد هم روی مو تاثیر ندارد شیر, موی فاربن خوبه است ولی این ماسک واقعاً بد بود . مو‌های منو مثل چوب خشک کرد ",1
434,خوبه است ,0
435,عدم پاک‌کنندگی عدم کیفیت . عدم غلظت . ,1
436,سبک . نازک . نصب آسان . جنسش حس خوبی می‌دهد فقط چون نازکه از بالا محافظتی روی صفحه نمایش ندارد مثل مدل صخره اما کامل دور گوشی را محافظت می‌کند و قیمتش هم خوبه است ,0
437,عالی و قیمت مناسب ,0
438,عالی بود از خرید این محصول پشیمان نمی‌شوید ,0
439,یک ماه بیشتر کار نکرد ,1
440,در شگفت‌انگیز خریدم قیمتش خوب است ,0
441,با سلام و احترام . من موهای نسبتاً نازکی دارم که رنگ‌شده هستن . این شامپو در مقایسه با بعضی محصولات دیگر که استفاده کرده_بودم نقطه قوتی نداشت . برای موهای من‌بعد از استفاده نیاز به نرم‌کننده یا ماسک احساس می‌شود . در دفعات اول استفاده باعث شد موهایم بیشتر از حد معمولش بریزه ولی هنوز دارم استفاده می‌کنم و امیدوارم بعد از چندین نوبت سازگار بشود . در صورتی که این اتفاق نیفته است مطمئناً اصلاً توصیه نمی‌کنم . ,1
442,کیفیت مناسب و البته برند خوش‌سابقه ,0
443,رنگش یک خورده با عکس فرق داره و سرخابی تره ( در عکس قرمزتره است ) ، جنس خوبی داره و زود خشک می‌شود . ,0
444,قاب قشنگیه است و اندازه گوشی را تغییر نمیده . ولی باید توجه داشت که کیفیت ساخت بالایی ندارد و طولانی مدت نمی‌تواند همراهتان باشد . ولی با توجه به قیمتی که داره می‌ارزد ,0
445,در یک‌کلام افتضاح . اصلاً پیشنهاد نمی‌شود ,1
446,واقعاً خاصیت ضد جوش داره ولی باید به پوستتان بخوره که به پوست من خورد و بنظرم برای اکثر پوست‌ها مناسبه است به ندرت می‌آید به پوستی نخورد و جواب نده ولی خوب پیش می‌آید دیگر … عالی بود و جوش‌های صورتم که خیلی کم بودن را کمتر و کمرنگ‌تر کرد با سرعت زیاد و جذب عالی اصلاً هم مثل ژل‌های ضدجوش که چون درمانی و شیمیایی اند نمی‌توانن توش عصاره بریزن بوی بدی می‌دهد این بوی خوبی داره و اصلاً بد نیست پیشنهاد می‌کنم حتماً ,0
447,به هیچ وجه شبیه تصویر نیست . گول نخورید . پشتش طرح دون دون داره و ساده مثل عکس نیست . ,1
448,به دلیل پک دوتایی بصرفس ,0
449,من نظرات دوستان را خواندم وبرای راهنمایی بیشتر افرادی که می‌خواهند این کرم را بخرند باید بگم که این کرم برای افرادی که پوست خشک ومنافذ باذ دارند همراه با سرم همین برند استفاده می‌کنند مسلم هست کسی که پوست چرب یا مستعد جوش داره این کرم برایش مناسب نیست این کرم را دوماه است من همراه با سرمش استفاده کردم والان برای بار دوم ودوماه آینده از دی جی کالا سفارش دادم ,0
450,به نظر من که بسیار کابل خوبیه است و بر خلاف یک از دوستام که می‌گوین سیم flat استفاده کردنش سخته ، به نظرم اصلاً اینطوری نیست و از بس جک مایکرو محکمی داره تا حالا ندیدم خودش بیاد بیرون و حتی یک بار در موقع پرت شودن از کابل گرفتمش و با شانس نخورد زمین گوشی ! چقدر داستان گفتم .. بخرید ,0
451,کالا‌های دیگر بهتری هم هستند که از این کالا بسیار ارزان‌تر و یا حتی با کیفیت ترند ,0
452,بعد از عدد روز استفاده مرتب ( صبح و شب ) و پرهیز از خوراکی‌هایی که روی رنگ دندان تاثیر می‌گذارند ، هیچ تغییری در رنگ دندان ایجاد نشد . عدد دقیقه نگاه‌داشتن مواد در دهان بدون هیچ محافظی تقریباً غیرممکنه است و تمام مواد در دهان پخش خواهد_شد . مگر اینکه عدد دقیقه لبخند بزنید ,1
453,چهارروزه گرفتم اولاً از دیجی تشکر می‌کنم که کالای اصلی می‌دهد و بعد در خریدش شک نکینید ,0
454,هر چند اختیاریه اما نسبت به خیلی از لوسیون بوی بدی داره . ,1
455,عالی ,0
456,نخرید که پشیمان می‌شوید ,1
457,واقعاً کابل‌های باسئوس باکیفیت و عالی هستند ,0
458,خوب ,0
459,در هر صورت به قیمتش می‌ارزد ,0
460,من این کابل عدد ماه پیش خریدم ازش راضی هستم تا الان مشکلی نداشته و نسبت به قیمتش ارزش خرید داره ,0
461,هم به اندازه‌ی گفته‌شده نبود و هم از کار افتاد ,1
462,از فروشگاه رهام گرفتم اصلاً کار نمی‌کند ,1
463,من این قاب امروز به دستم رسید ( رنگ قرمز ) ,0
464,خوبه است کار راه اندازه ، بعضی وقت‌ها نیاز آدم از آنتن هوایی یا دیجیتال استفاده کند برایش لازم می‌شود ,0
465,نسبت به برند‌های اصلی که حالت مخملی دارن و از طرفی از سر خوردن گوشی جلوگیری می‌کنن کیفیت پایینی داره ,0
466,دو ماهی می‌شود که از دیجی کالا خریدمش ، من پوستم مختلطه است ، ,0
467,منم گول عکس را خوردم . پشتش برای خود گوشی بود . این قاب پشتش شیشه‌ای هست . ,1
468,محصول خیلی خوبی فقط حیف که دیگر وارد نمی‌شود ,0
469,عدد بدیش این‌که فقط در حمام استفاده می‌شود ,0
470,خوبه است ,0
471,برای شوره سر خوبه است هرچند هفته یکبار بزنیم ,0
472,من خریدار این کابل بودم . بسیار عالی و بی‌نقصه است . ,0
473,جنسش و دوختش خوبه است ولی برای مکبوک عدد اینچی خیلی بزرگه است . ,0
474,موهای من دکلره داشت خشک‌شده بود و اذیتم می‌کرد سرم موی کریستال استفاده کردم جواب نگرفتم ولی این کرم مو را استفاده کردم الان موهایم نرو و لطیف و براق شودن و بوی خیلی خوبی هم می‌دهد اصلاً چرب نیست بعد از استفاده از این کرم راحت سشوار کشیدم و موهایم قشنگ حالت گرفت در کل هم قیمت مناسبی داره و هم کیفیت خوبی داره به آنهایی که مثل من مدام موهاشونو رنگ می‌کنن حتماً توصیه می‌کنم از این کرم استفاده کنن ,0
475,بر خلاف نظرات مردم ، متاسفانه این محصول هیچ نقاط قوتی ندارد و کاملاً مو را وز ، زبر و کدر می‌کند و اصلاً حالت نرم کنندگی ، درخشش و کراتین به مو نمیده ، بعد از استفاده مو کاملاً مثل چوب می‌شود ، با اینکه قیمتش با کرم مو ic که ایتالیایی هم هست در یک سطح تقریباً ولی بسیار بی‌کیفیت و نامناسبه است . از خریدش فوق‌العاده ناراضیم ,1
476,خوبه است . اگر نیاز دارید بخرید . ,0
477,امروز دستم رسید فکر می‌کردم حجمش بیشتر باشد بوی خوبی داره دوستش دارم ,0
478,با سلام ,1
479,در خریدش شک نکنید خیلی عالیه . ,0
480,هرکاری کردم وصل نشد . یا جنس خوبی ندارد یا مشکل از فروشندست . ,1
481,واقعاً مسواک خوبیه است . پیشنهاد می‌شود … ,0
482,اسپری‌اش خیای طراحیش بده . همینجوری ازش میریزع موقع اسپری کردن . خیلی حجم کمی اسپری می‌کند . چندین بار باید بزنی آخر هم دستت خیس می‌شود آنقدر که نشت می‌کند ,1
483,ماسک خوبیه است من تازه گرفتم و نسبت به برند دیگر بهتر بوده ,0
484,من دنبال کاور تک عدد برای این گوشی بودم ولی در ایران نبود و هزینه سفارش آن هم خیلی بالا می‌افتاد و در نهایت رنگ مشکی این را گرفتم ,0
485,عالی ,0
486,سریع جذب می‌شود و خاصیت درمانی بالایی داره . دست من و خیلی خوب کرد . ,0
487,من با توجه به نظر بقیه این کرمو خریداری کردم اما با اینکه پوستم خشکه و اصلاً جوش نمی‌زنم با این کرم صورتم دائماً جوش می‌زنم . چربیش خیلی زیاده و روی صورت میمونه . من عدد ماهه از این کرم استفاده می‌کنم اما هیچ تاثیری ندیدم . فقط مثل کرم نرم‌کننده میمونه که حتی آبرسانی هم نمی‌کند . اصلاً پیشنهاد نمی‌کنم . ,1
488,الآن به دستم رسید می‌توانم بگم واقعاً راضیم .. نسبتاً محکمه و به نسبت قیمتش از قاب‌های سیلیکونی یا ساده‌ی گران قیمت موجود در بازار خیلی سر تره ؛ ( دقت کنید که طرح چرمه یعنی جنس لاکی با طرح چرم ) با این قیمت پیشنهاد می‌کنم بگیرید ,0
489,چند وقتی هست که خریدمش ,0
490,بسیار بده اصلاً پیشنهاد نمی‌کنم من سفارش دادم یک بار مثل آدم کار نکرد ,1
491,بنظرم کرم خوبیه است ولی ممکنه پوستهامتفاوت باشد . برای من که خوب بود ,0
492,از خرید راضیم ,0
493,در شگفت‌انگیز خزیدش می‌ارزد ,0
494,من راضی بودم … به نظرم با این قیمت نسبت به کارایی و راحتی که داره خیلی خوبه است ,0
495,وقتی رسید دستم واقعاً باهاش خیلی حال کردم چون داخل بازار با قیمت‌های خیلی بالا‌تر هم نمی‌شود این جنس را پیدا کرد خودم قاب داشتم با قیمت دوبرابر این ولی ازم از این راضی‌تر هستم ,0
496,برای موهای نسبتاً چرب که عالیه اثرش و با یک هفته استفاده کاملاً نتیجه می‌دهد ، البته طبق دستور روی شامپو که هفته‌ای سه بار باید استفاده بشود ,0
497,کابل خوبیه است . البته برای دیتا ازش استفاده نکردم نمی‌دانم . ولی برای شارژ خوبه است . در کل راضیم ازش ,0
498,عالی با کیفیت قیمت مناسب بموقع هم رسید دستم ممنونم ,0
499,از نظر جنس و کیفیت ساخت کابل خیلی خوبیه است ,0
500,بسیار عالیه ,0
501,تازه خریداری کردم خوبه است چرب نیست و چون تازه استفاده می‌کنم تاثیری در دور چشمم فعلاً ندیدم ,0
502,زوده برای نتیجه گرفتن ولی فعلاً به شوره موی من کمک کرده ، ولی هنوز در مورد کم شودن ریزش نمی‌شود حرفی زد ,0
503,عالیه حرف ندارد ,0
504,من دو روزه نارنجیش را گرفتم خیلی خوبه است حتی شب نما هم هست فقط تنها بدیش آینه یزره سره در دست ,0
505,بی‌کیفیت ,1
506,موها باهش زود چرب نمی‌شود ، البته من مرد هستم و جنس پوست و مویم چرب است . ,0
507,فوق‌العاده نرم و لطیف می‌کند پوست را بوش هم که معرکه ,0
508,از همه لحاظ عالیه اگر مداوم و هر روز استفاده بشود جوش‌ها از بین می‌رون دیگم جوش نمی‌زنی اگر صبح استفاده بشود تا آخره شب کافیه است و میمونه عالیه حیف که خیلی گران شده ,0
509,من یک بار همین مارک را از نمایندگی بندرعباس خریدم کیفیتش بسیار بهتر از این بود و نرم کنندگی خیلی خوبی داشت . اما متاسفانه بعد از استفاده از روغن موها کاملاً زبر شد . اصلاً پیشنهاد نمی‌شود . ,1
510,کاور خوبی هستش حتماً پیشنهاد می‌کنم ,0
511,من پوست مختلط را به خشک دارم اما این کرم برای من واقعاً عالی کار کرده و خیلی راضیم ازش سبکه است اکسید نمی‌شود سفیدی ندارد رنگ خوبی داره در کل عالیه ,0
512,بعد عدد ماه هنوز سالمه ,0
513,مات هست و برای پوست‌های چرب خوبه است ,0
514,عالی ,0
515,من تعریف ماسکای فریمنو خیلی شنیده_بودم برای همین تصمیمرفتم که سفارش بدم ولی متاسفانه این ماسکش بو خیلی تندی داره و باعث می‌شود حسابی چشم‌های آدم بسوزد و اگر بخواهم دوباره ماسکاشو سفارش بدم به هیچ عنوان ماسک‌های ورقه ایش را سفارش نمی‌دهم ,1
516,بی تاثیره است کاملاً ,1
517,مناسب مصرف روزانه داخل کیف ,0
518,الان سه هفته است دارم شب استفاده می‌کنم ، یک ریزش خیلی جزئی داشتم نزدیک به عدد ماه هستش ، الان بعد سه هفته استفاده از این محلول نه‌تنها کم نشده بلکه عدد الی عدد برابر شده ، برچسب غذا و داروش را هم چک کردم و اصل هستش ولی اصلاً راضی نیستم و دیگر استفاده نمی‌کنم . ,1
519,کیفیت خوب ,0
520,نخرید ضرر می‌کنید ,1
521,عالی عالی عالی … . خیلی بهتر از کابل‌های گرونه است فقط حیف که کوتاهه است خیلس هم سریع شاری می‌کند ,0
522,اگر یک کوله ارزان قیمت دم دستی بخواهید خوبه است ولی برای لپ‌تاپ و خیلی پر کردنش فکر نکنم جان داشته باشد ,1
523,من تازه به دستم رسیده و به عنوان هدیه برای برادرم خریدم . خیلی شیک و‌تر و تمییزه است . جنسش هم عالیه . حتماً پیشنهاد می‌کنم . ,0
524,به هیچ وجه نخرید ,1
525,خیلی خوبه است ,0
526,عالی ,0
527,استفاده کردم طول مناسبی داره کیفیت کابل خوبه است قطر مناسب و دوسر تبدیل خوب نگاه می‌دارد و مشکلی نیست . قیمت مناسب هم داره ,0
528,کیفیت عالی ,0
529,خوش‌رنگ و ماندگار و فقط صورتتان عرق کند سریع پاک می‌شود و آب می‌شود و بین ایرانی‌ها عالی ,0
530,بوی شکلات می‌دهد ,0
531,چیزی که مقداری ناراحتم کرد این بود که شامپویی که در پیشنهاده است ویژه بهم دادن مقداری نشت کرده_بود وجاش نوشتها را خراب کرده_بود وشرکت پاکش کرده_بود برایم ارسال کرده_بود مقداری از سره شامپو خالی بود چون دوتا ازش خریده_بودم می‌دانستم که چه مقدار باید پرباشه ولی کیفیت شامپو عالیه وبسیارموهارو ابریشمی ونرم می‌کند موها فرم پذیرمیشن واگه پوسته سر مشکل داشته باشد ضده است عفونی هم می‌کند ,0
532,از هر نظر خوبه است و خیلی خوب روی پوست میشینه ,0
533,قبل از خرید نظرات را خواندم عده‌ای گفته بودن خراب می‌شود سریع ولی به اعتبار برند ای دیتا خریدم . دو ماه اول عالی کار می‌کرد و از کابل اصلی بهتر شارژ می‌کرد اما یکهو قطع و وصل می‌شد دائماً و بعدش کلاً دیگر شارژ نکرد با چند گوشی دیگر و اداپتور دیگر هم امتحان کردم ولی باز هم کار نکرد . فکر نمی‌کردم این‌قدر بی‌کیفیت باشد ,1
534,من یک هفتس خریدم خیلی عالیه ولی بنظرم کنارش یک گاردم بگیری چون این خیلی بزرگ و محکمه که واس کار و کوه عالیه رنگ طلایی گرفتم که آن طلایی که بگی نیست ولی راضی کنندس و زیبا ,0
535,آن ایده غلطک سر کرم واقعاً ایده خوبیه است . به خاطرش بسیار راضی‌ام از خرید کرم . ولی کلاً یکم خشک هستش و برای پوستای خیلی چرب مناسبه است . برای پوست من که معمولی خشکه زیرش مرطوب‌کننده باید استفاده بشود و برای روز مناسبه است نه برای شب که دور چشم خیلی خشک می‌شود و چروک میفته . من یکی دوبار هم داخل چشمم رفت حساسیت نشان نداد . البته این می‌تواند متفاوت باشد برای هر کس . ,0
536,راضیم ,0
537,همان بار اول نتیجه را می‌بینی … پوست را صاف و بدون لک می‌کند … و حالت براق بودن پوست و از بین می‌برد .. وعالی هستش … بدون عوارض و قرمزی ,0
538,الان دو ساله از این شامپو استفاده می‌کنم ,0
539,من راضی بودم ,0
540,قیمت مناسب‌ترین و مطمئن‌ترین مورد برای خرید است ، هم برند معتبر هست ، هم MFI دارد و هم گارانتی و هم قیمت مناسب . شش ماهه استفاده می‌کنم و تا بحال مشکلی مشاهده نشده . ,0
541,عالی می‌باشد ولی به احتمال زیاد به پروژکتور نخورد ,0
542,پورت میکرو بسیار سفت است . اگر پورت گوشی را خراب کند چند صد هزار تومان خرج را دست آدم می‌گذرد . ,1
543,به راحتی ارایش چشم را می‌شود باهاش پاک کرد خیلی چرب نیست پوست منو خشک نمی‌کند نسبت به بقیه پاک‌کننده دوفازهایی که استفاده کردم بهتره است و قیمتش هم نسبتاً مناسبه است ,0
544,با توجه به قیمتش عالی بود ,0
545,به نظرم رطوبت رسانیش خوبه است ,0
546,خیلی خوبه است ,0
547,دارای شکاف و پارگی در محل درگاه یو اس بی بود . ,1
548,واقعاً آبرسان خوبیه است ، من با خیلی از کرم‌ها جوش می‌زنم ولی این عالیه ,0
549,واقعاً عالی و بدون حساسیت ,0
550,سلام دوستان ,0
551,خمیر دندان خوبیه است قیمتش یکم زیاده ولی خوبه است ,0
552,خیلی عالیه ، من چند ساله ازش استفاده می‌کنم ,0
553,سلام ,0
554,عالیه . نرم کنندگی فوق‌العاده و رایحه خوب . تمیز کنندگیشم که فوق‌العاده . من در شگفت‌انگیز چنتاشو خریدم خیلیم راضیم ,0
555,کیفیت اتصالات عالی و جنس کابل با توجه به پوشش عالی ,0
556,حتمأ بخرید . کیفیت عالی ,0
557,من سه ماهه دارمش و مشکلی پیش نیومده نه گره می‌خورد نه جای سوکتش قطع می‌شود نسبت به قیمتش خیلی خوبه است ,0
558,به نسبت قیمتش خوبه است و جادار ، جنس محکمی داره ولی جنس پارچه جدا کننده‌های داخلش خیلی نازکه ,0
559,خوب بود البته قیمت پایین‌تر بود بهترهم می‌شد ,0
560,وقتی باریک و محکم باشد دندان بهش گیر نمی‌کند و پاره نمی‌شود ,0
561,من رنگ آبی روشن را خریدم ,1
562,من این را خریدم .. و پیشنهاد می‌کنم …دهانشویه خوبی هم داره .. ,0
563,محصول خوبیه است ,0
564,درکل اگر تخفیف بخوره می‌ارزد ,0
565,خیلی پوست را خشک می‌کند ,1
566,حرف ندارد و عالیه .. مشکل شوره‌ی سرم را حل کرد . قیمتشم که خیلی به صرفه و اقتصادیه است . حتماً پیشنهاد می‌کنم ,0
567,اصلانخرید همه جاش در به هفته می‌شکند . ,1
568,من رنگ سفید این کالا را سفارش دادم جنس خوبی داره ، ، تنها مشکلی که داره آینه که کامل دربش بسته نمی‌شود . یعنی کامل روی موبایل قرار نمی‌گیرد . در کل راضی بودم ممنونم . مارک روش هم کنده_شده_بود که با چسب چسبوندمش . ,0
569,من این را در پیشنهاد ویژه یکی بخر دوتا ببر گرفتم که نسبت به قیمتش پیشنهاد می‌کنم شیکه است ولی فقط عیبش کوچک بودنه انگار که کیفه بچه ابتدایی را دوشته است و نداشتن محافظ سراسری برای لپتاپه است که از لپ تاپه عدد ٫ عدد اینچی پنج اینچ داخل محافظ قرار می‌گیرد ,0
570,نسبت به قیمتش واقعاً ارزندس … . ,0
571,هم بوش خوبه است زود جذب می‌شود وپاشنه‌ی پارو نرم می‌کند ,0
572,راضی‌ام ,0
573,برای شیائومی می عدد خریدم فست شارژهم پشتیبانی می‌کند جنسشم نسبتاً خوبه است … . سوکت شارژشم محکم نگاه می‌دارد گوشی را ,0
574,خیلی خوبه است و کار باهاش راحته است ,0
575,واقعاً کیفیتش خوب بود ,0
576,خیلی شیک و خوبه است با قیمت مناسب البته گذینه‌های بهتر گرانتر هستش ,0
577,من همزمان دو محصول با یک کارایی خریدم ک‌نمیدونستم یکی همین ماسک چای سبز اونیکی ژل شستشوی کلین اند کلیر ولی در کل از خریدام راضیم مخصوصاً از ارسال دیجی کالا که واقعاً به موقع هر دو محصول را برایم ارسال کرد . تشکر می‌کنم ,0
578,برای ایرپاد اورجینال ایفون فیته است فیته است و بدون هیچ فاصله و لقی کاملاً بدون هیچ ایرادی کاور می‌کند و خصوصاً بند فلزی همراهش عالیه و با این قیمت خیلی زیاد می‌ارزد من می‌خواهم رنگ‌بندی‌های دیگش را هم سفارش بدم ,0
579,به آنایی که کم ریسک می‌کنند برای خرید از دی جی ، ,0
580,این نرم‌کننده بسیار عالی عمل می‌کند و بلافاصله بعد از استفاده متوجه نرم شودن و لطافت موهاتان می‌شوید آنقدری که اگر موهاتان گره در گره هم شده باشد کاملاً همان زمان شستشو از هم باز می‌شود ، این مدل نرم‌کننده از شان از بقیه عملکرد بهتری داره ,0
581,قیمت مناسب ,0
582,رازی نیستم سری می‌شکند ,1
583,محصول خوبی هست همیشه استفاده می‌کنم و راضی هستم . ,0
584,در کل خوبه است ,0
585,سلام ,0
586,من استفاده کردم یک ماه زیاد تاثیری بر روی جرم دندان نداشت ,1
587,از خریدم راضی هستم و به دیگران پیشنهاد می‌کنم استفاده کنن ,0
588,عدد - عدد ماه هس‌ها استفاده می‌کنم از این محصول پوستم هم مختلط هست به صرفه هست نسبت به حجمش ,0
589,کیفیت پایینی داره و بعد از یک هفته خراب شد ,1
590,جالبه است سری عوض شده . یک بی‌کیفیت بسیار دراز گذاشتن ,1
591,کیفیت بالای کابل و سوکت‌ها ارزش خرید این محصول را بالا می‌برد … بطوریکه منو مجاب کرد چندتا دیگر هم ازش سفارش بدم … ,0
592,به محض شروع استفاده از این شامپو موهای من ریزش شدید پیدا کرد . ,1
593,برای همه‌ی پوست‌ها مناسب است ,0
594,خیلی لاک خوش رنگی و زیبایی هستش ,0
595,قیچی با کاور و بسته بندی شیک و قشنگ خوب کار می‌کند پیشنهاد می‌شود ,0
596,عدم ایجاد حساسیت ,0
597,برای برطرف کردن خشکی پوستم زیاد موثر نبود ,1
598,خوب نیست نخرید ,1
599,راضی‌ام ,0
600,عالی بود ,0
601,از کیفیت خوبی برخوردار نبود ,1
602,این کاور جنس و رنگ خوبی دارد اما اصلاً قابل‌استفاده نیست چون اصلاً برای J عدد Pro نیست . بعد از رسیدن کالا می‌بینید که پشت جعبه لیبل Galaxy J عدد Pro دارد و روی جعبه لیبل J عدد Pro . البته با پشتیبانی دیجی تماس گرفتم و قرار شد اگر ایرادی که من مطرح کردم درست باشد مبلغ به حساب من واریز شود . ,1
603,خوب بود و کاملاً بصرفد ,0
604,اصلاً توصیه نمی‌کنم چون جنس بدی داره ,1
605,من بارها کابل‌ها مختلف خریدم اما تجربه برایم شد کالایی که شرکت‌ها بی‌نام می‌آرن کمتر به کار می‌آید این کابل با گارانتی آواژنگ و کیفیت مثال زدنی fd ,0
606,من سه رنگ قرمز و مشکی و سفید را خریدم که سفیدش یخورده داخل آفتاب زرد شد ,0
607,بوی خیلی خوبی داره و شستشوی ملایم ,0
608,من عدد تا سفارش دادم و یکیش که از روز اول خراب بود و فقط برای آی او اس کار می‌کرد . اونیکی هم اولس خوب بود ، بعد یک هفته وقتی تبلتم در شارژ بود یکدفعه جرقه زد و سر کابل ذوب شد و دود بلند شد و دیگر برای آی او اس کار نمی‌کرد و فقط برای اندروید کار می‌کرد . ,1
609,به نظر می‌آید کابل با کیفیتی باشد هر چند تازه به دستم رسیده ,0
610,امروز به دستم رسید ، البته واقعاً و واقعاً با این قیمت انتظار همچین کابل خوبی را نداشتم ,0
611,چیز خوبیه است ولی در کل کوچکه است ,0
612,این یکی از بهترین کرم‌های مرطوب کنندس ,0
613,پاک کنندگیش خوب بود ,0
614,خوب بود ,0
615,اصلاً پیشنهادنمیکنم ,1
616,پشت قاب ظاهر خوب و مردانه و برجسته‌ای داره . خیلی هم مقاومه است ولی اگر رنگ قرمزش پررنگ‌تر بود خوب می‌شد ,0
617,خیلی خوب و با کیفیت با نرم کنندگی مناسب برای موهای معمولی . ,0
618,من خیلی راضیم تنها بدیش قیمتشه است ولی خیلی خیلی خوبه است و . رایحه خیلی خوبی داره ,0
619,از همه نظر عالی ,0
620,من حدود عدد ساله الا را استفاده می‌کنم قبلاً کیفیت بالاتری داشت اما الان مثل قبل نیست ولی این بار که این محصول را خریدم راضی بودم . ,0
621,تازه خریدمشو با عدد بار استفاده راضی بودم . از سایر کالا‌های مشابه که داشتم این خیل یبهتر و خوش‌بو هم هست . ,0
622,بدرد نخور و بلا استفاده ,1
623,فقط روغن کنجد با اسانس ,1
624,من از شامپو استفاده کردم با توجه به اینکه موهایم کراتینه است است واقعاً پاک‌کنندگی و حفظ کراتینه است خوبی داره و درضمن احساس می‌کنم در همین دوبار استفاده واقعاً حساسیتم به یک سری شامپوها را هم در پوست سرم ایجاد نکرد ,0
625,این قاب بنده خریداری کردم . متاسفانه سوراخ‌های فینگر و فلاش و دوربین تعبیه‌شده روی قاب با گوشی تطابق نداشت و کمی بالاتر بود . خیلی در ذوق آدم می‌زند . واقعاً ارزش خرید نداشت . ,1
626,پوست خشکی دارم وچند سالی هست که از این صابون استفاده می‌کنم محصول خوبیه است پوست را نرم می‌کند و حساسیت‌زا نیست پاک‌کنندگی مناسبی هم داره روجعبه ساخت آلمان نوشته‌شده قالب‌های عدد گرمیش به سفارش روسیه هست ولی قالب عدد گرمیش به سفارش کشور‌های عربیه است ,0
627,ماسک فوق‌العاده ایه ولی نسبت به قیمتش حجمش کمه ,0
628,با کابل اصل سامسونگ مو نمی‌زند ,0
629,کرم فوق‌العاده بدبوییه است و با اینکه نوشته‌شده گیاهیه است ولی بوی وازلین شیمیایی می‌دهد ! در ابتدای استفاده هم‌دست خیلی چسبنده می‌شود و حالت خوشایندی ندارد ! ,1
630,کیفیت خوبی داره ، برای موهایی که خیلی بلندند و ممکنه پایینشان خشک‌شده باشد هم مناسبه است . ,0
631,خیلی خوب ,0
632,حجمش خوبه است ، در شگفت‌انگیز خیلی خوبه است ,0
633,من این کرم را از وقتی قیمتش کمتر بود می‌خرم . از همان استفاده اول خاصیت ضد لک بودن این کرم منو شگفت‌زده کرد . من پوست چربی دارم و این کرم بخوبی با پوستای چرب سازگاره است . درسته قیمت بالایی داره ولی ازونجایی که درصد پوشش دهیش بالاست خیلی هم زود تمام نمی‌شود . به نظر من اولین نکته حفاظت از پوست انتخاب یک ضد آفتاب مناسب با توجه به نوع پوستتانه است . این کرم ضد آفتاب برای پوستای چرب عالیه . اما ازونجا که سازگاری مواد آرایشی و بهداشتی نسبیه است و بسته به نوع پوست فرق می‌کند باید دید برای انواع پوست دیگر دوستان چه تجربه‌ای داشتند . ,0
634,سلام ,0
635,بنده این کتبل را سفارش دادم ولی متاسفانه داخل پورت گوشی لق می‌زند و با اندک حرکتی درمیاد و گوشیتان شارژ نمی‌شود به خاطر همین هم مرجوعش کردم . در کل فکر نکنم به درد بخوره ,1
636,می‌توانم بگم شامپوهای زیادی را تست کردم و با خیلیاشان آشنایی دارم ولی از نقطه‌نظر خودم این جزء بهترین‌ها در استفاده روزانه بود همینطور با تاثیرگذاری بالا ، فرم دهی مناسب و تغذیه و حفاظت کامل مو از آلودگی‌ها و رادیکال‌های آزاد محیط ,0
637,دومین دفعه است که سفارش می‌دهم راضی‌ام پوست سبک می‌شود ,0
638,سرعت لایه برداری‌ش خیلی کمه . اصلاً صورت را پوست پوست نمی‌کند . اما هروقت صورتم جوش می‌زند و این را استفاده می‌کنم سریع جوش را خشک می‌کند و از بیرون زدن جوش جلوگیری می‌کند . به عنوان ضد جوش ازش استفاده می‌کنم ,0
639,اصلاً اونی که سفارش دادم نبود برایم مدل دیگر ارسال کردن که اصلاً جالب نبود ,1
640,کیفیت و قیمت مناسب ,0
641,"روکش بدنه ضد عرق - RT , LT حالت پدالی دارند و خوب طراحی‌شده‌اند - قیمت خوب - IPEGA برند خوبی است و دسته‌های با کیفیت با قیمت مناسب می‌زند - برای بازی با PC نیز عالی است ",0
642,فوق‌العاده است ,0
643,سلام من این محصول را خریداری کردم با توجه به بسته بندی نامناسب خود شرکت تولید کنندش نه دیجیکالا بیشتر محصول داخل همان درش می‌ریزد و در محصول را باز می‌کنی سورپرایز میشی ! نکته بعد قیمت بسیار زیاد نسبت به حجم محصوله است که اصلاً به نظر من منصفانه نیست اما واقعاً رایحه بسیار خوب و ماندگاری بالایی داره و همیشه دهان را خوشبو نگاه می‌دارد اما بنده بخاطر دو دلایلی که گفتم این محصول را پیشنهاد نمی‌کنم ,0
644,در یک‌کلام عالی ,0
645,عالی نسبت به قیمت تخفیفی- پیشنهاد می‌شود ,0
646,لایه برداریش ملایمه است می‌شود هر روز ازش استفاده کرد ، تاثیر خوبی داره روی جای جوش‌ها البته با استفاده طولانی مدت ، پوست را خشک نمی‌کند و راضیم از خریدش ,0
647,من دو تا از این کابل را خریدم اما متاسفانه اتصالی دارند و هیچکدام شارژ نمی‌کنند ,1
648,برخلاف یسری که اومدن گفتن کیفیت مناسبی ندارد اما به نظر من کاملاً بی اشکاله است کار راه‌انداز هست ,0
649,خیلی معمولیه است ,0
650,من داخل شگفت‌انگیز خریدم . واقعاً با آن مقدار که من هزینه کردم نمی‌شد بیرون همچین چیزی را پیدا کرد . خیلی عالی و خوشگل بود . خیلیم ام جا دار هستش . ,0
651,همیشه رنگ مشکی ارسال می‌شود و طلایی و سفید که ذکر شده ندارند ,1
652,به شدت بی‌کیفیت ,1
653,من چندین ساله که از این سرم مو استفاده می‌کنم مزیتش آینه که چه در حالتی که موهایم صاف و کراتینه است شدست و چه در حالتی که موهایم وز طبیعیه است به موهایم می‌سازد …نکته‌ی منفیش آینه که در این چند سال همیشه قیمتش متغیر و را به افزایش بوده … . ممنون از دیجی کالای عزیز بخاطر بسته بندی خوبش به دست من که سالم رسید … ,0
654,کیفیت پایید تونر و چاپ ,1
655,برای درمان جوش نیست دوستان مثلاً کسانی که بدن و صورتشان چرب می‌شود و ممکنه جوش بزند برای جلوگیری از جوش و استفاده به عنوان صابون معمولی خوبه است ولی برای درمان جوش باید سراغ محصولات دیگه‌ای برید از این صابون روی پوست جوش دار استفاده کنید تقریباً تاثیری داخل بهبود جوش‌ها ندارد و فقط باعث می‌شود پوستتان بیشتر جوش نزند برای استفاده بدن هم باید بگم اصلاً پوست را خشک نمی‌کند و پوست را نرم و لطیف می‌کند ,0
656,کیفیت بسیار پایید است ,1
657,عالی هستش . خیلی خیلی بویی که داره آرامبخشه و تا ساعاتی میمونه . خیلی هم کف خوبی داره . خلاصه که من همیشه استفاده می‌کنم ممنون از دیجی کالا ,0
658,برند درجه عدد و باکیفیت ایرانی ، قابل رقابت با برندهای اورجینال جهانی ,0
659,نسبت به قیمتی که پرداخت می‌کنید کارایی لازم ندارد و تاثیر مشخصی برای زیر چشم ندارد ,1
660,اصل بودن کالا ,0
661,خیلی داغ می‌کند من استفاده نمی‌کنم ,1
662,خوبه است ولی کف زیادی نمی‌کند ,0
663,استفاده کردم خوبه است ,0
664,در هر کالایی یک مارکی هست که بهترینه . این صابون داو هم بی‌نقص‌ترین صابونه . هر بار وقتی استفادش می‌کنم انگاری یک کرم عدد هزار تومانی مالیدم به بدنم . بنده خودم عدد گرم عدد ماه کامل استفاده می‌کنم ( هر روز ) ,0
665,حتماً پیشنهاد می‌کنم بخرید ,0
666,خوبه است و مگنت خوبی هم داره و حمل اسان ,0
667,درسته مثل عکسش نبود ولی قاب نرم و خوش فرمیه است و قشنگ می‌خوابد به گوشی ,0
668,رنگش از اونی که در تصویر روشن تره ، اصلاً آن چیزی که فکر می‌کردم نبود ، رنگش تغییر می‌کند ولی خیلی تغییر چشمگیری ندارد ,1
669,آبرسانی سبک ومناسب برای پوست چرب ,0
670,سلام ,1
671,باسلام دیروز این ژل به دستم رسید .. برای پوست من که چربه و همه‌اش جوش می‌زند واقعاً عالیه من حتی وقتی صورتم را اصلاح می‌کردم جوش می‌زد ولی الان بعد اصلاح از این ژل استفاده می‌کنم اصلاً هیچ جوشی درنمیاد …بعد از استفاده از این ژل یکم خشکی را پوست احساس می‌شود که بعدش می‌توانید از یک ابرسان مخصوص پوستای چرب و آکنه دار استفاده کنید ,0
672,بخرید ، ضرر نمکنید ,0
673,نسبت به قیمتی که داره خوبه است و سبک هستش من که تا این لحظه راضیم ,0
674,اکثر محصولات سینره خوب هستند . این هم یک محصول دیگر خوب از این شرکته است . ,0
675,سلام هم قیمتش مناسبه است هم جنسش خوبه است ,0
676,در مجموع راضی بودم . نسبت به پولی که می‌دید ارزش خرید خوبی داره . ,0
677,یک تونر عالی …در خریدش شک نکنید … ,0
678,این مسواک تنها مسواک استاندارد دنیاست ، آمدم بخرم منصرف شودم چون قیمتش تقریباً سه برابر شده ، اما اگر شگفت‌انگیز شد چند تا بخرید داشته_باشید و هر سه ماه بذاریدش یک ساعت در محلول ضد عفونی کننده بموند و بعد از شش ماه هم دیگر استفاده نکنید ، چون هم از استاندارد خارج می‌شود هم دیگر بهداشتی نیست و دندان‌ها را خراب می‌کند ، اگر این مسواک باتلر را به همراه خمیردندان سنسوداین استفاده کنید عمر دنداناتان چند برابر می‌شود ، پیروز و سلامت باشی هموطن ,0
679,پوست سر و موها را لطیف می‌کند به رفع شوره هم کمک می‌کند ,0
680,دسته خوبیه است برای pc خریدم همه بازیار را ساپورت می‌کند و pc اونو به عنوان دسته ایکس باکس شناسیی می‌کند ,0
681,بعد از حدود عدد روز استفاده از این محصول شاهد خرابی و عدم شارژ کردن آن بودم این در حالی بود که ظاهر محصول من‌جمله پورت‌های آن سالم بود ولی متاسفانه دیگر امکان شارژ دهی را نداشت …بر پایه اعتماد بر نظرات من این محصول را خریداری کردم ولی با این حال هیچ ارزانی بی‌دلیل و علت نیست و اصلاً پیشنهاد نمی‌کنم ,1
682,خیلی خوبه است . من یک ساله خریدمش و واقعاً راضی‌ام ازش . فقط تنها ایرادی که می‌توانم بگیرم آینه که چون مانیتورم با تبدیل به کارت گرافیک وصل می‌شود ، تنظیم رنگ و نورش به صورت خودکار توسط کارت گرافیک انجام نمی‌شود و من هربار به صورت دستی باید این کارو انجام بدم که اذیت کنندس . مسئله دیگر این‌که نیاز به یک منبع انرژی داره و من با استفاده از یک کابل یو اس بی کوچک که قبلاً داشتم اونو به پشت کیس وصل کردم و راحت دارم استفاده می‌کنم ازش ,0
683,فقط گیر می‌کند اصلاً ارزش ندارد به آن قیمت ,1
684,هیچ تاثیری ندارد ,1
685,عملاً نمی‌شود از این قاب استفاده کرد ,1
686,در یک‌کلام عالیه ,0
687,خیلی شامپوی خوبیه است حجم دهندگی‌اش خیلی عالی ,0
688,قدرت تمیز کنندگی بالا . ارزش خرید به نسبت قیمت بسیار بالا و کاملاً ضد شوره ,0
689,اصلاً چربی ندارد و مناسب پوست خشک نیست و حتی احساس خوبی هم به پوست نمیده در کل مناسب پوست چرب هست بیشتر .. در کل با توجه به قیمتش و اینکه شخصی که پوست چربی داره چندان نیازی به مصرف کرم ندارد پیشنهاد نمی‌کنم ,1
690,یک کابل شارژ و انتقال دیتای عالی که خیلی با کیفیت ساخته‌شده و خوش‌رنگ و طراحی عالی داره ,0
691,جنس بد پلاستیک ,1
692,پیشنهاد می‌کنم بخرید ,0
693,در حد حرفه‌ای نیست اما برای منزل و اصلاح شخصی فوق‌العاده … البته افرادی که با این نوع قیچی قدیم کار کرده‌اند و آشنا هستن … چون نسل جدید قیچی‌های فوق‌العاده‌ای را تجربه می‌کنند در صنعت آرایشگری ,0
694,واقعاً عالی هست فکر نمی‌کردم کیفیت پخش موزیک با کابل‌های راک آنقدر با کابل‌های دیگر متفاوت باشد ! ,0
695,این کابل مثل خیلی از کابل‌ها بعد چند ماه یا حتی چند هفته دچار افت کیفیت یا به عبارت ساده‌تر دچار افت امپر عبوری نمی‌شود کابل ریمکس خریدم بعد عدد روز امپر عبوری از عدد امپر به حدود عدد ٫ عدد امپر کاهش پیدا کرد واقعاً افتضاح بود ولی این کابل بعد عدد ماه با پاوربانک انکر و استفاده زیاد در حالت فست شارژ و عادی کمترین افت کیفیتی نداشته و با برنامه Ampere دقیقاً عدد یا حتی بیشتر امپر عبور می‌دهد … ,0
696,رنگش خیلی دلنشینه است ، رقیقه و بعد زدن خیلی زود خشک می‌شود درکل عاشقش شودم و به نظرم در تخفیف در مقایسه با بقیه لاک‌ها ارزش خرید بالایی داره . ,0
697,بعد از مدتی قطعی به وجود می‌آید ,1
698,در پیشنهاد شگفت‌انگیز ارزش خرید داره ,0
699,کیفیت ساخت خوبی داره …خیلی راحت می‌شود ازش استفاده کردو دندانهای انتهایی را تمیز کرد …نخش راحت ریش‌ریش نمی‌شود …در ضمن اسنانس قوی داره . ,0
700,به دلیل گران شودن ارز قیمت نخ دندان فوق‌العاده oralb floss که حقیقتاً بهترین ، مجبور شودم این را بخرم . دقیقاً مثل پراید در برابر بنزه است ,1
701,من گرفتم نه به گوشی وصل شد و نه به لپتاپ ! یک تکه پلاستیک بی‌کیفیت هست . پیشنهاد نمی‌کنم . ,1
702,یک محصول عالی ,0
703,دوستان این کابل در مقایسه با کابل‌های داخل بازار حتی کابل‌های داخل کارتن گوشی‌ها کیفیت خیلی خوبی داره ، شارژ سریع هم داره ، یک محافظ برای سوکتش تهیه کنید فکر نکنم به این زودی‌ها خراب بشود . از بانیان ایده خریدم من . ,0
704,بعنوان جنس ایرانی عالیه ,0
705,من فکر می‌کردن به دلیل فلزی بودن کابل بکار فته دیگر محل اتصال کابل به کانکتورها قطع نمی‌شود ولی زهی خیال باطل ، بعد از دوماه است محل اتصال کابل به گوشی قعطی پیدا کردن و مجبور شودم یک کابل دیگر بخرم ، به نظرم نخرید پشیمان می‌شوید . ,0
706,من چندین ساله که از این سرم مو استفاده می‌کنم مزیتش آینه که چه در حالتی که موهایم صاف و کراتینه است شدست و چه در حالتی که موهایم وز طبیعیه است به موهایم می‌سازد …نکته‌ی منفیش آینه که در این چند سال همیشه قیمتش متغیر و را به افزایش بوده … . ممنون از دیجی کالای عزیز بخاطر بسته بندی خوبش به دست من که سالم رسید … ,0
707,پیش‌بند خوب و بزرگیه است ,0
708,من این محصول را چهار بار خریدم برای روز مبادا ,0
709,من برای هدیه خریدم ، کاملاً مناسب بود ,0
710,واقعاً از لحاظ کیفیت را بسته بندی پستی عالیه از لحاظ قیمتم خیلی از بازار بهتره است خیلی ,0
711,هرگز پیشنهاد نمی‌کنم . ,1
712,عالی ,0
713,سرعت شارژ متوسطی داره و کیفیت ساخت خوبی هم داره ,0
714,یک مانیتور قبلش داشتم زاویه دیدش خوب نبود به همین خاطر این مانیتور را گرفتم و ازش راضیم ,0
715,سلام خدمت دوستان عزیز . این شامپو بسیار فوق العادس . حتماً پیشنهاد می‌کنم . واقعاً تاثیر گذاره . ,0
716,سلام . شامپو خوبیه است از لحاظ کف و پاک‌کنندگی خوبه است فقط زیادی رقیق هست که باید غلیظ‌تر باشد با توجه به کرمی بودنش . کلاً راضیم محصولات ایوروشه را خیلی دوست دارم . ,0
717,من این محصول را از دیجی کالا گرفتم نسبت به قیمتش در تخفیف و حجمش ارزش خرید داره و عالیه عالی واقعاً خوشبوعه و پاک‌کنندگی فوق‌العاده داره . من صبح و شب قبل خواب می‌زنم و صورتم را میشورم ,0
718,خوب ,0
719,سایز مناسب و انعطافپذیری عالی ,0
720,کابل خیلی خوبی هست نسبت به کابل‌های قبل که خریدم به نظر می‌رسد مقاومت خیلی خوبی داشته باشد با توجه به جنس کابل . ,0
721,من حدود دوهفته پیش خریدم و داخل این دو هفته تاثیرش را دیدم پوستم خیلی شفاف شده دوستام هم بهم می‌گوین ,0
722,با اینکه دیجی این را اشتباهی بجای یک برند دیگر واسم فرستاده_بود ولی کیفیتش بد نبود . ,0
723,جنس نرم خوبی داره ، خیلی سبکه است ، من که منتظر تخفیف بخوره یک رنگ دیگر اشو بخرم ، خیلی خوشگله است ,0
724,هم قیمت مناسب داره هم بوی خوب و اثر خوبی داره ,0
725,خوب بود در کل ,0
726,عالی و بسیار خوب ,0
727,من خریدم و راضیم ازش ,0
728,برای پوست‌های چرب و مستعد به جوش بسیار عالی است . ,0
729,هیچ مشکلی برای صدا پیش نمی‌آد ,0
730,درش باز وشکسته بود . کاملاً فاقد اصول بهداشتی ,1
731,در کل خوبه است . ,0
732,در مجموع خوب ,0
733,اولاً اینکه این کرم کاملاً بدون بو هست دوما اینکه مقدار داخل تیوپ مناسبه است سوم اینکه بسرعت جذب پوستتان می‌شود صورتای سرخ‌رو تسکین می‌دهد یکم اگر ملتهب باشد چرب نمی‌کند بهیچ وجه مگر اینکه صورتتان بشدت چرب باشد و یا اینکه قبلش اصلاً نشسته_باشید و در آخر بگم که به همه کسانی که از کرم و محصولات بهداشتی استفاده می‌کنن توصیه می‌کنم سی گل بخرید ایرانی هست و باکیفیت کارامد و قیمت مناسب یکبار محصولات مختلفش را تست کنید حتماً ,0
734,زیاد چرب نیست و خیلی سریع جذب می‌شود . ,0
735,برای گوشی خانمم خریدم همیشه در کیفش هست ، راستش را بخواهید بجه عدد ساله من دو سه بار گازش زده ولی در عملکردش که هم شارز باشد و هم فست شارژ هیچ خللی نیوفتاده ,0
736,کابل با کیفیتیه است فقط زیادی کوتاهه است البته برای پاور بانک مناسبه است ,0
737,خیلی شیک و خوشگل می‌کند گوشی را خودشم جنسش محکمه فقط قسمت برش خورده اپل ضعیف به نظر می‌رسد . ,0
738,برای جوش‌های صورت پسر عدد ساله‌ام گرفتم . هنوز نتیجه را ندیدم که نظر بدم . نگران تاریخ تولید و انقضا بودم که الحمدلله مشکلی نداشت . ,0
739,کاربردی حتماً بخرید ,0
740,الا را کرم ضدافتاب خوبی هست و من مدت هاست ازش استفاده می‌کنم . از بقیه کرم‌هایی که من زدم برایم رضایت‌بخش‌تر بوده . البته من رنگ کاراملی را خریدم که متاسفانه تیره‌ترین رنگ هست و من حواسم نبود … ,0
741,من دوبار از این محصول خرید کردم . اونی که از فروشنده شلکس خریدم کیفیتش واقعاً عالی و خود بود . محصول را پیشنهاد می‌کنم و حتماً چک کنید از کی می‌خرید چون ممکنه جنس تقلبی برایتان بفرستن برای خود من پیش آمده است ,0
742,راستش تازه خریدم تاثیرش را دندانام را حس نکردم هنوز ولی را بوی دهان تاثیری ندارد این نوعش ,1
743,از چند مورد از محصولات شان که استفاده کردم از همه‌اش راضی بودم ، مخصوصاً کره بدنش عالیه ,0
744,از هر لحاظ و سهولت استفاده در هر مکان فوق‌العاده اس ,0
745,به صورت ژل نیست و کرم هست من برای شستشوی صورتم مخصوصاً ناحیه چشم راحت نیستم باهاش اما به عنوان ماسک پاکنندگی خوبی داره ,1
746,جنس داخل قاب پارچه‌ای که درست نچسبیده و خود کاور هم دوتا زده روشه است که نشان از کیفیت پایید ساخت داره با تشکر از سایت خوب دیجی کالا ,1
747,خیلی خوبه است ، من که راضیم ,0
748,ارزش خرید و داره مخصوصاً در تخفیف که گرفتم واقعاً عالیه ,0
749,قدرت نرم کنندگی زیاد ( بعد چند بار استفاده پوستم مثل بچه‌ها نرم و لطیف شد ) ,0
750,پیشنهاد میکنمش من به تازگی تهیه اش کردم بوی خیلی خوبی داره و فاقد چربیه است و به خوبی پوست را ابرسانی و مرطوب می‌کند ,0
751,عالی بود عالی .. جنس و کیفبت عالی ,0
752,ارزشمند و عالیه ، باز هم می‌خرم ,0
753,بدون شک یکی از بهترین دسته‌های بازی ایه که تاحالا داشتم !! ,0
754,راضی بودم از خریدم ,0
755,برای گوشی htc گرفتم راحت ساپورت کرد ,0
756,باسلام ,0
757,خوبه است فقط اندازش کوچکه است ,0
758,خیلی خوبه است نسبت به قیمتش من را هر گوشی زدم خوب کارکرده ,0
759,نسبت به حجم و سایز اسپری مناسب است ,0
760,ضد آفتاب به به ویشی به جرات یکی از بهتریناس ,0
761,نسبت به قیمت در شگفت‌انگیز خوبه است ,0
762,طبق نظرات خریدم ,0
763,جنسش خیلی عالی هست ,0
764,به گفته دکتر متخصص این ضد آفتاب را از دیجی تهیه کردم ، همانطور که پزشکم عنوان کرده_بود بهترین ضد آفتابه واقعاً به این نتیجه رسیدم پوست بشدت شفاف می‌کند ,0
765,خوبه است عالی ,0
766,با سلام ,1
767,من خیلی راضیم ,0
768,من نسبت به محصولات دیگر که استفاده کردم ودوبرابر از این قیمت هزینه کرده_بودم خیلی راضی از این محصول هستم . ,0
769,من برای کار گرافیک این محصول و تهیه کردم و واقعا از کیفیت رنگ زیادش تعجب کردم ( در بازه قیمتی ) ,0
770,صد آفتاب نوکس سری spf عدد ,1
771,در مجموع چیز خوبیه است ,0
772,بصرفد نیست اگر بخواهیم درست از ماسک استفاده کنیم عدد بار بیشتر نمی‌شود استفاده کرد ,0
773,پیشنهاد می‌کنم در فروش ویژه بخرید واقعاً نسبت به کیفیتش قیمتش در فروش ویژه خیلی خوبه است ,0
774,"محصول خوبیه است به ظاهر محصولات معتبر غربی هست اما کیفیت خوبی داره . چیزی که در "" « تبلیغ جهانی این محصول ذکر شده این شامپو برای قبل از استفاده از محصولات آرایشی مو نظیر حالت‌دهنده‌ها استفاده می‌شود » « که شخصاً عادت به این کار ندارم . نکاتی که راجبش گفته‌شده که نعناع و پورتئین گندم دارد کاملاً درست است به خصوص بوی خوب نعناش . خوب کف می‌کند و مهمترین و |بهترین نکته‌ای » که توش بود عدم نرم کنندگی و یا شل پذیری مو بود . خیلی این مورد برایم مهم و حیاتی است چون اکثریت شرکت‌های مشابه علاقه وافری به نرم کنندگی دارند غافل از اینکه نرم‌کننده‌ها مو‌ها را حسابی شل و آسیب‌پذیر می‌کنند و سبب عدم حالت پذیری مو می‌شوند . ",0
775,خیلی عالی ,0
776,کیفیت محصول عالیست و شکی توش نیست ,0
777,قاب خوبیه است از صد بهش هفتاد می‌دهم شاید یکی از بدی‌های میت ده پرو کمبود لوازم جانبیشه است ,0
778,ما خوانوادگی استفاده می‌کنیم ولی هیچ کدام موهامان مشکل ریزش ، خارش یا هر چیز دیگه‌ای پیدا نکرد به نظر من عالیه حتماً بخرید نمی‌دانم چرا بعغی از دوستان نظر مخالف می‌دهن ,0
779,می‌شد ظرف بهتری داشته باشد ,1
780,مو‌های من چون بسیار نازک هستن و شکننده که با خوابیدن موهایم خراب می‌شودن و می‌شکستند بعد از استفاده واقعاً تغییر را احساس کردم و دیگر حالت قبلی را نداشت ,0
781,خیلی زیباست ,0
782,مناسب نیست ,1
783,کیفیت خوب ,0
784,محصول خوب و موثریه است ,0
785,لایه رویی قاب از هفته اول از روی قاب بتدریج کنده_شد و شکل ظاهری قاب را بسیار نامناسب کرد ,1
786,نسبت به قیمتش خوبه است اما لک انگشت روش میمونه ,0
787,دوستان من این خمیر دندان را تقریباً نزدیک به سه ساله دارم استفاده می‌کنم ,0
788,جنس بسیار عالی اما یک مقدار کهنه به نظر می‌رسید البته مهم کاراییشه است که خووبه جنس سیمش هم خووبه و کره‌ای هست ,0
789,خیلی عالی بود واقعاً تاثیر گذار روی موهای من ,0
790,من راضی بودم ، هم از کیفیتش و هم اینکه بسته بندی عالی بود و وقتی بدهستم رسیده_بود آسیب ندیده و کاملاً سالم بود ,0
791,برای پوست من که خشک هست بسیار خوب بود و بعد از حمام نیازی به لوسیون بدن ندارم . ,0
792,کیفیت ندارد ,1
793,من این اسپری را دو بار خریداری کردم ,1
794,من این کابل و فقط برای پاور بانک گرفتم و سرعت خیلی خوبی برای شارژ داره گوشیمم عدد اس است ( خروجی پاورم عدد ٫ عدد گرچه کابلش زده تا عدد آمپر خروجی می‌دهد ولی عالیه ) ,0
795,زیبا و خوش‌رنگ و محکم در برابر ضربه ,0
796,سلام ,1
797,کار خاصی انجام نمیده مثل برق ناخن عمل می‌کند ,0
798,خیلی کاربردی هست و بازار پیدا نمی‌شود ,0
799,برای پوست چرب عالیه من که بعد حمام حتماً صورتم را باهاش ماساژ می‌دهم خیلی خوبه است برای قبل ارایشم عالیه کرم پودر و خوب جذب پوست می‌کند ,0
800,موها را نرم می‌کند من راضیم ازش و باز هم می‌خرم ,0
801,نسبت به بعضی از نخ‌های خارجی با قیمت‌های نجومی باکیفیت و مقرون به صرفه هست و شخصاً در استفاده از آن با مشکل ریش‌ریش شودن برخورد نکردم ,0
802,خیلی خوبه است خیلی ارزانه است نسیت به خارجی و واقعاً عالیه من هر ماه چند بار استفاده می‌کنم ,0
803,یکی از کرم برندهای قدیم ایران . یادش بخیر . امیدوارم کیفیت کالا‌ها ی ایرانی از این هم کمتر نشود . درود فراوان ,0
804,برای زیر آرایش بعنوان پرایمر کرم خوبی است ,0
805,من برای لپ‌تاپ hp استفاده کردم که قیمتش از بازار کمتر بود و به خوبی جواب داد . ,0
806,واقعاً کرم خوبیه است و توصیه می‌کنم فقط حیف که به سختی گیر می‌آید ,0
807,من این کرم را بر اساس نظرات خریدم ولی در مشخصات ننوشته_بود پارابن داره . ,1
808,از برند فوکس دومین خریدم هستش ,0
809,"حدود عدد ساله پیش از دیجی کالا خریدمش و راضیم,فوق العاده سبکه است . ",0
810,قیمت مناسب و کیفیت خوب ,0
811,قیمتش مناسبه است ,0
812,من موقع خرید به سری این کابل دقت نکردم که دو تکه هست ، وقتی بخواهید کابل را از گوشی جدا کنید یک قسمت کوچک از آن در درگاه گیر می‌کند و اگر هم آن قسمت کوچک را جدا کنید ممکنه گم بشود که در این صورت کابل به طور کلی غیرقابل استفاده خواهد_شد . اصلاً فلسفه سری مغناطیسی و دو تکه‌اش خیلی مبهمه است !!! ,1
813,خوبه است . روپوست می‌خوابد ,0
814,عکس‌ها همه دروغ هستن ، آبی ، آبی مشکی نیست ، تمام آبیه است ، قرمزشم همینطور ، بقیش را ندیدم ولی آن‌هاهم احتمالاً همینطوری هستن ، بخواهی قرمز مشکی داشته_باشی باید یک مشکی بگیری یک قرمز ، تا ترکیبش کنی درس شه ,1
815,خیلی راضیم ,0
816,من که تازه دارم استفاده می‌کنم فکر نکنم بد باشد ,0
817,خیلی ماسک خوبیه است و تمام پرزای صورت را می‌کند . برای روی بینی عالیه . ,0
818,تا حالا از بیرون چندین کاور پلاستیکی و فلزی برای آیفون عدد اس خریده_بودم ولی به شش ماه نرسیده خراب می‌شدند البته مشکلات مونتاژی هم داشتند مثلاً مدل پلاستیکی مثل مدل‌های ضد آب یک محافظ جلوی پورت شارژ و خروجی جک صدا داشت که مزاحمت ایجاد می‌کرد ولی این خیلی خوبه است ,0
819,وقتی دو لایه می‌زنید را ناخن بی‌نهایت خوشرنگ می‌شود و یک زرشکی خیلی خوشرنگی می‌شود ,0
820,من این کابل را خریداری کردم واقعاً صدای با کیفیتی داره کانکتور‌های عالی و مخصوصاً قطر کانکتورش ریز بود و مناسب هدفونم بود ,0
821,خیلی خوبه است واقعاً ,0
822,عالی ، اصلاً احساس کردم تا قبل از این معنی بهداشت دندان را نمی‌دانستم ,0
823,همه چه خوبه است ,0
824,باتوجه به قیمتش بسیار عالیه ,0
825,برش دقیقی داره را جای اسپیکر و دوربین و … . روی دکمه‌ها را هم می‌پوشاند . ساده و شیک هستش . قیمت مناسبی هم داره . ,0
826,خیلی بد بود ,1
827,این شامپو را به دلیل قیمت مناسب و تولید انگلستان بودنش خرید کردم اما برخلاف تصورم اصلاً کف نمی‌کند و مجبورید حجم بسیار بیشتری استفاده کنید که علاوه بر اینکه قیمتش معادل شامپوهای گران‌تر می‌شود ، باز هم کف نمی‌کند . ,1
828,قیمتش بالاس اگر کمی پایین‌تر بود خوب بود . ,0
829,خوب بود از بوش راضی بودم . ,0
830,این ,0
831,مشکی شو خریدم . ماته است . خیلی سبک و شیکه است . کار با دکمه‌ها هم راحته است . ,0
832,با اولین بار استفاده کاملاً متوجه تغییر رنگ شودم ,0
833,زیبا و نرم و با کیفیت ,0
834,با توجه به اینکه الان فصل تابستانه است و بسته جلو آفتاب میمونه کلاً کرم‌و مواد بهداشتی نگیرید ,1
835,جنس مناسب ,0
836,نسبت به قیمت کیفیت ندارد ,1
837,ممنون عالی بود فقط مقداری اهنرباش صعیف بود ,0
838,به شدت موها را خشک می‌کند . من موهایم همینطوری خشک هست و این کرم مو بدتر و بیشتر خشکش می‌کند . دست می‌کشم را موهایم قیژ قیژ صدا می‌دهد آنقدر که خشک می‌شود . قبلاً کرم موی گلیس را می‌زدم ، خیلی خوب بود . تصمیم گرفتم یک مدت ایوروشه را امتحان کنم ! هرچقدر محصولات پوستش خوبه است ، محصولات مو افتضاحه است ! من هم شامپو را خریدم ، هم ماسک موی داخل حمام ، هم نرم‌کننده و هم کرم مو ! ولی اصلاً خوب نبود . پولم را دور ریختم و گول مارکش را خوردم . بدترین خرید عمرم بود . ,1
839,یک هفته اس استفاده می‌کنم . روزی یکبار . پوست صورتم نسبت به قبل خشکی کمتری داره و به نظر می‌آید به مرور پوست را لطیف کند ,0
840,این پنجمین خرید و استفاده من از این خمیر دندانه است از همه نظر کامل و عالیه ,0
841,من ازش راضی هستم ,0
842,از بین خمیر دندان‌های ایرانی و خارجی که استفاده کردم ، بدون تعارف بهترین بوده ، هم زغالی و هم سفید کنند‌ش . کیفیت واقعاً بالایی داره ، امیدوارم که کیفیت خودش را حفظ کند در طی زمان و مثل خیلی از شرکت‌های ایرانی بعد از جذب مشتری ، کیفیت خودش را پایید نیارد . ,0
843,سیلیکا داره ، موقع مسواک زدن به خوبی می‌شود حسش کرد مثل شون را دندان‌ها کشیده می‌شود ، باید میزان مسواک زدن و فشار دست را تنظیم کنید تا به مینای دندان اسیب وارد نشه ,0
844,من هر جا می‌رفتم این محصول را نداشتند و خوشحال شودم دیجی کالا به زمانم کمک کرد و آنلاین خرید کردم ,0
845,بنظر می‌آید کرم خوبی باشد ، هم برای مامانم و هم خودم خریدم اگرچه من + عدد نیستم ,0
846,خریدم ولی حتی یکبار هم کار نداد ! ,1
847,خوبه است کاملاً راضیم ,0
848,من تازه خرید کردم و راضیم ,0
849,من برای حجم دهی صورت و بدن می‌خواهستم ازش استفاده کنم اما یکم مراحل استفادش برای هر روز سخته . اما برای پوست فوق العادع بوده دلم نمی‌خواهد هیچی دیگر به پوستم بزنم طی یک هفته من عدد بار زدم و صورتم نرم شده حجم فعلاً تاثیری نداشته لک داشتم داره کمرنگ می‌شود جوش چربی زیر چشمم داشتم هرکاری می‌کردم رفع نمی‌شد دارن کوچک می‌شون صورت را براق می‌کند . واقعاً هر خانمی بهش احتیاج داره . ,0
850,خیلی خوب . حالت کرمی داره و واقعاً کیفیت مناسبی داره ,0
851,من پوست صورتم خیلی چربه و مستعد آکنه ، این ژل خیلی پاک‌کنندگی خوبی داره و کیفیت و غلظتشم عالیه با عدد قطره صورتم را میشورم حسابی کف می‌کند و تمیز می‌کند ، دوستانی هم که گفتن پوست را خشک می‌کند اولاً بگم که این محصول پاک‌کننده قوی چربی و کثیفی‌ها و برای پوستای خیلی چرب مناسبه است ، دوما باید بعدش از مرطوب‌کننده استفاده بشود ، من که خیلی راضی بودم ,0
852,رنگش در واقعیت شبیه به عکساش نبود همین مرسی ,1
853,خوب بود ,0
854,ظاهرش خوبه است ، کاوری که برای من فرستادن دوجاش زدگی داشت ونازک شده_بود فکرمیکنم بایکم استفاده آن قسمت‌ها سوراخ وخراب بشود کاش قبل فرستادن کنترل می‌کردن ,0
855,دقیقاً همان چیزی بود که در سایت گذاشته بودید ,0
856,قدرت پاک‌کنندگی آن بالاست حتی برای آرایش ضد آب . با حجم کم همان طور که روی بطری نوشته حدود دو میلی‌لیتر ارایش کل صورت تمیز می‌شود . ضد آفتاب من را هم به راحتی تمیز کرد . حجم خوبی به نسبت قیمتش دارد . اصلاً بو ندارد . محصول لهستان است نه آمریکا . خیلی محکم در چندلایه است پلاستیک پیچیده_شده_بود و اصلاً نشتی نداشت . ,0
857,خیلی عالی بود خیلی جادار زیبا و محکم پیشنهادمیکنم بخرید ,0
858,لطفاً در مورد ارسال محصولات دقت بیشتری بشود تا آن چیزی که توقع داریم دریافت کنیم . ,0
859,خیلی خوبه است محصولات آبرسان گارنیه همشان عالین- حجم زیاد قشنگ چندماه است میمونه-تاثیر عالی- خوش‌بو ,0
860,فقط این را بگم از دیجی کالا بعید بود بند شونه‌ای این کیف را با یک جنس بی کیفت عوض کند که در استفاده اول بشکنه سریع فهمیدم کیف را گرفتم وگرنه معلوم نبود چه بلایی سر لبتاپ میومد ,0
861,رنگ طلایی داره خوبه است ,0
862,بوی خوبی ندارد ، همراه سرم مو ازش استفادش می‌کنم . غلظت بالایی داره و فقط یکمی موها را چرب می‌کند . برای کاملاً گیاهی بودن و ارگانیک بودنش ممنونم ,0
863,بسیار راضی‌ام ,0
864,نسبت به قیمت واقعاً خوب و شیکه است ,0
865,کابل خوبیه است هم کیفیت داره و دیگر نمی‌خواهد نگاه کنی از کدام سمت باید از سوکت استفاده کنی ,0
866,رضایت بخشه یک مرطوب‌کننده فاقدچربی ,0
867,کاملاً نقره‌ای هست و این هاله‌ی آبی که داخل عکس می‌بینید را ندارد ، البته بسیار زیباست و خیلی براق ، سریع خشک می‌شود و کیفیت خیلی خوبی داره ,0
868,فقط در حدی بود که کرک موهایم را باز کرد وگرنه اصلاً نرم و لطیف نکرد موهایم را ,1
869,عالی عالی پیشنهادش می‌کنم ,0
870,بدرد نمی‌خورد ,1
871,به نظره من از کرم‌های بهتری استفاده کنید ارزش خرید ندارد ,1
872,سلام امروز به دستم رسید بسیار راضی‌کننده با محافظت بالا ، جنس قاب بسیار با کیفیه است من در تخفیف خریدم خیلی راضیم ممنون از دیجی کالا ,0
873,خیلی خوب بود من در اولین مصرفم تاثیرش را حس کردم ,0
874,من همیشه همین ضدآفتاب را استفاده می‌کنم و خیلی راضیم ,0
875,کیف شیک قشنگیه است سبک راحت باهاش مسافرت‌های یک روزم می‌روم ,0
876,حتماً امتحانش کنید . ,0
877,کیفیت خوبی داره و به پولی که میدی می‌ارزد ,0
878,خرید خوبی بود ,0
879,بر خلاف ظاهرش که جادار به نظر نمی‌رسد ولی عملاً خیلی جادار و کاملاً امکان طبقه‌بندی همه وسایل را به آدم می‌دهد . درسته جنسش درجه یک نیست ولی در این رنج قیمت قابل قبوله است . ,0
880,من نظرات را خواندم نوشته_بودم بدون بو نیست / در صورتی که بدون بوعه است / من کاملاً راضیم / هم زود جذب می‌شود و اصلاً سنگین و چرب نیست هم برای کسانی که به بو حساسن خیلی خوبه است و اصلاً اذیت نمی‌کند ,0
881,پیشنهاد می‌کنم حتماً بخرید ,0
882,جنسش خوبه است و زیباست قیمتشم خوبه است فقط درگاه‌های پایید گوشی را محافظت نمی‌کند ,0
883,خیلی خوش‌بو هستش و ماندگاری خوبیم داره …من کاملاً راضیم از خریدم … ,0
884,اصلاً آن چیزی نبود که فکر می‌کردم جنسش اصلاً خوب نیست ,1
885,پوست من چربه و بعد از اینکه از سر کار می‌آم میشورم صورتم را باهاش و کاملاً آلودگی و خستگی را از پوست صورت می‌گیرد ! بوشم که نارنگیه است و خوش بوعه است واقعاً ,0
886,برای فست شارژ همراه با شارژر عدد وات گرفتم . متاسفانه جواب نداد . مجبور شودم کابل دیگری تهیه کنم تا از این قابلیت استفاده کنم . البته شارژر این مارک خیلی خوبه است . ولی کابلش با اینکه با کیفیت هستش ولی این قابلیت را نداشت ,1
887,ارزش داره واقعاً ,0
888,مقدارش نسبت به قیمتش خیلی کمه اصلاً پیشنهاد نمی‌کنم . ,1
889,متفرقس و دیتا انتقال نمی‌شود داد کلاً اشتباه خریدش ,1
890,محصول بعده عدد روز استفاده خراب شد و دستگاه من ارور می‌داد که کابل غیر مجازه است ,1
891,حجمش نسبت به قیمتش عالیه . من عدد بار از‌ی بستش استفاده کردم ,0
892,اولین باره این کرم را می‌خرم و واقعاً سورپرایز شودم خیلی کرم خوبیه است غلظت خوبی داره و کاملاً جذب دست می‌شود . من راضی‌ام ازش ,0
893,بنظرم خیلی خوبه است اما با توجه به مقداری که داره خیلی گرونه است ! ,0
894,مهمترین نقطه‌ضعف این کاور باز بودن لبه پایینی آن است که در صورت افتادن گوشی قطعاً بخش اسپیکرهای پایینی گوشی آسیب می‌بیند البته صداقت نداشتن فروشنده نقطه‌ضعف بزگتری هست چون در عکس‌هایی که گذاشتن مثلاً قراره است پایید گوشی هم محافظت بشود که اصلاً اینطور نیست و قسمت پایینی قاب کاملاً باز هست ,1
895,اصلاً خوب نیست . دو تا گوشه هایش شکست . کنار دکمه هاشم ترک ورداشت . ,1
896,باتوجه به قیمت پایینش جنسش خوبه است . ,0
897,گوشی داخلش چفت نمی‌شود و کیفیت خود کاور بسیار پایید ,1
898,محصول با کیفیتی هست ,0
899,بعد یکماه است کار نمی‌کند ,1
900,اصلاً توصیه نمی‌شود ,1
901,خیلی شیک و ظریفه است ، جنسشم عالیه نسبت به قیمتش . فقط قسمت قلم خوب محافظت نمی‌شود . من در کنار این یک قاب iface هم گرفتم سر کار رفتنی اونو می‌پوشانم به گوشیم ,0
902,خوب بود ولی خیلی خوب یا عالی نبود …پوستهای چرب استفاده نکنن . ,0
903,درکل امنیت خوب . اما خیلی زود کثیف شد از دیجی خواهش می‌کنم این محصول را بردارد ,1
904,آهنربا با اینکه قوی هست ولی نسبت به نمونه ریمکس چون فرو نمی‌رود در هم با کوچکترین تغییر جهت قطع می‌شود . کابل بسیار بی‌کیفیت و عدم پشتیبانی از فست شارژ و کیفیت انتقال دیتا فوق‌العاده ضعیف . ,1
905,فقطدبعد از استفاده پوست را روشن و شفاف‌تر می‌کند ,0
906,ولی خیلی سفته ,0
907,شگفت‌انگیز عالی بود ,0
908,هیچ وقت بخاطر موخوره نمی‌توانستم موهایم را بلند نگاه دارم ولی با این محصول موهایم عالی شده و دیگر موخوره نمی‌زند . از دیجی ممنونم ,0
909,خیلی خوبه است من که راضیم ,0
910,من تازه این محصول را امتحان کردم ، پاک‌کنندگی بالایی داره و مثل آب بی‌بو هست . باعث احساس سوزش و خارش هم نمی‌شود ، البته من‌بعد از استفاده باز هم صورتم را با آب و ژل شستشو می‌دهم … ,0
911,اصلاً کیفیت ندارد اصلاها ,1
912,بهترین مانیتور برای گیمر‌ها از دست ندهید من که چند ماهه از دیجی کالا گرفتم هیچ مشکلی نداشت ,0
913,استفاده کردم ولی سفید سفید نمی‌کند درکل بد نیست ,0
914,خیلی راضیم لنگش هیچ فروشگاهی ندارد ,0
915,بسیار عالی ,0
916,کرم عالی هست پوشانندگیش خیلی خوبه است . من قبلاً با تجویز پزشک استفاده کردم رنگ خوبی داره ولی الان که بدهستم رسید حجمش خیلی کم بود ,0
917,بعد ازاستفاده به طرز وحشتناکی موهایم خارش گرفت … ,1
918,این ژل‌های بایودرما چند نوع هستند و قیمتاشونم با هم فرق دارن اما دیجی کالا اصلاً در ارسال کالا دقت نمی‌کند من این محصول رو‌انتخاب کردم اما فقط کالایی که ظرفش شبیه آینه را برایم فرستاد اصلاً به مشخصاتش دقت نکرده ,0
919,عالی ,0
920,خوبه است ,0
921,اصلاً پیشنهاد نمی‌کنم ,1
922,برای یک هفته استفاده کار می‌کند ,1
923,تاثیر این خمیردندان را در سفیدکنندگی با چشم مشاهده می‌کنید . کسانی که دندانهای حساس هم دارن اگر بگذارن چند قیقه است کف این خمیردندون روی دندانشان بموند قشنگ درد برطرف می‌شود . من سنسوداین را هم مصرف کردم پیش این هیچ حرفی برای گفتن ندارد . این بهترینه ,0
924,کیفیتش عالیه اما اگر برای اتصال دوربین به ویدئو پرژکتور ( دیتا ) بخواهید استفاده کنید یک مقدار کم ، کیفیتش پایینه است ولی در کل عالیه ,0
925,کرم خوبیه است ولی چرا این قد تغییر در قیمت داشته ,0
926,لاک براق و خوشرنگیه است ,0
927,به نسبت قیمتش خیلی خوبه است و واقعاً تمیز می‌کند ,0
928,با این قیمت خوب بود ,0
929,موهای من معمولاً با شانه کشیدن می‌شکست اما از وقتی این شامپو را مصرف می‌کنم دیگر هیچ مشکلی ندارم حتی چربی موهای سرم هم از بین رفته و در این فصل سال یعنی تابستان حتی بعد از عدد روز هم چرب نمی‌شود گارنیه بهترین برند شامپویی است که من تا بحال استفاده کردم ,0
930,داشتم گشتی می‌زدم در سایت دیجی کالا که به این صابون بر خوردم اولین کاری که کردم رفتم ISO هاشو چگ کردم و دیدم حقیقت دارد و خریداری کردم . ,0
931,بعد از استفاده موهایم خارش گرفت و کم‌کم شوره زد . انگار مو را تمیز نمی‌کند . قیمتش هم بالاست ,1
932,من دو تا خریدم ,0
933,کیفیت مناسب ,0
934,قیمتش نسبت به داروخانه مناسب‌تر است ,0
935,براساس نظر دوستان خریدم و در تست اولیه فست شارژ گوشی‌های جدید را ساپورت می‌کند ولی ایرادش اینکه می‌تواند راحت گم بشود و جایی برای وصل کردن ندارد . ,0
936,عالیه … … ! ,0
937,من تازه خریداری کردم ولی خواهرم استفاده می‌کند و خیلیل راضیه … . ,0
938,برای من فقط یک ماه کار کرد و بعد مدام قطع و وصل می‌شد و بعدشم تمام ! ,1
939,کابل با کیفیته است طول سیمش برای منزل خوبه است را گوشی lg g عدد فست شارژ جواب داد ,0
940,واقعاً تاثیر گذاری زیادی داره برای من ,0
941,عالی بی‌نظیر و تک ,0
942,با این قیمت خوبه است ,0
943,خیلی خوبه است ,0
944,زود جذب می‌شود دارم استفاده می‌کنم زمان می‌برد اثرش احتمالاً منتظرم ,0
945,هم گران بود . هم اصلاً تاثیری نداشت برای سینه . ,1
946,عالیه واقعاً با این مبلغ این حجم و این کارایی و جنس ,0
947,این کرم در حجم عدد ml معرفی‌شده ، اما کرمی که به دستم رسید با حجم عدد ml بود ، شاید بهتر باشد در معرفی کالا دقت بیشتری بشود . ,0
948,برای پوست خشک چندان کارآیی ندارد و بیشتر مرطوب‌کننده است و نرم کنندگی کمی داره ,0
949,خیلی عالی هست حتماً استفاده کنید ,0
950,کاملاً الکی و اصلاً زد ریزش نیست فقط حالت نرم کنندگی خوبی به موها می‌دهد ,1
951,در مورد اثر جراحی بسیار کارامد بوده_است ,0
952,در این رنج قیمت بهترین کابلی هست که می‌شود خرید . ,0
953,فوق‌العاده هستش ,0
954,از خریدم راضی نیستم . کبف بسیار کم جاست فقط به اندازه لپ‌تاپ و سیم شارژر جا داره و به سختی وسایل شخصی و کم ,1
955,کیف خیلی خوبیه است خیلی شیک و زیبا مخصوصاً رنگ آبیش . دوخت عالی داره و محکم واقعاً ارزش خرید را داره مخصوصاً در شگفت‌انگیز ,0
956,من دوتا آزید کابل را گرفتم ، هر دوش بعد از مدتی از مدتی از کار افتادن ! ,1
957,این کرم به نسبت کرم‌های هم رده قیمت خودش واقعاً عالیه . صرفنظر از حجم کمش ، خیلی راحت را پوست می‌خوابد و اصلاً عرق نمی‌کند . رنگش ابتدا کمی براقه است ولی به سرعت جذب می‌شود . مخصوصاً برای چشمهایی که زمان زیادی با کامپیوتر سر و کار دارند ، کرم دور چشم ضد آفتاب توصیه می‌شود که این هم برای دور چشم هم برای کل صورت استفاده می‌شود . برای من که حساسیتی نشان نداد و راضی بودم . خصوصاً برای پوست چرب . و از طرفی این کرم خاصیت لکه بری داره . اگرچه این مدل phantom spot کرم پودری نیست و رنگ کاملاً طبیعی و پوست را کمی شفاف‌تر می‌کند ، ولی دکتر برای بربردن لکه در روز پیشنهاد کرد . ,0
958,هر شب و هر صبح استفاده می‌کنم . خووبه . حس می‌کنم دندانام سفید‌تر شده ,0
959,"من این مسواک چندماهی هست برای دختر دوسالم خریدم خیلی دوستش داره قشنگ باهاش مسواک میزنه,موقعی هم که اهنگ می‌زند کلی می‌خنده و برایش جذاب,من توصیه می‌کنم خریدنش را . ",0
960,در حد پول دور ریختن واقعاً غیر قابل‌استفاده بعد از چند دقیقه استفاده قسمت usbداغ می‌شود و ارتباط با شارژر یا کامپیوتر قطع می‌شود ,1
961,من رنگ طلایی و نقره‌ای و خاکستری این کابل را خریدم و هر سه رنگ زیبا و عالی و بسیار با کیفیت هستند و حتی با قیمت عادی و بدون تخفیف هم ارزش بالایی دارن برای خرید و داخل تخفیف که دیگر حرف ندارد . ,0
962,این کرم بیش از اینکه آبرسانی انجام بده فوق‌العاده چربه و من‌بعد از دوبار استفاده تمام پوست صورتم پر از جوشای ریز ریز شد و به شدت هم سنگینه را پوست . ,1
963,تشکر از دیجی کالا به دلیل سرویس بسیار مناسب در کلیه سطوح ,0
964,خوبه است ,0
965,خیلی خوبه است در کل ,0
966,این شامپو برای موهای من که بسیار فر و مجعد و رنگ . و دکلره شده_است خیلی خوب سازش داشت واقعاً موهایم را نرم و لطیف می‌کرد دوباره خریدمش ,0
967,من با اتکا به نظرات که هیچ مورد منفی نبود توشان ، ریسک کردم این کالا را خریدم با اینکه گارانتی نداشت ، اما متاسفانه عدد روزه از کار افتاد . و عدد تومان فقط ده روز کار کرد . اصلاً پیشنهاد نمی‌کنم خریدش را . حتماً کالای با گارانتی بخرید ,1
968,واقعاً عالیه من سرم شوره داشت با همین شامپو به مرور زمان از بین رفت بدون هیچ شامپو دیگه‌ای ,0
969,عالی ,0
970,زوده برای نتیجه گرفتن ولی فعلاً به شوره موی من کمک کرده ، ولی هنوز در مورد کم شودن ریزش نمی‌شود حرفی زد ,0
971,همه چه خوب ,0
972,راضیم ممنون از دیجیکالا ,0
973,در عکس انگار خیلی فرم داره و سفت و شیک وا می‌سته اما در واقعیت یک تکه برزنت شل و ول هست ,1
974,برای اتصال به گوشی قسمت AUX بدی داره و قطع و وصلی داره ,1
975,خیلی خیلی خوب گوشیم از دستم افتاد کاری هیچی نشد ,0
976,به دیگران توصیه می‌کنم استفاده کنند . هم بی رنگد پس ایجاد لک نمی‌کند ، روی پوست سفیدک نمی‌شود ، زود جذبه ، سبکه است ، مقاوم در برابر تعریق . من پوست چربه و خواهرم پوست معمولی . با اینکه خواهرم فقط یکبار ازش استفاده کرده همه‌جا ازش تعریف می‌کند . ,0
977,تا امروز که خوب کار کرده ,0
978,وای نگیرید آ . اولش آدم می‌گوید تحمل می‌کنم بوش را . بعد خود به خود مصموم میشی از بوش حالت به هم می‌خورد سر گیجه می‌گیری . بیشتر از دو بار نمی‌شود استفاده کرد .. ,1
979,پوست نرم می‌کند عطرخوبی داره ,0
980,از نظر کیفی اصلاً اونی نیست که در عکس‌ها گذاشته ، مهمتر اینکه چیپست نمایش پیغام‌ها اصلاً ندارد بلکه یک صفحه ساده هست که برا‌ی پاسخ به تلفن و دیدن پیام‌ها مجبور به باز کردن قاب روی صفحه هستید ، اصلاً هم ساعت و پیام و آب و هوا را نمایش نمی‌دهد فکر نمی‌کنم بیشتر از عدد تا عدد ماه هم محل اتصال قاب بالیی با قاب پشتی دوام بیاره . البته هر چه بیشتر پول بدهی خوب جنس بهتر می‌خری . ,1
981,عالی ,0
982,روی قاب به بزرگی مارک Huawei نوشته‌شده و با تصویر متفاوته اما خیلی محکم هست ,1
983,عالی عالی عالی ,0
984,بنظرم آنقدری که بقیه ازش تعریف می‌کردن نیست . ولی کرم خوبیه است اما عالی نیست ,0
985,همیشه من از این کابل می‌گیرم چون قیمتش خوبه است و معمولاً عدد تا عدد ماه برایم کار می‌کند ,0
986,کیفیت عالی حرف ندارد ,0
987,چند ماه استفاده کردم هیچ تاثیری نداشت ,1
988,جنسش خوبه است ,0
989,من که دو ماه استفاده کردم برای ترک‌های قرمز خیلی خوب بود و راضی بودم ولی اینبار می‌خواهم روغن‌اش را سفارش بدم ,0
990,کیفیت مناسب ولی نامتوازن هست که بخاطر تا نخوردنش هست به نظرم عالیه عدد از عدد می‌دهم بهش ,0
991,بعد از سه شب مصرفش بشدت دچار حساسیت و ورم کردگی و قرمزی و سوزش کنار چشمم شودم و بعد از تماس با شرکت هم فقط گفتن که شما حساسیت داشتید و همین حتی برای درمانش هم هیچ راه حلی پیشنهاد نکردن و ده روز طول کشید تا با مصرف بتامتازون چشمی خوب شودم . ,1
992,کیفیت خوبه است عدد متر اصلاً نیست . یک متره است . تازه اگر حسابی کش بیاد . رنگ مشکی بود ولی سفید دستم رسید . در کل خوبه است ,0
993,عالیه اصلاً حرف ندارد . نسبت به پولش خیلی خیلی خوبه است . من صد در صد پیشنهاد می‌کنم ,0
994,خوبه است ,0
995,آن معجزه‌ای که بلاگرها می‌گوین نیست ولی قابله قبوله است ,0
996,به همه دوستانم پیشنهاد مکنم ,0
997,شامپوی بسیار خوبی هست ,0
998,من یک هفتس خریدم و بنظرم با این قیمت عالیه ,0
999,خوب ,0
1000,بسیار با کیفیت ,0
1001,اونجوری که انتظار داشتم ، موهای زائد را جدا نمی‌کند از پوست . ولی در کل خوبه است ,0
1002,بسیار با کیفیت وسرعت شارز سریع برابی نوت عدد ممنون از دی جی کالا من یکی خریدم یکی هم هدیه دادن ,0
1003,به نام خدا ,0
1004,خیلی فوم خوبیه است پیشنهاد می‌کنم حتماً بخرید . ,0
1005,در کل از خریدم راضی هستم . برای کسانی که پاشان زیاد در کفشه است عالیه ,0
1006,خیلی راضی هستم و پیشنهاد می‌کنم ,0
1007,احساس خیلی خوبی می‌دهد بعد از شستشو ,0
1008,رنگش قشنگه است ولی اصلاً کیفیت و ماندگاری ندارد ,1
1009,من حدود یکسال هست که دارمش و به تور مکرر ازش استفاده می‌کنم و تا به حال فقط عدد بار شارژش کردم ,0
1010,من چند ماه ازش استفاده می‌کنم و راضی‌ام ,0
1011,اصلاً خوب شارژ نمی‌کند عدد ساعت عدد درصد ,1
1012,عالیه ، خریدش را بخصوص به برنامه‌نویس‌ها به دلیل عریض بودن صفحه نمایش پیشنهاد می‌کنم ,0
1013,بعد از خدود عدد ماه روکش سیم پاره شد !! ,1
1014,من آرگان آمریکایی اصل هم استفاده کردم . به نظرم فرقی ندارن . فقط بسته بندی آن خیلی شیک‌تر بود . وظرفشم تیره بود که باعث می‌شد داخل نور آفتاب خراب نشه و البته قیمتشم دوبرابر آینه . ولی باز هم کاش صبر می‌کردم داخل فروش ویژه می‌گرفتم . به هر حال راضی‌ام و پیشنهاد می‌کنم امتحان کنید . ,0
1015,کیفیت خیلی پایینه است داره به طوری که کناره‌های بیرونی آن زائده دارد که با دست کاملاً قابل لمسه است می‌باشد و چهار گوشه آن از گوشی بزرگتر می‌باشد ,1
1016,کیفیتش خوبه است راضیم ,0
1017,کیفیت خوب ,0
1018,چند ماهی است دارمش ، نسبت به باقی برندها در این رده جای بحث ندارد . ,0
1019,یکی از بهترین و موثرترین ژل‌های ضد جوش ، پوست صورت هم به هیچ وجه خشک نمی‌شود ,0
1020,نسبت به توضیحاتی که گذاشتید عدد ٪هم راضی نیستم کراتینه است یعنی لخت کند ,1
1021,من این کابل را عدد روز خریدم ، بسته بندی حرفه‌ای و شیکی داره ، این کابل با طول بلندی که داره دیگر مجبور نیستید به دیوار بچسبید برای شارژ ، و فقط عدد درصد طبق گفته خود سازنده بخاطر طول بلندتر شارژتان بیشتر طول می‌کشد ، من راضی هستم از سرعتش ، کابل از جنس کنفی بسیار محکم و اینکه چیزی نمی‌تواند به راحتی آسیب بزند بهش ، انعطاف‌پذیریش کمه ولی مشکلی ایجاد نمی‌کند ، در کل توصیه می‌کنم چون کابل اصلی خود اپل نیست در بازار ، همچنین به این بلندی نیست ، و با این کابل خیالتان راحته است به باتری گوشی آسیب نمی‌زنید و انتقال اطلاعاتتان راحت انجام می‌شود . ,0
1022,نسبت به حجم عدد میلی لیتری قیمت خوبی داره . کیفیتش هم خیلی خوبه است . وز مو را تاحد قابل قبولی از بین می‌برد . اینکه بعد حمام و بعد از خشک کردن مو با حوله استفاده می‌شود می‌تواند یک مزیت باشد . چون دیگر لازم نیست بعدش دنبال موس و ژل و … باشیم . من کاملاً راضیم . ,0
1023,کلاً کاور خیلی خوبیه است هم از نظر ظاهری که به گوشیتان می‌بخشد و هم فوق‌العاده محکم و مقاوم البته مقداری سنگین می‌کند گوشی را که طبیعیه است با توجه به ساختارش . تنها مشکلش به نظرم سفت بودن دکمه‌های پاور و تنظیم صداش هست که با یک دست همزمان نمی‌شود به راحتی دکمه ها را فشار داد . در مجموع کاور خاص و زیباییه است پیشنهاد می‌شود ,0
1024,بعد از مدتی از هم باز می‌شود ,1
1025,همچیش عالیه ,0
1026,عالیه مرسی دیجی ,0
1027,نسبت به قیمتی که در شگفت‌انگیز بود خوبه است من راضیم ولی قیمت اصلیش بالاست ,0
1028,خیلی کرمه خوبیه است از همه لحاظ فقط تاریخ تولیدش سال عدد هستش و انقضاش اول عدد و اگر تولیدش بروزتر بود بهتر می‌شد ,0
1029,خیلی عالی بود بزرگ‌ترین مشکل خطوط ریزی که جدیدن داره روی صورتم میفته و از این ماسک راضی بودم انگار خستگی پوستم را گرفت و با یک‌بار استفاده خطوط کم حال شودن ,0
1030,اصلاً هیچکاری نمی‌کند ,1
1031,محصولات سینره خیلی عالیه سالهاست استفاده می‌کنم ,0
1032,از خریدش پشیمان نمی‌شوید ,0
1033,چندین ماه می‌شود که این کاور را خریدم ، برای گوشی خودم و همسرم ,0
1034,خیلی سفته تا حدی که به سختی از جاش درمیاد هرگز پیشنهاد نمی‌کنم من به خاطر ظاهرش سفارش دادم ولی بی‌کیفیت بودنش موجب شد که من از این کالا منصرف بشم . ,1
1035,دو هفتست خریدم عالیه سریع شارژ می‌کند فعلاً که خوبه است ,0
1036,با کیفیت و مناسب بدون قطعی ,0
1037,حیف پولی که عوض این کیف دادم . ,1
1038,متاسفانه اصلاً کیفیت ندارد و همچنین کالای ارسالی با عکس سایت متفاوت بود ,1
1039,خیلی خوش‌دست و عالی ,0
1040,خیلی خیلی بد ,1
1041,برای موهای من که کاملاً فر هست مناسب نیست . و اثرش کم بود . فکر می‌کنم برای موهای صاف بهتر باشد . اورال زرد با ور قهوه‌ای بمراتب از این برای من بهتر بود . ,1
1042,نکته‌ای که باید موقع خرید این محصول دقت کنید و بدونیدش این هست که برای سنین بالا پاسخگو نیست ! این محصول پیشگیری‌کننده و ابرسان دور چشم هست و فکرکنم برای زیر عدد سال گزینه خیلی مناسبی باشد ، برای سنین بالاتر که پوست چربیش کمتر می‌شود و بیشتر مستعد چروک می‌شود باید از دور چشم‌های قوی‌تر استفاده بشود . ,0
1043,یک ذره قیمتش بالاست ,0
1044,بسیار آرام شارژ می‌کند ,1
1045,کلاً ریمکس در ساخت کابل برای درگاه‌های ورودی و خروجی خیلی خوب و خلاقه . ,0
1046,این کالا همانند تصویر می‌باشد و این کالا را پیشنهاد می‌کنم . ,0
1047,کابل به هیچ نحو قابل‌استفاده نمی‌باشد و کار نمی‌کند . ,1
1048,از شبکه طلایی گرفتم . در یک بسته بندی خیلی بیخود . یک‌طرف باز کلاً فرستاده_شد . نسبت به قیمت می‌شود چشم‌پوشی کرد که ورودی بد میره . ,0
1049,پوست را کاملاً تمیز می‌کند ، خاصیت نرم کنندگی و بوی خوشی نیز دارد ، من که راضیم . ,0
1050,قیمت نسبت به بیرون خوب است ,0
1051,با استفاده دو قطره از این روغن بر روی موها ، موها بسیار نرم می‌شوند و حس سبکی در موها ایجاد می‌شود و وز مو گرفته_می‌شود . دو قطره آزید روغن اصلاً باعث چربی موها نمی‌شود . رایحه بسیار ملایمی دارد . ,0
1052,من طلایی این قاب را سفارش دادم و فوق‌العاده . زیباست ، یک طلایی مات و خیلی روشن که هرکی می‌بیند می‌گوید این خود گوشیه است یا قابشه است این‌قدر ظریف و خوشرنگه است !؟ ,0
1053,خیلی نرم و خوبه است من از خریدش رازی هستم از همه مهمتر آینه که کثیف نمی‌شود ,0
1054,امروز به دستم رسید ، ابعادش دقیقاً همانیه است که نوشتن ، دوستانی هم که می‌خواهن بخرن حتماً ابعادش را اندازه بگیرن که اشتباه تصور نکنن . خیلی هم کاربردیه است من که خوشم آمد ازش ,0
1055,عالیی ,0
1056,کرم مناسب شب که لایه بردار و روشن‌کننده خوبیه است و عطر خوبی هم داره من راضیم ,0
1057,اصلاً بدرد نمی‌خورد و مفتش گرونه است با عکس هم خیلی متفاوته و آنقدر نازکه که اگر قاب روی گوشی نندازید بهتره است ,1
1058,اگر کسی به بو الرژی داره یا از چیزهای عطری خوشش نمی‌آد پیشنهاد نمی‌کنمش ، ولی من به‌شخصه عاشق بوش شودم هروقت موهایم را باز می‌کنم یک بوی فوق‌العاده می‌زند در صورتم ، خیلی نرم می‌کند و این‌که من موهایم خیلی زود چرب می‌شد اما این را استفاده می‌کنم حتی عدد روز هم می‌گذرد چرب نیست موهایم . مرسی دیجی ,0
1059,اصلاً حجم نمیده ,1
1060,دفعه دوم هست که این ژل را می‌خرم و خیلی راضیم . صورت را کاملاً تمیز می‌کند و خیلی هم دیر تمام می‌شود . ,0
1061,با تشکر از زمانبندی مناسب برای ارسال و کیفیت کالای ارائه‌شده . ,0
1062,محصولات موجود در این پک از کیفیت عالی برخوردارند . ,0
1063,ارزشمنده است برای خرید و تا حالا مشکلی نداشته ,0
1064,معمولی است خوب نیست ,0
1065,قاب سه تیکس و اصلاً مثل آن تصویر قاب قرمز که مربوط بهj عدد عدد هست نیست ,1
1066,صابون خوبیه است ,0
1067,همه چهش خوب بود ,0
1068,قبلاً مدل بهترش را داشتم ولی گم کردم ,0
1069,فوق العادست ,0
1070,برای محافظت گزینه‌ی مناسبیه است البته می‌تواند ترمیم هم کند ولی در دراز مدت . احتمال ایجاد نقطه‌های کوچک روی زبان هم هست که به علت ناسازگاری مواد استفاده با زبان می‌تواند رخ بده . برای دندان‌های حساس عالیه و بهترین نتیجه را با مسواک برقی خواهید_گرفت . ,0
1071,این اولین شامپویی هست که چربی بیش از اندازه مو و کف سرم را متوقف کرده ! ,0
1072,محصول خوبی بود ,0
1073,خوبه است توصیه می‌کنم اگر با طولش مشکل ندارید . در مورد دوامش نمی‌توانم نظر بدم که چقدر دوام می‌آرد ولی به نظر با کیفیت و با دوام می‌آید ,0
1074,این ماسک حالت اسکرابی داره که موقع شستشو یک لایه پوست‌های مرده‌ی پوست را بر می‌دارد و برای همین هفته یک یا دوبار باید استفاده شه ,0
1075,من چند سالیست که از ضد آفتابهای بایودرما استفاده می‌کنم اوایل که پوستم چرب بود از نوع فلویید و حالا نوع کرم . از کیفیت این برند کاملاً راضی هستم . ,0
1076,بدون شک بهترین نخ دندان ایرانی و قابل رقابت با نمونه خارجی ,0
1077,قبل از این چندتا پولیش دیگر گرفته_بودم که اصلاً به خوبی این براق نمی‌کند ! ,0
1078,خیلی کارا بود ولی متاسفانه نمی‌شود با گلس فول اسکرین نصب کرد ,0
1079,من دو سه روزه که این محصول خریدم و متناسب به قیمتی که داره کیفیت خوبی داره ,0
1080,نسبت به قیمت بسیار خوب و دارای تاثیرگذاری قابل‌قبول ,0
1081,من عدد تا از این صابون را خریدم ، پوستم نسبتاً چرب هست و روزانه ازش استفاده می‌کنم راضی هستم ,0
1082,واقعاً داخل نوع کلاسیک خیلی خوبه است …هم مقاوم هم نازک هست . ,0
1083,عالی هست در ضمن مقدار آن هم خوب هست ,0
1084,به طرز عجیبی معجزه می‌کند ,0
1085,عالیه تازه امروز بدهستم رسید . جاداره است . نرم و سبکه است . کیفیتش خوبه است . قیمتش عالیه . پورتaux و usb داره پی ,0
1086,بسیار رقیق و بی‌کیفیت ,1
1087,کیفیت و بوی عالی ,0
1088,من چند نوع شامپوی ضدشوره و حساسیت پوست سراستفا ه کردم ولی عالی بود این محصول گارنیه .. قبلاً از لورال اسنفاده می‌کردم و نیوها قبلترش که خیلی کمکی نکرد ولی به موهایم می‌ساخت .. پوست سرم شوره نداشت ولی حساسیت به مواد آرایشی رنگ مو داشتم حتی بدون آمونیاک . بعد از اولین استفاده پوست سرم آرام شد چون همه‌اش احساس خشکی و خارش داشتم و پوستم واقعاً کنده_می‌شد ولی خیلی از این شامپو راضیم واقعاً برای پوست سرحساس من عالی بوده .. بوی خیلی خوبی داره که تاحموم بعدیتان میمونه داخل موها و لذت می‌برید حتماً تهیه کنید ووستان مخصوصاً خانوم‌ها .. از ماسکش هنوز استفاده نکردم ولی مطمئنم آن هم عالیه .. مرسی از دیجی کالا ,0
1089,موهای طبیعی من فر هست و حالت S درشت داره ، تقریباً عدد ساله که موهایم رنگ و دکلره داره و پایید موهایم آسیب‌دیده و وز داره ، ,0
1090,معرکه است این روغن . بو و لطافت فوق‌العاده‌ای را بعد از استفاده حس می‌کنید ,0
1091,واقعاً عالی راضی‌ام سرعت شارژ هم خوب ,0
1092,سلام ,0
1093,کیفیت عالی ، ارزش پولی که می‌دهید را کاملاً داره ,0
1094,کیفیتش خوبه است ,0
1095,خیلی عالیه . در خریدش شک نکنید . من برای ایسوس گرفته_بودم اما جوری شده برای تمام گوشه‌های خانه هم از این گرفتم ,0
1096,مطمئن باشید ارزش پولی که می‌دید را داره ، داخل مشخصاتش گفته تحمل عدد کیلو وزن را داره و واقعاً هم تحملش همینطوره است ,0
1097,برای مک بوک عدد اینچی از نظر عرض جاش بزرگه است ( لنوو عدد ٫ عدد اینچی فیت می‌شود ) و چون بند چسبی ندارد یکم لپتاپ لق می‌زند توش و زیرش خیلی زخیم نیست نمی‌شود لپتاپ را ول داد توش می‌خورد را میز اما محافظت مناسب و راضی‌کننده‌ای داره . ,0
1098,با سلام ,1
1099,نسبت به خیلی از شامپو بدن‌ها کیفیت خوبی داره ,0
1100,در کل خوبه است ,0
1101,من به عنوان مردی که به پوستش اهمیت می‌دهد از این کرم راضی و نسبت به قیمتش خوبه است ,0
1102,من asus n عدد jk دارم . خیلی عجیبه است برایم علیرغم این‌که داخل مشخصات نوشته برای لپ‌تاپ‌های عدد تا عدد اینچ ، ولی با این‌که لپ‌تاپم عدد ٫ عدد اینچی هست به سختی جا می‌گیرد داخلش . الان موندم که مرجوع بکنم یا نه !!! ,0
1103,من این قاب را تازه از دیجی کالا گرفتم از همه نظر خوب هست و ارزش خرید داره متناسب با قیمتش می‌باشد فکر کنم داخل بازار همچین قیمتی هیچ قابی را نتوانیم پیدا کنیم . ,0
1104,کرم سبک و خوبیه است مخصوص سن چهل به بالا چون در آن سن پوست چربیش را از دست می‌دهد این کرم چربی خوب و موندگاری به پوست می‌دهد پس اگر پوستتان چربه برایتان مناسب نیست و حتماً جوش می‌زنید راحت جذب می‌شود برای پیشگیری از پیری پوست خوبه است و اینکه خواص درمانی ندارد یعنی لک یا خط و چین دارید توقع نداشته باشید برطرف کند ,0
1105,من امروز به دستم رسید ولی اصلاً نه جعبه‌ای داشت نه پلمپی ، داخل یک نایلون با چسب بسته بودن ، ازکجا معلومه است شامپوش عوض نکرده باشید چرامحصولاتتون پلمپ ندارد ؟ ,1
1106,از کیفیت کابل راضی هستم ، مشکلی در اتصال و شارژ نداشته و به خوبی با iPad و iPhone عدد کار می‌کند . گارانتی معتبر یکساله است داره که در صورت قطع اتصال داخلی کابل را سریع تعویض می‌کنند . ,0
1107,عالیه ,0
1108,نخ دندان خوبیه است با قیمت کم ,0
1109,پیشنهاد نمی‌شود . دور محافظ بر آمدگی داره و دست را اذیت می‌کند ,1
1110,من برای وال گرفتم ولی برای موزرم جواب می‌دهد ,0
1111,به افرادی که مسافرت می‌کنند یا کلاً به پاور بانک نیاز دارن حتماً توصیه می‌کنم چون کم درد سره ، ,0
1112,سرعتش خیلی خوبه است ,0
1113,من قبلاً از این محصول استفاده کردم ,0
1114,من این محصول را با کلی وسواس خریدم پوشانندگی خوب و جذب بالایی داره و لک صورت را می‌پوشاند . برای من که پوستم سفیده خوبه است ولی برای کسانی که پوست سبزه دارن مصنوعی جلوه می‌دهد . ,0
1115,سال هاست که از این نوع صابون‌ها استفاده می‌کنم و به نسبت راضیم ,0
1116,بادیدن کیفیتش خیلی خوشحال شودم . حتی بوی یک جنس مرغوب را می‌دهد . تنها بدیش آینه که به جز لپ‌تاپ تقریباً چیز دیگه‌ای داخل کیف جا نمی‌شود و برای مثال کتاب ، فن لپ‌تاپ و شارژر را نمی‌توانید همراهش در کیف بگذارید . نهایتاً چندتا کاغذ را .. ,0
1117,من خیلی راضی هستم و چند سال هست که از این برند استفاده می‌کنم ,0
1118,من هفت ماهه این کیف را دارم و مداوم ازش استفاده می‌کنم و بسیار کیف خوبیه است مخصوصاً از نظر حفاظت لب تاب و اینکه جاهای زیادی داره و تنها ایرادی که به نظرم می‌آید آینه که یکم سنگین به نظر می‌آید و برای خانم‌ها شاید آن ظرافت لازم را نداشته باشد وگرنه از باقی جهات فوق‌العاده اس . ,0
1119,خوبه است برای من خدا را شکر ایرادی نداشت چند روزی هست که دارم ازش استفاده می‌کنم ممنونم ,0
1120,در کل نسبت به قیمتش خوبه است و برای من عیب‌هایی که دوستان گفتن را ندارد ,0
1121,من دو سال از این کرم استفاده می‌کنم و راضی هستم ,0
1122,فقط دو روز کار کرد … . متاسفانه ارزش عودت ندارد ,1
1123,ضخامتش زیاد نیست ولی قطر گوشی را یکم زیاد نشان می‌دهد بخاطر لبه هایش . خیلی خوش‌ساخت نیست ولی آبیش متالیک و خوشگله است ,0
1124,من که راضیم ,0
1125,سلام به نظر من این کرم هم برای خانم‌ها و هم آقایان مناسب هست . ,0
1126,از هر لحاظ راضی‌کننده س و بسیار کارامد و سرعتش بینظیره است ، جنس عالی و مرغوبی داره . ,0
1127,اولش فکر کردم چون روکشش فلزیه است سیمش انعطاف‌پذیری خوبی ندارد اما وقتی دستم رسید دیدم برعکس سیمش کاملاً انعطاف پذیره از شارژ سریع پشتیبانی می‌کند حتی از خود سیم اورژینال گوشی هم داخل شارژ کردنش سریع تره و زودتر شارژ می‌شود گوشی باهاش . در کل سیم خیلی باکیفیتیه است که در نگاه اول که به دستتان برسه خودتان متوجه می‌شوید . با تشکر از دیجی کالا ,0
1128,کیفیت خود ژل خیلی خوبه است ولی بسته بندیش می‌شود گفت تقریباً افتضاحه است …اگه می‌خواهید این محصول را بخرید پیشنهاد می‌کنم بسته بندی جدیدش را بخرید که حالت پمپی داره …چون اونجوری دیگر مشکل در ندارد که بخواهد ژل ازش خارج بشود و هدر بره … ,0
1129,از همه نظر عالیه به گوشیتان زیبایی می‌دهد حتماً نوک مدادی توصیه می‌کنم ,0
1130,عالیه ,0
1131,دنبال یک کابل کوتاه و پرسرعت و با کیفیت برای پاور بانک و انتقال اطلاعات گوشی به لپ‌تاپ با سرعت زیاد بودم . این کابل مشکل منو حل کرد . حتماً پیشنهاد می‌کنم عالیه ,0
1132,خوبه است ,0
1133,من این شامپو را خریدم به توصیه نظرات شوره می‌آرد و به صرفه نیست برای بزرگسالان ,1
1134,من این را استفاده کردم یک سری جای سیگنال ارزش نداشت جالب نبود . ,1
1135,عالیه فقط بسته بندیش جالب نیست وقتی درشو باز می‌کنم یک عالمه ازش بیرون می‌پاشد ,0
1136,خوبه است ,0
1137,برای شستشوی روزانه پوست صورت خوبه است البته ، اما انتظار شگفت انگیزی ازش نداشته باشید من که روزی یک بار ازش استفاده می‌کنم ,0
1138,بسیار راضی بودم عالی بود ,0
1139,فکر نمی‌کردم آنقدر بی‌کیفیت باشد ,1
1140,من بیشتر لاک هایم را از این مارک می‌گیرم که همیشه هم راضی بودم از نظر جنس . ماندگاری و ترکی رنگ‌های کامل ,0
1141,عالی بود احتمال دادم رنگش را درست نیارن ولی همان بود که انتخاب کردم ,0
1142,کیفیت این محصول عالیه ، به اوناییکه پوست صورت با منافذ بزرگ دارن پیشنهاد می‌کنم ,0
1143,یک ذره قیمتش بالاست ,0
1144,بیهمتا هست انگار در شب دارید به بارش دونه‌های برف نگاه می‌کنم ,0
1145,سلام من از این محصول استفاده کردم عالی بود پوستم را لطیف و روشن کرده خیلی رازی بودم ,0
1146,با کیفیت هست ,0
1147,قسمت اتصال به موبایل کج است . ,1
1148,خیلی عالی و فوقالعاده اس و بعد از لایه دوم که می‌زنم بلافاصه مات می‌کند و خشک می‌کند حرف ندارد ,0
1149,کاملاً از خرید خودم راضیم . اصلاً فکر نمی‌کردم که آنقدر جادار باشد . هرچقدر هم پر باشد نشان نمیده درکل خریدنش را پیشنهاد می‌کنم ,0
1150,خیلی عالیه من خیلی راضیم ولی خیلی گران شده ,0
1151,حرف ندارد ، هم بوش ، هم حس بعد از شوستند که پوستت را لطیف می‌کند ، پوست را خشک نمی‌کند ، فقط کافیه است به اندازه یک نخود بزنی کافیه است ، فقط آرایش چشم اگر زیاد باشد بیشتر باید بزنی ، من بعدش از چشم پاکن دوفاز خود ایورشه است استفاده می‌کنم که عالیه ,0
1152,قبلاً یکبار استفاده کرده_بودم روی پوست من که خیلی حساسه است خوب جواب داد برای همین مجدداً سفارش دادم ,0
1153,ظاهرش که دقیقاً مثل کابل اورجینال خودمه است ,0
1154,خیلی خیلی ازش راضی بودم ,0
1155,این محصول اصلاً آن کیفیتی که ازش انتظار داشتم را برای من میسر نکرد ,1
1156,در بین اکثر ماسک‌های مو کیفیت خوبی دارد ,0
1157,در جشنواره‌ی یکی بخر دوتاببر واقعاً ارزش خرید داره . ولی خاصیت فنریش زیاده و سیم خیلی کوتاه شده ، مجبور شودم در حال کشیده داخل ماشین زیر آفتاب بزارم تا به صندلی‌های عقب برسه … آنقدر فنری هست که ممکنه اگر کسی یکم بکشدش از سوکت دربیاد ! که البته با کشیدن‌ش درست می‌شود . ,0
1158,به نظر من در مقایسه با محصولات مشابه از همه بهتر است . ,0
1159,ممنون از دیجی کالا محصول بدهستم رسید و دقیقاً همانی بود که می‌خواهستم و واقعاً از تخفیفی کاه را قیمت گذاشتید ممنون ,0
1160,شوینده خوبیه است با توجه به نظر دوستان کف زیاد نمی‌کند ، من به کل صورتم می‌زنم تا چند وقت پوستم را خشک و پوست پوست کرد ولی الان دیگر خوب شد و برای کسانی که پوست چرب و جوش دار دارند خوبه است ,0
1161,بسیار مقاوم ,0
1162,عدد سال هستش از این کرم برای استفاده روزانه مصرف می‌کنم . خیلی راضی هستم و به همگی پیشنهاد می‌کنم . البته این رنگش برای افراد با پوست‌های سبزه مناسبتره است ,0
1163,ظاهر و کیفیت خوبی داره ,0
1164,من خریدم جنسش خوب نیست بعد‌ی مدتم فست شارژش از کار میفته اصلاً ارزش خرید ندارد نخرید . ,1
1165,مانند کابل اوریجینال می‌باشد و کیفیت انتقال تصویر عالی می‌باشد ,0
1166,پاک‌کنندگی و بوی خیلی خوبی داره . ,0
1167,انگار آب زدی به موهات …اصلا هیچ تاثیری روی موهای خشک و فر و وز ندارد ,1
1168,راضی هستم ,0
1169,جای دکمه‌هاش سفته و اصلاً به درد نمی‌خورد پولم حرام شد ,1
1170,خیلی خوبه است واقعاً راضی بودم ,0
1171,قاب خیلی زیبایی هست ، من قاب اورجینال چرمی اپل را در آوردم و این را استفاده می‌کنم ، زیبایی قشنگی به گوشی داده و نازکی و سبکی آن باعث می‌شود از گوشیتان بیشتر لذت ببرید . ,0
1172,خوب ! ,0
1173,سرعتش خوبه است ,0
1174,خیلی خوب بود ، ولی وقتی به دستم رسید یکم با عکس فرق داشت ، در کل عالی بود ,0
1175,وقتی جعبه‌اش را می‌بینید کیفیت ساختش را احساس می‌کنید ,0
1176,فکر نمی‌کردم آنقدر خوب باشد ، تاثیرش روی مو خیلی خوبه است ، در عین حال اصلاً مو را چرب نمی‌کند ، بوی خیلی خوبی هم داره ، قیمتش هم که عالیه ، من خیلی ازش راضی‌ام . ,0
1177,کیفیت بسیار پایینی داره ,1
1178,به درد نمی‌خورد ,1
1179,را نظرات دوستان خریداری کردم از خریدم راضی هستم کیفیت کرم عالی هست سبکه است و سریع جذب پوست می‌شود و بوی ملایم و خدبی داره آبرسانی کرم را راحت می‌شود حس کرد . ,0
1180,برای موهای من که بعد از حمام خیلی خشک و شکننده می‌شودن اثر فوق‌العاده‌ای داشت … ,0
1181,من یک کوله‌پشتی از تارگوس داشتم که عدد سال بدون هیچ مشکلی برایم کار کرد . این کوله دقیقاً برعکس اونه است ! ,1
1182,نسبت به قیمتش قاب زیبا و خوش دستی هستش من طوسیشوگرفتم خیلی عالی بود ,0
1183,من راضیم و جنسش با توجه به قیمت عالیه ,0
1184,هر خانمی لازمه یک لاک قرمز خوش‌رنگ این لی داشته باشد ,0
1185,کیفیت خوب و راضی‌کننده ,0
1186,خیلی خوبه است قیمتشم خوبه است ارزش خرید داره ,0
1187,با توجه به قیمت مناسب اما در اثر ضربه حتماً خواهد_شکست ,0
1188,خییلی پوست را خشک می‌کند . طوری که بعد از هربار استفاده ، با اینکه پوست چربی دارم پوستم قرمز می‌شود و شدیداً می‌سوزد ,1
1189,چیز خاصی نیست ,1
1190,موها را نرم و پنبه‌ای می‌کند ,0
1191,خیلی خیلی کابل با کیفیت و اورجینالیه ,0
1192,سلام و با تشکر از دیجی کالا به جهت وقت شناسیش ,1
1193,من ماسک مو مارک‌های مختلف را امتحان کردم . این ماسک موی مای برای من موثر بوده و قیمتش هم مناسب هست ,0
1194,من دور چشم حساسی دارم و دو سال بود فقط از سوتینگ آن استفاده می‌کردم چون اطراف چشمم گاهی دچار سبوریک درماتیت می‌شد . و به بعضی محصولات هم واکنش خشکی نشان می‌داد که نشان از حساسیت به ترکیبات یک کرم هست . خلاصه کلام آخرین کرم دور چشم که بهم نساخت الیزابت اردن بود که از خارج از کشور خریده_بودم و دور چشمم خشک کرده_بود بهم نساخت با این‌که جز بهترین مارک‌ها هست . با سوتینگ آن هم که فقط آبرسانی و غیر التهاب بودن انجام می‌داد ,0
1195,از کیفیتش راضی‌ام ,0
1196,در خرید محلول پاک‌کننده تردید داشتم ، ولی الان که استفاده کردم البته با پد آرایشی واقعاً عالی پاک کرد ، خیلی … …راضی هستم از خریدم ، اصلاً چرب نیست ، مواد صابونی ندارد ، فقط یک نکته‌ای که است از این محلول که روی پد آرایشی می‌زنید باید روی چشم قرار داده و حدود عدد تا عدد ثانیه روی چشم بماند بعد به راحتی پاک می‌شود من ریمل و خط چشم ضد آب داشتم خیلی راحت پاک کرد ، همچنین رژ لب و آرایش صورت خیلی خوب پاک می‌کند ، البته چند روز بعد در یک داروخانه دیدم همین محصول را با قیمت پایین‌تری گذاشته_است ,0
1197,شیک و باریک اما … ,0
1198,من موهای فر و تقریباً وزی دارم …اول که نظرات و خواندم آنقدر با هم تناقض داشت دو به شک شودم ولی بعد یک بار استفاده ازش الان هر بار بیشتر از عدد الی عدد تا سفارش می‌دهم ,0
1199,رنگ مشکی را به موهایم برگرداند . نرم و خوشحالت . ,0
1200,امروز به دستم رسید . ,0
1201,اصلاً فایده ندارد … . نخرید . خیلی بی‌فایده و به درد نخورد ,1
1202,من این ضد آفتاب می‌زنم خوبیش آینه روی پوست ایجاد چربی نمی‌کند و رنگش ماته است ,0
1203,من این کیف را وقتی آف یک روزه خودده بود با عدد درصد تخفیف خریدم . کیف خوبیه است مناسب و جا داره . فقط قیمتش به نسبت کیفیتش یک خورده زیاده . ,0
1204,اصلاً مناسب نیست . این‌قدر ضخیمه است نمی‌شود شارژ بهش زد ,1
1205,خریدش را پیشنهاد می‌کنم ,0
1206,اصلاً آن چیزی نبود که نشان داده می‌شود ,1
1207,من این محصول را خریدم و را گوشی هوواوی میت عدد پرو امتحان کردم با نمایشگر سامسونگ ولی اصلاً کار نکرد ,1
1208,برای استفاده حتماً به اطلاعات بروشور موجود در جعبه مراجعه کنید . برای دستیابی به نتیجه مطلوب حتماً صب را حوصله به خرج دهید . حتماً از روغن و پماد بصورت یک در میان استفاده کنید . ,0
1209,من باز هم میخرمش ,0
1210,نسبت به قیمتش عالی هست و چون ارزان هست می‌شود هرچند وقت یکی دیگر استفاده کرد ,0
1211,نسبت به حجم قیمت زیادی داره ,0
1212,اتصالات کابل خیلی محکم و باکیفیته است و جنس خاص کابل باعث می‌شود گره نخورد من در پیشنهاد ویژه خریدم و نسبت به قیمتش واقعاً ارزشش را داره ,0
1213,بنظرم با توجه به کمیاب شدنش اگر تمایل دارید بخرید ,0
1214,اصلاً به شیکی عکس نیست .. به نظر من که اصلاً کیفیت نداشت ,1
1215,من سه ماه از این تونر استفاده کردم واقعاً عالیه وقتی با ژل یا فوم آرایشم را پاک می‌کنم و مبام با این تونر صورتم را پاک میکتم می‌بینم هنوزم یک مقدار از ارایشم مونده_بود که تونر پاک کرده واقعاً عالیه ,0
1216,من پوست خشکی دارم کرم‌های زیادی استفاده می‌کنم اکثراً هم خارجی اند ولی هیچکدوم به سرعت و خوبی این کرم تاثیر نداشت ,0
1217,بسته بندی شیک و زیبا ,0
1218,برای پوست‌های خشک و حساس کمی قوی مگر عدد بار در هفته و حتماً بعدش از آبرسان یا مرطوب‌کننده استفاده بشود ,0
1219,من عدد ماه پیش این کاور را خریدم اما یکدفعه LED از کار افتاد و چون از دیجی کالا خریدم گارانتی هم ندارد یعنی الان با یک کیف معمولی برابری می‌کند ,0
1220,خرید خوبی بود جان هم کیفیت خوبی داشت هم قیمت مناسبی در بیشنهاد ویزه ,0
1221,رنگ سفیدش را هم دارم ، البته گرون‌تر خریده_بودم . جنسش خوب و با کیفیت و کاملاً راضیم . قیمتش پایید بیاد خیلی مناسب‌تر می‌شود ,0
1222,من چند ماهه هر شب استفاده می‌کنم و واقعاً تاثیر داشته ,0
1223,نرم و محکم محافظت مناسب . مهم آینه که به خوبی از airpodsمحافظت می‌کند و دقیقاً اندازشه است فیت فیت . ,0
1224,اگر موندگاریش بیشتر بود دیگر عالی می‌شد ,0
1225,کوله بزرگی است ولی بندش گردن را می‌آزارد . انتظار داشتم کوچکتر بود . به ابعاد توجه کنید . ,1
1226,در کل نسبت به قیمتش خیلی خوبه است ممنون دیجی کالا ,0
1227,من موهایم جنسش خوب بود و کراتینه است کردم اما وقتی این ماسک را نزنم موهایم لطافت خاصی ندارد من با این ماسک مو موهایم را ماساژ می‌دهم و وقتی از حمام می‌آم بیرون با باد سرد سشوار موهایم را خشک می‌کنم ,0
1228,شگفت‌انگیز می‌ارزد ، کیفیت عدد ٫ عدد از عدد ، نویز و افت کیفیت ندارد ، جک‌های عدد ٫ عدد و کابل باکیفیت ، برند جدید و ناشناخته درجه یک چین ! ,0
1229,با سلام ,0
1230,صاف می‌کند ونرم و کراتین داره و تأثیرش فوق‌العاده اس ,0
1231,ارزش خرید داره ,0
1232,کرم گیاهی مزخرف ,1
1233,به نظرم تاثیر چندانی ندارد و بعضی وقت‌ها باعث می‌شود جوش سر سفید بزند پوستم ,0
1234,بد نیست . اما توقع عدد درصد سفید شدن را نداشته باشید حداکثر شاید عدد درصد تاثیر داشته باشد آن هم بدون قالب مشکله همه ماده پخش می‌شود داخل دهان .. اگر یک قالب هم روش بود بهتر بود ,0
1235,من از خریدم راصیم ,0
1236,انتظارم ازاین پدارایشی خیلی بیشتربود زبرهستش وارایش چشم را انچنان پاک نمی‌کند ,1
1237,شامپوی خیلی خوبیه است برای افرادی که مشکل ریزش مو دارند ,0
1238,اصلاً توصیه نمی‌کنم نسبت به برند خوبی که داشت تهیه کردم ولی پاک‌کنندگی خیلی ضعیفی داره ,1
1239,ظاهراً باکیفیتی ولی موقع سومین بار استفاده فیش یک‌طرف در آمد . آن طرف هم که لق می‌زند ,1
1240,سلامت بودن کالا ,0
1241,اصلاً بدرد نمی‌خورد ,1
1242,پیشنهادمیکنم استفاده کنیدبایک باراستفاده خودشانشان می‌دهد ,0
1243,بسیار زیبا و با کیفیت ,0
1244,بهترین کرم دورچشمی است که تا حالا استفاده کردم . به مواردی که اشاره کرده بوضوح عمل می‌کند . ,0
1245,اصلاً قابل‌استفاده نبود ,1
1246,نسبت به قیمتش خوبه است و بسیار خوش‌دست ,0
1247,فقط وقتی لازم بود استفاده کنید نه هر روز پوست را ملتهب می‌کند ، لایه بردارد ,0
1248,نسبت به قیمتش خوب هستش ,0
1249,من موهایم خیلی چربه و این تنها شامپوییه است که قدرت خوبی داره وموها را لطیف می‌کند . بوی خوشی داره ,0
1250,ظاهر ن چندان حرفه‌ای ولی خوش‌ساخت . ,0
1251,کپی اصل سامسونگ ,0
1252,پر از خط و‌خش بسیار بی‌کیفیت ,1
1253,درمورد تاریخ اتقضای مخصولات هم اطلاع‌رسانی بشود واقعاً دیجی کالا بی نظیره است ,0
1254,در خوب بودن این محصول که شکی نیست ولی وقتی به دستم رسید به قدری داغ شده_بود از گرما که نمی‌دانم قابل‌استفاده هست یا نه ,1
1255,برای پوست من حساسیت ایجاد کرد و بسیار ملتهب و قرمز شد . ,1
1256,عالیه ، حتماً بخرید ,0
1257,من طبق نظرات دوستان که همه تعریف کرده بودن خریدم ولی هیچ تأثیری روی پوسته‌های مرده و جوش‌های سر سیاه ندارد بیشتر مثل یک صابونه که چربی را می‌برد از را صورت در ضمن من عدد دقیقه هربار ماساژ می‌دادم نسبت به کرم‌های قبلی که داشتم اصلاً خوب نیست ,1
1258,سری قبل که سفارش دادم جعبه داشت ولی این سری در پلاستیک آمد سرعت شاارژ کردنشم پایینه است ,1
1259,دوستان من این مسواک را سه ساله دارمش . خوب ساده بگم بهتان اگر استفاده صحیح از این مسواک بکنید دیگر نیازی به دندانپزشک نخواهید_داشت . آن هزینه دندانپزشکی را به مسواک با بهترین کیفت و امکانات بدید و ازش لذت ببرید . ,0
1260,سلام ,0
1261,کابل خوبیه است ، کیفیت صدا را هم زیاد تغییر نمیده ، در بسته بندی خوبی هم به دستم رسید و دیگر نیازی نیست فلش را داخل ماشین بگذارم ,0
1262,فوق‌العاده نگرانم موجودیش صفر شه ,0
1263,این محصول برای جلوگیری از عفونت و بوی بد و … عالیه ,0
1264,بسیار خوش قیمت و دارای قابلیت فست شارژ بودن ,0
1265,من ازش خیلی راضی‌ام ,0
1266,با سایز گوشی تناسب ندارد ,1
1267,ابن محصول کیفیت خیلی پایینی داره . ایجاد حساسبت می‌کند . پیشنهاد می‌کنم بیشتر هزینه کنید جنس با کیفیت‌تر بخرید . ,1
1268,من قبلاً از کوواریانس استفاده می‌کردم ولی این کرم پوشانندگی بهتر از کواریانس را دارد ,0
1269,درسته آی فیس هست ,1
1270,سلام ,0
1271,هم برگه‌هاش زخیم بود هم بوی خوبی داشت ,0
1272,من هر روز تقریباً عدد پمپ از این ژل استفاده می‌کنم . جوش‌ها را کم کرده . من پوستم کم آب شدید . مخصوصاً قسمت دور دهان را چانه . ولی جوش هم می‌زنم . با این ژل جوشام کم شده و پوست خشکم را اذیت نکرده . ,0
1273,قیمت مناسب ,0
1274,من عدد ماهه دارم از این کابل استفاده می‌کنم . واقعاً جنسش نسبت به تمام کابل‌هایی که قبلاً داشتم بادوام‌تر و محکم تره . امیدوارم دوباره دیجی کالا این محصول را موجود کند . ,0
1275,عینه مرطوب‌کننده‌ی معمولی برای دسته هیچ اثری برای پا ندارد ,1
1276,من شامپو را خوب خریدم بازار قیمتش بیشتر بودممنون دیجی کالا ,0
1277,کیفیت عالی ,0
1278,سیم شارژر خوبی هست ,0
1279,شامپو فوق‌العاده‌ای هستش ، حداکثر بعد پنج بار استفاده تاثیراتشو می‌بینید ، طوری که انگار موهاتونو یکی چسبونده سر جاش و خیلی محکم ! حدود د‌و سال از این شامپو استفاده می‌کنم بی نظیره است ,0
1280,برای لبتاب عدد اینچی ، مناسبه است . البته گوشه‌های بالایی لبتاب ، از قسمت ضربه‌گیر بیرون میمونه . کیفیت دوخت و جنس رویه خوب و محکم هست . خیلی بزرگ نیست و اگر وسایل زیادی نداشته_باشید ، اندازه کافی داره . ضربه گیرهای قسمت لبتاب و رودوشی خوبن . چندتا ایراد ریز داره . مثلاً جای هندزفری گذاشته ، ولی هیچ سیم یا سوراخی برای سیم نیست ! آستر کمی خشک هست ، ولی اذیت کننده نیست . درمجموع ، نسبت به قیمتش خیلی خوبه است . ,0
1281,من برای گوشیم این کابل را خریدم ولی بعد از چند بار استفاده شروع به اذیت کرد . ,1
1282,عالی ,0
1283,قیمت مناسب ,0
1284,نسبت به قیمتش عالیه شک نکنید در خریدتان مخصوصاً آنایی که گوشیشان گلده ,0
1285,افتضاح بود کاملاً مایع داخلش غیر قابل‌استفاده بود ,1
1286,عالیه ,0
1287,از هر نظر عالی ، ضد حساسیت وبسیاربا کیفیت ,0
1288,کاملاً تا صفحه نمایش را می‌پوشاند و قیمت و کیفیتش خیلی خوبه است ,0
1289,خیلی خوب بود ,0
1290,نسبت به قیمتش کیفیت خوبی داره ,0
1291,من این کرم را برای پوست دست خریدم . قیمت نسبت به حجم مناسب هست . کیفیت کرم خوب ,0
1292,یک خرید خوب و مناسبه است و من دوتا خریدم ,0
1293,برای حمل وجابجای محصولات بهداشتی ازخودرو مخصوص استفاده شود ,1
1294,کاملاً فیت و مناسب گوشی سامسونگ گالکسی j عدد pro ( عدد ) ,0
1295,فوق‌العاده سریع جذب می‌شود . جوری که اصلاً احساس نمی‌کنید یک لایه کرم روی پوستتانه است . بو هم ندارد و این برای من که به بوی کرم حساسم یک امتیاز محسوب می‌شود . فوق‌العاده سبکه است و برای پوست‌های چرب عالیه ,0
1296,تنها ایرادی که می‌توانم بهش بگیرم حجم کمش هست وگرنه هم بوی خوبی داره هم پوست منو که خشکه بعد از حمام حسابی نرم می‌کند ، خدا را شکر زودم جذب می‌شود و چربی هم ندارد ,0
1297,خوشبو و آبرسان قوی ,0
1298,قابل قبوله است برای نرم کردن پوست دست ,0
1299,عالیه ,0
1300,کیفیت خوبی داشت ,0
1301,پاک‌کنندگی عالی در عین حالی که باعث خشکی و کشیدگی پوست نمی‌شود ,0
1302,در مقایسه با برندهای خارجی و به نسبت قیمتش ، عاالیه !! ,0
1303,تازه دارم استفاده می‌کنم فعلاً نمی‌توانم به صورت جدی نظر بدم ولی داخل این چند روز متوجه شودم بافتش سبکه است و اصلاً چربی اضافه به دور چشم نمیده ,0
1304,من امروز برای اولین بار استفاده کردم عالی بود خوش‌بو و لطیف شده موهایم مرسی دیجی کالا جان ,0
1305,من قبلاً چند مدل دیگر گرفتم ، یا شارژ نمی‌کردن ، یا دیتا جایجا نمی‌شد . ,0
1306,دوروز پیش رسید دستم خیلی زود وصل می‌شود قطع نمی‌شود کیفیت ساخت ودکمه‌ها عالی توخریدش شک نکنید . ممنون از دیجی کالا ,0
1307,شبیه برند spigen کار کرده . کیفیتش قابل قبوله است . بهترین کاور برای این مدل گوشی همینه ,0
1308,بوی گیاه گزنه می‌دهد خوبه است ,0
1309,من خواهستم حجم بیشترش را بگیرم یکی گفته_بود ممکنه از بوش خوشتان نیاد . اول حجم کمترش را بگیرید اگر راضی بودید حجم بیشتر بگیرید . من الان این را گرفتم و قطعاً وقتی تمام شد حجم بیشترش را شارژ می‌کنم ,0
1310,من با توجه به تعریف‌های دوستان خریداری کردم ، ولی اصلاً راضی نیستم ، چون وقتی استفاده می‌کنی ، زود جذب می‌شود ، ولی روی پوست سنگینه ، و منافذ پوست را می‌بنده ، و پوست شروع به عرق کردن می‌کند ، شاید برای فصل زمستان بهتر باشد . ,1
1311,با قیمت دیجی فوق‌العاده بود ,0
1312,در کل راضی بودم ممنون ,0
1313,مایع داخلش خیلی رقیقه انگار آب توش کردن . با این شرایط زود تمام می‌شود . و از نظر پولی به صرفه نیست ,1
1314,بعد از استفاده احساس می‌کنم پوستم یکم خشکه و تشنست ,0
1315,من خریده_بودم برای کوتاه کردن ناخن پرنده اصلاً بدرد نخورد حتی را ناخن خودمم هیچ کارایی نداشت سرش می‌پرد بیرون در حین کار و خیلی ضعیفه ,1
1316,اصلاً رایحه خوبی ندارد ,0
1317,خوب بود زود جذب می‌شود نرم کنندگیشم متوسط و به علت گیاهی بودنش بوی خیلی خوبی ندارد شاید بعضی‌ها نپسندن ولی درکل خوب بود ,1
1318,بعد از حمام ازش استفاده می‌کنم حس خیلی خوبی به پوستم می‌دهد عالیه در واقع ,0
1319,من یکی کیف می‌خواهستم که هم قابلیت کوله شودن و هم قابلیت کیف دستی را داشته_باشد ولی متاسفانه این کیف با اینکه در توضیحاتش نوشته قابلیت کوله شودن دارد این قابلیت را ندارد . ,0
1320,نسبت به پولی که بابتش میدی خیلی کاربردی و خوبه است ,0
1321,من در شگفت‌انگیز خریدم ,0
1322,سالهاست استفاده می‌کنم و ارایش‌های ضد آب چشم را هم درست پاک می‌کند ,0
1323,کیفیت که خوبه است و با این طراحی فکر نکنم سیم‌های وصل شده به سوکت قطع بشوند . ,0
1324,خیلی عالیه هست بصورت جواب می‌دهد حتی برای منهم که الرژی داشتم مناسب بود ,0
1325,جنس خوبی داره و قدرت جذبش بالاست . ,0
1326,من امروز به دستم رسید . خورد در ذوقم . رنگش مثل گچ سفیده . روی پوست نمی‌خوابد . با اینکه چندین ساله از این کرم استفاده می‌کنم این بار اصلاً راضی نبودم ,1
1327,ارزش خرید داره ,0
1328,خوشبو ,0
1329,من بااینکه پوستم روشنه است وقتی از این کرم می‌زنم پوستم به شدت تیره می‌شود و خیلی زود خشک می‌شود را پوست آجری خیلی تیره کاش سفیدش را می‌خریدم ,1
1330,رنگ کاملاً شبیه و خیلی قشنگ ,0
1331,از هر نظر رضایت دارم ، قدرت فوق‌العاده در تقویت مو‌های من داشت . ,0
1332,به نسبت قیمت خوب و کاربردی ، نرم کنندگی مناسب و بوی خوب ,0
1333,خیلی با کیفیت و زیبا با بسته بندی جالب و گارانتی معتبر اواژنگ ، کلاً با خیال راحت در ماشین استفاده می‌کنم ,0
1334,موجب خونریزی لثه می‌شود . حتی مدیوم هم نیست و می‌شود گفت هارد هست . به هیچ وجه پیشنهاد نمی‌کنم . ,1
1335,سلام دوستان من حدوداً سه هفته استفاده کردم اما اب از اب تکان نخورد و خریدرانه دیگر گفتن که بعد از دو هفته اثر می‌گذارد اما بنظر من دروغه است وقتی‌که استفاده می‌کنید متوجه می‌شوید و پولم را ریختم دور و روغن فندق تازه بهتره است ,1
1336,بعد از کلی شوق و ذوق و زمان گذاشتن می‌بینی هیچ تاثیری ندارد و فقط وقت و پول و تلف کردی ,1
1337,عالی ,0
1338,من قبلاً از صابون تک این محصول استفاده می‌کردم ,0
1339,نسبت به قیمت آنچنان کیفیتی نداشت ولی طراحیش قشنگ بود دوست داشتم ,0
1340,مارک‌های معروفی برای ضدریزش مو استفاده کردم که بی‌نتیجه بود ولی تاثیر فوق‌العاده شامپو ضدریزش اینسایت واقعاً غیرقابل پیش‌بینی بود . نتیجه عالی اسن محصول باعث شد سایر محصولات این مارک مثل رنگ مو و اکسیدان و سرم ضدریزش مو و کرم دست راهم استفاده کنم که آن‌ها هم عالی بودند . ممنون از دیجی کالا ,0
1341,خیلی دیدم تعریف این کرم را می‌کنن و منم گول این تبلیغات را خوردم و خریدمش ! ,1
1342,در یک‌کلام حتماً بخرید بسته بندی عالی ,0
1343,عالی نیست ولی خوبه است . موها را نرم می‌کند تا یک حدی هم وز مو را می‌گیرد . ولی اگر زیاد بزنید موهاتونو چرب می‌کند ,0
1344,نسبت به برخی محصولات مشابه خارجی که استفاده داشتم ، کیفیت خوبی دارد .. ضمن آنکه بوی مطبوعی دارد . سری اسپری بطری مناسب طراحی‌شده ، به گونه‌ای که کمترین میزان اصراف را دارد .. در کل نسبت به قیمت محصول رضایت دارم . امیدوارم کیفیت آن تنزل پیدا نکند . ,0
1345,عالی هست کیفیت و اصل بودن جنس هست فقط تنها مشگلش کمی جای اثر انگشت هست فقط و کمی با تمیز کردن درست می‌شود . ,0
1346,زود پاره شد … کنده_شد … . حتی ضربه هم نخورده_بود ,1
1347,من این اسکراب را یک ماه پیش ازدیجی خریدم . تاالان صبرکردم تا نتیجه را ببینم و بعدنظرموبگم … پوست من چربه و جوش‌های زیرپوستی داره ، از روز اولی که این محصول رواستفاده کردم تا یک هفته تقربی‌ها اثرخاصی نداشت را جوش هایم ولی پوستم را روشن و سبک می‌کرد . بعداز آن دیگر کم‌کم جوش‌هایم خشک شد و دیگر جوش جدید نزده . من هرشب قبل ازخواب صورتم را باهاش میشورم و هفته‌ای دوبارم به شکل ماسک می‌گذارم عدد دقیقه بموند بعدش آبکشی می‌کنم . نکته آخراینکه بهتره است بعداز مصرف از یک روغن آیبرسان استفاده بشود تا پوستمان روخشک نکند ,0
1348,قبل از خرید دوست نداشتم کرم به موهایم بزنم و چرب شه ولی بعد از خرید این کرم نظرم کلاً عوض شد ! محصول بسیار عالی و یک نرم‌کننده واقعیه است که اثرش را چند روز بعد از استفاده کاملاً مشخصه . ,0
1349,من همیشه به عنوان زیر ساز از این ضد آفتاب استفاده می‌کنم ، پوشش عالیه ,0
1350,از ماسک‌های دیگر فریمن نتیجه بهتری دیدم این ماسک هم بد نیست خواص درمانی که ندارد ولی آبرسانی می‌کند و اگر بعدش آرایش کنید آرایشتان جلوه زیباتری می‌گیرد ,0
1351,روغن آرگان اصل را هرکسی نمی‌شناسد ، من یک روغن ارگان اصل از کانادا سفارش دادم ، این روغن آرگان دقیقاً همین بو را می‌دهد و دقیقاً مثل همونه … هم برای ناخنام استفاده می‌کنم هم برای پوست صورت و هم برای تغذیه‌ی مو بسیار بسیار مناسبه است … . پیشنهادش می‌کنم . جلد و بسته بندی قشنگی هم داشت خیلی خوشم آمد خیلی گوگولی بود ,0
1352,برای قیمت ویژه ( با تخفیف ) بسیار مناسب است . حقیقتاً هنگام خرید انتظار چرم با این کیفیت را نداشتم . ,0
1353,بسیار موثر ,0
1354,خوش رایحه و برای هر پوستی مناسب هستش … ,0
1355,قاب بسیار خوبیه است جنسش واقعاً سفت و مقاومه است . من برای دوستم خریدم و آن خیلی از این قاب راضیه . ممنون از دیجی کالا . ,0
1356,خوب و راحت پاک می‌کند آرایش چشم را فقط حجم زیادی ازش لازمه برای هر دفعه ,0
1357,نسبت به قیمتش نمی‌ارزد ,1
1358,کسانی که برای ps عدد می‌خواهن حتماً بگیرن فوق العادست ,0
1359,این کرم فوق العادست من این کرم را قبل گرونی‌ها خریده_بودم دست من در زمستان ترک می‌خورد و خون می‌آید با دوبار استفاده ترک‌های دستم خوب شد تا عدد ساعت رطوبت دست را حفظ می‌کند . اصلاً چرب نیست و سریع جذب می‌شود عدد میل این محصول خیلی کوچکه است کاش عدد می‌لش موجود می‌شد . ,0
1360,پن قابل‌قبول و راضی‌کننده‌ای هست و پوست را خشک نمی‌کند ,0
1361,به نسبت پولی که هزینه می‌کنید خوبه است … . من که از خریدم راضیم ,0
1362,با استفاده منظم این صابون درکمترین زمان بهترین نتیجه را گرفتم حاما استفاده کنید ,0
1363,خیلی دنبال شامپو گشتم و فکر می‌کنم باز هم باید بگردم ، قبلاً شامپو سایوس استفاده می‌کردم هم آلمانی داشت هم ترک ، الان وارد نمی‌شود اگر بشود خیلی گرونه است ، ازش فوق‌العاده راضی بودم ، نرم‌کننده و حالت‌دهنده و صاف کننده خیلی خوبی بود عطر بسیار عالی داشت کف بسیار زیاد ، این شامپو را جایگزینش گرفتم که حتی شبیهشم نیست متاسفانه ، فقط یکم صاف کرد . ,0
1364,من این اسپری را دو بار خریداری کردم ,1
1365,با توجه به نوع پوستتان حتماً بخرینش . پاک‌کننده عالی برلی منافذپوست ,0
1366,من خوشم نیومد به نظرم نسبت بهبقیه نرم‌کننده‌ها ضعیف بود ,1
1367,جزء یکی از بهترین کرم‌هایی که استفاده کردم ,0
1368,بنده در آف خریدم . کاملأ راضیم . تأییدش می‌کنم . ,0
1369,بسیار عالی ,0
1370,عالی بودش من راضیم ,0
1371,عالی بود ممنون ,0
1372,یک مانیتور قبلش داشتم زاویه دیدش خوب نبود به همین خاطر این مانیتور را گرفتم و ازش راضیم ,0
1373,امروز دریافت کردم و بنظرم شیک‌تر از تصویر است ,0
1374,کاملاً فیت ,0
1375,کرم مرطوب‌کننده خوبیه است و اصلاً چرب نمی‌کند ولی دست را لطیف و نرم می‌کند ,0
1376,من قبلاً هم استفاده کردم . برای پوست حساس لایه بردار ملایم و خوبیه است ,0
1377,استحکام ندارد ، کیفیت دلخواه نیست ! ,1
1378,من موهایم بخاطر دکلره خیلی خشک‌شده بود این نرم‌کننده خشکی موهایم را کمتر کرد ,0
1379,هر محصولی می‌بایستی یک دفترچه با یک برگه و جدولی داشته_باشد که فواید استفاده از محصول را داشته_باشد ,0
1380,همانی که می‌خواهستم بود ,0
1381,خوبه است … . ,0
1382,فقط دو روز کار کرد و دیگر شارژ نکرد ,1
1383,کرم خیلی خوبیه است سبک و پوشش دهی عالی ,0
1384,کاور خوبیه است ، همه جای گوشی را میپشونه ، نازک و سبک هست ، ضربه را نمی‌گیرد ولی از خط و خش محافظت می‌کند ,0
1385,عالیه ,0
1386,همیشه از دیجی کالا خرید می‌کنم ، مشتری سوپر مارکت هم شودم و کاملاً راضیم ,0
1387,اگر چه پوست من خشکه و این محصول ظاهراً برای پوست‌های چرب مناسبه است اما به دلیل نقاط قوتی که در بالا اشاره کردم از خریدم کاملاً راضی هستم به قدری زود جذب می‌شود و سبکه است که به هیچ وجه احساس نمی‌کنم روی پوستم کرم هست . ,0
1388,کیفیتش خوبه است ,0
1389,من این محصول را خ وقته است استفاده می‌کنم . برای من که پوست خشک و حساس دارم یک پاک‌کننده فوق‌العاده هست . در شگفت‌انگیز خریدم قیمتشم عالی بود ,0
1390,بسیار بی‌کیفیت است و اصلاً ارزش خرید ندارد بعد از عدد بار استفاده چسب‌ها کنده_شد . ,1
1391,سلام : ,0
1392,کابل با کیفیت و عالی ,0
1393,ناخن را له می‌کند و خوب نمی‌گیرد . فقط قیچیش خوب بود ,1
1394,من یک هفته اس استفاده کردم دور چشمم هم می‌زدم الان دور چشمم چروک‌تر از قبل شده به نظرم اصلاً جالب نیست ,1
1395,واقعاً ارزش خرید دارد ,0
1396,من از سبزش خیلی خوشم آمد ولی این یکی اصلاً بوی خوبی نداشت . ,1
1397,خانم یاسمن نظری که می‌گویید مثل خمیر ریش میمونه و احساس می‌کنم هنوز کرم پودر را صورتم مانده ! شما کلاً چه با این فوم چه هر مواد شوینده دیگر اول باید آرایش صورتتان را کاملاً پاک کنید یا با آرایش پاک‌کن همین محصول یا هر محصول دیگر یا حتی دستمال مرطوب . بعد صورتتان را کامل بشورین … . اگر این کار و نکنید هر ماده شوینده صورت هر چند قوی هم کامل پوست را از شر مواد آرایشی خلاص نمی‌کند و حتماً در منافذ صورت آلودگی میمونه ! شما یک روز بعد اینکه آرایش و با ژل شست شو شستید ، با یک آرایش پاک‌کن امتحان کنید ، می‌بینید دوباره پنبه تان پر از مواد آرایشی می‌شود ! ,0
1398,کاملاً راضی بودم ، در پیشنهاد ویژه بود که خریدم ، فقط من سایز عدد میل سفارش دادم بطور اشتباه عدد میل فرستاده_شد . ,0
1399,بهترین کرم مرطوب‌کننده‌ی بازار در این رنج قیمت . ,0
1400,اصلاً به درد نمی‌خورد . من خریدم ولی به شدت پشیمانم . ,1
1401,خیلی زود خراب شد به چند ماه نکشید سیم داخلش قطع و وصل می‌شود ولی بافت روش پارچه اییه است مشخص نیست سیم داخلش خیلی ضعیفه ,1
1402,دوستان کاملاً چربی روی سر را از بین می‌برد و از چرب شودن جلوگیری می‌کند . دو سه دقیقه بگذارید روی سر بموند . مقدار زیاد هم استفاده کنید ، خیلی قوی‌تر از آن چیزی که فکر می‌کنید . عالیه . ,0
1403,شامپوی خیلی خوبیه است ,0
1404,خوبه است راضی بودم نسبت به قیمتش می‌ارزید . ,0
1405,من از محصولات شان استفاده می‌کنم … ,0
1406,راضیم ,0
1407,خوب بود قیمتشم ارزان بود ,0
1408,نسبت به قیمتش عالیه . گوشی من شکسته . این برچسب را زدم پشتش ، انگار نو خریدم . فقط رنگش سربیه . نمی‌دانم چرا من فکر کردم نقره‌ایه است : ) ) ) ,0
1409,فکر می‌کردم با این قیمت خیلی کار نکند اما همه چیز بستگی به نگهداری خودمان داره که من به‌شخصه خیلی مراقب وسایلم هستم و این کابل خوب کار کرده تا الانش و ارزش داشت به نسبت قیمتش ,0
1410,واقعاً عالیه برای کسانی که موهای چرب دارن . داخل خریدش شک نکنید تنها شامپویی هستش که واقعاً کارایی داره حتی جلوی ریزش موها را هم می‌گیرد . ,0
1411,من از نگویید کالا گرفتم و بسته بندی پلاستیک حبابدار داشت . قیمتش هم مناسبتر از موارد مشابه دیگر سایت بود . ,0
1412,ضد آفتاب خوب و سبکی ، من ازش رضایت دارم . البته هرکس باید با مشورت دکتر متخصص ، کرم مناسب پوست خودش را استفاده کند . ,0
1413,اگر گلس تمام‌صغحه انداخته_باشید ، به این قاب گیر می‌کند و متاسفانه از صفحه بلند می‌شود . ,0
1414,راضی بودم ازش ,0
1415,من از این پن استفاده می‌کنم هم برای دست و هم بدن خیلی خوبه است و بعد شستشو اصلاً نیازی به کرم مرطوب‌کننده نداری از بس پوست را مرطوب نگاه می‌دارد . برای کسانی که حساسیت پوستی داشته باشن هم مناسبه است . نکته مهمشم آینه از مواد مضر و شیمیایی داخل این پن استقاده نشده . ,0
1416,من در شگفت‌انگیز خریدم ولی بعد از تحویل واقعاً پشیمان شودم و می‌خواهم مرجوع کنم . داخل جیب‌ها هیچ جایی برای خودکار و کارت و غیره ندارد ، همه وسایل را باید درهم بریزی ، و جنس داخلش خیلی ضعیفه راحت می‌شود با دست پارش کرد ، نهایتاً یک ماه عمر کند . قیمتش هم برای این جنس خیلی زیاده . ,1
1417,خوب ,0
1418,کیفیت مناسب و کاربردی ,0
1419,یک کوچولو چربیش زیاده همین ,0
1420,کیفیت و قیمت کالا منسب است ,0
1421,به هیچ عنوان شبیه عکس داخل سایت نیست . یک چاپ با کیفیت پایید . چاپش تنظیم نبوده و مقداری از چاپ آمده است داخل حاشیه گوشی . خیلی طرحش نسبت به عکس داخل سایت بزرگ‌شده و همین کلاً زشتش کرده … ,1
1422,من این محصول را عدد هفته پیش از دیجی کالا خریدم ,0
1423,کاور مربوط به s عدد + بود ,1
1424,خیلی سریع ارایش چشم روپاک می‌کند ,0
1425,برای کسانی که پوست خشکی دارن مثل خودم عالیه ,0
1426,این کابل نسبت به قیمتی که داره خیلی عالیه . ,0
1427,امروز حدوداً پنجمین روزه که این لاک را زدم . ماندگاریش عالیه . با وجود اینکه من خیلی دستام را میشورم اما الان عدد روزه که حتی یک ذره هم از لاک ناخنام نرفته . فقط یک نکته هست که وقتی لاک را زدم یک بوی خاصی داره که یک روز میمونه را ناخن‌ها . اما اصلاً ناخوشایند نیست و اذیت نمی‌کند . ,0
1428,بوش خوبه است ولی بعد نیم ساعت هیچ تاثیری ازش باقی نمی‌موند انگار ن انگار که از لوسیون استفاده کرده_باشی ,1
1429,حجمش خیلی کمه ,0
1430,جنس کابل خیلی خوب ، ولی فست شارژ نبود ، درکل راضی‌ام ,0
1431,خیلی عالیه من بیشتر رنگاشو از دیجی گرفتم خیلی زود خشک می‌شود و یکدسته رنگشم که عالیه ,0
1432,رایحه خیلی خوب و ماندگار ، بدون حساسیت ، کلاً عالیه ,0
1433,حرف ندارد فکر نمی‌کردم به این خوبی باشد من این کابل چند ماه پیش گرفتم ولی دلم نمی‌آد استفاده کنم چون واقعاً چیز لوکسیه است ,0
1434,این کرم ضد آفتاب را به تجویز پزشکم گرفتم و ازش راضیم . ,0
1435,با سلام حرفی برای گفتن نذاشته عالی فقط قیمت بالاست که خوب کلاً همه چه بالاست ,0
1436,عالیه ,0
1437,عالی بود واقعابشدت توصیه می‌شود ,0
1438,اولین بار خانهی یکی از دوستام که یکهو تصمیم گرفتم بمونم ، این و به من داد که استفاده کنم قبل اینکه بخواهم بخوابم ، همیشه فیس واش نوتروجینا خودم خانه استفاده می‌کردم ، بعد یکهو خیلی سوپرایز شودم ، پوستم و انگار زنده کرد ، بعد واقعاً کرم هستش یعنی خیلی کوچولو که بر می‌داری روی پوست ماساژ میدی کلی دون دون‌های ریز داره که قشنگ حس می‌کنی پوستت عمقی تمیز شد ، بعد آمدم دیجی کالا همان شب پیدا کردم سفارش دادم ، قیمتش یک پنجم آن نوتروجینای مسخره‌ای بود که استفاده می‌کردم ، خلاصه من دوستش دارم ، الان یک ماهه دارمش ، و اگر تنبلی نکنم هر شب استفاده می‌کنم ، حال پوستم خوبه است خیلی ,0
1439,رایحه اش خیلی خوبه است ولی بوی وانیل نمیده بنظر من کاملاً بوی نارگیل می‌دهد البته من چون اسانس نارگیل را دوست دارم خوشم آمد تمیزکنندگیش هم خوبه است ,0
1440,خیلی خوبه است مخصوصاً برای افرادی که موهای لخت و نرم دارند ، به مو حالت می‌دهد و با اینکه نرم‌کننده داره موهایم را را خیلی نرم نمی‌کند که بچسبد به سر و در عین حال خوب هم شانه می‌شود ,0
1441,به لحاظ کیفی ارزش خرید دارد . ,0
1442,این خمیردندون جزوه خمیردندونایی هست که واقعاً عالیه ,0
1443,من پوست چرب و مختلط دارم و به راحتی جوش می‌زنم ، ,0
1444,من در فروش ویژه یلدا خریدم بعد از عدد هفته استفاده فست شارژش از کار افتاده ,1
1445,ژل بسیار کاربردی هستش من حتی به عنوان ضد آفتاب هم ازش استفاده می‌کنم چون پوست حساسی دارم و کرم‌های مختلف را امتحان کردم که اکثر آن‌ها باعث می‌شدند جوش بزنم . ولی این عالیه ! ,0
1446,خوب بود سریع جوش‌ها را خشک می‌کند برای جوش‌های سر مجلسی عالیه . کلاً پوست را پاکسازی می‌کند برای جای جوش هنوز که تاثیری ندیدم شاید طول بکشه نشان بده ,0
1447,من دوباره نظرم را می‌نویسم که مردم گول نخورن ولی نظرم نمایش داده نمی‌شود . با کلی ذوق و شوق این کیف را خریدم و گوشی را جا زد یکی از دوستام که این کاره است بود . بعد سه چهار ساعت از سه لبه خود به خود شکست . بخدا قسم هیچ ضربه‌ای یا حتی فشاری نیومد بهش . برای دی جی کالا متاسفم که اینجور کالای بی کیفیتی داره به ملت می‌دهد . من خیلی خرید کردم از دی جی کالا و از همشانم راضی بودم ولی این کیف که اینجوری شد جا خوردم که چرا این محصول را آورده . ,1
1448,به هیچ وجه کابل خوبی نیست و برای من‌بعد از عدد روز استفاده که سرعت شارژ هم خیلی پایید بود نسبت به کابلی که قبلاً داشتم ، سر کابل حالت آب شدگی گرفت و کلاً از بین رفت . ,1
1449,کوچکه است و بدون مشکل کار می‌کند . ,0
1450,خوبه است ,0
1451,جنس نرم و ضربه‌گیر ,0
1452,من از خود دیجی کالا خریدم و یکساله است دارم استفاده می‌کنم و مشکلی ندیدم و از همه نظر عالی بود ,0
1453,بنظرم خوبه است و راضی بودم اسانس شکلاتم که عالیش کرده ,0
1454,بعد استفاده احساس چسبندگی داره و تا مدت‌ها میمونه و برای قبل آرایش اذیت کننده هست ولی اگر شب آن را استفاده کنید صبح پوست لطیفی به شما تحویل می‌دهد . ,0
1455,درسته برای پوست خشک و حساسه است ولی وقتی صورت را پاک می‌کنی حس پاکیزگی نداری انگار چربه … پولم را انداختم دور … ,1
1456,بهترین ماسک مویی بود که تاحالا استفاده کردم . تمامی برندها را استفاده کردم این واقعاً عالی بود . موهای دکلره شده و سوخته را مثل ابریشم می‌کند ,0
1457,نسبت به قیمت واقعاً خوب و شیکه است ,0
1458,در یک‌کلام … عالی … ,0
1459,یک کاور محکم وبا کیفیت که کل گوشی را پوشش می‌دهد وبه نظرم قبل از این گارد محافظت سوتفافم بوده . با تشکر از دیجی کالا ,0
1460,پوشش و محافظتش خوبه است اما محل اتصال شارژر دقیق طراحی نکردن باید کاور را برداری و بعد شارژ کنی ,0
1461,بهترین ژل ضدجوش که واقعاً اثر داره ، من خیلی داروها برای جوش هایم استفاده کردم که جوابگو نبودن ، ولی این ژل را سه چهارسال هست که استفاده می‌کنم ، هرزمان که یک نقطه از صورت جوش بزند دوسد شب استفاده می‌کنم و جوش را کامل خشک می‌کند و هیچ جایی از جوش باقی نمی‌موند ,0
1462,به نسبت قیمتش کیفیت خوب و قدرت پاک‌کنندگی بالایی داره . ,0
1463,خیلی خوب بود البته برای موهای من ,0
1464,همونجوری که می‌دانید کابل‌های aux بعد یک مدت قطع می‌شون . اما الان چند ماهی است که از این کابل استفاده می‌کنم و هیچ مشکلی برایش پیش نیومده . کیفیت انتقال صداشم واقعاً عالیه و مثل خیلی از کابل‌های دوزاری بازار نویز ندارد . ,0
1465,کرم سبک و خوبیه است . برای زیر عدد سال خوبه است که هنوز چروک نیفتاده و پیش‌گیری می‌کند ,0
1466,شرکت محترم سینره لطفاً ایراد پمپ‌های این نوع ژل را برطرف کنید . ,1
1467,قیمتش داخل شگفت‌انگیز خوبه است . رنگی نیست و این خیلی خوبه است . اقایون هم می‌توانن استفاده کنن ,0
1468,من آینه بعنوان اشانتیون گرفتم ولی با یک ضربه خیلیی کم سریش جا به جا شد و دیگ کار نکرد دوهفته‌ام نشد استفاده کردم ,1
1469,این محصول عالیه . موها را نرم و ابریشمی می‌کند . برخلاف سایر نرم‌کننده‌ها و ماسک‌ها که اگر به کف سر برخورد کنند موها را چرب می‌کنن و ریزش مو می‌آرن . این محصول به نظر من ریزش مو را هم کم می‌کند به جای اینکه ریزش مو بیاره . فقط یک کم مقدار مصرفش بالاست که با توجه به قیمت زیادش باید زود زود بخریدش که به نظر من اصلاً مهم نیست . چون در عوض نه نیاز به کرم مو دارید نه سرم کریستال نه روغن ارگان نه ماسک و هیچ‌چیز دیگه‌ای . بخرید و استفاده کنید و لذت داشتن موهای خوشگل و خوش‌حالت را ببرید . ,0
1470,برای مصرف شبانه بزرگ و عالیه ، جذبش هم خوبه است ,0
1471,من این سرم مو را در تخفیف خریدم که فقط در صورت تخفیف ارزش خرید داره ولی با قیمت بالاتر نه . ,0
1472,انداختمش رفت ,1
1473,فوق‌العاده عالی و درجه یک هست ,0
1474,شیرم را بدک نیست ,0
1475,کلگیت بهترین خمیردندان به شرطی که اصلی باشد ولی حیف که هم قیمت بالایی داره وهم اصلی هر جایی نمی‌دهن !! ,0
1476,من این محضول را خرید کردم و کیفیت خوبی داره ,0
1477,کاملاً بی‌کیفیت ,1
1478,جنسش خیلی خوبه است و ظاهر خوبی داره و به خوبی روی دکمه‌ها را می‌گیرد و دور خروجی‌ها هم به خوبی قرار می‌گیرد ,0
1479,از سینره و هیرریپیرش راضی بودم ,0
1480,خیلی عالی هست چربی پوست را می‌برد از جوش زدن هم جلوگیری می‌کند بوی خوبی هم داره پیشنهاد می‌کنم ,0
1481,سلام حتماً پیشنهاد می‌کنم با اینکه رطوبش کمه ولی نسبت به آن دستمال مرطوبایی که رطوبتشان بالاس کارایی بالاتری داره . واقعاً عالیه ,0
1482,خوب بود امروز بدهستم رسید هم بسته بندی خوبه است هم آکبند هست . استفاده کنم راجبش عملکردش می‌نویسم . ممنون از دیجی کالا ,0
1483,قیمت مناسب کیفیت مطلوب ,0
1484,سلام . کیفیت بسیار پایید . سایز کوچک که فقط به درد اطفال می‌خورد . نخش زود پاره می‌شود . مدل خارجیش را دیجی داره که کمی گران تره ولی ارزش خرید داره . ,1
1485,من پوست خیلی چربی دارم و این کرم کاملاً صورت را مات می‌کند و زود جذب می‌شود . حس می‌کنی هیچی را صورتت نیست . خیلیم تاچ مخملی‌ای داره . عالیه ! محافظتش هم خوبه است . ,0
1486,خوبه است ,0
1487,موهایم دکلره شده ولی حین شوستند در حمام شامپو می‌کنم متوجه میشم که نرم شده ,0
1488,اصلاً ضد شوره نیست ,1
1489,من از این محصول خریدم راضی هستم ,0
1490,سلام ,1
1491,فعلاً که راضیم در چند روز اول استفاده لکه‌های صورتم کم‌رنگ‌تر شد و البته می‌دانم که باید در هنگام روز برای جلوگیری از افزایش لک هامرتب ضد آفتاب استفاده کنم ,0
1492,عالیه واقعاً پیشنهاد می‌کنم بخرید محافظ صفحش که همراهش می‌آید هم نسبت به قیمتش خوبه است که دوتاش هم هست ,0
1493,بعد از حمام و خشک کردن موها این کرم مو را می‌زنم و بعد چهار پنج بار استفاده موهای رنگ شدمو لطیف و براق کرد ,0
1494,فوق‌العاده به معنای واقعی کلمه ,0
1495,کیفیت اش نسبت به قیمتش عالی ,0
1496,صابون خوبیه است تاثیراتش را در همان روز اول می‌شود دید ولی پوست منو خیلی خشک کرد اگر صورتتان خشکه باید بعدش مرطوب‌کننده بزنید ,0
1497,تقویت‌کننده عالی ,0
1498,سایزش مناسبه است گوشیه است با توجه به قیمتش خوبه است ,0
1499,من مدتهاست از این محصول و برند استفاده می‌کنم و تاثیر فوق‌العاده‌ای داره ,0
1500,خوب و به صرفه ,0
1501,"شوینده نیست, مرطوب‌کننده است ",1
1502,بنظر من شبیه استفاده از روشور میمونه موقع استفاده همچین حسی داشتم ولی بعد از استفاده پوستم خشک شد و بعد از چند ساعت متوجه لایه‌برداری شودم ,1
1503,از خرید خود راضی هستم ,0
1504,عالی ,0
1505,به نظرم اگر دنبال یک قاب ساده و شیک و سبک هستید بهترین گزینه این مورده است ، مرسی دی جی کالا ,0
1506,من امروز به دستم رسید ، عالیه حتماً بگیرید ,0
1507,قبلاً استفاده کردم از محصولات کلیون . کرم انار کلیون به پوست طراوت و شادابی می‌بخشد . ,0
1508,از اوجایی که نوت سه اندازه بزرگی داره و این کاور هم فیت گوشی می‌شود کار با گوشی را راحتتر از آی فیس‌ها می‌کند ,0
1509,افتضا خشک می‌شود خیلی هم کمرنگ ,1
1510,"خیلی خوب بود,مقدار رطوبتش به نظرم کمتر از چربیش هست و لی من راضی هستم ",0
1511,من مدتی خریدم و استفاده کردم خوب بود و ارزش خرید داره ,0
1512,موها را فوق‌العاده لخت می‌کند اگر موهای لختی دارید زیاد نباید روی مو بموند مثل نرم کنندهای دیگر ,0
1513,بوی عود هندی می‌دهد ، بسته بندی تیوبی آن باکیفیت هست . ,0
1514,دوستان من عدد ماهه دارم این کابل را ,0
1515,خیلی خوب بود ,0
1516,کابل الان رسید دستم و زدم به شارژ . شدت جرانش دقیقاً مثل کابل اصلی گوشیه است . اکثر کابلای ارزان قیمیت که از بازار گرفتم شدت جریان پایینی داشتن ولی این یکی خیلی خوبه است . شما هم می‌توانید شدت جریان شارژ و کابلتان را با نرم‌افزار Ampere تست کنید . ,0
1517,بسیار شیک و فیت ، از خریدش پشیمان نمی‌شوید ,0
1518,بنظر من این محصول اصل نیست ,1
1519,پاک‌کنندگی قابل قبولی داره ,0
1520,خیلی راضیم امروز خریدم با یک‌بار استفاده واقعاً پام نرم شد . توصیه می‌کنم استفاده کنید ,0
1521,بد نیست ,0
1522,به نظرم خیلی خوبه است . ور راحت‌تر از نخ دندانهای معمولیه است . فقط یکم برای دندانهای اسیاب انتها سخته ,0
1523,با این قیمت عالیه کلاً محصولات فیروز عالی هستن هم از نظر قیمت هم از نظر کیفیت با محصولات خارجی گران قیمت برابری می‌کند با افتخار محصول ایرانی را استفاده می‌کنم از دیجی کالا تقاضا دارم همه محصولات فیروز را موجود کنن وقتی ما همچین محصول خوب داخلی داریم چرا باید از محصولی مثل جانسون و غیره استفاده کنیم کاش همه محصولات ایرانی همینطور با کیفیت و ارزان بودن ,0
1524,آب‌رسان هم هست ,0
1525,اگر فردی مرتبی هستید که از وسیله خوب نگه‌داری می‌کنید ، در خریدش شک نکنید . خیلی عالی ، سبک ، بی‌نقص و در عین حال که تمام ظرافت گوشی آیفون را حفظ می‌کند ، در برابر ضربات معمولی محافظ خوبیه است برای گوشیتان . در کل دوستش دارم و از خریدش راضیم . ,0
1526,خیلی خوبه است البته با اسانس اکالیپتوس هست اگر نعنا بود بهتر بود ,0
1527,قیمت عالی ,0
1528,نسبت به قیمت پایینش عالیه ,0
1529,فوق‌العاده اس ، آبرسان خییلی قویه است من پوستم مختلط هم به دستم می‌زنم هم صورتم ، یکبارم به پاهایم زدم برای خشکی و ترک پا عالی بود ,0
1530,هنوز استفاده نکردم طبق نظرات خریدم ,0
1531,هیچ تاثیری ندارد چون من این را می‌زدم دورچشم دیگه‌ای نزدم چروکام بیشترم شد . تازه من باهاش میلی‌ها هم زدم . فقط مرطوب می‌کند . با این پول یک دورچشم بگیرید که حداقل تاثیری داشته باشد ,1
1532,پیشنهادش می‌کنم ,0
1533,اصلاً حس نمی‌کنم آبرسان استفاده کردم ,1
1534,با توجه به اینکه دو مدل او تی جی از دیجی کالا گرفتم و از روز اول کار نکردن فقط می‌توانم بگم این او تی جی کار می‌کند ,0
1535,اصلاً نقش کرم پودر را ندارد و هیچ پوشانندگی ندارد و عملکرد ضد آفتاب معمولی رادارد و ضمناً رنگ بسیار روشن نسبت به پوست‌های گندمی را دارد و هنگام استفاده برروی پوست گلوله گلوله می‌شود که باید با دستمال کرم‌های گلوله شده را پاک کرد ولی ضدآفتاب خوبی جهت استفاده برای پایه آرایش می‌باشد و درکل ضد آفتاب آردن خیلی بهتراست ,1
1536,در کل از خریدم راضی‌ام علی‌رغم اینکه قیمتش یکم بالاست ولی ارزشش را داره … ,0
1537,متاسفانه بعد از استفاده در حمام و شستشوی مو ، حجم زیادی از موهایم ریزش پیدا کرد . یکی از بدترین خریدهای من از دیجی کالا بود . ,1
1538,واقعاً کابل با کیفیت و خوبیه است . ,0
1539,خییلیی محصول عالیه بعد استفاده پوست شفاف و نرم می‌شود من خییلیی راضیم ,0
1540,بهترین ماسک مویی هستش که تا حالا استفاده کردم . من موهایم فر و خشکه بعد از استفاده از این محصول موهایم خیلی نرم و خوش‌حالت و خوش‌بو و براق می‌شود . چند بار تا حالا خریدمش عالیه ,0
1541,اصلاً خوب نیست ,1
1542,استفاده کردم خوب نبود موهایم باز هم فره ,1
1543,همانند اکثر محصولات My ، کیفیت قابل قبولی در قیاس با قیمت دارد . مای یکی از معدود برندهای باکیفیت ایرانی است . ,0
1544,برای پوست چرب مناسبه است حالت فلوید رقیق داره سریع جذب می‌شود برق نمی‌زند درکل راضیم ,0
1545,کیفیت خیلی پایید داره ,1
1546,زیبا ,0
1547,جنسش خیلی بده . بدرد نمی‌خورد . ,1
1548,سلام ,0
1549,دوستانی که می‌گوین با ps عدد مشکل دارن این محصول برای ps عدد استفاده نشه بهتره است چون سایز تصویر ps عدد بسیار بالا و عدد k هست و اگر از این می‌خواهن استفادع کنند باید از تنظیمات گرافیک کنسول کیفیت تصویر را به hd یا ful hd کاهش بدن تا بتوانن از این سوکت استفاده کنن وگرنه باید سوکت گرون‌تری بخرن تا سایز عدد k جواب بده که از نظر من هزینه الکیه است . ,0
1550,فوق العادس بااین قیمت همچین قابی فقط برای اطلاعات دوستان جنسش پلاستیک سفت نیست ژله ایه ,0
1551,خوبه است ,0
1552,کرم پوششی خیلی خوبیه است . چند بار از دیجی کالا گرفتم . ,0
1553,دوستان ، این قاب از جنس سخت و کیفیت بالایی دارد . ولی یک مشکل بزرگ داره ! آن هم آینه که بعد از اینکه روی گوشی می‌آید ، دیگر نمی‌توانید گوشیتونو شارژ کنید . حالا چرا ! بخاطر اینکه مانع ورود کامل سوکت شارژ به داخل گوشی می‌شود ! ,0
1554,بی‌رنگ و قابل هضم توسط پوست ,0
1555,من از پوسته پوسته شدنه است پوستم رنج می‌بردم اما حالا … . هم خوش‌بو هم نرم‌کننده خوب برای بعد از حمام ,0
1556,برند خوبیه است ,0
1557,خیلی عالی هست ، قیمتشم مناسب هست با توجه به شامپوهای خارجی ,0
1558,خیلی خوش‌بو و دهان را معطر می‌کند . قدرت بالایی در پاک‌کنندگی داره و واقعاً کیفیت بالایی داره من که همیشه از این نوع استفاده می‌کنم ,0
1559,برعکس تصویر از جنس پارچه و چرم مصنوعی هیچ خبری نیست . تمام عکس بصورت چاپی و بی‌کیفیت روی جلد حک‌شده !! ,1
1560,با توجه به قیمتش کیفیت خوبی داره . من پرودرما را داشتم قبلش ، کیفیتش مثل اونه است یا حتی بهتر . با توجه به قیمتش واقعاً می‌ارزد ,0
1561,کابل راک واقعاً جنسش عالیه ,0
1562,حتماً پیشنهاد می‌کنم فوق‌العاده بود داخل استفاده اول ,0
1563,پیشنهادش می‌کنم ,0
1564,محصول خیلی خوبیه است و واقعاً ارزش داره نسبت به قیمتش . ,0
1565,متاسفانه برای موهای چرب اصلاً مناسب نیست . ,1
1566,خوشرنگ و با کیفیت . قلم عالی داره ,0
1567,واقعاً شامپوی عالی هست . برای موی چرب بسیار مناسبه است و چربی موها را به خوبی پاک می‌کند و حالت ابریشمی فوق‌العاده‌ای به موها می‌دهد . بوی طبیعیه است گیاه می‌دهد که شاید برای هرکسی خوشایند نباشد ,0
1568,کیفیت مناسب خوبی داره ,0
1569,خوبه است ,0
1570,با کیفیت و کاربردی پیشنهاد می‌کنم ,0
1571,متاسفانه رنگیشو سفارش داده_بودم ولی بی رنگش به دستم رسید .. رنگیشو قبلاً استفاده کرده_بودم خیلی خوبه است کیفیتش ولی در مورد بی رنگش هیچ نظری ندارم فعلاً ,0
1572,رنگ خاص و قشنگی داره ,0
1573,سالهاست که دارم استفاده می‌کنم و مثل این خمیردندون ندیدم ، خیلی عالی دهان را معطر می‌کند و در طول روز احساس خوبی به آدم می‌دهد ,0
1574,استفاده ازش راحته است و خیلی خیلی ایمن هست ، واقعاً حتی در دست و پا زدنای نی‌نی احتمال آسیب دیدنش بسیار کمه ، کلاً این مدل قیچی نسیت به مدل‌های کلاسیک ناخن‌گیر قدرت مانور هم به شما می‌دهد ,0
1575,بله باتوجه به نوع انتجاب محصول خوب بودو بایدتشکر از زمان تحویل به موقع با زمانی که انتخاب‌شده بود . ,0
1576,تازه دریافت کردم ، کمی زمان می‌برد تا کیفیت معلوم شود ,0
1577,روی موهایم تاثیر خوبی داره ولی رایحه خوبی ندارد . ,0
1578,من قبلاً مدل F عدد Y عدد bt عدد M بلکین گرفته_بودم حرف نداشت به هوای آن این مدل را گرفت را که سایزش کمتره است ولی جنسش فرق داره حتی سری هایش ,1
1579,از لحاظ کیفیت و تمیز کردن و نگه‌داشتن خمیر دندان و کف خوب هست . ,0
1580,کیفیت مناسب ,0
1581,کیفیت خوبی داشت ,0
1582,عالیه به نسبت قیمتش و الکل ندارد این خوبه است ,0
1583,من پارادونتکس استفاده می‌کردم چون الان دیگر به لطف تحریم‌ها و گرونی‌ها سخت پیدا می‌شود و گران شده منم این را خریدم که جایگزین کنم الان یک هفته اس استفاده می‌کنم راضی‌ام هم خیلی تمیز می‌کند ، من سفارش دادم تا عدد تاریخ داره من خمیر دندانی که حالت سفید کرمی باشد و اسانس نداشته باشد فقط استفاده می‌کنم چون طعم دار به مرور زمان حساسیت می‌آرد و این هم دقیقاً ساده اس بدون اسانس فکر کنم دیگر همیشه همین را بخرم اگر باز اینم مثل قبلی‌ها تخمش را ملخ نخورد البته ,0
1584,خوبه است و من استفاده می‌کنم و راضی‌ام ,0
1585,اینکه فاقد پارابنه خیلی خوبه است و نظرم را جلب کرد . نرم کنندگیش هم متوسطه ,0
1586,من این سیم را با مارک با هدف اینکه یک مارک خوبی هست خریدم ,1
1587,برای درمان لثه خریداری‌شده و تاثیر لازم را داشته ,0
1588,این محصول واقعاً تخصصی بود و از دکترم که این محصول را برایم تجویز کرد ممنونم … ,0
1589,تاثیری نداشت برخلاف چیزهایی که در نظرات نوشته بودن ,1
1590,خیلی نخ دندان خوبی است ,0
1591,خیلی محصول بدرد بخوری هست … واقعاً پوست را لطیف می‌کند ,0
1592,بنظر خوب میومد تا استفده کنم ببینم چطوره است ,0
1593,کیفیت صداش خوبه است و پیشنهاد می‌کنم ,0
1594,بنظرم اصلاً خوب نیست ,1
1595,بعد یک مدت رنگ گوشه‌های قاب میره . سفید می‌شود . ,1
1596,بنده بعد از عدد الی عدد ماه استفاده نظرم را دارم می‌نویسم ، درسته .. ویتامین و عصاره ,1
1597,عالیه . اصلاً فک‌نمی‌کردم آنقدر خوب باشد . دندان تمییز و سفید می‌کند . بعد یک بار استفادش دیگر دوست ندارم عوض کنمش ,0
1598,بعد از استفاده صدای دستگاهی که بهش وصل کردم افت کرد ,1
1599,عالیه ,0
1600,به نظر من بهترین خمیردندان برای لثه‌های ضعیف می‌باشد . من خیلی راضی هستم . ممنون از دیجی کالا . ,0
1601,در تخفیف خریدم . کف کردن و بوش خیلی خوبه است ,0
1602,من دوست دارم کلاً این روغن درخت چای و ، من از محصول ابن‌سینا برای درمان جوش که در همدان خریده_بودم چند سال پیش خیلی راضی بودم ، این همان بو را دقیقاً می‌داد ، فهمیدم که همان روغن درخت چای بوده ، و برای پوست‌های چرب و جوش جوشی خوبه است ، البته من برای درمان اگزمای پوستی دست گرفتم این و ، خوب بود ، فقط یک ذره که زیاد میمونه نمی‌دانم چرا بوی تخم‌مرغ می‌گیرد واقعاً این بوی بد و می‌گیرد ، ولی اگر برای درمان استفاده بشود ، اشکالی ندارد که چون بشورید بوش میره ,0
1603,اصلاً راضی ندارم ,1
1604,مسواک زدن و استفاده از خمیر دندان بعد از خوردن خوراکی‌های اسیدی مثل آب پرتقال ، لیمو ترش … برای دندان‌ها بسیار مضر هستش ولی این خمیر دندان تنها خمیر دندانی است که بطور تخصصی برای برطرف کردن این مشکل ساخته‌شده یعنی برای مواد اسیدی در نتیجه بعد از خوردن هر نوع ماده غذایی با خیال راحت می‌توانید از مسواک و این خمیر دندان استفاده کنید ، متاسفانه تازگی‌ها یک کم کمیاب شده در ایران ، من در دیجی کالا دیدم فورا سفارش دادم ,0
1605,قیمت عالی کیفیت و زیبایی هم عالی ,0
1606,خوبه است ارزش داره ,0
1607,به نظرم هیچ کارایی ندارد . تنها حسنش بوی خوبشه است وگرنه هیچ اثربخشی برای مو ندارد ,1
1608,موها را نرم می‌کند . خوشبوه است . کف بالا داره . حساسیت ایجاد نمی‌کند . قیمتش هم موقعی که من خریدم به صرفه بود . ,0
1609,با یک‌بار استفاده فهمیدم که با موهای من سازگار نیست وکارخانه سازنده فکری به کیفت محصولی که می‌کند . باشد بخصوص در ظرف شامپو . ,1
1610,نتیجه را همان روزای اول تجربه کردم و خستگی صورت را می‌گیرد و پوستت شاداب و تمیز می‌شود من که فوق‌العاده راضی بودم ,0
1611,بنظرم برای همه نوع پوست مناسب . سریع جذب پوست می‌شود واحساس چرب بودن را نمی‌کنم . استفاده ازش بسیار آسان هست ومقدارش مناسب وزیاده . حتماً خریداری کنید ,0
1612,گوشی من را بدون مشکلی شارژ کرد ,0
1613,همه نظر خوبه است ,0
1614,من اول می‌خواهستم بایودرما بخرم . خوب آن خیلی خوبه است ولی قیمتش بالاس . این را خریدم بجاش و از پاک کنندگیش راضیم . یکم که را چشم میمونه با پنبه ریمل و خط چشم را راحت پاک می‌کند فقط نمی‌دانم بعدش که صورتم را نمیشورم برای پوستم ضرر داره یا نه . ,0
1615,من کلاً از کرم‌های ضد آفتاب با این مارک راضیم . پئست من مختلطه است . در عین حال که خشکه جوش هم می‌زند . اما کرم‌های بیودرم خیلی سازگاره است با پوستم . رنگی که این کرم داره هم خوبه است و پوشش مناسبی می‌دهد . روی پوست هم خیلی خوب میشینه . ,0
1616,چند سالی هست دارم استفاده می‌کنم و ازش راضی‌ام . ,0
1617,من یک ماه صبح و شب زدم ولی ذره‌ای تغییر نکردم ,1
1618,من این کیف را برای لپ‌تاپ ایسوس عدد گرفتم هر چنا با وجود بزرگی لپ‌تاپ به زور داخل کیف جا می‌شود ولی خوبه است من رازی هستم چون کیف‌ی دیگه‌ای با این سایز لپ‌تاپ پیدا نکردم . ,0
1619,خیلی ماسک موی فوق‌العاده ایه من عدد دقیقه روی سرم می‌گذارم بموند و بعد فر موهایم فوق‌العاده خوشگل می‌شود . مدل‌های دیگه‌ی این برند را هم خریدم ولی جالب نبود فقط عسل و همین پروتئینش خوب بود . ,0
1620,بنظرم تاثیری ندارد و حتی شاید یکم مو را خشک‌تر هم کند ,1
1621,خیلی کمیاب شده وگرنه عالیه تنهاضدافتابی که چنددوره ازش استفاده کردم ,0
1622,دیر شارژ می‌کند و داغ می‌کند ,1
1623,بهترین روغن آفتاب هستش و من عدد تا ازش خریدم و از بار سوم کلاً دیگر رنگ بدن قهوه‌ای شده و به هیچ عنوان بدنتان نمی‌سوزد ,0
1624,عالیه حتماً پیشنهاد می‌کنم ,0
1625,همه عدد عدد داخل یک محفطه شبیه قوطی کرم هست ,1
1626,این شامپو را پیشنهاد می‌کنم جدا ,0
1627,بر خلاف انتظارم که فکر می‌کردم برچسب بی کیفیتی باشد ، جنس و بافتش خیلی خوبه است و واقعاً زیبا می‌شود گوشی . ,0
1628,موهای طبیعی من فر هست و حالت S درشت داره ، تقریباً عدد ساله که موهایم رنگ و دکلره داره و پایید موهایم آسیب‌دیده و وز داره ، ,0
1629,کیفیتش قابل قبوله است ,0
1630,با سلام ,0
1631,من داخل فروش ویژه خریدم و واقعاً کاراییش نسبت به مبلغی که خریدم خیلی خوبه است و دیروز یکبار استفاده کردم و واقعاً تاثیراتش می‌بینم مخصوصاً اینکه من پوستم خیلی چربه و این اسکراب چربی پوستم را با یکبار استفاده خیلی کم کرده ,0
1632,پیشنهاد می‌کنم در تخفیف بخرید ,0
1633,من نرمی دستام را بعد از استفاده از کرم خیلی دوستدارم ,0
1634,محصول واقعاً خوبیه است ولی متاسفانه من به صورت پمپی را سفارش دادم ولی معمولی برایم ارسال شد . ,0
1635,این کوله را من داخل شگفت‌انگیز تقریباً نصف قیمت خریدم ,0
1636,علاوه بر ضد آفتاب بودنش سفت کنندگیش عالیه ,0
1637,خیلی عالی لایه‌برداری می‌کند پوست را حساس و خشک نمی‌کند . نرم میکنه‌و تمییز و روشن‌میکنه . حتماً عدد تا عدد دقیقه ماساژ بدهید تا خوب لایه‌برداری کند ,0
1638,من این کیف را امروز صبح تحویل گرفتم و واقعاً ازش راضیم ,0
1639,به نظر من خیلی خوبه است ، راحت جوش‌ها را درمیاره ,0
1640,از دیجی کالا بعید بود ، کیسه برنج محسن از این محصول بهتر و با کیفیت تره ، بینهایت ناراضیم ,1
1641,ابرسانی خوب ولی در حین اسپری کردن از زیر اسپری کمی بیرون ریخته می‌شود ,0
1642,بسیار کاور زیبا و خوش دستی هست . فقط توجه کنید که با صبر که خوصله درش بیاورید وگرنه می‌شکند . تنها نقطه ضعفش هم آینه که خود گلس کاور زود خط میوفته . مال من‌بعد از یک هفته استفاده عدد تا خط کوچک در کناره‌ها افتاده . ,0
1643,عالی ,0
1644,همانطور که دوستان عرض کردند ,0
1645,از همه نظر بهترین ماسک موییه است که از بین تمام محصولات خارجی و ایرانی داشتم ,0
1646,در ابتدا به نظر کابل خوبی میومد ولی بعد از حدود عدد روز استفاده شل شده و از گوشی جدا می‌شود و قطع می‌شود ,1
1647,کار راه بندازه ,0
1648,خیلی خوش رنگد و زود خشک می‌شود ,0
1649,پداش ضخیم و عالی هستن ، وقتی لاک را پاک می‌کند اطراف ناخن را رنگی و کثیف نمی‌کند و این خیلی خوبه است ، ناخن من خشک نشد ، منکه است راضیم ,0
1650,خیلی بد . فقط قشنگه است . موقع جا انداختن شکست ,1
1651,دوستان واقعاً ارزش داره . کمر من چندین ساله چوش می‌زند و انواع داروهای شیمیایی و سنتی را استفاده کردم نتیجه نگرفتم . کلی ازمایش و …به صورت کاملاً اتفاقی در دیجی با این صابون اشنا شودم و گفتم تست کنم . واقعاً برای درمان چوشهای کمر من معجزه کرد پوستم صاف و یکدست شده . تشکر دیجی کالا ,0
1652,این محصول فقط و فقط یک خمیر دندونهمعمولی ساخت آلمانه است ,1
1653,همین الان به دستم رسید و متاسفانه نتوانستم ازش استفاده کنم چون میکرو یو اس بی مشکل داره و باید با دستم نگه‌اش دارم که شارژ کند . ,1
1654,جنسش جالب نیست ارزش خرید ندارد ,1
1655,چند ماهه دارم کابل بسیار با کیفیتیه است و فست شارژ را هم پشتیبانی می‌کند . موقع خرید هم دودل بودم ولی الان کاملاً راضیم ,0
1656,قدرت پاک‌کنندگی بسیار عالی ,0
1657,من مشکی این کاو را گرفتم و گوشی خودمم آبیه است . وقتی کاور به دستم رسید خیلی داخل ذوقم خورد . اما وقتی روی گوشی انداختم خیلی شیک شد . جنسش جوریه است که داخل دست حس خوبی داره . ,0
1658,"من نخ دندان زیاد مصرف می‌کنم . اکثر برندهای ایرانی و خارجی را امتحان کردم . به نظر من با این هزینه برندهای مشابه خارجی که داخل همین دیجی کالا هم موجود هست بخرید مانند اورال بی . برندهای ایرانی خیلی خوبی هست که ارزانتر هم هستند . دوستانی که می‌گوین از این نخ ایراد نگیرید و برید روش درست نخ کشیدن را یاد بگیریم, در جواب باید بگم من خودم همیشه با یک روش نخ می‌زنم حتی اگر هم اشتباه باشد نخ‌های مشابهی هستند که پاره نمی‌شون و من دارم استفاده می‌کنم اما این خیلی زود پاره می‌شود ",1
1659,در حال حاضر برای ترمیم سوختگی ناشی از لیزر استفاده می‌کنم استفاده تیوپ دومش را شروع کردم و کاملاً راضیم از اثربخشیش ,0
1660,واقعاً راضی بودم . اصلاً باورم نمی‌شود تقریباً دوماهی می‌شود استفاده می‌کنم و کاملاً شاهد رویش مجدد هستم باچشم می‌بینم که به اندازه عدد ونیم سانتی موهای جدید رشد کرده . درکنارش قرص زینک ایرانی و قرص اهن ففول صورتی مصرف کردم . عالی بود ,0
1661,بوی خوبی داره اما عدد دقیقه بیشتر بوش روی پوست نمی‌موند . اگر پوست خشکی دارید بعد حمام حتماً باید لوسیون یا روغن بزنید . نسبت به قیمتش ارزش خرید داره . ,0
1662,خیلی جادار و خوب و زیباست . من که از خریدم راضی هستم . ,0
1663,"کاملاً کاربردی و مناسب برای آقایان , قیمت مناسب و با کیفیت ",0
1664,زود جذب می‌شود . و پوست را چرب نمی‌کند . برق نمیندازه . خیلی سبکه است قیمتش خیلی رفته بالا . کاش برایش تخفیف بزارید ,0
1665,من چند باره می‌خرم بجای سرم مو ,0
1666,من این کالا را به توصیه همسرم از دیجی برایش درخواست کردم . راضی است و اگر بخواهد باز بخرد از همین کالا می‌خرد . توجه کنید که اینطور کالا‌ها برروی همه تاثیر یکسانی ندارند و نمی‌توان برای همه تجویز کرد . اما اگر کسی به آن حساسیت خاص نداشته_باشد کالای باکیفیتی است . ,0
1667,کیفیت سری‌ها اصلاً خوب نیست ,1
1668,دوام و کیفیت قابل قبولی با توجه به قیمتش داره ,0
1669,من تاحالا خیلی پول سیم شارژر دادم و همشان انداختم دور ولی این عالیه فست شارژ واقعی با نظر دوستان خریدم ممنون از آنایی که نظر دادن جنسش حرف ندارد ,0
1670,کاملاً به درد نخور اصلاً نخرید که پشیمان می‌شوید ,1
1671,جنس برس سر مسواک پلاستیک فوق‌العاده بی کیفیته است که البته انتطار بیشترم نمی‌شود داشت در این قیمت ,1
1672,شامپو مغذی آن یعنی شامپوی حاوی ارزن کیفیت و کف کنندگی بیشتری دارد . ,0
1673,خوبه است و شانه و سشوار همه جمع و جور یک جاس خیلی زیباس ,0
1674,بعد یک ماه استفاده خار‌های سمت micro usb فرو رفت داخل من برای هر بار شارژ باید این خار‌ها را با چاقو بالا بیاورم تا در نیاد بیرون ,1
1675,اصلاً راضی نیستم ,1
1676,خوبه است و راضی‌کننده س ,0
1677,محصولات با‌له‌آ از شرکت dm ، بسیار با کیفیت هستند . این ماسک با توجه به قیمتش خیلی به صرفه هست . جوش‌های سرسیاه را خارج می‌کند و منافذ باز پوست را ، تا حدی ترمیم می‌کند ، هنگام استفاده باید دقت کنید که لایه مناسبی از ماسک را روی صورت قرار بدید ، و حتماً اجازه بدید کاملاً خشک بشود ، بعد به آرامی ، کل ماسک از روی صورت بلند می‌شود . موهای بسیار ریز روی بینی را هم جدا می‌کند . ,0
1678,قاب گوشی را بزرگ نمی‌کند ، خیلی خوب و جمع را جور . ,0
1679,برای اینکه مطمئن بشوید ، مدلش را در آمازون نگاه کنید می‌فهمید چقدر از آکی و بقیه پر طرف دار تره ,0
1680,من برای گوشی قبلیم که نوت عدد بود دو سه تا کاور ژله‌ای برند نیلکین خریده_بودم ولی این کاور از همشان بهتر بود ، الان هم برای نوت عدد هم همین کاور را گرفتم . ,0
1681,در لوازم جانبی بدون کوچکترین تعصبی ، برند انکر واقعاً عالی و درجه عدد هست ، یک کالای با کیفیت واقعی و حس اورجینال بودن حقیقی را بهتان می‌دهد ، همه محصولاتش را پیشنهاد می‌کنم ، من هم پاوربانکش را دارم و هم چند مدل کابل ، عالیه ,0
1682,برای موهای آقایان که در طی فعالیت‌های روزانه و ورزشی تعریق زیادی دارد بسیار مناسب است . ,0
1683,نسبت به تافت و ژل خیلی بهتر هست به نظرم ,0
1684,من بارها کابل AUX خریدم و یکبار مصرف بوده ، می‌توانم بگم این بهترین‌چیزیه که خریدم ,0
1685,تصویر که فروشنده ارائه داده با جنس ارسالی فرق می‌کند ,1
1686,با توجه به قیمتش خوبه است ,0
1687,کیفیت و دوخت عالی ,0
1688,خیلی ازش راضی‌ام ، پاک کنندگیش عالیه ,0
1689,از تظر کیفیت و قیمت مناسب بود ,0
1690,واقعاً کار ومد ,0
1691,عالیه . هم ضخامت . هم در دسته ,0
1692,بسیار بی‌کیفیت و غیر استاندارد ,1
1693,این لوسیون را من همیشه استفاده می‌کنم پوستم چربه و مستعد جوش اما این را که می‌زنم پوستم را کلاً آرام ، نرم لطیف می‌کند . سبکه است راحت می‌توانید را صورت بزنن و بعدش ضد آفتاب بدون چربی بزنید و لذت ببرید .. من که خیلی دوستش دارم . یک کرم دیگر هم سی گل داره که ترمیم‌کننده میموزا هستش آن هم بسیار بسیار عالیه . بعد از اسکراب اگر استفاده کنید شب تا صبح خیلی زود جواب می‌گیرید . ,0
1694,با درود بر همگی بزرگترین مشکل این کابل آینه که سوکت نری دارای سطح مقطع دایره‌ای هستش که با اکثر کاورهای موبایل تداخل داره ,1
1695,در کل هر چه قیمت پایید باشد بدانید که یجای کار می‌لنگد ,1
1696,اصلاً کار نمی‌کند نه با شارژر نه پا پاوربانک ,1
1697,من خودم دوبار استفاده کردم ولی حس نمی‌کنم پوستم روشنتر شده باشد . ,0
1698,واقعاً عالیه خیلی خوب ارایش را پاک می‌کند و پوست را تمیز می‌کند و حالت آبرسان برای پوست داره نسبت به تعداد هم قیمت فوق‌العاده خوبه است من که خیلی راضیم ,0
1699,رایحه‌ای دلپذیر ,0
1700,جالبه است این سیم صدا را به صورت نازک پخش می‌کند خلاصش که کیفیت صدا را ضعیفتر از سیمای دیگر منتقل می‌کند ,1
1701,ضد خارش هم هست و دقیقاً سه ماهه دارم استفاده میکتم و واقعاً راضی‌ام الان هر جی به جای این استفاده می‌کنم می‌بینم فولیکا بهنرین بود و قیمت عالی ,0
1702,حالت ژل کرمی داره و اگر دنبال دورچشم آبرسان خوب می‌گردید انتخاب خوبی هست ، سومین دوره‌ای هست که میخرمش و در استفاده طولانی مدت از سیاه شودن حلقه چشم خوب جلوگیری می‌کند و دور چشم سرحال به نطر می‌رسد ,0
1703,محصول خوبیه است اما فقط داخل فروش ویژه خوبه است ,0
1704,عالیه بخرید ,0
1705,راحت و کار راه‌انداز . وسیله خوبیه است . من که راضیم ,0
1706,عالیه ,0
1707,قاب بسیار زیبا و مقاوم در برابر ضربه می‌باشد و از خریدش پشیمان نمی‌شوید . ,0
1708,قیمتش تقریباً با برندهای خارجی یکی بود اما کیفیتش از آن‌ها خیلی پایینتره است ,1
1709,با شوینده تست کردم نازل به مشکلی نخورده تا یک حدی مقاومت شیمیایی داره امیدوارم خورده نشه . ,0
1710,خیلی وقت بود استفاده نکرده_بودم ولی حالا که گرفتم خیلی راضیم ,0
1711,برای نتیجه بهتر می‌توانید بعداز حمام از این ماسک استفاده نمایید تا نتیجه بهتری بگیرید ,0
1712,مقاوم بودن در برابر افتادن و ضربه ,0
1713,نسبت به قیمت من راضی بودم ,0
1714,من خریدم از همان روز اول مشکل داشت و بگیر نگیر داشت دو سه روز که گذشت دیگر شارژ نکرد . ,1
1715,از کیفیت محصول راضی هستم و به شدت توصیه می‌شود . ,0
1716,خیلی خوبه است من عدد ماه مرتب استفاده کردم ,0
1717,من چند روز از این شامپو استفاده می‌کنم نسبت به بقیه شامپوهایی که استفاده کرده بهتره است ,0
1718,بعد از عدد ماه کارکرد دیگر مثل اوائل گوشی با سرعت شارژ نمی‌شود و انتقال دیتا نیز دیگر انجام نمی‌شود ,1
1719,افتضاح اصلاً ارزش خرید ندارد ,1
1720,من اولین بار این را از یک آرایشی بهداشتی خریدم که کلی شیفته اش شدم😂 اما این بار از دیجی کالا خرید کردم و امروز به دستم رسید فوق‌العاده موها را آبرسانی می‌کند و نرم و صاف می‌کند ، ممنون دیجی😊 ,0
1721,این لاک امروز به دستم رسید . اصلاً رنگش بژ نیست . کاملاً به رنگ مسی براق هستش و رنگش را دوست نداشتم ,1
1722,کلاً از دیحی کالا راضی هستم عالیه ,0
1723,من استفاده کردم عالیه ,0
1724,از پکی که گرفتم تعجب کردم ,0
1725,من انداختمش سطل اشغال ,1
1726,رنگ و مدل محصول با عکس‌های معرفی محصول متفاوت است ,1
1727,فکر نمی‌کردم این‌قدر عالی جواب بده . برای لپ‌تاپ استفاده می‌کنم چون برای عدد نفری فیلم نگاه کردن حرف ندارد و اینکه فروشنده را سعی کنید دیجی کالا بخرید تا جنسش اصل برسه دستتان آخر بعضی‌ها نوشته بودن نویز داره یا خوب جواب نمیده . ,0
1728,من این محصول را یک ساله استفاده می‌کنم . کاملاً راضیم . مثل سیم شارژر اصلیش کار می‌کند . ,0
1729,واقعاً کیفیت ساخت خوبی داره ، به درد کسی می‌خورد که سریع کابل خراب می‌کند چون واقعاً جنس خوبی دارهخیلی خوبه است از اورجینالش سریعتر شارژ می‌کند من برای آیفون عدد گرفتم و خیلی راضیم ,0
1730,عالیی و با کیفیت ,0
1731,واقعاً طراحی زیبا و محکمی داره ,0
1732,خیلی خوبه است پیشنهاد می‌شود ,0
1733,در روز‌های استفاده از محصول به مشکل خاصی نخوردم ,0
1734,پوسته پوسته می‌شود ، خوب نیست ,1
1735,عالیه فعلاً داره خوب کار می‌کند ,0
1736,از نظر من خوبه است حالا نمی‌دانم نظر شما چیست ,0
1737,عالی ,0
1738,سلام . دوستان اصلاً به درد نمی‌خورد . من گرفتم هنوز عدد روز نشده سرش خراب شد … . ,1
1739,حتمآ استفاده کنید ,0
1740,از خریدم راضی هستم به نسبت قیمتش کیفیتش خوب بود با این‌که ایرانی بود ولی کیفیتش خوب بود ,0
1741,مدتهاس که استفاده می‌کنم و دقیقاً مناسب پوست‌های چربه . با اینکه عالی تمیز و پاک می‌کند پوست را ، ولی خشک نمی‌کند ,0
1742,این محصول به دستم رسید و با اولین امتحان پلاستیک دورش شکست ولی کار می‌کند ,1
1743,بسیار عالی از خریدش اصلاً شک نکنید ,0
1744,به نظرم محصولیه است که هر خانم یکی باید داشته باشد . هر نوع آرایش را خیلی خوب و راحت پاک می‌کند . بو ندارد که خودش یک مزیته است . نیاز به آبکشی و شستشوی مجدد ندارد . برای انواع پوست مناسبه است ,0
1745,کابل خوبیه است سریع شارژ می‌کند ، یکبار خرید کردم و خوب بود . دوباره دوتای دیگر برای اعضای خانواده‌ام سفارش دادم ,0
1746,خیلی کیفی نیست اما نسبت به قیمت بد نیست . ,0
1747,من خودم همیشه از محصولات آرایشی این برند استفاده می‌کنم . کرمش عالیه . اصلاً سنگین نیست و پوشش دهی خوبی هم داره . داخل شگفت‌انگیز با قیمت خیلی خوب توانستم بخرم ,0
1748,من خیلی راضیم ,0
1749,لاک اصلاً رنگ نشان داده‌شده نیست و خیلی کمرنگ هست و از رنگهای شیشه‌ای هست و باید چند لایه زده_شود و خیلی دیر خشک میشکه ,1
1750,سری دومه که می‌خرم نازکه اما خیلی تاثیر گذاره و مشکیش که خیلی شیکه است ,0
1751,باز هم مثل همیشه اشتباه ارسال کردید . ,1
1752,بدترین خریدی بود که داشتم ، دو هفته هم کار نکرد ,1
1753,امروز به دستم رسید کاملاً اصله و مثل کابل اصلی فست شارژ را ساپرت می‌کند ,0
1754,عالی و با کیفیت و زیبا ,0
1755,متاسفانه من نسبت بهش حساسیت داشتم و پوستم را خشک و قرمز کرد ولی این دلیل بر کیفیت بدش نیست ، چون همه خیلی ازش تعریف می‌کردن ,1
1756,برای موهای خشک بسیار عالی ، بدون اینکه اثر چربی بگذارد ,0
1757,این کابل میکرو یو اس بی واقعاً با اینکه قیمتش پایید بود ولی کیفیت و کارایی بالایی داشت الانم آمدم دوباره برای ماشین بخرم دیدم کلاً این برند ناموجوده است حیف شد البته داخل فروش ویژه خریدم و فروشندش خپد دیجی کالا بود نه فروشگاه‌های متفرقه ,0
1758,متاسفانه بعد از عدد ماه استفاده از کار افتاد انتظار داشتم بیش از این‌ها کار بده ، محل اتصال به usb دچار مشکل شده . ,1
1759,توصیه می‌کنم به جای کرم‌های دور چشم ناشناس خارجی ، از این استفاده کنید ,0
1760,رنگش همان نبود که می‌خواهم ,1
1761,کیفیتش اصلاً خوب نیست ، دیر هم شارژ می‌کند ,1
1762,خیلی عالیه رطوبتش فوق العادس چرب نیست ولی این را بدانید مرطوب‌کننده پوست چرب هست آبرسان نیست ولی برای من آبرسانیش هم خوب بود حس شادابی به پوست می‌دهد ,0
1763,کیفیت معمولی ,1
1764,سایزش بزرگه است و خوبه است ,0
1765,واقعاً بی نظیره است همانی بود که سالها دنبالش می‌گشتم ,0
1766,در یک‌کلام عالی ,0
1767,من دو ماهی هست از این شامپو استفاده می‌کنم و بعد از عدد روز شوره‌ی موهایم به کل از بین رفت و موهایمم لخت و نرم شد . من به‌شخصه از این شامپو خیلی راضیم . ,0
1768,بوی خیلی خاصی داره . به تلخی می‌زند . ,0
1769,خیلی عالی بود و عطر خیلی دلنشینی داره ,0
1770,عالی و کامل برای بانوان قبلاً استفاده کردم به سفارش دکتر همین مارک و الان هم خریدم ,0
1771,تاثیر خاصی ندیدم ازش . با هزینه‌ای که صرف کردم توقع بیشتری داشتم . ,1
1772,خیلی کوچک هست ، نسبت به پولی که می‌دید ارزش خرید ندارد . ,1
1773,سری جدید این مدل رنگ آن لاستیک وسطش متفاوته و به رنگ صورتی یا بنفش هست و فیک و تقلبی نیست ، بنده از انگلیس برایم آوردن هم رنگش بنفش بود ، قدیمیاش زرد بود ,0
1774,اصلاً کار نکرد ,1
1775,ای کاش در پیشنهادات شگفت‌انگیز ارائه می‌شد ,0
1776,گاردش خوب بود ,0
1777,عالی و بینظیر ,0
1778,اولین ضربه ترک برداشت ,1
1779,کیفیت سوکت‌های سیم درجه یک و بدون هیچ لقی و شلی محکم می‌شود ,0
1780,یک کابل فوق‌العاده هم زیبا هم سریع هم محکم از هرنظر چکش کردم عالی بود پیشنهاد می‌کنم تست کنید ارزش داره ,0
1781,اصلاً تصویر جوکر واضح نیست . ,1
1782,رنگ قرمزش از عکس یک کم پررنگ تره اما قرمزه است خوشرنگی هست و قلم خوبی داره ,0
1783,عالی ,0
1784,حتماً بخرید شک نکنید ,0
1785,در حدی نازکه که لذت نازک بودن گوشی را می‌برید و درعین حال ایمن هست . ,0
1786,تولید آلمان هست -رایحه عالی هست - ,0
1787,خیلی خوب بود ,0
1788,دریک کلام عالیست ,0
1789,خوبه است و ماندگاری زیادی ندارد ,0
1790,عالی به ود وپیشنهاد می‌کنم استفاده کنید ,0
1791,من باتجویز پزشک چندسالی که مصرف می‌کنم وخیلی راضیم ,0
1792,هم‌رنگ خوبی داره . هم خیلی آرایش را قشنگ می‌کند . برای چروک هم خوبه است و کم می‌کند چروک دور چشم را ,0
1793,خیلی عالی یک ,0
1794,من تازه کرم را گرفتم . هم قیمتش مناسبه است و هم کیفیتش . ,0
1795,جالب نیست ,1
1796,جنسش خیلی بده . ,1
1797,این کابل آیفون عدد ، عدد s را شارژ کرد ولی آیپد را نتوانست شارژ نکند در ضمن به آیتیونز وصل نمی‌شود و باهاش نمی‌شود دیتا انتقال داد . صرفاً برای شارژ کردن هستش آن هم آیفون نه آیپد . ,0
1798,من پوستم خشک و حساسه است ، بعد از استفاده تمام پوستم خشکی زد در حدی که بیشتر از یک هفته با هر روغن و پماد و مرطوب‌کننده‌ای که استفاده کردم خوب نشد کامل ، پوستم را حسابی خراب کرد ,1
1799,واقعاً قاب محکوم را قشنگیه است رنگ بندیش عالیه . محافظ خیلی خوب و خیلی قشنگیه است برای گوشی . ,0
1800,به جز کوتاه بودن از هر لحاظ عالیه ,0
1801,رنگش زرد نیست بیشتر به خردلی می‌خورد ,1
1802,گوشی من ایفون عدد هست ios عدد ,0
1803,من خرید این شامپو را شدیداً توصیه می‌کنم با اولین بار استفاده متوجه تغیر می‌شوید ,0
1804,من که ازش راضی هستم سرعت اینترنتم را دو تا سه برابر کرده ,0
1805,از لحاظ کیفیت ساخت فوق‌العاده س ,0
1806,رضایت‌بخش است ,0
1807,لطفاً خریداری نکنید زیرا ممکن است خانه شما به اتش کشیده_شود ,1
1808,بسیار عالی هست ,0
1809,خمیردندون فریس برای دندون‌های جرم گرفته واقعاً مناسبه است ,0
1810,عالیه ,0
1811,به شدت به کسانی که بعضی از نقاط بدنشان تیره تره پیشنهاد می‌کنم . هنوز یک هفته نشده دارم استفاده می‌کنم چند درجه روشن‌تر شد . ,0
1812,قطع شد یکهو نمی‌دانم چرا ,1
1813,موها را نرم و براق می‌کند و رایحه‌ی خوبی داره ,0
1814,کیفیت خوب ، قیمت مناسب ,0
1815,با کیفیت و عالی اما متاسفانه قیمت بالا ,0
1816,بعد اینکه موها خشک می‌شود حالت چسبنده پیدا می‌کند موها مثل پشم می‌شون .. اصلاً هم مناسب موخوره نیست .. چون بدترش کرد موهایم را ,1
1817,اگ می‌خواهید از کرم پودر استفاده نکنید این کرم پوشش دهیش عالیه و اصلاً پوست جوش نمی‌زند …فقط بعد چند ساعت برق میندازه ,0
1818,برای کسانی که می‌خواهن لاک زیاد در چشم نباشد عاالیه ,0
1819,از یک شارژر عدد امپری به راحتی عدد ٫ عدد آمپر بهت برق می‌دهد که از کابل اصلی گوشیم بهتره است - متصل شدنش هم خیلی خوبه است ,0
1820,واقعاً به درد مسافرت یا داخل ماشین می‌خورد ,0
1821,کرم خوبیه است از خریدش راضی‌ام ,0
1822,من که دوستش دارم برای پوست خشک سر خوبه است ,0
1823,از همه نظر خوب بود ,0
1824,در پیشنهاد شگفت‌انگیز به قیمته است قبل خریدم بهترین مارک هست خیلی خوبه است و راحته است مشکبم نیست جنسش کتانه است ,0
1825,من تازه این شامپو را گرفتم ، شامپوی خوبیه است ولی یک مقدار بوی ناخوشایندی داره ,0
1826,اصلاً بدرد نمی‌خورد امروزدستم امد من تا الان نزدیک به عدد سفارش داشتم هرچی گرفتم اشتباه کردن نخرید نخرید پشیمان می‌شوید ,1
1827,من با اینکه پوست صورتم چربه بعد از حمام به پوست صورت و بدنم می‌زنم و مشکلی پیش نیومده . عاشق بوشم و خیلیم قیمت خوبی داره حتماً بخرید . ,0
1828,متاسفانه درش باز نشد . مجبور شودم مایع شستشو صورتش را به ظرف دیگر انتقال بدم . ,0
1829,خیلی خوب آرایش را پاک می‌کند ,0
1830,در یک کلمه بگم که برای موهای خشک و آسیب‌دیده مخصوصاً عالیه . من که خیلی راضیم . ممنون از دیجی کالا که به علت محدود بودن در بازار و نوسان قیمت به راحتی خرید کردم . برای بار دوم میخرمش باز هم می‌گویم عالیه . ,0
1831,اصلاً خمیر خوبی نیست و بسیار بی‌کیفیت اصلاً نخرید ,1
1832,خیلی خوبه است ,0
1833,از نظر رنگ خیلی شیکه است و ماندگاری خوبی داره ,0
1834,خیلی قاب زیبا و شیکیه است اما یکم دکمه‌ها سفت می‌شود ولی خیلی با دوامه است ,0
1835,کیفیت خوب است ولی علی‌رغم اینکه چند رنگ را انتخاب کردم رنگ‌ها شبیه هم اند و بدرنگ هم هستن بنظر می‌آید در قسمت چندرنگ ، رنگ‌هایی که کم متقاضی اند و خوشرنگ نیستن را می‌فرستن و من آزید نحوه ارسال رنگ‌ها ناراضیم ,0
1836,با کیفیت و کاربردی ,0
1837,همه چهش خوبه است ,0
1838,کاملاً قابل رقابت با برندهای خارجی مثل اوریاژ و بسیار بهتر از الا را ,0
1839,دور لنزش در عکس گیپ کاوره است ولی در خودش یک میلیمتری فاصله داره ,1
1840,محصولات بایودرما اصولاً با کیفیت بالا هستند روی قیمت‌ها با گرانی‌های موجود نمی‌شود نظر داد ولی محصول فوق نسبت به محصولات با قیمت مشابه کیفیت مناسبی دارد ,0
1841,کیفیتش خیلی خوبه است ، منافذ پوست به مرور زمان می‌بنده ، چربی را به خوبی و راحتی میشوره و خیلی خوب صورت تمیز می‌کند ، رایحه خیلی خوبی داره ، سبک هست . ,0
1842,در اثر تغییر دما سریع ترک می‌خورد و با کوچک‌ترین ضربه‌ای می‌شکند پیشنهاد نمی‌کنم ,1
1843,من به موهای اکستنشن شده می‌زدم بی‌نظیر بود هیچ آسیبی ندهید موهایم ,0
1844,از ژل این محصول بیشتر از ماسک رضایت دارم چرا که واقعاً تا عدد ساعت موها را نگاه می‌دارد اما ماسکش هم تعسیر گذاری خوبی داره اما به اندازه عدد الی عدد ,0
1845,سالهاست استفاده می‌کنم و کاملاً راضیم ,0
1846,من خیلی خوشم آمد از این محصول علاوه بر کیفیتش و حس خوب بعد شوستند باهاش ، بسته بنده تماز و جالبی هم داره ,0
1847,تصویری که از محصول در دیجی کالا بود مربوط به کابل مشکی رنگ بود ولی پس از ارسال دیدیم که رنگ کابل usb آبی است . ,1
1848,پوست را چرب نمی‌کند . زود هم جذب می‌شود . راضی‌ام … ,0
1849,من هرروز استفاده می‌کنم و به صرفه اس و اصولاً پوست خشکی دارم اما اصلاً مشکلی ندارم باهاش ,0
1850,مزه بعضی هایش کمی ضعیفه ، در پیشنهاد ویژه ارزش داره ,0
1851,گوشه کمی تیز است ,0
1852,واقعاً ازش راضیم دونه‌های سر سیاهم را کاملاً از بین برده ,0
1853,کوله‌ی خوب و با کیفیتیه است . در خریدش شک نکنید ,0
1854,آبرسانی سبک ومناسب برای پوست چرب ,0
1855,بخاطر حساسیت مینای دندانم پزشکم تجویز کرد ,0
1856,واقعاً مسخره س ! من کلاً عدد هفته استفاده کردم و الان شارژ که نمی‌کند هیچ ، شارژ گوشیم را خالی هم می‌کند ! ,1
1857,من خریدم و راضی بودم ، سبک و رنگ خوبی روی پوست داره . ,0
1858,قدرت جذب بالایی دارد ,0
1859,این رو‌غن عالیه من موهایم به شدت گره می‌خورد ، خیلی چیزها را امتحان کردم اما یک سال از این روغن استفاده می‌کنم فوق العادست … .. فوق‌العاده فوق‌العاده ,0
1860,من رنگ بژش را گرفتن اونی که در تصویر هست نبود ولی راضیم و جنس و کیفیت خوبی داره ,0
1861,واقعاً عالی و با کیفیت ,0
1862,اگر دارید نظرات می‌خوانید که تصمیم بگیرید باید بگم چند سری از این شامپو بدن استفاده کردم ساخت ایتالیا هست بویه خیلی خوبی داره . غلظتش بالاست و اصلاً پوست خشک نمی‌کند پشتشم زده با ph طبیعی پوست .. تا عدد هم انقضا داره ، نسبت به مارکایه است متنوع ایرانی و خارجی این یکی خیلی خوب بود . امیدوارم در تصمیم‌گیری کمکتان کرده_باشم ,0
1863,کیفیتش خیلی عالیه من قریب به یکسال می‌شود که ازش استفاده می‌کنم جنس چرمش فوق‌العادس ,0
1864,اندازه بد رنگ متغایر با عکس ,1
1865,من موهایم را دکلره کردم و خیلی خشک و وز شده . این اسپری را قبل از سشوار استفاده می‌کنم و عالیه . هم موهایم صاف و براق می‌شود هم وز ندارد و راحت شانه می‌شود . حتی بعضی وقت‌ها که وقت سشوار ندارم هم باز تاثیرش با یک شانه عادی عالیه و وز مو را کاملاً می‌گیرد . مو را هم خیلی نرم و خوشبو می‌کند . من خیلی راضی‌ام و حتماً باز هم میخرمش . ,0
1866,شارژ کند ، ساختار ضعیف ، سوکت غیر استاندارد ,1
1867,بوش را دوست ندارم اما در کل خوبه است مخصوصاً در شگفت‌انگیز ,0
1868,معمولی ولی من‌بعد از استفاده نقاظ ضعفی برای این شامپو پیدا نکردم . ,0
1869,خمیر دندان خوبی به نظر می‌رسد ,0
1870,اسپری دهان وی وان همانطور که دوستان گفتن ماندگاری انچنانی ندارد ,0
1871,من این مابلو خریدم عالی بود یکسال ازش استفاده کردم اخ نگفت حالا امروز کشیدم خراب شد دیجی بطفا موجودش کن ,0
1872,به هیچ دردی نمی‌خورد وقتی جعبه اش را باز کردم و دیدم و انداختم را گوشی دیدم به هیچ دردی نمی‌خورد و انداختمش در سطل زباله ,1
1873,مناسبه است می‌شود روش حساب باز کرد طراحی خوبش و قیمت مناسبش در بازار همین محصول با کیفیت ضعیف‌تر قیمت بالاتر وجود داره رنگ سرمه‌ای گرفتم قشنگه است ,0
1874,با تجربه‌ای که از مصرف بیشتر از بیست مدل سرم مو داشتم می‌توانم با اطمینان بگم عالیه اگر موهایی وز و فر و خشک دارید بعد از حمام استفاده کنید وو با سشوار موهاتونو صاف کنید خوبی که داره موها را چرب نمی‌کند و یک پف خوبی به مو می‌دهد ,0
1875,دو سه روز هست که دارم استفاده می‌کنم و خیلی راضی هستم . مرطوب‌کننده عالی هستش و بوی خیلی خوبی هم داره و مقرون به صرفه هم هست ,0
1876,عنوان نظر کل توضیحات بنده است ,0
1877,چند سال است که همسرم این محصول و کرم دور چشم پریم را استفاده می‌کند ، کیفیت آن اگر از محصولات گران‌قیمت خارجی بالاتر نباشد مطمئناً پاینتر نیست . حتماً برای یکبار امتحان کنید ,0
1878,خوب جذب می‌شود ,0
1879,از بسته بندی تیوبی استفاده شود بهتر است ,0
1880,باسلام . دوستان این ماسک مثل موم عمل می‌کند و جوش‌های سرسیاه و پرز‌های صورت را از ریشه می‌کند . فقط موقعی که می‌زنید اولش یکم خنک می‌شود و می‌سوزد صورتتان که فکر می‌کنم عادی باشد چون بعدش هیچ اثر قرمزی یا سوختگی بجا نمی‌موند ! خریدش را پیشنهاد می‌کنم ,0
1881,واقعاً کیفیتش عالی هست منتهی من سفارشش را انجام دادم وقت مرجوعی و این کار ها را نداشتم و می‌شود گفت بهره واقعی از خریدم را نبردم اما کسی که لپ‌تاپ چهارده اینچی داره خیلی به دردش می‌خورد ,0
1882,باسلام ,1
1883,خیلی خوبه است برای موهای پرپشت و رنگ‌شده عالیه شانه پذیری مو را عالی می‌کند ,0
1884,من از یک مارک دیگر استفاده می‌کردم که دیگر وارد نمی‌شود و بعد از پرس و جو این مارک را خریداری کردم . هم می‌توانم بگم کیفیت بالایی داره و هم برند معروفیه . بعد از استفاده مدل پایه بلند همین مارک هم سفارش دادم و از خریدم راضی هستم . ,0
1885,خیلی خوبه است ، راضی‌ام ازش ,0
1886,خیلی خوبه است . عالی ,0
1887,من این را به عنوان اسکراپ خریداری کردم اما مثل ژل شستشوی صورت هست . صابونی هست و دانه‌های کوچک اسکراپ را داره . اما در کل من از استفاده ازش راضی‌ام ,0
1888,قاب فوق‌العاده و شیکی هست لطفاً سیاه شو بخرید خیلی شیکه است ,0
1889,از خریدش راضیم ,0
1890,بدترین شامپوی ضد شوره بود ,1
1891,از نظر کیفیت و شارژ عالیه ولی اگر یکم بلند‌تر بود بهتر می‌شد ,0
1892,خیلی خوب است ,0
1893,از همه کرمایی که تا حالا استفاده کردم بهتره است ,0
1894,من چند بار استفاده کردم واقعاً عالیه ,0
1895,ده دقیقه باید روی مو خیس بموند فکر نکنم کسی حوصله ده دقیقه انتظار برای ماسک مو داشته باشد و اینکه کسی ساعت نمی‌برد در حمام ,1
1896,کلیدهاش به شدت سفته که باید دست پهلوونی داشته_باشی ولی به گفته دوستمان شاید بعد از چند روز عمل کند که من امتحان نکردم وهمان کاور فابریک گذاشتم ,1
1897,قیمتش مناسبه است کارایش هم خوبه است . درکل از خریدم راضی هستم ,0
1898,همان طور که دوستان اشاره کردند هر چند ماه یکبار باید تعویض بشود وهزینه بالایی هم دارد که کمی نگران‌کننده است وشاید بتوان با این هزینه چند مسواک خوب خرید ولی باید دانست که کار با مسواک برقی راحت‌تر قوی‌تر و سریع‌تر از مسواک‌های دستی است پس نگران قیمت بالایش نباشید می‌ارزد ,0
1899,اصلاً توصیه نمی‌کنم چون حتی از برندهای ایرانی هم خیلی کیفیت پایین‌تری داره با این قیمت برندهای ایرانی مثل پونه نسیم تاژ خیلی بهتر هستند ,1
1900,نخ دندان بسیار زخیم مشابه نخ دندان‌های ایرانی کیفیت پایید بطوری که هر بار استفاده می‌کنید نیاز به یک نخ دندان دارید برای اینکه خود این را دربیارید . ,1
1901,صابون خوبیه است . قبلاً از برند‌های دیگر هم صابون گوگرد خریدم ولی متوجه تفاوت خاصی نشودم . بوش خیلی بده و موندگار هم هست . پیشنهاد من آینه که بعدش از یک شوینده دیگر هم استفاده کنید وگرنه بوش میمونه . مرطوب‌کننده هم فراموش نشه . برای از بین بربردن قارچ پوستی و جای جوش خیلی خوبه است ,0
1902,من باتجویز پزشک چندسالی که مصرف می‌کنم وخیلی راضیم ,0
1903,همه کابل‌های دایو فوق‌العاده ان ، این کابل هم مثل بقیه عالی .. ,0
1904,خیلی زیباست رنگش عالیه ,0
1905,وزن کم و سبکی آن امتیاز خیلی خوبی هست ,0
1906,usb c این محصول بسیار عالی است و حتی می‌شود گفت از نمونه فابریک خود گوشی هم بهتر و با کیفیت و دوام‌تر است ,0
1907,نصب راحت و سرعت شارژ عالی پیشنهاد می‌کنم بگیرید ,0
1908,رضایت و قیمت مناسب ,0
1909,بد بو و بی‌کیفیت اصلأ نخرید ,1
1910,من با توجه به نظرات دوستان خرید کردم ولی تاثیر خاصی ندیدم یک خمیردندان معمولی بود ,1
1911,قیمت و کیفیت مناسب ,0
1912,من امتحانش کردم عدد آمپر واقعی هستش ,0
1913,اصلاً ارزش ندارد و بسیار بی‌خاصیت ,1
1914,من پیشنهاد می‌کنم از کرم سینره خرید کنند چون کرم‌های خارجی کیفیت ندارن عالی عالی ,0
1915,من این کابل را برای گوشی نوکیای خودم خریدم . ظاهرش این‌قدر خوب بود که گفتم بعد از خرید چند کابل قلابی بالاخره یک کابل درست و حسابی بدهستم رسیده ولی متاسفانه اینم اتصالی داره و مدام قطع و وصل می‌شود و مرجوعش می‌کنم . ,1
1916,کیفیت عالی و قیمت مناسب ,0
1917,دو ماه کار داد ,0
1918,برای دوربین دیجیتال کانن خریداری کردم اما کار نکرد چند تا دوربین کانن دیگر هم امتحان کردم اما کار نکرد ,1
1919,من کاملاً از الا را راضیم ولی از اینکه داخل مشخصات نوشته_بود پژ کاراملی روشن باغث شد من در خریدم اشتباه کنم و فکر کنم دارم رنگ روشنش را می‌خرم در صورتی که تیره‌ترین رنگ بود و به اشتباه داخل مشخصات نوشته روشن . چون الا را سه طیف رنگ داره یا پژ روشنه است یا بژ طبیعی و یا بژ تیره . که داخل مشخصات به اشتباه نوشته روشن ,0
1920,سلام کاور سیلیکونی اصلی نبود و کیفیت بسیار پایینی داشت ,1
1921,الان تازه انداختم روی گوشی ، حالا باید دید گوشی بیافتد محافظت می‌کند یا نه ، اما به نظر سفت و محکم می‌آید ، رنگشم باحاله است ,0
1922,خیلی عالیه و گوشی منو که Huawei mate عدد هستو در یک ساعت را ربع شارژ کرد . ,0
1923,من اصلاً راضی نبودم پس از استفاده دو هفته‌ای هیچ تاثیری در آن ندیدم . ,1
1924,رنگ مشکی خریدم خیلی زیبا هست ,0
1925,‌خانم‌ها توجه کنید که این یک لوسیون هست نه پاک‌کننده . بهتره است هر چیزی که می‌خرید قبل استفاده کامل روشو بخوانید چون با استفاده نادرست تاثیری نمی‌بینید و اطلاعات اشتباه می‌دهید برای همچین محصول خوبی . من این لوسیون را شبها بعد از شستشوی صورتم با شوینده به صورتم می‌زنم و صبح میشورم کلاً هم جوشا را خیلی کم می‌کند و هم زود خوب می‌شون . نه پوست را تیره می‌کند نه خشک . من تا حالا عدد تا استفاده کردم . دیجی کالا لطفاً از اسم کالا پاک‌کننده را حذف کن ,0
1926,عالیه ,0
1927,خیلی کابل خوبی هست سرعت بالایی هم داره ,0
1928,برای شستشوی روزانه و تازه شودن پوست عالیه ؛ به خصوص پوست چرب . ,0
1929,چیزی که به دست من رسید کاملاً متفاوته . ,1
1930,ممنون ار دیجی کالا برای ارسال سریع و جنس با کیفیت . ,0
1931,درود ,0
1932,خیلی سریع و کاربردی و قیمت مناسب ، تنها نقطه ضعیفش اینکه یک مقدار ضخیم و درنتیجه سنگین هست که در عوض امید میره بیشتر دوام بیاورد ,0
1933,کیفیت این سری نسبت به مدل‌های دیگه‌اش بالاتره است ولی قیمت شان متاسفانه خیلی رفت بالا !! ,0
1934,متاسفانه به پوست من نیفتاد … با این پوسته من چربه باز … خشک می‌کرد و پوسته پوسته می‌شد ,1
1935,عالیه . ضد ضربه خوش‌دست . در خریدش شک نکنید ,0
1936,من نمی‌دانم بقیه نظرات را کی نوشته از دستندرکاران خودشونن احتمالاً ولی حضار محترم یقیناً این را بدانن که این محصول هیچ کیفیتی ندارد فقط کلفت و سفت ساخته‌شده مثل دمپایی نیکتا اصلاً به نکات حساس کاور توجه نشد و خیلی زود یعنی یک هفته نشده رنگ کاور از بین میره این را بهتان قول می‌دهم دوم اینکه در مورد اثر اثر انگشتم واقعاً دچار مشکل می‌شوید سومم که سوکت شارژ فقط می‌توانم بگم نخرید ,1
1937,در رنج قیمت پایید ، کابلایی که می‌خریدم سریع با یک کشیدگی خراب می‌شودن ولی این کابل چون ضخامت بالایی داره و کلاً سفت و محکمه تا الان که دو ماهه هر روز استفاده می‌کنم خیلی خوبه است ,0
1938,من هم راضی هستم طراحی بسیار شیک خود شامپو هم خوش‌بو هست ,0
1939,بسیار خوش‌بو و قدرت نرم کنندگی فوق‌العاده نسبت به قیمت هم قطعاً ارزش خرید داره ,0
1940,جلد مناسب و با کیفیت و زیباییست ,0
1941,خوبه است . پوست و چرب نمی‌کند ,0
1942,کاور خوب . بسیار مناسب . پیشنهاد می‌کنم بخرید ,0
1943,بدون اغراق بهترین کرم ضدآفتاب برای آقایان هست که تا حالا از هرچی کرم ضدآفتاب که حتی چند برابر قیمت این را داشت بهتره است . یکی از انتظاراتی که من و بیشتر مردها از کرم ضد آفتاب داریم آینه که سریع جذب پوست بشود و هیچ اثری ازش روی پوست باقی نگذارد . که این کرم واقعاً تمام انتظاراتم را برآورده کرد . ,0
1944,درود . الیاف این مسواک بسیار نرم و لطیف هستن و برای کسانی که لثه‌های حساسی دارن گزینه بسیار مناسبی هست . ,0
1945,من یدونه قبلاً گرفته_بودم خوب بود باز هم گرفتم …عالیه ,0
1946,جنسش اصلاً خوب نیست بعد دو هفته خراب می‌شود ,1
1947,ظاهر شیک و قشنگه است ولی یک ماه هم کار نکرد و از چند جا شکسته_شد چون جنسش خشکه و به سختی از گوشی جدا می‌شود ,1
1948,خوبه است من رازیم ,0
1949,عالی از هر جهت ,0
1950,واقعاً ارزش خرید را داره ,0
1951,خوبه است که به این راحتی می‌شود ازش استفاده کرد ولی نخش اصلاً خوب نیست و زود شل می‌شود و یا از جا درمیره . اگر کیفیت نخش بهتر بشود می‌تواند وسیله خوبی باشد ,1
1952,دیروز این قاب دستم رسید اولش شک داشتم رنگ قرمزش را بگیرم چون در عکس دقیق مشخص نبود ولی وقتی دستم رسید قرمزش خیلی خوش‌رنگ بودش . ,0
1953,قیمت مناسب ,0
1954,کمتر از عدد روز کارکرد . الان بعد از وصل کردن چند لحظه شارژ می‌کند و قطع می‌شود . شارژر را با کابل دیگه‌ای امتحان کردم و سالم بود . کابل‌های یوگرین به مراتب بهتر و با کیفیت‌تر هستند ,1
1955,افتضاح ,1
1956,عالی ,0
1957,این ماسک برای مو‌های خشک و موج‌دار مناسبه است و به مو حالت می‌دهد من این محصول را به همراه یک شامپو استفاده کردم و دوستانم فکر کردند مو هایم را کراتینه است کردم فقط در استفاده از این محصول زیاده‌روی کنید چون اگر کم استفاده کنید نتیجه دلخواه را نمی‌گیرید ,0
1958,بسیار روغن ضعیفی است . مثل عسل سفته و به راحتی پمپ نمی‌شود . ,1
1959,لپ تاب عدد / عدد داخل قسمت مخصوص جا نشد در صورتی که در توضیحات تا عدد اینچی را مناسب اعلام کرده_است ,1
1960,یک هفته اس که خریدم و تا الان راضی‌ام ,0
1961,خیلی خوبه است ، شک نکنید ,0
1962,نسبت به قیمتش عالی هست . روکش کابل پارچه ایی هست و خود کابل خیلی نرم و عین حال مقاوم در مقابل کشیدگی ، له شدگی است . رسانایی هادی کابل عالیه . گلند خوب کابل باعث می‌شود تا محل اتصال کابل به کانکتور‌ها تکان نخورد و قطع نشه . کانکتور‌ها به خوبی و امن وصل می‌شون . ,0
1963,در یک‌کلام عالیه . ,0
1964,اصلاً شارژ نمی‌کند من که مرجوع کردم ,1
1965,با سلام ,0
1966,من از برندهای زیادی این محصول را داشتم . به نسبت همه شان این مارک چربی کمتری داره . بسیار سریع پاک می‌کند و چشم را تار نمی‌کند و نمیسوزونه . ,0
1967,آنقدر بد طعم است که بعد از بار دوم دیگر نتوانستم استفاده کنم ، تاثیر سفید کنندگی هم حتی یک درصد ندارد ، همانطوری ریختمش در فاضلاب ,1
1968,وظیفه خودم دانستم که بعد از خرید این محصول نظرم را راجب کیفیتش بگم ,0
1969,برای سوهان کشی ناخن بهتره است تا استفاده برای مانیکور را کاشت ,0
1970,در مدت کوتاهی که از این کابل استفاده کردم واقعاً از کیفیت و کاراییش راضی هستم . با اینکه طول زیادی داره ولی برای شارژ کردن گوشی موبایل به خوبی می‌تواند جریان زیاد را عبور بده . گوشی من باطری عدد میلی‌آمپر ساعت داره و با این کابل و شارژ رومیزی راو پاور مدل RP-UC عدد به راحتی و با سرعت مناسبی شارژ می‌شود . در تخفیف ویژه واقعاً قیمت مناسبی داره و من دو عدد خریدم . به نظرم بسیار بهتر از آینه که هر ماه یک کابل بی‌کیفیت بخرید که زود خراب بشود و حتی به باطری گوشیتان هم آسیب بزند . ضمناً به خاطر جنس روکشی که داره عمر سیم طولانی‌تر می‌شود چون از پیچ و تاب خوردن بیش از حد سیم جلوگیری می‌کند . ,0
1971,بعد از چند سال استفاده ، تجربه‌ی استفاده از این محصول را به اشتراک می‌گذارم . ,0
1972,بهترین ژل صورتیه است که مخصوص پوستای خشک و حساسه است ,0
1973,خیلی نازک هست ولی پاره نمی‌شود ,0
1974,خوب ,0
1975,کاملاً راضیم ممنون ,0
1976,سلام ، برای موهای من مناسب بود ، تمیزکنندگی بالا ، نرم کنندگی ، خشک نکردن موها ، راضی‌کننده است و فقط قیمیت زیاد است نسبتاً ,0
1977,جنس نامرغوب ,1
1978,بوی خیلی خوبی داره وقتی از استفاده می‌کنم احساس خنکی می‌کنم ,0
1979,خیلی عالی بود ,0
1980,زود جذب می‌شود ,0
1981,من موهایم موج داشت با استفاده این محصول موهای صافی دارم . ,0
1982,من خیلی ماسک استفاده کردم اما فریمن حرف ندارد هر مدلی که فکرش و کنید داره برای هر نوع پوست عالی عاشقشم تا حالا چند نوعش و استفاده کردم کم‌نظیر ,0
1983,از این میزان نرم کنندگی این مسک خیلی راضی‌ام ,0
1984,خیلی خوب و خوش دسته صدای چندانی هم ندارد و کار کردن باهاش راحته است در مورد شارژ نظر خاصی نندارم چون جدیدها استفاده می‌کنم در کل عالیه و مسواک زدن را لذت‌بخش می‌کند ,0
1985,این لاک پاک‌کن از لحاظ ارزش خرید بسیار اقتصادی هست و بسته بندی اش هم طوری هست که تا مدت‌ها قابل‌استفاده بوده و خشک نمی‌شوند . ,0
1986,پوست را نرم و لطیف می‌کند مخصوصاً بعد از حمام استخر یا شتش را با صابون مخصوص صورت ,0
1987,برای بارداری گرفتم هنوز نتیجه‌ای که ادعا می‌کند را نمی‌توانم بگم انجام می‌دهد واقعاً یا نه تا عدد ماه دیگر معلوم می‌شود . فعلاً از بسته بندیشو نرم کنندگیش را خوشبوییش راضیم . ,0
1988,کاملاً راضیم کیفیت بالا و سازگاری با پوست ,0
1989,خوبه است ,0
1990,قیمت کالا در زمان پیشنهاد شگفت‌انگیز مناسب هست از بابت جا دار بودن بسیار عالی ولی کیفیت پارچه خیلی ضعیفه و رنگ پارچه انگار آفتاب‌خورده و بور شده در صورتی که کالا آکبند بدهستم رسیده ,0
1991,من ازش خیلی راضی بودم هم وز موهایم از بین رفت هم بعد سشوار صاف شده البته برای هر مویی فرق می‌کند ,0
1992,خیلی گارد خوبیه است . من قبلاً سیلیکونی داشتم خیلی یوقور و سنگین بود گوشی . الان خیلی حس خوبی داره و طرح پشت گوشی هم دیده می‌شود که زیبایی خودشو داره . در ضمن ضخامتش آنقدر کم نیست که در صورت افتادن گوشی آسیب ببیند ,0
1993,رنگ پایش بنفش کمرگه ,0
1994,سلام تشکر خیلی زحمت کشیدید چند ماه گشتم ولی اصلاً نبود و یک‌دفعه تبلیغات شما را دیدم و فورا اقدام کردم ,0
1995,جذب پوست می‌شود چربی روی پوست نمی‌موند پوستم سیاه نمکنه ,0
1996,فقط تبلغاته ، من عدد روزه طبق راهنماش دارم استفاده می‌کنم هیچ تاثیری ندیدم ، پول دور ریختنه است ,1
1997,شاید اینکه برای بعضی‌ها حساسیت ایجاد کرده ، بخاطر آینه که جنسش بیشتر پلاستیکیه است تا پنبه‌ای . لایه جاذبش تقریباً صفره است و انگار یک پد پلاستیکی دارید استفاده می‌کنید ! ,0
1998,داخل کیف بسیار عالی هستش لپ‌تاپ من ux عدد هستش با اینکه لپتاپ کوچکی هست این کیف فیکس سایزش هست . ,1
1999,و قیمت شگفت عالی ,0
2000,من این را استفاده کردم خاصیت آبرسانی و مرطوب کنندگی عالی و بدون چربی و سبک مناسب ساختار پوست آقایان و رایحه عالی ، به سلامتی خود اهمیت بدهیم ,0
2001,خوب ,0
2002,قاب شیک و نازک و با کیفیتیه است ولی داخل عکس لبه‌ای دور دوربین هستش که در چیزی که بدهستم رسید خیلی لبه کوچکی بود و کمی دوربین از قاب بیرون می‌زند ، در کل قاب قشنگیه است برای مواقع خاص ، هیچ نوشته و لوگویی پشت قاب نیست و بسته بندی قشنگی داره . ,0
2003,عالیه ، همین که روی پوستم می‌زنم ، همان موقع احساس می‌کنم پوستم شاداب‌تر شده ، نسبت به قیمتش ، و مارکای گران قیمت عالیه ,0
2004,این قاب واقعاً عالی بود . من وقتی دیدمش تصمیم گرفتم برای همه‌ی ایفون دارهای دوروبرم هدیه بگیرم ,0
2005,مناسب پوست خشک و واقعاً عالیه ,0
2006,من موارد دیگر در دیجی را امتحان نکردم ولی قبلاً از جای دیگه‌ای چوب مسواک خریده_بودم که خیلی سفت و خشک بود نمی‌شد اصلاً نصفش کرد قطرش هم زیاد بود و استفاده ازش سخت بود ولی این چوب مسواک کاملاً تازه و نرم بود قطرش هم مناسبه است راحت می‌شود ازش استفاده کرد ، باز هم می‌خواهم ازش سفارش بدم ,0
2007,بعد یک ماه کلاً از کار افتاد ,1
2008,در مجموع عالیه ,0
2009,این کیف در پیشنهاد ویژه ارزش خرید بالایی پیدا می‌کند و واقعاً منو راضی کرد .. ,0
2010,دکمه پاور برای من شکست ,1
2011,در تخفیف عید خریدم امتحانش نکرده_بودم تا چند روز پیش تازه دیدم که اصلاً آن سایزی که در سایت نوشته نیست ولی باز خوبه است به کارم می‌آید ، دیگر چه بگم ,0
2012,وقتی باز کردم زمین تا آسمان با عکس فرق می‌کرد و مواد به کار رفته و پلتستیکش خیلی بدرد نخورد ، من از تامین کننده شبکه طلایی خریدم ، ,1
2013,فوق‌العاده زیبا و محکم . حس خوبی بهتان می‌دهد . ,0
2014,بااینکه ظاهرش قشنگ است ولی با شکلی که در عکس افتاده فرق دارد ,0
2015,این سومین باره که این محصول را استفاده می‌کنم به نظرم روی پف دور چشمم موثرتر از اوسرین و لیراکه . ,0
2016,نظری ندارم ,0
2017,بسیار عالی ,0
2018,ارزش خرید داره ,0
2019,عالی ,0
2020,از بوش زیاد خوشم نیومد حالا شاید من نسبت به بو زیاد حساسم ولی درکل وقتی هم به بدنم و صورتم زدم راضی بودم ,0
2021,در شگفت‌انگیز خریدم ، با توجه به قیمت کیفیت مناسبی داره ,0
2022,خیلی کوچکه است ,1
2023,من چند تا از این مدل برای مغازه خریدم که البته رنگ مشکیش قشنگتر از سفیدش بود . از این مدل‌های اتومات هست و چند ثانیه آبو اتوماتیک اسپری می‌کند ,0
2024,کلاً خوب هست ,0
2025,اسکراب خوب با دانه‌های خیلی ریز و ملایمی هست ، پوستم مختلطه است و حساس . بدون خشک کردن ، پوست تمیز و اسکراب می‌کند . حس طراوت می‌دهد ، از خریدش راضیم . ,0
2026,حتی‌های کپی هم نیست و سنسور ندارد و مثل یک کیف معمولی هست که دربش نیمه شفافه است و البته از روی درب هم صفحه کار نمی‌کند ,1
2027,نسبت به قیمتش کیفتیش عالیه و این‌که کاملاً فیکس گوشی می‌شود ,0
2028,من مدت هاست از این شامپو استفاده می‌کنم و همین جام باهاش آشنا شودم و تازه دوتا دیگر هم ازش خریدم . ,0
2029,قاب خیلی خوبیه است نسبت به قیمتش خوبه است ، ضربه‌گیر خوبی هم هست ، ولی یکم صدا را ضعیف می‌کند و اثر انگشتو سخت‌تر شناسایی می‌کند ,0
2030,اصلاً خوب نیست از خریدم پشیمان شودم ,1
2031,آستر خیلی تمیز دوخته شده . هر سه زیپ بزرگش از عقب و جلو با ابر محافظت می‌شون . زیر محفظه لپ‌تاپ و همچنین کف کیف ابر نازک قرار داره . لپتاپ عدد ٫ عدد اینچ قشنگ جامیشه است . جا برای کول پد هم هست . ,0
2032,به نسبت قیمتش عالیه ,0
2033,خیلی خوشبو هست و موندگاری عطرش روی مو نسبتاً زیاده ,0
2034,با عدد تا کابل تست کردم فقط شارژ می‌کند به کامپیوتر وصل نمی‌شود ,1
2035,اگر اسکراب استفاده می‌کنید در پیشنهاد ویژه قیمت‌اش خیلی مناسب هست ,0
2036,امروز بدهستم رسید . قاب سبک و خوش‌فرم و زیبایی هست . خصوصاً اینکه پشتش گلس بود وجنسش مثل قاب پشتی خود نوت هشت . تنها ایرادی که می‌شود گرفت آینه که ممکنه اگر مراقب نباشید و بیفته است گوشی خیلی در امان نباشد و به فنا بره . البته پشت قاب هم که شیشه‌ای هست احتمالاً خش پذیر باشد . ,0
2037,واقعاً شامپوی خوب و به صرفه ایه و کیفیتشم عالیه . به موهای من که چربه به شدت می‌سازد و باید در نظر داشت که به هر حال برای سر هر کسی چیز خاصی مناسبه است و باید امتحان کرد تا فهمید چه به آدم می‌خورد . ,0
2038,من این را با قیمتی عالی از دیجیکالا خریدم این‌قدر لذت بخشه که کالای اورجینال و با کیفیت را با قیمت ارزون‌تر از مدل‌های غیر اصلی می‌خری من که راضییم مرسی دیجیکالای عزیز انشاالله چهانی بشوی ,0
2039,برای موهای من که خوب نبود . کامل خشک کرد ,1
2040,از این صابوت خوشم آمد ,0
2041,با توجه به این آشفته‌بازار در خریدش عجله نکنید . نم شش بسته گرفتم در کل خوبه است و کار راه‌انداز . پس الکی پول جا مارکای معروف و گران ندهید ,0
2042,من از این کرم راضیم ولی به عنوان یک مرطوب‌کننده که قبل خواب استفاده بشود ، ولی با اینکه سنم کمه تاثیری در جوانی پوستم نداشت پس به عنوان یک کرم ضد چروک نمی‌شود بهش نگاه کرد و به نسبت قیمت بالایی داره . به پوستم خیلی می‌سازد سریع جذب پوست می‌شود پوست را کمی روشن می‌کند . سری قبلی که خریده_بودم رایحه نداشت ولی این سری یک رایحه‌ی خیلی ملایم خوشبو شبیه بوی سیب بهش اضافه‌شده که دلپذیره است . ,0
2043,خوشبو و تمییز می‌کند ضد باکتریه است و درکل خیلی خوبه است ,0
2044,سلام دوستان . درمورد این شامپو باید بگم یک شامپوی زد شوره عالی هستش تنها شامپوییه است که دارم ازش نتیجه می‌گیرم حتماً بخریدیش و همه‌اشم از همین مصرف کنید تا بهترین نتیج را ازش بگیرید یک توصیه اینکه حتماً دوتا ازش بخرید تا وسط درمانتان وقفه ایجاد نشه که مجبور شین از شامپویی دیگر استفاده کنید بعد دوباره این را تهیه و استفاده کنید برای شوره عالیه شک نکنید خوشحالم که به کالای ایرانی اعتماد کردم زنده‌باد ایرانم ,0
2045,بسیار عملکرد خوبی داره وخیلی پوست را تمیز می‌کند ,0
2046,امروز رفتم از پست تحویل گرفتم ,0
2047,از هر نظر عالی . من که خیلی رازی هستم ,0
2048,تازه از دیجی کالا خریدمش بنظرم از خریدش پشیمان نمشید که خیلی راضیم ,0
2049,خوبه است واقعاً گرچه گرونه است ,0
2050,سلام ,0
2051,تازه دستم رسیده و فعلاً راضی‌ام ,0
2052,خیلی خوب و با کیفیت ، سرعت شارژ هم از کابل خود ایفون خیلی بهتر ,0
2053,خوب ,0
2054,با دکمه‌های صدا و پاور نمی‌شود کار کرد ,1
2055,یعنی نمی‌شود شانه کرد حیف پول خیلی بد بوود ,1
2056,من‌ی رنگ سفارش دادم و‌ی رنگ دیگه‌ای تحویل گرفتم ,0
2057,محافظ عالیه برای گوشی خیلی خوبه است ولی خیلی خیلی سخت از گوشی جدا می‌شود . در کل پیشنهاد می‌شود حتی هدست و شارژر هم به راحتی از سوراخ‌ها رد می‌شود ,0
2058,کلاً پیشنهاد می‌کنم خرید کنید چون تنها قابی هستش که تا الان خریدم و راضی هستم ازش ,0
2059,این کابل فوق‌العاده با کیفیت و با جریان عبوری بالای عدد آمپر مخصوص شارژهای قوی و ولتاژ بالا هستش ، پیشنهاد می‌کنم جنس با کیفیت مثل این را تهیه کنید و با خیال راحت استفاده کنید . ,0
2060,جنس اصلی و با کیفیت مرسی دیجی ,0
2061,حدود عدد ساله استفاده می‌کنم از این کابل و هیچ‌گونه خرابی پیدا نکرده و بسیار با کیفیت و مناسب جهت fast charge عدد ٫ عدد A ,0
2062,من صورتیش را گرفتم بسیار خوش رنگد از عکس زیباتر هست و جنس خوبی داره اگر قسمت پایینی گوشی هم کاور داشت خیلی بهتر می‌شد ,0
2063,برای گوشی ایسوزم نیاز به کابل برای کوییک شارژ داشتم هر ماه یک کابل می‌خریدم و مدام یا خراب می‌شودن خودبخود یا از همان اول نمی‌خورد ، الان یکسال هست این کابل را خریدم و دیگر نیاز به هیچ کابلی ندارم ، از کابل فابریکش هم بهتر بود ، سریع شارژ می‌کند و کیفیتش را حفظ کرده بعد از یکسال ، برای منی که تا قبل از این ده دوازده تا کابل خریدم و هیچکدوم خوب نبود این یک نعمت بود . ممنون از دیجیکالا و دوستانی که نظر دادن ,0
2064,پیشنهادمیشه عدد کرم دست صورت که به نسبت بقیه کرمهااوکی‌تر هست جذب پوست می‌شود ,0
2065,شیک و مقاومه است ,0
2066,نویز ,1
2067,واقعاً بوی خوبی داره اما چون پمپش خراب بود من برگشت ندادم چون دردسر داره ,0
2068,من پوست خشکی دارم و این دستمال مرطوب تنها محصولی که پوست من حساس نکرد و باعث سوزش و حساسیت نشد ، عالی بود ,0
2069,خوشبو و ماندگار ,0
2070,خیلی خوبه است کاور خیلی خوبی داره اصلاً روی پوست نمی‌ماسد و سریع هم جذب می‌شود ,0
2071,این ماسک به صورت ورقه‌ای از پوست جدا می‌شود که روی پوست من‌بعد از بیست دقیقه جدا شد و از پوستم لایه‌برداری خوبی کرد ,0
2072,اصلاً کارایی خوبی ندارد مخصوصاً موقعی که باتریش ضعیف می‌شود و اینکه یک کمی فشار می‌آری سوهان نمی‌کند . ,1
2073,این کرم برای پوست‌های گندم گونه و پوست‌های خشک فوق‌العاده س ,0
2074,همه جای گوشی را پوشش می‌دهد و ظاهر خیلی زیبایی داره ، من رنگ صورتیش را سفارش داده_بودم باز هم رنگای دیگش را سفارش می‌دهم ، واقعاً عالی بود ممنون دیجی کالا ,0
2075,من عدد تا از این usb خریدم برای خودم و برادرم . اولش خیلی خوشم آمد از ظاهرش و اینکه به نظر میومد یک چیز عمری باشد . اما در نهایت تعجب یکی از usb‌ها بعد از عدد ماه کار کردن سیمش از قسمت فیشش قطع‌شده . به طوری که آن قسمت را تکان می‌دهم ، قطع و وصل می‌شود . در حالیکه حتی در این مدت هم دائماً استفاده نمی‌کردم ، برای پاور بانکم گرفته_بودم . در واقع یعنی بعد از حدود عدد و عدد بار استفاده خراب شد . اصلاً پیشنهاد به خریدش نمی‌کنم . در این سطح قیمتی برای یک کابل usb واقعاً انتظار نمی‌رود که اصلاً خراب شه ، چه برسه به اینکه بعد مدت به این کوتاهی خراب شه … . ,1
2076,پیشنهاد صد در صد خیلی خوشگته ,0
2077,از نظر اقتصادی کاملاً به صرفست نسبت به تکی خریدن ,0
2078,پیشنهاد نمی‌دهم ,1
2079,تنها این‌که اگر می‌خواهید دو متریش را بگیرید که همه جوره دیگر کافی باشد برایتان وگرنه کیفیت و هرچیزی که می‌خواهید از یک کابل با کیفیت داشته_باشید را این کابل داره ,0
2080,من امروز از کرم ضدافتابه خاویار استفاده کردم ، خیلی عالی جذب شد و چرب هم نیست . نکته جالب اینکه جز محصولات تولیدی شرکت مینو فامالوژی که از قدیم نماینده لانکوم در ایران بوده . حتی لوگو روی کرم هم لوگو لانکوم که احتمالاً تحت لیسانس لانکوم تولیده می‌شود ( اطمینان ندارم البته ) . خرید را توصیه می‌کنم ,0
2081,بسیار با کیفیت و دارای قدرت پاک‌کنندگی بالایی هست . کاملاً ضد شوره و رایحه خیلی خوبی هم داره ,0
2082,هر چه از خوبیش بگم کم گفتم ,0
2083,من اصلاً انتظار نداشتم این‌قدر خوب شارژ کند ، عالی بود . در خریدش شک نکنید ,0
2084,اصلاً توصیه نمی‌شود ,1
2085,بعد از عدد سال استفاده هیچ فرقی با روز اولش نکرده . داخل خریدتان شک نکنید ,0
2086,من دو ساله که هر شب از این فوم استفاده می‌کنم ، پوست را لطیف می‌کند به هیچ وجه خشک نمی‌کند بعد از شستشو پوست صورتم روشن‌تر می‌شود ، راضیم .. ,0
2087,از معدود جاهایی که این کالا را بصورت اورجینال می‌فروشن دیجی کالاست .. بخرید و لذت ببرید ,0
2088,دو بار به گوشی زدمش آن هم با فشار ,1
2089,عالی ولی قیمتش یکم زیاد بود ,0
2090,از خریدم بسیار راضیم من گوشیم s عدد plus هست که کاملاً با فست شارژ سازگاری داره واقعاً راضیم ,0
2091,تاثیری نداشت ,1
2092,انتظارم بیشتر از این بود ,1
2093,والله من این محصول را حدود عدد هفته ست دارم استفاده می‌کنم ، ولی هیچ تغییری حس نکردم ، هیچ سفیدکنندگی ای در کار نیست ، نمی‌ارزید به خریدش ، ابداً توصیه نمی‌کنم ,1
2094,چند سال هست که از لوسیون بدن‌های اسپانول استفاده می‌کنم . این مدلش را برای اولین بار گرفتم . بو و غلظت خوبی داره . ولی برای پوست‌های نرمال مناسبه است . من که پوستم خشکه زیاد روش اثر ندارد . مگر آینه روزی عدد یا عدد بار استفاده کنم . مدل لیفتینگ آبی رنگش برای پوست‌های خشک عالیه . ,0
2095,باسلام . بر خلاف این همه نظر مثبت باید بگم جنس این کابل مثل کابل‌های ارزان‌قیمت است ,1
2096,اصلاً شارژ نمی‌کند به عبارت دیگر سرعت شارژ گردنش از سرعت مصرف موبایل در حالت عدم کارکرد کمتره است با چند تا شارژر امتحان کردم خریدنش پول دور ریختنه است ,1
2097,خیلی زیباست فقط کمی بوی پلاستیک و نفت می‌داد که شستمش خوب شد بوش رفت و عالی ,0
2098,سالم و بدون ایراد ,0
2099,کاور بسیار بی کیفیتی هستش و قسمت کلید‌ها جوری طراحی شودی که با کوچکترین فشاری صفحه قفل یا باز می‌شود و دکمه‌های تنظیم صدا مدام فشرده_می‌شوند . ,1
2100,قیمت و کیفیت خوبی داره نسبت به محصولات مشابه ,0
2101,کیفیت خوب ,0
2102,واقعاً بدرد نمی‌خورد و کلاً انداختمش دور بدون حتی یکبار استفاده ,1
2103,استفاده نشده فعلاً ,1
2104,متاسفانه دقت نکردم و اشتباه سفارش دادم فکر کردم ی سر usbCداره ولی آن سر‌های مثل اژدهاش به هیچ دردی نمی‌خورد ,1
2105,صبح که بیدار میشم پوستم شفاف و لطیفه . دومین باره که می‌خرم و چون سی سالمه مناسب سن من هست و کرم سنگینی نیست ,0
2106,من به توصیه یکی از دوستانم این محصول را خریدم . پوست صورتم با اینکه چرب هستش اما بعد از شوستند خیلی خشک می‌شد وقتی این کرم را می‌زنم دیگر حالت خشکی را ندارد حتی قبل از اینکه کرم پودر بزنم قبلش این کرم را می‌زنم و کرم پودر راحت روی پوست صورتم می‌خوابد درکل عالی بود و احساس می‌کنم پوست صورتم هم بهتر شده هم شاداب . ,0
2107,من سال هاست از این محصول استفاده می‌کنم عالیه خیلی خوبه است آب‌رسان قوی و خوش‌بو . ,0
2108,خیلی خوب و با کیفیته است و بهترین کابلیه است که داشتم ، تنها نقطه ضعفش انعطاف‌پذیری پایینشه است که آن هم در مقابل کیفیتش به چشم نماد ,0
2109,اینکه گفتم پیشنهاد نمی‌کنم ، به خاطر گزینه‌های محدود دیجی بود . ,1
2110,تا تاثیر روی پوست باید صبر کرد ,0
2111,خوب ,0
2112,بنظر من حتماً یکبار امتحانش کنید چون بسیار کارامد و مفیده است ,0
2113,خیلی شیک و زیباست و البته سبک ! و بخاطر داشتن بندهای مختلف می‌توانید هم به عنوان کیف اداری استفاده کنید و هم کوله‌پشتی ! اما محفظه لپ‌تاپ بسیار کوچکه است و اصلاً لپ‌تاپ عدد اینچی داخلش جا نمی‌شود و حتی خیلی کوچک‌تر ! به نظرم دوخت مستحکمی ندارد . برنزتش جاذب گرد و خاک و کرک لباسه است ! ,1
2114,واقعاً خوب بود یعنی بعد یکی دو بار استفاده تاثیرش کاملاً محسوسه است ,0
2115,سلام ,0
2116,کیفیت مناسب ,0
2117,واقعاً اسکراب عالیه من الان نزدیک عدد ماهه دارم استفاده می‌کنم هم صورتم را نرم وشفاف کرده هم جوشای صورتم را کم کرده هم منافذ صورتم را بسته هم جوشای سرسیاهو داره از بین می‌برد واقعاً پیشنهاد می‌کنم بخرید عالیه . ,0
2118,من لپ‌تاپ msi دارم برای لپ‌تاپ عدد ٫ عدد اینچی گرفتم ولی خوب فضا کم نیوردم مقداری از سایزدلپ تاپ گیمینگتون کیف باید بزرگتر باشد چون گیمینگ کلاً بدنه ضخیمی داره ,0
2119,خیلی بوی خوبی داره و زیاد کف می‌زند ,0
2120,دقیقاً اندازه و فیت ، بیشتر از عدد ماه است استفاده می‌کنم ولی کوچکترین مشکلی ندیدم ، رنگ ثابت ,0
2121,من مدتیه است این شامپو را استفاده می‌کنم ، واقعاً خیلی راضی بودم . با یک پامپ کلی کف می‌کند و تمیزکنندگی خیلی خوبی داره . من بیشتر برای خارش کف سر گرفتم ، بعد از چند وقت استفاده خارش کف سرم برطرف شد و ریزش موهایم خیلی کمتر شد . بوی خیلی خوبی داره و حجم زیادش واقعاً به صرفه اس . اگر موجود بشود ، من باز هم ازش می‌خرم . ,0
2122,خوب بود ,0
2123,با سلام ,1
2124,نسبت به قیمتش کابل خوبیه است و از فست شارژ سامسونگ پشتیبانی کرد ,0
2125,این محصول واقعاً عالیه ,0
2126,من از اینکه چراغ داشت خوشم میومد .. منتها وقتی تحویل گرفتم وصل کردم سری آیفون قطع و وصل می‌شد و مشکل داشت خیلی افتضاحح ,1
2127,حجم محصول خیلی کمه که نسبت به کرم‌های قبلی سی گل این قیمت‌گذاری غیر منطقیه می‌شود با یک چهارم این مبلغ همان کرم سی گل‌رو با حم عدد گرفت ,1
2128,دستکش خیلی خوبیه است ، من برای اگزما دست همسرم گرفتم ، خیلی جواب داد ، ولی فقط دو تا دانه داره توش ، سایزشم خیلی بزرگه است یعنی برای کسانی که دستاشان بزرگه است هم جوابه کاملاً ,0
2129,کلاً ازش راضیم چندمین باریه است که می‌خرم من که پوستم حساسیت می‌دهد به بعضی محصولات کلاً از نوکس خیلی راضیم چرب و سنگین هم نیست ,0
2130,برای تثبیت رنگ مو واقعاً خوب هست و باعث ماندگاری رنگ می‌شود ,0
2131,خیلی ضخیمه است نخش دندان پر کرده داشته باشید آسیب می‌زند به ترمیمتان ,1
2132,ساخت ایران همیشه بهترین است . ,0
2133,فعلاً نمی‌توانم نظری بدم . بعد از سه چهار ماه استفاده و گرفتن نتیجه مورد نظر می‌شود اظهار نظر قطعی کرد . بوی روغن زیاد جالب نیست و بسته بندی برای روغن می‌توانست بهتر باشد که بتوان راحتر از روغن استفاده کرد . ,0
2134,خیلی موهای رنگ‌شده را نرم می‌کند و شوره نمی‌زنید ,0
2135,مفید عدد هفته کار نکرد و سر میکرو usb از سیمش جدا شد . در آن عدد هفته هم مدام قطع و وصل می‌شد ,1
2136,برای استفاده روزانه عالیه و طعم خوبی هم داره ,0
2137,نسبت بنابه هادربازار ، ازکیفیت خوبی برخورداراست ! ,0
2138,ظاهری زیبا و نسبتاً انعطاف‌پذیری خوبی داره . ,0
2139,من تقریباً یک ماهه که این روغن را از دیجیکالا خریدم ، طبق دستورش روزی دو بار استفاده کردم ، پوست خشکی دارم و پوست را نرم می‌کند چون خوب بلخره روغنه است دیگر ، اما صورتم پر از جوش‌های ریز ریز و حتی درشت شده ! برای اینکه مطمئن بشم علت جوش‌های صورتم این روغنه است یا چیز دیگر ، چند روز استفاده از روغن را قطع کردم ودیدم پوستم بهتر شد و مجدداً که شروع به استفاده کردم دوباره جوش زدم ! اصلاً به درد صورت نمی‌خورد ! ممکنه کارایی‌ای مثل از بین بربردن لک داشته باشد اما اصلاً نمی‌ارزد چون درطول درمانش باعث کلی جوش می‌شود حتی برای کسی مثل من که پوست خشکی دارم ,1
2140,توصیه می‌کنم خیلی با کیفیت و عالی هست . ,0
2141,قیمتی ندارد و برای کم کارکردها بسیار عالی ,0
2142,کاملاً پشیمان از خرید شودم ,1
2143,تمیزکنندگی و حالت دادنش مناسبه است ، پیشنهاد می‌کنم . ,0
2144,الان سه هفته سرراه است که به دستم رسیده و ازش دارم استفاده می‌کنم به نظرم به معنای واقعی کابله است عدد آمپرست و عالیه جنسش هم خوبه است اتصالات جلو سر و تهش هم خوبه است و اگر درست نگاه داشته بشود عمرش خوبه است فکر کنم به نظرم با این قیمت ارزشش‌خیلی خوبه است البته من در پیشنهاد ویژه گرفته‌بودم ,0
2145,کیفیت عالی وخریدآسان ,0
2146,راضی هستم ,0
2147,این بار دومه که ازش می‌گیرم واقعاً خوبه است هم سبکه است هم برای موهای آسیب‌دیده خیلی مناسبه است ,0
2148,از نظر من خوب بود . یک مقدار چرب هست که برای موهای خشک مناسبه است ,0
2149,نسبت به قیمت خرید بسیار عالی و شیک ,0
2150,خیلی عالیه ، و فوق‌العاده خوشبو ,0
2151,به ظاهر با کیفیت اما به شدت بی‌کیفیت ,1
2152,خوب بود نسبت به قیمت و کیفیت خوبی داره بوی خیارش خیلی خوشبوه است ,0
2153,پیشنهاد می‌کنم ,0
2154,این کابل محکم و با کیفیت ساخته‌شده ، و برای انتقال فایل هم سرعت خوبی داره ، اما از Adaptive Fast Charging سامسونگ پشتیبانی نمی‌کند . ,0
2155,خوبه است سریع جذب پوست می‌شود ,0
2156,بعد از دو سه روز استفاده خیلی دیر شارژ می‌کند . به درد نمی‌خورد اصلاً ,1
2157,پیشنهاد نمی‌کنم ,1
2158,قیمتش بالا بود و کیفیتش معمولی بود ,1
2159,متراژش هم استاندارده است ,0
2160,این کالا با گوشی‌های سامسونگ سری S همخوانی ندارد و این موضوع در توضیحات کالا ذگر نشده_بود ,1
2161,افرادی که به دلیل رنگ موی ضعیف دارند ,0
2162,برای بار دوم هست که سفارش دادم اما هنوز نرسیده ,0
2163,شامپوی با کیفیتیه است برای استفاده یک تا دو روز ,0
2164,پاک‌کنندگی و بوی خیلی خوبی داره . ,0
2165,در پیشنهاد ویژه خریدم واق‌ها تاتیر گزار بود ,0
2166,درست ,0
2167,کاملاً راضی‌ام . خیلی عالیه . فوق‌العاده ست . صورت را آبرسانی می‌کند بدون اینکه احساس چربی کنید و خیلی سریع جذب می‌شود و باعث جوش نمی‌شود . حتماً پیشنهاد می‌کنم . ممنون دیجی کالای عزیز ,0
2168,سلام از دیجی کالا می‌خواهم این محصول داخل فروش ویژه بزارد ,0
2169,بهترین سیمی هست که من تا حالا داشتم و من خیلی سیم خریدم و امتحان کردم و این بهترینه بین همه شان ,0
2170,من از استفاده این کرم خیلی راضی بودم . زود جذب می‌شود و خیلی پوست را نرم و لطیف می‌کند ,0
2171,با اینکه پوستم خشکه ولی خیلی خوب مرطوب شد ,0
2172,خیلی خوب بود ولی یکم کوچکتر از عکسش هست . ,0
2173,هیچ تاثیر خاصی ندیدم ,1
2174,یک ناخن‌گیر که این همه تعریف کردن ندارد . فکر کردم چیست این‌قدر کامنت داره . همان کاری را می‌کند که یک ناخن‌گیر باید بکند ,0
2175,موها را خیلی نرم می‌کند و بوی خوبی داره … زمانیکه موها یک کم رطوبت داره استفاده کنید و بزارید مو خشک بشود . پیشنهاد می‌کنم بخرید ,0
2176,با عکسش خیلی فرق داره پشتش یک حالت پارچه‌ای نرم داره ، خوبه است ولی اصلاً براق نیست ,0
2177,من پوست مختلط دارم یعنی هم منافذ باز دارم هم اینکه پوستم شدیداً خشکه و اگر مرطوب‌کننده نزنم احساس کشیدگی می‌کنم داخل پوستم … .. هربار صورتم را با شامپو یا صابون می‌شوستم بعدش پوستم شدیداً خشک می‌شد و دو سه بار باید مرطوب‌کننده می‌زدم اما این محصول اصلاً پوستم را خشک نمی‌کند و خیلی نیاز به مرطوب‌کننده ندارم . ,0
2178,دیگران گفتن مو را خشک می‌کند ، درسته ,1
2179,من فروشنده را مانلی انتخاب کردم آن هم به خاطر درصد رضایت بالایی که به این فروشنده داده‌شده و خوشبختانه کاور اصلی برایم فرستاده_شد . ,0
2180,با این قیمت عالیه کلاً محصولات فیروز عالی هستن هم از نظر قیمت هم از نظر کیفیت با محصولات خارجی گران قیمت برابری می‌کند با افتخار محصول ایرانی را استفاده می‌کنم از دیجی کالا تقاضا دارم همه محصولات فیروز را موجود کنن وقتی ما همچین محصول خوب داخلی داریم چرا باید از محصولی مثل جانسون و غیره استفاده کنیم کاش همه محصولات ایرانی همینطور با کیفیت و ارزان بودن ,0
2181,کیفیت عالی قیمت مناسب ,0
2182,من خودم کارشناس ارشد پوست و مو هستم ، وقتی این محصول را دیدم و نظرات را راجع به این محصول خواندم یکم در خریدش تردید کردم ، اما با توجه به اینکه دیدگاه‌ها و انتظارات افراد با هم متفاوت هست باز هم سفارش دادم و واقعاً خوشحالم از خریدش ، استفاده از این محصول بسیار راحته است و به راحتی هم شسته می‌شود ، بوی بدش به علت روغن زیتونی هستش که داره و بوی روغن تصفیه نشده_است در نتیجه با اطمینان می‌توانید ازش استفاده کنید و خاطرجم باشید که بعدش دچار خشکی ناشی از لایه‌برداری نمی‌شوید ، دوم اینکه پوست را به شدت نرم و لطیف می‌کند به علت اینکه به خوبی لایه شاخی شده اپی درم را برمی‌دارد و این یک حسنه که موجب می‌شود بعد از این محصول هر نوع کرم و محصول مراقبتی استفاده کنید به نحوه احسنت جذب پوستتان می‌شود ، نکته اینجاست که افرادی که دارای پوست خشک و حساس هستن بهتره است هفته‌ای یکبار استفاده کنن اما افراد دیگر به راحتی دوبار درهفته را می‌توانن مصرف کنن ، حین ماساژ دادن قرمز شودن و گرم شودن پوست هم کاملاً طبیعی هستش و بعداز چند دقیقه از بین میره ، به عنوان یک محصول در کنار محصولات مراقبتی دیگر توصیه‌اش می‌کنم ، اما اگر صرفاً به همین محصول اکتفا کردید برای پوستتان و انتظار معجزه دارید باید بگم سخت در اشتباهید ! ,0
2183,بسیار عالی ,0
2184,تعییر خاصی در پوست ایجاد نمی‌کند و حتی رنگ کدری به پوست می‌دهد و بوی بدی هم داره ، ولی قیمتش مناسبه است ! مدل blackhead clearingهمین مارک خیلی بهتره است . ,1
2185,سرم ولنسی واقعاً به نسبت قیمتش عالیه و چیزی کم ندارد من قبلاً محصولات مورد استفاده می‌کردم ولی محصولات ولنسی با توجه به قیمتشان عاالین ,0
2186,خیلی روغن خوبیه است . دردهای عضلانی ، کوفتگی و قولنج را خیلی زود آرام می‌کند . من از خریدش راضیم . پیشنهاد می‌کنم تجربه کنید ,0
2187,جنسش عالیه ولی توجه داشته_باشید که خیلی کوتاهه است ,0
2188,خلاصه بگم فوق‌العاده بی‌کیفیت طوری که وقتی بدهستم رسید سوکت باد کرده و شکسته_بود و بعد از یک ساعت که به شارژر متصل بود کمتر عدد درصد شارژ شد . در کل پولتان را دور نریزید ,1
2189,فوق‌العاده خوش‌بو و با قدرت پاک‌کنندگی بالا و موثر . و بدون ایجاد حساسیت . ممنونم همسرم . ,0
2190,خوب و به صرفه ,0
2191,من این را برای ps عدد گرفتم ,0
2192,خیلی خوبه است . حس خوبی به آدم می‌دهد . پوست را کاملاً نرم و خوشبو می‌کند . ممنون دیجی ,0
2193,من که خیلی خوشم آمد ارزش داره چون در بازار پیدا نکردم اصلاً برچسب پشت فقط از آن چیزی که در عکس می‌بینی آبی تره ولی خوشگله است ,0
2194,وقتی زدم پشت گوشیم بعد زدم شارژ ، گوشیم خیلی داغ کرد . آنقدر که ترسیدم و کندمش ,1
2195,اصلاً خوب نیست اصلاً پیشنهاد نمی‌کنم پولتان را دور نریزید … ,1
2196,هم خوشبو هست هم پوست را خشک نمی‌کند ,0
2197,عالی ,0
2198,روی پایه شارژ گوشی خوب قفل نمی‌شود یعنی با یک تکان راحت از جای خودش در می‌آید و نکته بد دیگر اینکه سیم خیلی خشکه و انعطاف‌پذیر نیست و آن حالتی که داخل بسته‌بندی به خودش گرفته به راحتی باز نمی‌شود ,1
2199,باسلام . کسانی که دودل هستن ، شک نکنن و همین کابل را بخرن . چون بسیار با کیفیته است و خوب چفت می‌شود و اینکه قطر کمی که داره باعث می‌شود بهتر انعطاف‌پذیر باشد . ولی خوب طول آن از طول کابل‌های دیگر که حداقل عدد متر هستن کمتره است و حدوداً عدد سانت بیشتر نیست . ,0
2200,غلظت بالایی داره و بوی خوشایندی داره . من حس خوبی ازش می‌گیرم قبلاً از شامپو بدن شان استفاده می‌کردم . این نسبت به آن عالیه ولی حجمش کمه فقط . در کل ارزش خرید را داره ,0
2201,عالی ,0
2202,من پوست شدیداً حساس و اتوپیکی دارم ,0
2203,کرم خوبی است ,0
2204,خیلی خوب و جاداره است و زیبایی و ظاهرش از عکس هم بهتره است حتماً پیشنهاد می‌کنم ,0
2205,اصلاً شارژ نمی‌کند . به زور چند درصد شارژ می‌کند ,1
2206,خیلی کرم پای خوبیه است چند شب پشت هم بزنید پاتان می‌شود مثل پای بچه : ) ,0
2207,طبق بررسی‌های دیجیکالا این کابل یو اس بی سه بودش اما بهد خرید و باز کردن این محصول متوجه شودم یو اس بی عدد هستش … ,1
2208,خوبه است ، دقت داشته_باشید از هفته اول استفاده به بعد تاثیر خودشو می‌گذارد ,0
2209,بی کیفین و اندازه گوشی نبود ,1
2210,نقطه‌ضعف داره ولی این‌قدر داخل نقطه‌های قوتش خوب عمل کرد که ننوشتمش ,0
2211,ترک پا و زبری پوست را سریع‌ها برطرف می‌کند . خیلی عالی بود . ظرف مدت عدد ساعت پوست را یک بهبودی رفته . ,0
2212,خوب بود ، راضی بودم ,0
2213,من شگفت‌انگیز خریدم بوی زیاد ولی شیرینی داره و تا سال عدد هم تاریخ داره ,0
2214,من برای بار چندم این محصول فوق‌العاده را می‌خرم و بعد از هربار استفاده از نتیجه کار وااقعا لذت می‌برم ,0
2215,بسیار عالی هست ,0
2216,کابل خوبی جنس خوبی داره مثل بقیه کابل‌ها نیست که سرعت کم کند ,0
2217,این محصول کرم مو هست اما باید بعداز استفاده از شامپودر حمام زمانی که موها خیس هستند . به ساقه‌ی مو زده‌شده و عدد تا عدد دقیقه شانه زده بشود و بعد ابکشی بشود ، تاکید می‌کنم باید ابکشی بشود . منکه است خیلی راضی‌ام و البته با عدد درصد اف خریدمش ,0
2218,سلام ,0
2219,من قبلاً گرفتم . رقیق نبود و بسیار عملکرد خوبی داشت . بوی خوبی داره و خنکه است . ,0
2220,به شدت صورتم جوش می‌زد و برای رفع جوش‌ها همه کار کردم . ,0
2221,کاملاً اندازه گوشی و کیپ هستش ,0
2222,من دو سه ماهه استفاده می‌کنم با آب هیچ فرقی نمی‌کند الکی پولتان را دور نریزید ,1
2223,خیلی حجم کمی داره و با یک فشار کلی سرم ازش می‌آید بیرون ! هیچ بویی ندارد ولی اثرگذاریش خوبه است ,0
2224,داخل شگفت‌انگیز واقعاً ارزش خرید داره ، من دومین بسته_است که مصرف می‌کنم ,0
2225,خیلی عالیه هرچی بگم کمه ,0
2226,خیلی عالی است ,0
2227,بسیار مناسب ، از دیجیکالا متشکرم ,0
2228,من در شگفت‌انگیز یک سوم قیمت عدد تا سفارش دادم ولی کاش بیشتر می‌گرفتم عالی عالیه حس خوبی موقع مسواک زدن می‌دهد کلاً هیمالیا یک کارخانه هندی هست که تخصصش تولید محصولات دارویی صددرصد گیاهیه است من قرص ضدچربیش را چندساله مصرف می‌کنم ولی نمی‌دانستم خمیردندونشم آنقدر خوبه است به نظرم بگیرید پشیمان نمی‌شوید . ,0
2229,دیروز به دستم رسید ,0
2230,من که خوشم نیومد ,1
2231,دسته خیلی ضعیف و شکننده‌ای داره ,1
2232,مسواک خوبیه است . به نظرم یک نقطه‌ضعف داره . آن هم این‌که باید دکمه‌ی پاور را نگاه دارید تا لرزشش کار کند . انگشتتان را که از را دکمه بردارید خاموش می‌شود . به غیر از این هیچ نقطه ضعفی ندارد و کاملاً خوش‌دست و خوش ساخته . ,0
2233,خوبه است هم کیفیتش همم سرعت شارژش من راضیم ازش و باز هم می‌خواهم بخرم ,0
2234,رنگی بسیار شیک و کیفیت به نسبت خوبی داره دقیقاً انتظاری که داشتم ,0
2235,سلام خیلی خوشحال شودم که یک محصول ایرانی لایه بردار بدون اسید و مواد شیمیایی بر پایه موم عسل مشابه همان سفیداب‌های قدیمی خودمان ولی کاملاً بهداشتی و بصورت پودر تهیه‌شده . که هم برای صورت و بدن به راحتی وسهولت قابل‌استفاده است و هم نسبت به موارد مشابه لایه بردار‌های خارجی خیلی ارزان است . من پس از استفاده آگاهی از مرغوبیت ان برای اقوام هم در خارج فرستادم به المان . انها هم خیلی راضی بودند . امیدوارم اینگونه تولیدات سنتی ما افزایش پیدا کند و موفق باشید ,0
2236,بنظرم واقعاً به صرر و هزینه سولار می‌ارزد ,0
2237,از همه لحاظ عالی بود قدرت پاک کنندگیش رضایت‌بخش بود .. ارزش خرید داره به نظر خودم حد اقل رایحش از ناژه بهتره است ,0
2238,جنس کاور پلاستیک خشک هست . ,1
2239,حتماً پیشنهاد می‌کنم ، یک برند معتبر و گجت بسیار کاربردی و با عملکرد بالا . ,0
2240,من مای رنگی داشتم ولی بنظرم آمد این یکم بهتره است ,0
2241,ظاهر خوبی داره ، اما رنگ طلایی روش بعد از یکماه است شروع به کنده شودن و ریختن کرده_است . ,0
2242,من یک ماهه استفاده می‌کنم ریزش مو کمتر شده و رویش موهای جدید هم در جاهایی که قبلاً کم بود دیده می‌شود من نمونه‌های خارجی هح استفاده کردم ولی هیچکدوم مثل این تاثیر گذار نبوده و نکته مثبت دیگر هم عدم مصرف سایر محلول‌ها مثل ماینوکسیدل و قرص فیناستراید هست که بدون استفاده آزید دو دارو باز هم ریزش مو کمتر شده ,0
2243,بسیار عالی لطفاً موجود کنید ,0
2244,امروز به دستم رسید . استفاده کردم و خیلی خوب بود . دوستان که می‌گوین برای چشم استفاده نمی‌شود کرد پیشنهاد می‌کنم از پاک‌کننده مخصوص برای چشم استفاده کنند . میسلار به مرور دور چشم را خشک می‌کند ,0
2245,من خریدم عدد ماه استفاده در روز دو بار اما اصلاً تاثیری ندارد پیشنهاد نمی‌کنم اگر پولتان زیادی کرده بخرید ,1
2246,با سلام . این کابل را خریدم و خیلی خیلی راضیم ,0
2247,یکی از بهترین خریدامه است ,0
2248,حداقل اگر اسم انرژی‌بخش روش نگذاریم بهتره است ، قیمتش پایینه است برای یک شست و شوی روزانه خوبه است اما برای یک‌لایه برداری مناسب نیست ,1
2249,همین دیروز به دستم رسید جنسش خوب بود امیدوارم چرخش برایم بچرخد ,0
2250,هم محصول . هم ارسال به موقع و عالی بود ,0
2251,برای من که تاثیر گذار بود موهای ابرو را ضخیم‌تر می‌کند و باعث رویش مجدد ابروهایی که قبلاً ریختن می‌شود ,0
2252,عالی ,0
2253,خیلی طلاییش قشنگه است ,0
2254,به هیچ عنوان توصیه نمی‌کنم ,1
2255,یک ضد لک و روشن‌کننده عالی برای پوست ,0
2256,برای من کاور ژله‌ای از این سه گرمی‌ها فرستادن فکر می‌کردم از آن شیشه ایاس ,1
2257,کابل خوبی می‌رزد به خریدش من راضیم ,0
2258,فقط برای شارژه است انتقال داده انجام نمیده ,1
2259,البته آن موقعی که من گرفتم پنج تومان بود اما نسبت به پولی که می‌دید عالیه من دو سال پیش خریدم تا حالا یک آخم نگفته سیمشم خیلی بلنده که نکته‌ی خیلی خوبیه است برای خرید ,0
2260,نسبت به قیمت ارزش خرید ندارد ,1
2261,کیفیت شارژر خوبه است ولی سری‌های دو طرف خیلی بزرگتر از شارژر‌های دیگر است من به جی عدد هوآوی و جی عدد سامسونگ و گوشی پرستیج زدم به سختی داخل چیت شارژ می‌شود ، سری یو اس بی‌اش هم همینطور به سه تا شارژر زدم به بدبختی میره در ,1
2262,خوبه است ، نرم می‌کند ، خیلی هم کف می‌کند و به صرفه هست ,0
2263,عالی بود . مقدار خیلی کمش را روی موهایم زدم و سریع وزی و هشکی موهایم را گرفت . قیمتش هم خیلی عالیه . به نظرم خیلی بهتر از روغن آرگان هست ,0
2264,سلام من این کابل را با توجه به قیمت و نظر دوستان برای برادرم اول خریدم بعد واقعاً خیلی عالی بود برای خودمم خریدم رنگ سبز آبیش فوق‌العاده قشنگه است که برای برادرم خریدم برای خودمم قرمز خریدم ,0
2265,مثل خمیر دندان چسبیده_بود و تا عدد ساعت پاهایم یخ‌زده بود ,1
2266,برای پوست حساس پسرم مناسب بود ,0
2267,سرعت شارژ کردن خیلی کم است شاید دو برابر شارژر اصلی . با اتصال اول شارژ نمی‌کند باید چندبار جدا و وصل شود گوشی تا شروع به شارژ کند . ,1
2268,به جنس‌های دیگر فکر کنید ,1
2269,خریدش را حتماً توصیه می‌کنم ,0
2270,کیفیتش خوبه است ,0
2271,انتقال اطلاعات را چک نکردم ولی برای شارژر خوبه است و کیفیتش خوب بنظر می‌رسد و زنجیرش از گم‌شدن جلوگیری می‌کند ,0
2272,واقعاً هیچ اتفاق مثبتی بعد چند هفته استفاده ندیدم . بدترین خریدم بود ,1
2273,من برای تیلت خریدم بقدری ضعیف بود که اصلاً شارژ نمی‌کند و قابل‌استفاده نیست ,1
2274,این‌قدر کاورای نیلکین باکیفیت و شیک هستن که من هر وقت گوشی عوض می‌کنم سعی می‌کنم گوشیی را انتخاب کنم که کاور نیلکینش باشد ، حرف ندارد … ,0
2275,کابل را خریدم و چند ماهی استفاده کردم کیفیت خوبی ندارد با این قیمت کابل‌های باکیفیت‌تری می‌دهن . از کابل با بافت استفاده کنید ,1
2276,من پوست خیلی چربی دارم و به محض زدن کرم‌ها صورتم عرق می‌کند و براق می‌شود . خیلی کرم امتحان کردم اما این عالی بود برای پوست من . فقط دقت کنید برای پوست چرب مناسبه است چون برای پوست‌های خشک خیلی خشکی ایجاد می‌کند احتمالاً چون واقعاً از چربی بویی نبرده ,0
2277,من در شگفت‌انگیز گرفته_بودم خیلی راضی‌ام . آن موقع خیلی ارزون‌تر هم بود . ,0
2278,اصل با کیفیت پینتهاد می‌دهم بخرید ,0
2279,اول که بستشو باز کردم دیدم فرچه‌ای که داره خیلی نرمه . واقعاً اول ازش نا امید شودم … ولی وقتی استفادش کردم باورم نمی‌شد آنقدر خوب باشد ,0
2280,کیفیت پایید و بسیار نازک ,1
2281,من این لاک از دیجیکالا خریدم ، رنگش طلایی و کاملاً مثل تصویره است و همانیه است که می‌خواهستم . اما خیلی رقیقه و وقتی به دستم رسید نمی‌دانم چرا رنگش با مایعش یکم جدا شده_بود ، انگار که دروش آستان ریخته شده باشد ,0
2282,موها را تا حد خوبی نرم می‌کند و بوی خوبی داره ولی معجزه‌ی خاصی روی وز موهای فر ندارد و روی صرفاً تا حد زیادی مو را نرم می‌کند . البته فرد به فرد اثراتش متفاوت می‌تواند باشد . ,0
2283,با اینکه من به مدت طولانی با آیمک عدد K کار می‌کنم ولی کیفیت خوبی از بنکی را می‌بینم . ضمناً برای کسانی که می‌خواهن با مک خوب کار کند ( پورت Thunderbolt عدد یا USB-C ) بدون نقص و مشکل سرعت رفرش کار می‌کند . رنگ‌بندی عدد بیت هم داره که خیلی عالیه . چشم آزار هم نیست ( خصوصاً رنگ سفیدش ) . در کل خریدش را توصیه می‌کنم . ,0
2284,برای استفاده مدت زمان کوتاه خوبه است ,0
2285,دقیقأ همانی هست که لوازم ارایشی‌ها می‌فروشن ولی با دوبرابر این قیمت ممنون ,0
2286,من asus n عدد jk دارم . خیلی عجیبه است برایم علیرغم این‌که داخل مشخصات نوشته برای لپ‌تاپ‌های عدد تا عدد اینچ ، ولی با این‌که لپ‌تاپم عدد ٫ عدد اینچی هست به سختی جا می‌گیرد داخلش . الان موندم که مرجوع بکنم یا نه !!! ,0
2287,کرم داخل صابون هیچ تاثیری روی نرمی پوست ندارد و برعکس پوست را خشک می‌کند ! زود هم تمام می‌شود ! ,1
2288,خیلی زود رنگش عوض می‌شود به زردی میره و اگر بخواهید از دکمه پاور و یا کم و زیاد صدای گوشی استفاده کنید خیلی محکم باید فشار بدهید تا عمل کند . در کل نسبت به قیمتش اصلاً نمی‌ارزد . ,1
2289,سلام . الان حدود یک سال دارم از این مانیتور استفاده می‌کنم . بعد کلی تحقیق این مانیتور را خریدم . ازش خیلی راضیم . چشم را اذیت نمی‌کند . ,0
2290,از همه لحاظ عالی بود قدرت پاک کنندگیش رضایت‌بخش بود .. ارزش خرید داره به نظر خودم حد اقل رایحش از ناژه بهتره است ,0
2291,سلام من صورتم خیلی جوش می‌زد دو تا از محصولات ضد جوش عدد را گرفتم اصلاً انگار نه انگار چندتایبم ماسک این وسط استفاده کردم فایده نداشتن ولی وقتی این را خریدم از همان اول متوجه تغییراتش بودم قدرت پاک‌کنندگی خیلیی بالایی داره یا من اینجور فکر می‌کنم و جوش ها را تا عدد درصد از نظر من کاهش داد و اگر جوش جدیدی را صورتت ظاهر شه با یکی دو بار استفاده خیلی کم رنگ را کوچک می‌شود یعنی هر جوش دیگ هرچقدم بد باشد دو سه روز محو می‌شود عالیه خلاصه در خریدش شک نکنید من همین الان می‌نویسم دوتا دیگ سفارش دادم ,0
2292,قبلاً بیشتر جوش می‌زدم استفاده کردم الان جوشام کمتر شده پوست را صافتر نشان می‌دهد راضیم ,0
2293,خوب بود ,0
2294,خوب نیست ,1
2295,قیمت کمتر بود بهتره است ,0
2296,اصلاً خوب نبود هیچ تاثیری نداشت ,1
2297,محصول با کیفیتیه است و در بازار و داروخانه‌ها نایاب شده تقریباً ,0
2298,من کلاً از محصولات سینره راضیم . این محصولش هم تا الان که استفاده کردم ایرادی ندارد . نقطه مثبت خاصی به نظرم نمی‌رسد . یک شوینده ملایم روزانه است که برای شوستند صورت وقتی از بیرون برمی‌گردم استفاده‌اش می‌کنم . عطر شدیدی ندارد که به نظرم خوبه است . خیلی خشک نمی‌کند . ,0
2299,نسبت به قیمتش خوبه است ,0
2300,کیفیت ساختش عالیه ,0
2301,قیمت و تنوع طمع و بو بهتر بشود ,0
2302,تنها چیزی که دیدم ازش کف خوبی داره عصاره خاویار چرته عصاره کجا بوده ,1
2303,چندمین باره که سفارش دادم واقعاً راضیم ,0
2304,به هیچ عنوان کرم خوبی نیست ، مرطوب نمی‌کند ، خیلی بی‌کیفیت ، دربش بعد از اولین باز کردن خراب شد ,1
2305,برای من که کرمای زیادی دارم در کنار مرطوب‌کننده‌های دیگم خوبه است . بوشم ملایمه است ,0
2306,خیلی جالب نبود ,1
2307,نسبت به قیمتش بهترین کابله است ,0
2308,خوبه است و از دیجی کالا ممنون ,0
2309,خیلی خیلی راضی بودم هفتاد هشتاد درصد از موهایم را برطرف کرده البته من همراه ماسکش استفاده می‌کنم ,0
2310,خوب جواب داد ,0
2311,خیلی خیلی کوچک هستش ,1
2312,من این را از دیجی کالا خریدم خیلی خوبه است خیلی کوچک هست به همین خاطر راحت در کیف پول میذارمش و همیشه همراهمه است واگر بخواهم فایلی را از گوشی به موبایل به فروش یا برعکس کپی کنم همیشه در دسترس هست به درد آسمانی می‌خورد که نیاز دارن همیشه فایاهشان را انتقال بدن به فلش هارد یا کامپیوتر بسیار کار راه‌انداز هست داشتنش را توصیه می‌کنم ,0
2313,از همه نظر عالیه ,0
2314,من رنگ آبی کیف خریدم . درواقع سورمه‌ای هست و خیلی شیکه است . کلی جیب‌های استاندارد و به درد بخور داره . فقط محفظه‌ی لپ تاپش خیلی چنگی به دل نمی‌زند چون عملاً محافظت خاصی از لپ‌تاپ نمی‌کند و حالت فوم و ابر ساده داره که آن هم بالای لپ‌تاپ نمی‌پوشاند . اما در کل به نسبت قیمتش می‌ارزد ,0
2315,من حدود یک سال هست که از ضد آفتاب لافارر استفاده می‌کنم و راضی هستم ، پوشش خیلی خوبی داره و روی پوست می‌خوابد و لکه‌ها را کم‌رنگ می‌کند ,0
2316,خیلی بی‌کیفیت بود ,1
2317,کاملاً به گوشی فیت می‌شود لبه آن به گلس گیر نمی‌کند که از روصفحه بلندش کند گلس را و در آخر هم باید بگم نازک و زیباس و به گوشیتان همیت جدیدی می‌دهد من مشکیش را گرفتم . ,0
2318,بعد از مدتی از هم جدا می‌شود و قابل‌استفاده نیست . پولتان را دور تریزید به هیچ عنوان توصیه نمی‌کنم . از دیجی کالا بعید بود ,1
2319,کیفیت پایید ,1
2320,بد نیست ولی عالی هم نیست ,0
2321,عالیه ,0
2322,باسلام من این ژل روباکلی شک وتردیدگرفتم اماواقعاعالی هستش چربی پوست رومیگیره بدون احساس خشکی درپوست وواقعاتمیزمیکنه بعداستفاده صورتم براق وتمیزتمیزمیشه ,0
2323,نخرید لطفاً . خوشگلی داره و شارژش سریعه است . ولی زود خراب شد دیگر شارژ نمی‌شود . ,1
2324,به نظر من کرم خوبی بود رنگ خوبی داشت نسبت به کرم پودرش به نظرم بهتر بود یکمی به زرید می‌زند ولی فکر می‌کنم به هر رنگ پوستی بیاد ,0
2325,من نزدیک به یکسال است که این کاور را از دیجی خرید کردم و فوق‌العاده راضی هستم . ,0
2326,تنها ایراد به جنس کابل هست که با تکان دادن قط می‌شود ولی در کل عالیه ,0
2327,من از این سری دو تا خریدم سرخابی و مشکی . و می‌خواهستم یکیش را به دوستی هدیه بدم . چون خیلی خوشگل بودند . ولی موچین و ناخنگیر این پک اصلاً هیچ کارایی ندارد . درسته خیلی ارزان بودند ولی نخریدنش بهتر از خریدنش هست . کار بی کیفیتی بود . ,1
2328,از نظر ساخت سیم‌ها و کابل خوب هستش . کیفیت سوکت‌ها عالی ست . انتقال داده‌ها بالاست . خریدش را پیشنهاد می‌کنم . ,0
2329,تازه رسید به دستم ، همه چیزش عالیه . شک نکنید در خریدش . حیف که ناموجود شده وگرنه دوتا دیگم می‌خریدم ,0
2330,در اولین استفاده تاثیرش را را موهاتان نشان می‌دهد ,0
2331,خیلی خیلی کوچک هستش ,1
2332,من این را رنگ قرمزش را برای j عدد plus گرفتم خیلی عالیه داخلش مخمله است . قرمزش هم طرح چوبه فیت فیت هست ,0
2333,از این شامپو به تعداد از دی جی خریدم فوق‌العاده س ,0
2334,دقیقاً طراحی مشابه مارک نانسی . طراحی باله ایراد داره . باله‌ها خیلی بزرگن و با لباس منطبق نمی‌شود با حرکات رئزمره خیلی زود باز می‌شود . چسب قدرت چسب خیلی کم خیلی … ,1
2335,دو سه بار که استفاده کنید تازه تغیری که روی مو ایجاد می‌کند را متوجه می‌شوید . من واقعاً راضی‌ام ,0
2336,نسبت به قیمتش خوبه است جنس قاب نرم و در دست حس خوبی می‌دهد ولی خیلی محافظ قوی نیست ,0
2337,من در شگفت‌انگیز خریدم و‌ای کاش بیشتر می‌خریدم ، سالهاست که از کرم‌های ترک پا مختلفی استفاده می‌کنم ، بهترین ، بهترین کرم ترک پایی هست که تا حالا دیدم ، واقعاً عالی با تاثیر فوق‌العاده ,0
2338,به نظرم محصول خیلی خوبیه است و پوست را کاملاً تمیز می‌کند . من در شگفت‌انگیز خریدم و کاملاً به صرفه بود ,0
2339,عالیه حتماً پیشنهاد می‌کنم ,0
2340,با اعتماد همیشگی که به توضیحات دیجی کالا دارم این کیف را خریداری کردم و اونو هدیه دادم . متاسفانه سایر این کیف برای لپ‌تاپ عدد ٫ عدد کوچکه است و اصلاً در محل ضربه‌گیر جا نمی‌شود فقط مناسب سایز عدد اینچه . البته با تماس پشتیبانی قرار شد بررسی و مرجوع بشود ,1
2341,نخرید ضرر می‌کنید ,1
2342,من با تخفیف ویژه خریدم واقعاً می‌صرفد پوستم را خیلی نرم می‌کند بوش هم عالیه ,0
2343,کار باش راحت و خیلی خوبه است ,0
2344,من برای مادرم خریدم و نسبتاً کمه و بعد از عدد بار استفاده تاثیر آنچنانی ندیده ,1
2345,عالیه ,0
2346,بعد از شستشو مو در حمام استفاده می‌کنم موها را بسیار نرم و لطیف می‌کند فقط بوش کمی تنده که بعد از حمام هم را مو میمونه برای کسانیکه به بو حساسن شاید مناسب نباشد ,0
2347,اگر دستتان عرق می‌کند حتماً بگیرید ,0
2348,برای مصرف روزانه مناسبه است قدرت جذبش بالاست ,0
2349,"سرعت تاثیر خیلی پایینه, تاثیر خاصی هم روی سفت کردن نداره, فقط کمی پوست را نرم می‌کند همین ! در کل خیلی معمولیه است ",1
2350,خدایی با این قیمت عالی بود ، من راضیم ,0
2351,کاملاً نرمی‌پا را حتی پس از یکبار استفاده مشاهده می‌کنید ,0
2352,با توجه به اینکه من این محصول را برای پاک کردن آرایش از صورتم گرفته_بودم کاملاً راضی بودم و صورت چربی که دارم را به خوبی تمیز می‌کند ,0
2353,واقعاً با کیفیته است من قبلاً برند GUM استفاده می‌کردم ولی این خیلی بهتره است و به زبان اسیب نمی‌زند ,0
2354,خوبه است ,0
2355,خیلی خوشبو است . اولین بار بود از این مدل صابون لوکس استفاده کردم . بهترین‌های لوکس این مدل و بنفش و آبی‌اش هستند . البته نکته منفی کوچکی هم داره و آینه که به نسبت صابون‌های لوکس عربی کیفیت بو و ماندگاری بوی خیلی کمتری دارن ولی خوب قیمتشان هم نصف آناست . ,0
2356,منکه است عاشقشم ، از همه نظر خصوصاً بسته بندی بسیار با کیفیت و عالی و کاربردی ، خوشگل و رنگی رنگی ,0
2357,با اینکه کلی در نگهداری کابل وسواس دارم خراب شد ی هفته‌ای ,1
2358,خیلی خوشرنگه است . کاملاً شبیه داخل عکس . دوستش دارم ,0
2359,در پیشنهاد شگفت‌انگیز خریدم ، راضیم و به نظرمن می‌ارزد ,0
2360,برای در کیف ، کرم خیلی خوبیه است و اصلاً چرب نیست ,0
2361,طراحی زیبا را کارآمد ,0
2362,من راضیم . باعث میلی‌ها نشد . همین خیلی نکته خوبیه است . ,0
2363,این محصول را امروز بدهستم رسید کیفیتش خوب بود اما می‌خواهستم از تلویزیون به اسپیکر لومکس که از همین جا خریدم وصل کنم اما صدای اپتیکال نرفت که نرفت کل تنظیمات را زیرو کردم اما داخل اسپیکر را حالت اوپ صدا نمیومد . آخرش مجبور شودم از کابل فیشی صدا بگیرم . اما اینوهم بگم داخل این کابل قرمز بود یعنی وصل بود ,0
2364,خیلی خوب و مقاوم هست و طراحی زیبایی داره ,0
2365,به نظرم عالیه .. من اولین بار استفاده کردم یکم سفید شد ولی زیاد نزنید چون مینای دندان را از بین می‌برد در ضمن به طور متوسط روزانه یک‌بار و هر بار عدد دقیقه به جاهایی که زرد شده‌اند بزنید . ,0
2366,متاسفانه الان باید دنبال یک شامپو بگردم که اثر استفاده آزید شامپو را خنثی کند ! خیلی با خودم کلنجار رفتم که به خودم کنار بیام که ممکنه برند‌های ایرانی هم شامپو و کرم‌های خوبی داشته باشن . متاسفانه با این وضع قیمت شامپو‌های خارجی باز هم با این کیفیت پایید اینجور محصولات ناچار به استفاده از جایگزین‌های خارجی هستیم . چرا من که موهایم همیشه لخت و خوب بود بعد از عدد هفته استفاده موهایم خشک وز و غیر قابل حالت می‌شود . کاش مسولان فنی این کارخانه نقد را بخوانن ، از دیجی کالا ممنونم که نقد ها را قرار می‌دهد که دیگران بتوانن بازخورد ها را بخوانن و با اختیار و علم محصولات رو‌انتخاب کنن . ,1
2367,من شنیده_بودم روغن هسته انگور برای موهای نازک که صدمه دیدن یا خشک شودن سبک‌تر از روغن آرگان هست . الان هم به نظرم کیفیتش خوبه است ,0
2368,محکم ، ولی بهتر بود با ضامن نگهدارنده طراحی می‌شد . ,0
2369,سرعت شارژ و انتقال دیتا بالایی داره ,0
2370,بوی وخوب و عالی داره …و بعد از یکبار استفاده واقعاً التهابات را کم می‌کند … اما من چشمام حساسه است … اولش که می‌زنم چشمام می‌سوزد …با اینکه دور چشم نمی‌زنم … در کل خوبه است ,0
2371,من تازه ازش خریدم مفت نمی‌ارزد الکی پول خودتان را دور نریزید ,1
2372,به نظرم کاملاً معمولی و بی‌اثر آمد . در ضمن سفته و روی مسواک خوب نمیشینه . یک برند معمولی بخرید همین کارو می‌کند . تازه طعم نعنایی به نظرم از وانیل بهتره است . ,1
2373,مثله کابله است اصلیه است اپله است ,0
2374,من یک سال هست که این کیف را خریدم . کاملاً از کیفیتش راضی هستم ، حتی یک مسیر حدود عدد کیلومتر گوشی روی سقف ماشین جامانده بود ولی تا مقصد ، گوشی از جاش تکان نخورده_بود . و بیش از صد بار گوشی از دستم افتاد ولی با وجود این کیف ، صدمه‌ای ندهید . ,0
2375,بسیار عالی وبا کیفیت لپ‌تاپ عدد ٫ عدد براحتی داخلش جا می‌شود ,0
2376,مشکیش را سفارش دادم وقتی سفارش دادم دو دل بودم اما وقتی بدهستم رسید در یک‌کلام عالی بود . هم زیباست هم محکم . اطراف را خیلی خوب پوشش می‌دهد و از همه مهم‌تر آینه که دیگر دوربین گوشی بیرون نیست طوری که کاور هم‌سطح دوربینه است و دیگر خیالم از بابت دوربین راحته است آخر می‌ترسیدم از دستم بیفته است و دوربین داغان بشود . حتماً پیشنهاد می‌کنم بگیرید ,0
2377,ولی کوچک بود ,0
2378,اصلاً خوب نبود به من که دوهفته بیشتر کار نداد ,1
2379,نازک و عالی ولی بوی پلاستیک می‌دهد ,1
2380,من بر اساس نظرات خریدم اما کمتر از دو ماه دوام داشت ,1
2381,من ازش راضی‌ام ,0
2382,هم خیلی زود تاثیر گذاشت هم موخوره ها را از بین برد و موها را براق و نرم کرد ولی پمپاژش سفته یک خورده نسبت به قیمتش خیلی خوبه است ,0
2383,گوشی را خوش‌دست می‌کند و اصلاً بزرگ نمی‌کند خیلی نرمه و رنگ زرد به مشکی خیلی می‌آید ,0
2384,یک هفته اس خریدم و خراب‌شده ,1
2385,حرف نداشت ,0
2386,با اینکه بشدت ظاهر فریبنده‌ای داره ، اما توصیه نمی‌کنم ,1
2387,من این کالا را پیشنهاد می‌کنم چون واقعاً خیلی خوبه است حدود عدد - عدد ماه داشتم که متاسفانه گم کردم و مجبور شودم دوباره بخرم در خرید این کالا اصلاً شک نکنید ,0
2388,بد نیست ,0
2389,اصلاً بدرد نمی‌خورد . این‌قدر موتورش ضعیف هست که به محض این‌که با دندان تماس بگیرد استپ میکته است . سری هایش هم زود می‌افتد ,1
2390,من هم خریدم برای تشویق کوچولوهای فامیل ، بهشان جایزه دادم . همشان هم دوست داشتند . اگر واقعأ برندش ایرانیه ، حتمأ حمایت کنید ، رشد کند ، حیفه است . ,0
2391,من از روی نظرات خریدمش ولی نسبت به نظرها خیلی خوب نبود . ضد آفتاب قبلیم لافارر ( ایرانی ) بود . خیلی عالی بود ولی خوب قیمتش خیلی رفت بالا . به نظرم این مدل پریم بیشتر به درد پوستای خشک می‌خورد . برای پوست من که چرب بود چندان مناسب نبود چون جذب کاملش حدود عدد دقیقه تا عدد ساعت طول می‌کشد . ,0
2392,کابل خیلی مقاومیه است به دلیل اینکه روکشش آلمینیومیه و در جایی که کابل به پورت‌ها متصلمبشه حالتی ایجاد شده که خم نمی‌شود از قسمت اتصال و این باعث می‌شود کابل از پورت قطع نشه ، سرعت شارژش هم بالاست و از نظر ظاهری هم کابل خیلی خوبیه است ، من این نوع کابل ها را می‌پسندم ,0
2393,من این فوم روبرای برادرم که صورتش پرازجوش بود خریدم اما واقعاانتظارنداشتم توعرض این مدت کوتاه معجزه کند تقریبابعدیک هفته جوشاازبین رفتن هیچوقت فکر نمی‌کردم جوش صورت بایه فوم ساده درعرض یک هفته ازبین بره فقط می‌توانم بگم واقعاعالیه ومعجزه کردبه همه هم توصیش می‌کنم به هیچ وجه صورتوخشک وپوسته پوسته نمی‌کند واقعامحصولات مای عالین ,0
2394,لرزش سر مسواک خفیفه است و بدنه مسواک ویبره شدید داره ، گرانتر بخرید حداقل ارزش پولی را که پرداخت می‌کنید داشته باشد ,1
2395,مناسب برای سن بالای یک سال ,0
2396,الان بیشتر از یک ساله که دائماً دارم سه تا گوشی را باهاش شارژ می‌کنم ولی مثل روز اولش باکیفیته است ,0
2397,خیلی خوبه است منک پیشنهادمیکنم ,0
2398,همه چیزش خوبه است فقط رنگش اینی نیست که در عکس‌ها هست ، ( دورنگ نیست ) کاملاً یکدست هستش ولی در کل کیفیت و جنس و کارایی خوبی داره و رنگ یکدستش را هم می‌توانید با چند پیکسل زیبا ، آزید بی روحی در بیاورید ,0
2399,برای من که سه‌بعدی کار می‌کنم می‌توانم بگه که خیلی عالیه ,0
2400,دومین سفارشم بودتو این رنج قیمت بهترینه … ولی من در پیشنهاد ویژه خریدم ! باز هم ارزشش را داشت … خیلی سریع هم ناموجود می‌شود ,0
2401,کیفیت صداش واقعاً بالاست ، بسته بندیش هم خیلی قشنگه است . ,0
2402,بسیار راضی‌ام مخصوصاً برای موهای دکلره و رنگ‌شده و بسیار لخت و صاف و نرم می‌کند . ,0
2403,قیمت کالا خیلی بالاس ,1
2404,خیلی عالیه ، رطوبتی که روی پوست ایجاد می‌کند خیلی خوبه است . احساس چربی یا چسبندگی ندارم . برای پوست‌های حساس بسیار مناسبه است و هر موقع از این کرم استفاده کردم پوستم خیلی شفاف شده و اصلاً جوش نزده . حرف ندارد ,0
2405,من خیلی راضی بودم ,0
2406,خیلی عالی و کاربردی ,0
2407,الان تازه دوباره استفاره کردم اما هم جای جوش‌ها و هم جوش‌های سر سیاههم بهتر شده ,0
2408,بهترین ضد آفتاب موجود در بازار برای پوست‌های چرب ,0
2409,خو بی بد نبی ,0
2410,دستام اگزمای شدید داشت ، واقعاً باعث لطافت پوست می‌شود ، فقط سنگینه ,0
2411,کرم خوبیه است ، اصلاً تعریق ندارد ، خیلی هم سبکه است ، اذیت کننده نیست اصلاً و با توجه به اینکه بی‌رنگ هست دیگر نگرانی ندارید که با رنگ پوستتان خوب بشود یا نه . ,0
2412,کابل خیلی خوبیه است و کاملاً از نزدیک می‌بینی مشخصه ، اگر برای دستگاه دیجیتال می‌خواهی ارزونترشم هست ولی برای ps عدد واقعاً عالیه ,0
2413,خیلی عالیه من خیلی راضیم ,0
2414,عالیه ,0
2415,نسبت به قیمتش عالیه ,0
2416,اصلاً ارزش خرید ندارد . من رنگ طلاییش را خریدم . دورش بعد از یک هفته سیاه شد ,1
2417,کیف زیبا و با کیفیتیه است . ,0
2418,در مقایسه با کالاهای خارجی رقیب قوی هست . آفرین به سینره ,0
2419,من پوست خشکی دارم و این دستمال مرطوب تنها محصولی که پوست من حساس نکرد و باعث سوزش و حساسیت نشد ، عالی بود ,0
2420,عالی هست و کیفیت خوبی دارد ,0
2421,در شارژ کردن بسیار سرعت پایینی دارد و پیشنهاد نمی‌کنم . ,1
2422,خیلی بد بود ، من بعید می‌دانم اصل باشد چون لاک‌های بورژوا را من چند تایی داشتم ، همه عالی بودن ، این بسیار بی‌کیفیت بود ,1
2423,هم خنک می‌کند وازنظرمن برای تمیز کردن بدن میزان کف کردن مناسبی داره ,0
2424,ماسک الوورا سودا را از دیجی کالاخریدم . این ماسک در ترکیباتش روغن زیتون به کار رفته و در بوی ماسک کاملاً عطر زیتون حس می‌شود . بوی عطر هم نمی‌دهه . برای همین من خوشم آمد . رنگش سبزه و البته خیلی چسبناکه است . بعد ازینکه به پوست زدید باید بیست دقیقه صبرکنید تا خشک شه . بعد لایه را بردارید . البته به راحتی بلند نمی‌شود و باید پوست را یکم بمالید تا تکه تکه برداشته شه . بعد با اب گرم بشورید . صورت را کمی نرم و روشن می‌کند . ,0
2425,خیلی خوب بود مرطوب کنندست بوشم فوق العادست ,0
2426,من از محصولات سی گل راضی هستم ,0
2427,خدایی همان میکرودرمه ، بیخود نروید میکرودرم همین را بگیرید همان کارو می‌کند با هزینه کمتر ,0
2428,خیلی محکمه و زود کثیف نمی‌شود ,0
2429,برخلاف نظر برخی دوستان موهای من‌بعد از استفاده خیلی نرم و مو خوره هم کمتر شده البته به نظر من میزان کف کنندگیش کم بود و رایحه‌اش هم خیلی معمولی بود به‌شخصه رایحه Fiber Therapy گلیس را بیشتر می‌پسندم در کل در شگفت‌انگیز قطعاً یکی از انتخاب‌های خوب می‌تواند باشد … ,0
2430,خوبه است در کل ,0
2431,سلام ,0
2432,پوست را شفاف می‌کند و چربی صورت را می‌گیرد و برای استفاده روزانه مناسبه است ,0
2433,این کابل از نظر کیفیت ساخت و عملکرد جای هیچ حرف و حدیثی نگذاشته و آمپر عبوری بالایی داره که با نرم‌افزار تستش کردم عبور بالا و ثابت بود که من شگفت‌زده شده . ,0
2434,هیچ اثری نداشت متأسفانه ,1
2435,داخل شگفت واقعاً ارزش خرید داره ,0
2436,در اولین استفاده تاثیرش را می‌بینید ، واقعاً جرم دندانا را از بین می‌برد ، ولی خوب در مورد ضررش نظری ندارم ,0
2437,من راضی‌ام .. کاش زودتر می‌خریدم ,0
2438,یک مقدار مو را کدر می‌کند اما در کل خیلی خوبه است . ,0
2439,خوبه است همان انتظاری که باتوجه به قیمتش داشتم را ازش دیدم …پیشنهادش می‌کنم ,0
2440,خیلی راضیم ، همیشه از این برند استفاده می‌کنم به نسبت قیمتش قدرت پاک‌کنندگی خیلی خوبی داره ، اینجوری بگم که با یک پد هم ناخنای دستم را پاک می‌کنم هم ناخنای پاهایم ، عطرشم خیلی خوبه است ، مرسی از دیجی کالا ,0
2441,عالی ,0
2442,اصلاً کیفیت خوبی ندارد و سریع می‌شکند …درکل یک هفته هم دوام نمی‌آرد ,1
2443,در این رنج قیمت بهترین و با صرفه‌ترین جنس خارجی بود که دکتر تجویز کرد هم حجمش خوبه است هم اثر بخشیش ,0
2444,من راضی بودم خوب پاک می‌کرد هم چشم را هم سایر نقاط صورت را ,0
2445,کاور مناسب نسبت به قیمت ,0
2446,من با گوشی htc u play امتحان کردم درسته که ارور می‌دهد ولی با برنامه audio router به خوبی کار می‌کند با on کردن قسمت jack ,0
2447,سریع شارز می‌کند و سیم محکمی داره ,0
2448,من با توجه به نظرات مثبت دوستان این کرم را تهیه کردم و خیلی راضی هستم ,0
2449,آن دوستی که گفتن بند را دوشی‌ها کوتاس و برای افراد قد بلند یا درشت هیکل زیاد مناسب نیست اشتباه می‌کنن چون همچین کیف بزرگی باید روی دوش بالا قرار بگیرن چون حالت استانداردش همینه شاید شما عادت دارید کیفتان اویزون باشد ,0
2450,کاملاً راحت جا میره و مشکلی از این بابت ندارد . ,0
2451,خوب و با کیفیت و عالی ,0
2452,من در شگفت‌انگیز با قیمت عالی خریدم ، تا به حال شامپو بدن مای استفاده نکرده_بودم ، اما الان خوشحالم که خریدمش هم عطر فوق‌العاده‌ای داشت هم بدن را لزج یا خشک نکرد . ,0
2453,عالی هست . پیشنهاد می‌کنم حتماً بخرید ,0
2454,با توجه به قیمتش خوبه است و کار راه اندازه . ,0
2455,خیلی خوب و محافظت کامل را از گوشی می‌کند خیلی راضی هستم ,0
2456,خیل خوش رنگد قلم پهنه خوبی داره و با یک‌بار زدن کل ناخن را کاور می‌کند و نیازی به زدن دوباره نیست . ,0
2457,کیفیتش خوبه است اما با توجه به قیمت خیلی حجمش کمه ,0
2458,اصلاً مرطوب‌کننده خوبی نیست چه برسه به قوی من قبلاً از این مارک و صورتی رنگش استفاده کردم و از آن خیلی راضی بودم اما اینیکی نه افتضاحه است بوی خیلی بدی هم داره ,1
2459,این کوله لپ‌تاپ نسبت به قیمت پایید و نمونه‌های مشابه خیلی مناسب می‌باشد . تنها ایراد این کوله این است که مناسب لپ‌تاپ‌های عدد اینچی است و برای لپ‌تاپ‌های بزرگتر مناسب نیست . من این کوله را خریدم از خریدم هم راضیم چون نسبت به مبلغی که پرداخت کردم واقعاً عالیه . ,0
2460,واقعاً کیفیت نسبت به قیمت خوبه است و کاملاً ارزش خریدن را داره ,0
2461,قدرت پاک‌کنندگی خوبی داره و در عین حال ساقه مو را خشک نمی‌کند ,0
2462,برای بعد از آفتاب عالی بود ,0
2463,من مشکیش را گرفتم ولی اصلاً مشکی نیست بیشتر به طوسی می‌خورد تا مشکی … از نظر جنس و کارایی قابل قبوله است ,0
2464,بسیار بسیار حالت چسبناک به پوست می‌دهد ، ماندگاری ندارد . ,1
2465,کسانی که موهای وز و فر دارن در خریدش شک نکنن . سریع جذب می‌شود ، بوی خوبی داره ، موها را چرب و سنگین نمی‌کند ، راضیم ازش ,0
2466,قاب خوبی ولی خیلی اولاً یقوره است دومن دکمش سفت سومن خیلی گوشی سنگین می‌کند اما گوشی کاملاً ضد ضربه می‌کند ,0
2467,خوبه است فقط یخورده قیمتش بالاس ,0
2468,به هیچ عنوان خرید این کابل را توصیه نمی‌کنم چون بعد از سه ماه کاملاً از کار افتاد چراغش روشن می‌شود ولی کار نمی‌کند ,1
2469,پلاستیکی چنس خوب . زیبا .. به قیمت شگفت‌انگیز واقعاً خوبه است ,0
2470,کابل عدد متری به دستم رسید که کیفیت مناسبی داره و با اینکه از کنار خطوط برق ردش کردم نویزی نگرفته و افت سرعت یا قطع اینترنت و شبکه نداشتم . برای مصارف خانه یا اداره در صورت نیاز مناسبه است . قیمت مناسبی هم داره ,0
2471,من این کابل را در تاریخ عدد آذر دریافت کردم ، دقیقاً مطابق تصویر دور یک هولدر پلاستیکی پیچیده شده ، کیفیت ساخت بالا ، سوکت‌های بسیار محکم ، قابلیت فست شارژ ( روی عدد گوشی سونی و ایسوس تست کردم ) ، از همه مهم‌تر سرعت انتقال دیتای بالایی هم داره ، طول مناسب عدد ٫ عدد متری و قیمت مناسب ، فقط اگر رنگ مشکی هم داشت حتماً خریداری می‌کردم ، از دیجی کالا بخاطر موجود کردن این کابل با کیفیت سپاسگذارم ,0
2472,خیلی خوب و موثره است . ,0
2473,در کل کیفیت مناسب و خوبی دارد ,0
2474,من چند ساله استفاده می‌کنم و راضی‌ام ولی الان خیلی قیمتشان رفته بالا … . ,1
2475,برندخوبیه مثل اردن و … ,0
2476,بوی خیلی خوبی داره ,0
2477,کرم سبک و خوبیه است و لطیف . ولی اصلاً بژ نیست . فقط روشنه است . برای پوستای سفید اروپایی خوبه است . من خودم پوستم روشنه است و همیشه بژ روشن البته از مارک‌های دیگر می‌گرفتم . اما این پژ نیست و با رنگ در سایت کاملاً متفاوت هستش ,0
2478,رنگ شاین و زیبایی داره و عین حال زیاد جلب توجه نمیکه و روی دست خیلی قشنگه است . ماندگاری هم با زدن دو لایه‌ی نازک روی‌هم بدون تاپ کت خوبه است در عین حال که من زیاد با آب کار می‌کنم ولی زود لب پر نشد . ,0
2479,صابون فوق‌العاده ایی من پوستم حساس و به شدت مستعد اکنه هستش جوشای دردناک زیرپوستی می‌زنم که خیلی بزرگ و متورمن ولی این صابون در همان هفته اول جواب داد در کمال تعجب عالی بود واقعاً ,0
2480,بعد از یک سال و نیم استفاده باید بگم بسیار با کیفیته است ,0
2481,به نظرم خوبه است چون می‌شود به شارژر اندروید وصل کرد باهاش ایفون شارژ کرد چون شارژرهای اندروید خیلی سیم‌کشی قوی داره خراب نمی‌شود ولی ایفون نرمه زود سیمش قطع می‌شود حتماً بخرید ,0
2482,قبلاً شامپوی خارجی مصرف می‌کردم . اما چند وقته است این محصول را استفاده می‌کنم . هم حجم زیادی داره و هم برای موی خشک خوبه است . ,0
2483,در یک‌کلام ، عالیه ,0
2484,بهترین سرم کریستال واقعاً به صرفه است دو قطره‌اش کل موها را نرم می‌کند ,0
2485,همانند باقی محصولات برند معتبر « دایو » - که حداقل عدد تای آن‌ها را استفاده کرده‌ام - این کالا نیز از کیفیت کاملاً مطلوبی برخوردار است . ,0
2486,دوستانی که موهای دمیج دارن در خریدش شک نکن . من موهایم کاملاً سوخته_بود و گره می‌خورد اما با استفاده از این محصول کاملاً حالت خودشان را بدست آوردن . کاش زودتر اشنا شده_بودم باهاش . ,0
2487,هر محصولی که پایه سیلیکونی داشته باشد بده .. من بدون آگاهی این را خربدم و بعداً متوجه شودم بدحالتی موها و چرب شودن مصنوعی اش در طولانی مدت تاثیرات بدی داره … ,1
2488,هر ده دقیقه به زور عدد درصد شارژ می‌کند ,1
2489,بی‌کیفیت‌ترین قاب موجود در بازار هست ,1
2490,با سلام من این محصول را از دیجی کالا با پنجاه درصد تخفیف خریدمکه حتی با این همه تخفیف هم ارزش نداشت اوایل بسیار عالی شارژ می‌کرد اما در کمتر از سه ماه خراب شد در این مدت هم پورت میکرو usb گوشی را گشاد کرد که مجبور شودن خودم گوشی را وا کنم و دوباره درگاه را تنگ کنم اما بیشترین اسیب را به شارژر زد چون سرش تخت هست و محفظه دور را ندارد ( برای اینکه بشود دوطرفه به گوشی زد ) مثل یک اهرم برایتان شارژر را خراب می‌کند الآن هم یک تکه سیم یک و نیم متری بی‌خاصیت افتاده را دستم ,1
2491,جادار ومحکم وازعکسم بهتره است قیمتشم خوبه است ,0
2492,خوبه است پیشنهاد می‌کنم بگیرید ,0
2493,عالی ,0
2494,من این کاور را در تخفیف عدد درصد خریدم و واقعاً ازش راضیم . کاور کل لبه‌های گوشی را پوشش می‌دهد و در ضمن باعث زشت شودن گوشی هم نمی‌شود ، از امکانات Edge هم می‌توانی استفاده کنی ,0
2495,از نظر من خیلی با کیفیت و عالی هست ,0
2496,آب فشانش عالیه و خیلی لای دندان را تمیز می‌کند و مسواک خیلی قدرتمندی داره و خیلی عالی هستش ,0
2497,برای پرینتر عدد اچ پی خریدم کابل خوبیه است طولش عدد ٫ عدد سانتی‌متر و مقاومه است در کل کابل باکیفیتیه است . ,0
2498,شامپو بسیار خوبی هستش مخصوصاً خریدش در شگفت‌انگیز خیلی باصرفه هست ,0
2499,من این محصول و عدد هفته است که از دیجیکالا خریدم هنوز اثرش و ندیدم اما قبلاً بعد از برداشتن کاشت مژه ، ازش استفاده کردم مثل معجزه بود همه مژه‌های ریختم درومد امیدوارم اینبار هم کیفیتش به همان خوبی باشد ,0
2500,بسته بندی ضعیفی داره و بسته نمی‌شود درب ژل ,1
2501,از هر لحاظ عالی هستند . فقط اینکه سیم‌ها به هم دو تا دسته وصل هستند و جدا نیستند . ,0
2502,اگر با قیمتش مشکلی ندارید از خریدش پشیون نمی‌شوید ,0
2503,من از را نظرات خریدم متاسفانه عدد تا هم خریدم اما باید بندازمشون دور . موها را کاملاً وز و پف‌دار و شکننده می‌کند . حتی کلی روغن بادام بهش اضافه کردم باز هم غیر قابل‌استفاده اس ,1
2504,من برای j عدد gnگرفتم اندازه نبود و مال گوشی‌های سری قدیمی‌تر بود و اصلاً برای j عدد نبود مال s عدد بود ,1
2505,من تازه این کرم را خریدم از روی نظرات دیگران تقریباً همه راضی بودن چ اینجا چ داخل اینستاگرام امیدوارم منم نتیجه بگیرم ,0
2506,نسبت به قیمتش عالیه ، خیلی موها را نرم می‌کند ,0
2507,من با یک‌بار استفاده ، واقعاً ازش راضیم ، عالیه ,0
2508,ضدآفتاب خوبیه است ، سریع جذب پوست می‌شود ، عالیه . ,0
2509,یک کم پوست را خشک می‌کند ولی بخاطر ایرانی بودنش عالیه ,0
2510,از هر نظر عالی بود ,0
2511,دوستان اصلاً قاب خوبی نیست یک مشکلی که داره آینه که دکمه ولوم را خود به خود فشار می‌دهد و صدای گوشی کم و زیاد می‌شود و اصلاً محکم نیست ,1
2512,با یکبار استفاده تفاوت را احساس کردم را پوستم ,0
2513,خیلی خوبه است مزایای یک گارد و محافظ خوب‌رو داره ,0
2514,من با اینکه پایید موهایم سوخته ولی به نسبت خیلی نرم کرد در همان استفاده اول راضی بودم ,0
2515,یکی از با کیفیت تریناست ,0
2516,این شامپو برای کسانی که از ماینوکسیدیل استفاده می‌کنند مناسب است . ,0
2517,از کرم عدد ساعته پرایم استفاده کردم و خیلی راضی هستم . پوستم خشک و کم‌آبه است و جوش نمی‌زند ، و چون این کرم علاوه بر آبرسانی خوبش ، یک کم‌چربی داره برای من مناسب بوده ,0
2518,اصلاً ماسک خوبی نیست ,1
2519,البته من حدود عدد سالی می‌شود سنسودای می‌زنم ,0
2520,من این را خریدم واقعاً خوب بود هم فیت می‌شود هم کیفیتش بالاست اگر قیمتش یک ذره پایین‌تر بود دیگر عالی می‌شد . ,0
2521,کالای دریافت شده با تصویری که در اپلیکیشن وجود دارد مغایرت دارد . لطفاً تصویر و عکس واقعی محصول رابگذارید . ,0
2522,وقتی رسید دستم امتحانش کردم . از همه نظر مناسب بود . البته من برای دسته ایکس باکس وان خریدم تا از باتری استفاده نکنم . جنس سیم خیلی خوب و با کیفیت هست . در ضمن امکان شارژ سریع گوشی را داره . من خودم با شیائومی mi عدد امتحانش کردم دقیقاً مثل کابل اصلی گوشی شارژ می‌کند . در کل راضی‌ام نسبت به قیمتش . ,0
2523,مطمئناً مبدل‌های ارزون‌تری هم پیدا می‌شود . ولی اگر بحث کیفیت برایتان مطرحه باید بگم که این مبدل را به عنوان یک گزینه جدی بهش نگاه کنید . خوش‌ساخت و با کیفیته است . برایتان کار می‌کند . ,0
2524,با سلام ، خیلی اسپری خوبی هست و وقتی ازش استفاده می‌کنم ، واقعاً حس می‌کنم دست هایم واقعاً پاک پاک‌شده ، از بس بوی ضد عفونی کننده‌ی خوبی داره ، اما اما اما ، به محض اینکه درش را باز می‌کنیم باید ظرف مدت عدد روز تمامش کنی وگرنه می‌پرد و این خیلی بده ، بنده دو تا خریده_بودم و فکر کردم اولی مشکل داره و نشتی داره ولی متأسفانه دومی هم به این شکل بود . با تشکر از همگی شما عزیزان ,1
2525,خیلی عالی هست حتماً استفاده کنید ,0
2526,عالیه . من که خیلی راضیم . برای دومین باره که از دیجی کالا می‌خرم . ,0
2527,نسبت به قیمتش می‌ارزد ,0
2528,هم خیلی خوب کار خودشو انجام می‌دهد به نظرم هم به شدت پربرکته است ، من پوستم چربه باهاش جوش نزدم چند سری‌ام خریدمش . پیشنهاد می‌کنم . ,0
2529,برای موهای اسیب دیده عالی هست پیشنهاد می‌کنم ,0
2530,الان به دستم رسید ظاهر و رنگ خوبی داره دوستش دارم ( صورتی خاکستری خریدم ) در مورد ضربه پذیریش هم‌فکر می‌کنم قابل‌قبول باشد ، یک ضعف داره که قسمت پایید گوشی را پوشش نمیده ولی در کل شیک و تمیزه است . در شگفت‌انگیز خوبه است ,0
2531,یک کاور خوب و جالب که خریدش را پیشنهاد می‌کنم ، من که پسندیدمش . فقط یکم نازکه و فکر نکنم از گوشی در مقابل ضربه بتواند محافظت کند و به مرور شاید شل بشود ، اما در کل خیلی خوبه است . ,0
2532,من که خیلی راضیم . من سرخابیش را سفارش دادم خیلی خوشکله است ,0
2533,پوست نفس می‌کشد ,0
2534,وقتی گوشی ات کامل شارژ می‌شود جریان را قطع می‌کند ,0
2535,کلیه این لوازم کاملاً ازنطر کیفیت ازسطح بالایی برخوردار است چسب‌ها از حالت چسبندگی عالی سوهان‌ها عالی ,0
2536,کابل عالیه خوب شارژ می‌کند . سریش که به شارژر می‌خورد دوحالته است . فقط یکم کوتاه . ولی کیفیت عالیه . ,0
2537,سلام ,0
2538,این خمیردندان کیفیت خیلی بالایی داره و گیاهیه است ,0
2539,من این کاور یا قاب را به دلیل اینکه برند نیلکین از نظر طراحی ساده و زیبا همیشه استفاده می‌کند سفارش دادم البته تا العان من بشخصه کاور نیلکین نداشتم ولی برای اولین بار که سفارش دادم به محض اینکه گوشی را درون قاب گذاشتم از گوشه سمت راست بالای قاب ترک برداشت برای همین به هیچ عنوان پیشنهاد نمی‌کنم که از قاب‌هایی که انعطاف ندادن سفارش بدهید با تشکر از دیجی کالا . ,1
2540,سلام . بخرید . واقعاً زیبا و با کیفیته است . بعضی‌ها به قیمت نگاه می‌کنن و می‌گوین ارزانه است و خوب نیست اما اشتباه می‌کنن . بخرید خوب و باکیفیته است . مرسی از دیجی کالا که محصولات را به بهترین شکل می‌فرستد . ,0
2541,لطفاً اگر تا به حال محصولی را استفاده نکردید ، نظر نگذارید ، آدم گمراه نکنید ، من این مبدل دو سه هفته است گرفتم و کاملاً ازش راضی‌ام هم به پلی عدد جواب می‌دهد ، هم به گیرنده ، که من روی تلویزیون قدیمی تصویر اچ تی گرفتم . با سپاس !!! ,0
2542,سلام کابل با کیفیت وبسته است بندی عالی . سوکتهاش خوب چفت می‌شود و لق نیست . سرعت شارژش هم با کابل اصلی گوشیم هیچ فرقی نمی‌کند وخیلی خوبه است من دوتا خریدم البته در شگفت‌انگیز و خیلی راضیم . ,0
2543,خیلی عالیه ممنون از دیجیکالا ,0
2544,عدد تا خریدم اول کار می‌داد بعد قطع شد حتی اطلاعات انتقال نمی‌داد شارژم نمی‌کرد ,1
2545,اول که بدهستم رسید به نظرم امد که خیلی سبک و کوچولو و به درد نخور است ولی بعد از اینکه مطابق دستورالعمل استفاده‌اش کردم به طرز عجیبی ناخن‌ها را صاف و صیقلی کرد ! ,0
2546,من چندین سال هست که از این مسواک استفاده می‌کنم و واقعاً ازش راضیم ,0
2547,طبق نظرات مثبت دوستان سفارش دادم و بسیار راضی‌ام ، ابرسانی عالی اصلاً چرب نیست و زود جذب می‌شود و پوست و لطیف و نرم می‌کند ,0
2548,نسبت به قیمتش کیفیت قابل قبولی داره ، از پلاستیک نرم هست که البته بدلیل ضخامت خیلی هم شل نیست قاب گوشی ، برای توصیه به خریدش باید نیم نگاهی به قیمتش هم داشت ,0
2549,پیشنهاد نمی‌شود ,1
2550,امروز به دستم رسید از هر نظر گارد فوق‌العاده‌ای هست ,0
2551,برای پوست چرب مناسبه است ,0
2552,قابل‌قبول و در زمان تخفیف ، به صرفه است . ,0
2553,توصیه می‌کنم نخرید ,1
2554,همه چه تمامه است و کسانیکه گوشیهای اندرویدی دارن چه جدید چه قدیمی لذتش را می‌برن … ,0
2555,دیگر نمی‌شود با این قیمت غیر منظقی ، سری‌های مسواک برقی خرید ، خود مسواک هم الان بی‌استفاده می‌شود دیگر . ,1
2556,متاسفانه خوب و سریع شارژ نمی‌کند ,1
2557,سلام خسته نباشید من از این محصول به هیچ وجه راضی نیستم یک هفته‌ای خراب شد ,1
2558,موهای من چرب و پوست سرم مدتی بود بخاطر شرایط آلوده محیط کارم پوسته می‌شد و ریزش داشت . خیلی از شامپوها و امتحان کردم حتی با قیمت بالاتر از این . ولی اتفاقی یک بار این شامپو و خریدم واقعاً را موهای من عالی جواب داد . هم پوسته شدنش از بین رفت هم ریزشش خیلی خیلی کم شد . جالبیش اینجاست که تا چند روز بعدش چربی سر و موهایم تا حدی کاملاً معمولی می‌شود ( در صورتی که یکسری از شامپوهای موهای چرب کاملاً مو و پوست سر و خشک می‌کرد ) . ,0
2559,پوست را خشک نمی‌کند ! پاک‌کنندگی مناسب … ,0
2560,کابل جنس بسیار خوبی داره حداکثر سرعت شارژ عدد آمپر . بسته بندی مناسب . قیمت عالی ,0
2561,برعکس نظرات بعضی ازدوستان نه بوی بدی داشت نه اینکه بلافاصله محو واثرخودشوازدست می‌داد . واقعاً تاچندساعت بعدحتی بعدازشستن دست همچنان پوست دست اثررطوبت ونرمی خودش روداره است . نسبت به قیمتش خوبه است وازش راضیم . ,0
2562,خیلی خوشرنگه است کیفیتش هم خوبه است در کل پیشنهادش می‌کنم ,0
2563,من خیلی این ماسک و اسکراب را دوست داشتم . بوی خیلی خوبی می‌دهد . برای یک‌بار استفاده مناسبه است . بعد از استفاده هم شادابی پوست حس می‌شود . به هر حال قیمتش زیاد نیست حجمش هم زیاد نیست . ارزش یک‌بار امتحان را داره : ) ,0
2564,,0
2565,بسیار محصول خوب و با کیفیتی هست من عدد بار از این ماسک استفاده کردم که دفعه دوم زمان بیرون اومدن از حمام و باز بودن منافذ زدم که به نظرم بیشتر هم جوابگو بوده ,0
2566,من کابل مبدل آیفون هفت را گم کردم و این کابل را خریدم ولی متاسفانه بعد از حدود دو دقیقه ارور می‌دهد . ,1
2567,تنها خمیر دندانی هست که آدم احساس خوبی بعد از استفاده می‌کند ,0
2568,هیچ ایرادی ندارد … نه قطع و وصلی داره نه چیزه دیگر … خیلی هم خوب شارژ می‌کند … می‌خواهم یکی دیگر هم بخرم … ,0
2569,خیلی خوبه است حتماً پیشنهاد می‌کنم ,0
2570,قبل از خرید نظرات را خونده بودم ,0
2571,راستش من این کرم را به خاطر برچسب روی قوطیش که خوشگل بود تصمیم گرفتم بخرم برای روی میز کارم که یک وقت دستام خشک می‌شود ,0
2572,زیبا ، شکیل و باکیفیت ,0
2573,با سلام خدمت دوستان عزیز . دوستان حدود یکماه است وخورده‌ای پیش بنده یک قسمتی از پیشانیم نکروز شده_بود که عمل کردم وبه اندازه دو سانت بافت پوستم برداشت کردند که جاش کمی گود شده_بود واخیلی زار دهنده بود برایم دکتر یک نوع کرم برایم نوشت رفتم گرفتم یکهفته استفاده کردم هیچ اثری نداشت بصورت اتفاقی این کرم در دیجی کالا دیدم وسوسه شودم گرفتم خداییش بعداز چند تفاوت حس کردم وبعد از یکماه است خدا را شکر بطور کلی خوب خوب شد وفقط یک اثاری خیلی جزیی موند که دکتر گفت همین را ادامه بده قطع نکن کلاً ازبین میره وظیفه دانستم این را بگم که تجربه کردم ونتیجه گرفتم بلکی کمکی بکنم به دوستانی که دنبال کرم بازسازی هستند باخیال راحت این کرم استفاده بکنن .. تشکر .. ,0
2574,خیلی زیباست و به پوست‌های سفید می‌آید ,0
2575,عالی ,0
2576,بدون لیف اسفنجی خوب کف نمی‌کند ,0
2577,سلام . الان حدود یک سال دارم از این مانیتور استفاده می‌کنم . بعد کلی تحقیق این مانیتور را خریدم . ازش خیلی راضیم . چشم را اذیت نمی‌کند . ,0
2578,این محصول از برند را شرکت اپل تایید کرده ( معدود محصولاتی این اتفاق براشان می‌افتد ) ,0
2579,با این قیمت و این کارایی حتماً پیشنهادش می‌کنم . خیلی کیفیتشم خوبه است . البته این‌قدر کیفیتش خوبه است که فکر کنم به مرور زمان این نرمیش کار دستش بد و خراب بشود . ,0
2580,مثل کاورهای ژله‌ای معمولی ولی با این تفاوت که رنگ مشکی داره و از تغییر رنگ خبری نیست حداقل و در نهایت من که راضی‌ام . ,0
2581,از لحاظ طعم و اسانس که جالب نیست ، حالت خمیرش یک جوری هست که حس خوبی به آدم نمیده و در نهایت تغییری در سفید کنندگی و جرم‌گیری مشاهده نشد . ,1
2582,راضی بودم از پاک‌کنندگی خوب و روی ازبین بربردن و نزدن جوش‌ها تا زمانی که استفاده می‌کنی تاثیر نسبتاخوبی داره ,0
2583,من xs max دارم و از آنجایی که جک عدد ٫ عدد ندارد مجبور شودم این را بخرم . وقتی وصلش می‌کنی به ماشین بعد عدد دقیقه یک پیام را گوشی می‌آید که می‌گوید آیفون این سیم را ساپورت نمی‌کند و صدا قطع می‌شود . یعنی طول عمرش عدد دقیقس ,1
2584,کاملاً بی‌رنگ وبی کیفیت . مثل مرطوب‌کننده است ,1
2585,جنس و کیفیت مرغوب ، دقت در تولید ,0
2586,به علت نازک بودن ضد ضربه نیست و قیمتش نسبت به کیفیتش گران است ,1
2587,من دو ماه از این کرم استفاده کردم لک‌های پوستی کمرنگ‌تر می‌کند و در کل پوست صورت یک درجه روشن‌تر می‌کند . برای من حساسیت ایجاد نکرده اما نکته که هست اگر برای مدتی استفاده قطع بشود و در معرض آفتاب قرار بگیرید دوباره لک‌ها تیر می‌شون استفاده مداوم خیلی تاثیر داره . ,0
2588,سلام . من این کرم را برای خانمم گرفتم . از کیفیتش شگفت‌زده شد . ,0
2589,عالیه جنس خوبی داره ,0
2590,من شامپو و این کرم استفاده کردم خیلی به خشکی پایید موهایم کمک کرد ازش راضی‌ام ,0
2591,"ازدیجی کالا خریدم و الان سه هفتست استفاده می‌کنم , راضیم وابرسانی قوی وخوبی داره واصلن پوست و چرب نمی‌کند ",0
2592,عالیه مخصوصاً برای کسانی که دندان‌های حساسی دارن ,0
2593,عالی ,0
2594,بسیار با کیفیت و زیبا ,0
2595,خیلی خوبه است من به اکثر خمیر دندان‌ها آرژی دارم ولی این خیلی ملایم و سازگاره است با مخاط دهنم و اصلاً احساس سوزش ایجاد نمی‌کند و خیلی پاک‌کنندگی خوبی داره .. ,0
2596,زیبا و باکیفیت بود . ,0
2597,بسیار بی‌کیفیت هست . ,1
2598,واقعاً تعجب می‌کنم از این همه نظر مثبت . من‌بعد دیدن این همه نظر مثبت خریدمش . تا موقعی که خیلی صاف بود و یک خمم نداشت کار کرد ، ولی کلاً دو سه بار گذاشتمش در کیفم بردم جایی از کار افتاد بدون‌ای که ظاهرش چیزی نشان بده . سرجمع یک ماه هم کار نکرد برایم ,1
2599,الان حدود عدد ماهه که این محصول را استفاده می‌کنم ، قبلاً کابل‌های زیادی خراب کردم اما این تقریباً بهترین کابلیه است که داشتم ، تنها مشکلش آینه که فنرهای کانکتور یکم ضعیفه و الان بعد یک مدت استفاده به اندازه قبل داخل دستگاه سفت نمی‌شود . ,0
2600,این محصول را نخزید خیلی بیخوده است برای من که اوردنش روی قاب پر خطو خش بود . بعد هیچ زیبای خواصی ندارد من گول قیافش را خوردم ,1
2601,پوست را عمیق‌ها تمیز می‌کند ,0
2602,کابل خوبیه است تا وصل می‌کنم سریع بالا می‌آرد ولی مشکلش آینه که کوتاهه است ,0
2603,به نظر من واقعاً این ماسک خیلی خوبه است من همیشه ماسک ذغال سودا را استفاده می‌کنم واقعاً کیفیت خوبی داری عزیزانی که می‌گوین استفاده کردیم پوستمان را سوزونده باید توجه داشته باشن که شاید کلاً ماسک ذغال مناسب پوستشان نیست و باید از ماسک دیگه‌ای استفاده کنن هر ماسکی مناسب برای پوست خاصی هست اگر پوست خیلی خشک باشد این ماسک خیلی براشان کاربردی ندارد ,0
2604,نسبت به قیمت و حجمش محصول خوب و مناسبیه است ,0
2605,پاک‌کنندگی و مرطوبیت کافی ,0
2606,بهترین خمیر دندان برای دندانهای حساس . بعد از عدد بار استفاده تاثیر مطلوب می‌بینیم . البته بهتره است مقداری روی دندان‌ها باقی بموند . ,0
2607,بسیار ضعیف و بی‌کیفیت . سرعتش خوبه است ولی خیلی زود خراب شد . بیست تومان بگذارید روی پولتان و ماندگارش را بخرید . ,1
2608,من این لاک را داخل پیشنهاد ویژه با قیمت خیلی خوبی خریدم . ولی اصلاً پیشنهاد نمی‌کنم . ماندگاری خیلی پایینی داره . فقط بعد از چند ساعت لبه‌های لاک پاک می‌شود ,1
2609,من سه ساله از کرم مرطوب‌کننده کامان استفاده می‌کنم و بنظرم واقعاً کیفیت خوبی داره ,0
2610,به درد نخور ,1
2611,تا الان که دوسد بار استفاده کردم راضی بودم .. چیز بدی ندیدم ,0
2612,من چند بار استفاده کردم واقعاً عالیه ,0
2613,عالی ,0
2614,اصلاً مطابق تصویر نیست ,1
2615,کیفیت بالا ,0
2616,من آنقدر کرم‌های مختلف استفاده کردم تا به این کرم رسیدم . واقعاً فکر نمی‌کردم کرم به این ارزونی این‌قدر برای پوستم خوب باشد درحالیکه کلی هزینه کرم مرطوب‌کننده کردم ، کرم‌هایی مثل کلینیک و استیلادر . واقعاً از این کرم راضی‌ام و خیلی خوب پوستم را آبرسانی و جوان می‌کند . همیشه هم منتظر تخفیف شگفت انگیزش در دیجی کالا می‌مونم و چند تایی سفارش می‌دهم . نسبت به قیمتش واقعاً ارزش خرید داره . ممنونم از دیجی کالا ,0
2617,درکل معمولی بود ,0
2618,از نظر من کیفیتش خیلی خوبه است عالیه من از این مارک وسایل دیگش را هم خریدم خوب بوده اینم خیلی خوبه است عالیه از خریدش پشیمان نمی‌شوید ,0
2619,واقعاً راضیم ازش . بدون بو و چربی . راحت جذب پوست می‌شود و اثری به جا نمی‌گذارد . ,0
2620,این کابل از نظر قیمت عالی هست . و کیفیت خوبی داره . فقط برای کسانی که مثل من در ابتدا مشکل پرش تصویر در لپ‌تاپ را دارند در هنگام اتصال به تلوزیون باید ابتدا ورودی تلوزیون را به hdmiمورد نظر تغییر بدهند بعد به لپ‌تاپ وصل کنند مشکل حل می‌شود و دیگر پرش تصویر را ندارد . ,0
2621,خیلی قشنگ ساده و نرم هستش ,0
2622,نسبت به قیمتش ارزش خرید داره .. نمی‌توانم بگم عالیه .. خیلی معمولیه است .. برای کسانی که دچار خشکی پوست شدید هستند توصیه نمی‌شود .. فقط در حد نیم ساعت مرطوب نگاه می‌دارد . حجم زیادی داره و قیمتش مناسب ,0
2623,با سلام این کابل تازگی به دستم رسیده کابل بسیار خوب و با کیفیت‌تر نسبت به کابل‌های تبدیل یک به دو aux هستش و بسیار کوچک و قابل‌حمل هستش . فقط مقداری فاصله میان دو درگاه ورودی کمه . ولی انتقال صدا را به خوبی انجام می‌دهد بدون کم شودن بیس . و کیفیت صدا خیلی خیلی بهتره است چون من برای موقعیت‌هایی که بخواهم فیلم را با کسی نگاه کنم از هدفون بخواهیم استفاده کنیم خیلی خوبه است . یا بخوایین سینما خانواده با اسپیکر کامپیوترتان را باهم استفاده کنید یا دوتا اسپیکر و … که بخواهد تبدیل به دوتا بشود خیلی مناسبه است . خیلی متشکرم که وقتتان را برای خواندن این مطلب گذاشتید متشکرم . ,0
2624,اولش کابل خوبی بود ، ولی یکهو یک روز دیگر کار نکرد ، بدون هیچ علتی ، عدد بار وصلش کردم دوبار یکهو کار کرد و شارژ کرد ولی دوباره کار نمی‌کند ,1
2625,همکارم از این اسپری استفاده می‌کرد و به منم پیشنهاد کرد . من از ضد آفتاب و پدی لافارر هم استفاده کردم . محصولات با کیفیت و خوبی هستن . درواقع به خاطر آن‌ها تصمیم گرفتم اسپری موی آن هم امتحان کنم . ,0
2626,هم دستبند زیباییه است هم یک کابل عالیه هم گارانتی نقش ممتازه است .. ,0
2627,متاسفانه گارد قبلی با اونکه گرانتر بود پشت گوشی را خش‌های ریز انداخته_بود این بنسبت قیمت خوبه است جنت‌ها می‌گیری تا کدر شد عوض می‌کنی و همیشه تمیز و نو میمیونه ,0
2628,به پوست صورت من می‌سازد و خبری از خشکی و قرمزی پس از مصرف نیست . غلظت خوبی داره و مقرون به صرفه است . ,0
2629,این پک تخصصی پوست چرب و مختلط نسبت به قیمتش خیلی به صرفه ست . رنگ کرم ضد جوش برای من که پوست روشن و گندمی دارم مناسب بود و پوشش دهی خوبی برای آرایش خیلی سبک داره . حتی بعد از بدن‌سازی و عرق کردن اصلاً روی پوست نماسید و خیلی کم برق افتاد . کرم بافت خیلی سبکی داره و راحت روی پوست پخش می‌شود . البته این محصول آرایشی نیست و نباید به چشم کرم پودر بهش نگاه کنید . آب میسلار هم برای پاکسازی و تنظیم ph پوست خیلی خوبه است . ,0
2630,برای صورت من که خشک بود عالی بود ,0
2631,بوی خوش و نرم کنندگی بالا ,0
2632,فوق العادس من دومین بارمه خرید می‌کنم و تنها ضدآفتابیه است که فکر کنم تا همیشه میخرمش برای پوست‌های مختلط عالیه نه تغییر رنگ می‌دهد را پوست نه چرب می‌شود ,0
2633,بعد از پاک‌کننده چشم ایوروشه که به دلیل افزایش قیمتش ترجیح می‌دهم نخرم از این استفاده کردم که پاک کنندگیش کاملاً مثل همونه . با مقدار خیلی کم آرایش چشم و لب را پاک می‌کند و به خاطر روغنی که داره به پوست دور چشم آسیب نمی‌زند . اگر اینم افزایش قیمت عجیب غریب پیدا نکند توصیه می‌کنم امتحانش کنید . ,0
2634,بسیار بی‌کیفیت ,1
2635,عالی بود ,0
2636,با این‌که زیباست اما خیلی زود می‌شکند متاسفانه ,1
2637,عالیه از هر نظر نمی‌شود ایرادی گرفت حدود دوماه است استفاده می‌کنم خیلی خوبه است و سریع پیشنهاد می‌کنم ,0
2638,من با توجه به نظرات خریداری کردم . برای نرم کردن مو خیلی خوبه است . موهای من از آن زبری شدید در آمد ولی ابریشمی نشد . از همان دفعه اول تاثیرش را گذاشت و بوی خوبی هم داره ,0
2639,کیفیت بسیار پایید ,1
2640,من مدتهاست دارم ازش استفاده می‌کنم و این نظرم را الان بعد ماه‌ها استفاده دارم می‌نویسم . واقعاً زیباست درست شبیه عکسش هست . کامل فیت هست ولی بالای قاب خیلی خیلی کم فیت فیت نیست اوایل این موضوع زیاد در چشم میومد اما بعد ماه‌ها استفاده یکم جا افتاده و در واقع انگار الان تازه فیت شده . در کل نسبت به قیمتش اررش خرید داره . ,0
2641,پوست من سبزه است اما خیلی کدر بود اما الان پوستم هم شفاف شده هم روشن حتی روی منافذ باز صورتم تاثیر مثبتی گذاشته . پیشنهاد می‌کنم امتحان کنید . همچنین بعد از استفاده پوستم خشک نمی‌شود . در کل راضی هستم ,0
2642,بعد از عدد ماه قطع و وصلی پیدا کرد . بردم گارانتی و عوض کردند برایم . ,1
2643,با توجه به قیمت تاثیر خوبی داره ,0
2644,برای پوست خشک عالیه من که راضیم ولی خیلی زود تمام می‌شود نسبتاً کوچکه است ,0
2645,موها را خشک و خشن می‌کند ، باعث ایجاد شوره سر می‌شود من که اصلاً راضی نبودم و بعد استفاده سرم شوره داد آن هم خیلی زیاد و مجبور شودم شامپو ضد شوره بزنم درحالی‌که تابحال سابقه شوره سر نداشتم ,1
2646,در مورد اثر جراحی بسیار کارامد بوده_است ,0
2647,متاسفانه برخلاف نظر دوستان این رابط بی‌کیفیت است . رابط ایفون اصلاً کار نکرد و رابط سامسونگ هم بسیار لق است و با کوچکترین تکان قطع می‌شود . متاسفانه دیر تست کردم و امکان مرجوع شودن هم نبود . ,1
2648,نکته‌ای که باید موقع خرید این محصول دقت کنید و بدونیدش این هست که برای سنین بالا پاسخگو نیست ! این محصول پیشگیری‌کننده و ابرسان دور چشم هست و فکرکنم برای زیر عدد سال گزینه خیلی مناسبی باشد ، برای سنین بالاتر که پوست چربیش کمتر می‌شود و بیشتر مستعد چروک می‌شود باید از دور چشم‌های قوی‌تر استفاده بشود . ,0
2649,به جای تاخیری باید می‌نوشتن بی‌حس کننده ,1
2650,خیلی خوبه است ریزش را قطع نه ولی کنترل می‌کند چربی سرم همینطور .. کلاً پیشنهاد می‌کنم برای پوسته و مو چرب استفاده کنید .. ,0
2651,قاب خوشگلی خیلی لوکس ,0
2652,راضی بودم ,0
2653,من حدود عدد سالی هست که آزید محصول استفاده می‌کنم . تقریبا&quot; طی این مدت هر روز و روزی عدد بار استفاده کردم و نظاتم را بشرح ذیل خدمتتان عرض می‌کنم : ,0
2654,راضیم ,0
2655,چون راحت پیداکردن در شهر مان نه اینکه نیست کم هست . شامپو خوبیه است برایم ارزش داشت اینترنتی بخرم ,0
2656,اگر برای دیوایس‌های اپلتان کابل لایتینگ می‌خواهید شک نکنید حتماً باید این را بخرید حتی در مقایسه با کابل‌های به اصطلاح اورجینال در بازار این یک چیزه دیگست … ,0
2657,به عنوان کالای طرح عالیه ,0
2658,واکس ندارد و بین دندان گیر می‌کند و پاره می‌شود . ,1
2659,سلام دوستان همانطور که بقیه دوستان اشاره کردند همانا من هم‌نظر ایشان را تایید و تاکید می‌کنم . این کابل در نوع خود بهترین است . درود بر دیجی کالا و یاران پاک و با وفایش ,0
2660,بنظرم خیلی خوب و عالیه این برنامه برای کسی که وقت کافی برای خرید ندارد ,0
2661,سیم خوبیه است چند وقته است استفاده می‌کنم ازش راضیم خوش‌رنگ و محکمه ارزش خرید داره ,0
2662,لنز و فلش چون برجستس پوشش نمیده و راحت دسترسی برای خط و خشش بازه هم برای دور لنز هم فلش ,1
2663,اندازه گوشی نیست ,1
2664,من دوماهه دقیقاً که این را محصول را خریدم و مداوم دارم استفاده می‌کنم . چشام سوزش می‌گیرد بعدش . تحمل . می‌کنم . و . هیج تاثیری هم نداشته تا الان ,1
2665,خیلی عالی بود . من خیلی ماسک‌های دیگر را امتحان کردم خیلی هم گرانتر ولی این واقعاً عالی بود ,0
2666,اصلاً را دست حس سنگینی نمیده و بوش هم عالیه ,0
2667,بسیار زیبا و محکم با قیمت ارزان‌تر از بازار ,0
2668,به قیمتش خوبه است ,0
2669,عالی بود و حس خوبی به پاهایم داد ,0
2670,کیفیتش خوبه است ,0
2671,دوستان من این ضد آفتاب را به پیشنهاد دکتر پوستم گرفتم …پوست صورت من چربه و چون تحت درمانه خیلی حساسه است .. این ضد آفتاب عالیه …تا چندین ساعت هم نیاز به تجدیدش نیست چون محافظت بالا و عالی‌ای را داره …کسانی هم که گفتن پوست و برق می‌اندازد باید بگم که این ضد آفتاب oil free هست اما خاصیت مرطوب کنندگیش باعث درخشش کم پوست می‌شود که اگر چند دقیقه صبر کنید کاملاً جذب و مات می‌شود بنابراین برق نمی‌اندازد … ,0
2672,می‌توانم بگم افتضاح بود ، خیلی در ذوقم خورد ، انتظارش را نداشتم ,1
2673,فقط عدد ماه کار کرد بعدش یکهو خراب شد و سرعت شارژ کردنش خیلی خیلی کم شد . ,1
2674,سلام متاسفانه یکماه است نشده که کلاً قطع‌شده ، من دو سیم دارم یکی محل کار و یکی منزل . این سیم را فقط شبها که از سرکارمنزل می‌آم استفاده می‌کردم . که متاسفانه بخودی خود قطع شد ,1
2675,در شگفت‌انگیز واقعاً ارزش خرید بسیار بالایی داره ,0
2676,اصلاً نخرید ,1
2677,سلام ,0
2678,کیفیتش عالیه و من واقعاً راضیم چون جریان برق را هم بدون افت ولتاژ انتقال می‌دهد ,0
2679,رنگش برای پوست‌های روشن خوبه است …پوشانندگی خوبی داره ، غلیظ هست ، بعد از گذشت چند ساعت پوست کدر نمی‌کند مشکلی که من با ضد آفتاب‌ها داشتم و پوستم چرب نمی‌شود …من در اوایل استفاده جوش زدم چون قبلش نرم‌کننده می‌زدم ولی استفاده تنهاش مشکلی نداشت ,0
2680,خوشرنگه است ولی باید دائماً تجدید بشود ,1
2681,برخلاف دیگر تبدیل‌ها این تبدیل هم دیتا را انتقال می‌دهد هم شارژ می‌کند . برای انتقال فایل به کامپیوتر از طریق کابل میکرو usb و انتقال فایل به فلش از طریق otg که میکرو usbهستش می‌توانید استفاده کنید . ,0
2682,به نظر می‌رسد که قیمتش نسبت به کرم‌های دیگر کمی بالا باشد ولی خیلی کیفیت بالایی داره و مقدار کمش سطح زیادی از پوست پوشش می‌دهد که همین مقرون به صرفش کرده ,0
2683,من چند ساله از این کرم استفاده می‌کنم و خیلی عالیه و اصلاً لکی روی صورتم به وجود نیومده . پوشش دهی خیلی خوبی داره ، جوش ، لک یا هرچیزه دیگه‌ای باشد را تا حد زیادی می‌پوشاند و پوست صورت را صاف نشان می‌دهد . ,0
2684,خیلی حس خوبی بعد از استفاده ازش روی پوستم دارم ,0
2685,من با توجه به چیزهایی که داخل دو ماه از خریدم گذشته نظر می‌دهم : ,0
2686,خوبه است نسبت به پولی که می‌دید خوبه است ,0
2687,گوشی آیفون عدد را شارژ نمی‌کند ,1
2688,با سلام . من این کالا را در تخفیف شگفت‌انگیز خریدم واقعاً ازش راضی هستم . به نسبت مسواک معمولی خیلی بهتر دندان‌ها تمیز و سفید می‌شون و اصلاً قابل‌مقایسه نیستند . فقط کاش می‌شد میزان باقیمانده شارژ دستگاه را نمایش بده ، چون اصلاً استفاده‌کننده ذهنیتی راجع به شارژ باقیمانده و اینکه چند بار دیگر می‌شود ازش استفاده کرد ندارد و همینطور وقتی دستگاه را شارژ می‌کنی نمی‌دانی چه زمانی کافی هست برای فول شودن باتری که زیاد از حد متصل به پریز برق نباشد . ,0
2689,به‌شخصه بسیار راضیم ، برخلاف کابل‌های خود اپل که بسیار ضعیف هستند ، و سریع پاره می‌شوند این کابل هم خیلی محکم هم طولش مناسب هم خوب چفت می‌شود و سری ال‌ای دی واقعاً کاربردیه است پیشنهاد می‌کنم بهتان . ,0
2690,راضی بودم ,0
2691,خیلی خوبه است این مارک ,0
2692,فقط دو ماه استفاده شد بسیار بی‌کیفیت ,1
2693,عالیه از همه نظر برای پوست و مو ,0
2694,از نظر کیفیت در سطح عالی و بهتر از کابل فابریک سامسونگ . ,0
2695,واقعاً بی نظیره است ,0
2696,ایرانی بخرید . ,0
2697,بسیارشامپوخوبیه من خیلی راضیم به همه توصیه می‌کنم ,0
2698,حتماً پیشنهاد می‌کنم ، مرطوب‌کننده روغن آرگانش نسبت به بقیه‌ی مرطوب کننده‌های آدرها بهتر بوده ,0
2699,من این محصول از دیجی کالا برای همسرم خریداری کردم . ( البته قبلاً هم از دیجی مالا خریداری کرده_بودم که عالی بود ) متاسفانه این بار فروشنده ، محصولی ( گالری شقایق ) که دو ماه به تاریخ انقضاش مانده_بود را فرستاده_بود . در حالی که تخفیف شگفت انگیر هم نبود . از آن جایی که همیشه تاریخ‌ها را چک می‌کنم بلافاصله با پشتیبانی تماس گرفتم و کالا را مرجوع کردم . کمتر از عدد ساعت بعد هزینه را دریافت کردم البته اگر محصول را با تاریخ انقضا مناسب هم دریافت می‌کردم برای من قابل‌قبول بود . ,0
2700,کلاً چیز خوبیه است و من الان عدد ماهی هست دارمش و راضیم ,0
2701,به همه پیشنهاد می‌کنم ,0
2702,خوبه است ,0
2703,به من توصیه‌شده به مدت عدد - عدد ماه استفاده کنم ولی الان عدد روزه که استفاده می‌کنم مسلم‌ها نظری نمی‌توانم بدم و کلاً وقتی شب‌ها می‌زنم به صورتم حالت خارش را صورتم دارم تا ساعت‌ها ,0
2704,الان عدد ماه می‌شود خریدم و خیلی راضیم ,0
2705,عالیه و بوی خیلی خوبی داره حس خنکی به پوست می‌دهد ,0
2706,خیلی خوب و موثره است ,0
2707,غیر قابل‌مقایسه با برند‌های داخلی و فوق‌العاده با کیفیت ,0
2708,در عرض عدد / عدد روز شدیداً جوش زدم دیگر نمی‌خواهم استفاده کنم بعد استفاده پوستم نرم و لطیف بود بوشم خوبه است ولی جوش زدم ,1
2709,فوقالعاده اس ,0
2710,بعضی از دوستان گفته بودن بوش خیلی زیاده ولی به نظر من مناسبه است . یک جورایی بوی ادکلن می‌دهد . سریع جذب می‌شود و آبرسانی خوبی داره . من‌بعد از حمام برای کل بدنم استفاده می‌کنم و اثرش فوق العادس ,0
2711,هم جنسش خوبه است ,0
2712,خیلی صابون‌هایی خوبی هستند اما بیشتر برای بدن استفاده بشوند بهتره است تا صورت ,0
2713,تازه به دستم رسیده . کوله‌ی خوبی هست . به نسبت قیمت مناسبه است . البته من داخل تخفیف خریدمش . ایرادش داخل باریک بودن بند هاست ، به نسبت جادار بودن و به دنبال آن سنگین شودن کوله نامناسبه است و مقاومت خوبی ندارن . ,0
2714,شارژ دهی خوبی داره ,0
2715,نسبت به هزینه‌اش ، کالای ارزنده‌تری دریافت می‌کنید ,0
2716,چون از نوع سیلیکونی پلاستیک نرم درب خوب بسته_نمی‌شود ,1
2717,من هم‌وزن عدد گرمیش را گرفتم هم عدد گرمیش هر دو تا عالین ,0
2718,خیلی قاب ساده و در عین حال شیک و خوش دستیه است از همه مهم‌تر رنگ دور قاب دقیقاً هم‌رنگ جنس بدنه آیفونه است و انگار هیچ‌قابی روی گوشی نیست . واقعاً فوق‌العاده . ,0
2719,تاریخ انقضا نزدیک است ,1
2720,وقتی ازش استفاده می‌کنم تا چند ساعت پوستم نرم میمونه ، خیلی هم بوی خوبی داره ,0
2721,برای منزل خوبه است و عالی اما مغازه برای حرفه‌ای‌ها خیر و اسباب‌بازی هستس … قیمتی ندارد و ارزان و عالی برای شخصی ,0
2722,خیلی خوبه است راضی هستیم بوی ملایم و خوبی داره و چربیش اذیت کننده نیست چندتا ازش گرفتم برای خودم و اطرفیان ,0
2723,من برای پدرم خریدم ، بعد از عدد بار استفاده کاملاً سیاه کرد دندان مصنوعیش را . نخرید . ,1
2724,پایید گفتم ,1
2725,نگران حجم کمش بودم اما وقتی بدهستم رسید و استفاده کردم دیدم مقدار خیلی کمی از آن سطح زیادی را پوشش می‌دهد و برای کل صورت حداکثر دو پمپ کامل استفاده می‌شود ( دوقطره ) ,0
2726,قاب سیک و بسیار عالیه‌ای ,0
2727,یک محصول شناخته‌شده و باکیفیت . ممنون از دیجی کالای عزیز بابت این محصول با کیفیت . ,0
2728,وسیله خوبی برای افرادی که دندان مصنوعی دارن هست ,0
2729,عدد ماسک موی معمولی که به نسبت بقیه ماسک موهابهتره امایااین قیمت یاشاید عدد کم بیشترروش بگذارید عدد چیزبهترمیشه خرید ,0
2730,من مشکی خریدم واقعاً عالی ازهمه است لحاظ ,0
2731,بعد از یک هفته استفاده مرتب و روزانه در دونوبت ، کم‌کم جرم‌هایی دندان‌هایم شروع به محو شودن و کمرنگ شودن کرد … ,0
2732,عالیه با کیفیت ,0
2733,واقعاً عالی البته داخل شگفت‌انگیز گرفتم ,0
2734,هنوز از کرم استفاده نکردم ولی بعد از اینکه باز کردمش مقدار زیادی هوا ازش خارج شد . ولی رنگش همانی بود که می‌خواهستم چون پوست من سفیده و دوست ندارم که کرم ضدافتاب خیلی سفیدم بکند . هنوز استفاده نکردم که بدانم خوبه است پیشنهادش بکنم یا نه ,0
2735,این محصول بسیار جذب بالا و تاثیر خوبی دارند پوست را چرب نمی‌کند و در مرور استفاذه خیلی تمیز لایه‌برداری می‌کند نسبت به قیمت و حجم عالی ,0
2736,اصلاً فکر نمی‌کردم آنقدر با کیفیت باشد قیمتش هم عالیه . ,0
2737,خیلی از نظر اقتصادی به صرفه است ,0
2738,این مدل گارد‌های شفاف خیلی شیکن و در بازار کم پیدان . ,0
2739,قاب خوبیه است محافظت نه نداشته باشد داره ولی اندازه سیلیکون نیست ,0
2740,دیروز به دستم رسید ، من در پیشنهاد ویژه خریدم ، واقعاً ازش راضیم و خوش‌دست و جنسش در حد قیمتش عالیه ، جای موبایلش بزرگ و خوبه است ، در کل از خریدش راضی هستم ,0
2741,باید مداوم استفاده کنی تا متوجه تغییرات بشوی ,0
2742,محکمه . مثل بقیه تبدیل‌ها شل و ضعیف نیست ,0
2743,خیلی خوب و عالی نسبت قیمتش گوشی را از ریخت نمیندازه ,0
2744,کیفیت خوب ,0
2745,به درد نخور . آشغال ,1
2746,سلام ,0
2747,عالی بود موهارونرم می‌کند ,0
2748,این سایز خیلی مقرون به صرفه‌تر از سایز‌های کوچک تره . پیشنهاد می‌کنم اگر نرم‌کننده زیاد استفاده می‌کنید این سایز را بگیرید ,0
2749,قدرت پاک‌کنندگی خوبی داره . مخصوصاً اگر با برایشهای صورت استفاده بشود . ,0
2750,خوبه است . عالیه‌راضیم . شکیل و سنگینه . جلوه خوبیم داره . بخصوص مشکیش ,0
2751,اگر فاکتور قیمت را بزاریم کنار همه جوره عالیه . رایحه خوب ، موندگاری رایحه بالا ، قدرت پاک‌کنندگی بالا و لطافت پوست نتیجه استفاده از این صابونه . اگر با قیمت بالاش می‌توانید کنار بیاید در خریدش شک نکنید . ,0
2752,یک کاور زیبا و منعطف برای گوشی ,0
2753,سلام به همه دوستان ,1
2754,کیفیت خوبی داره و چون سر کابل زاویه داره به راحتی موقع شارژ می‌شود باهاش کار کرد و سرعت شارژ خوبی داره ,0
2755,مقدارش کمه و خیلی زود روی صورت خشک می‌شود ولی کیفیت قابل قبولی دارد . ضمناً برای منافذ پوست من تغییری ایجاد نکرد . ,0
2756,نسبت به قیمتش حرف ندارد ,0
2757,فست شارژ نیست ,1
2758,کرم تقریباً خوبیه است من برای بار دوم است که سفارش دادم ,0
2759,عالیه ، نسبت به قیمت حتماً توصیه می‌شود ,0
2760,یک حالت چسب مانند را کاور بود که پاک نمی‌شود ، شانس من بود فقط ,0
2761,طبق سلیقه من بوی خوبی داره ,0
2762,عالی بسیار پر قدرت و بلند ,0
2763,خیلی خوبه است برای موهای دکلره شده ,0
2764,قیمت عالی ,0
2765,واقعاً محصول بی کیفیتیه است ,1
2766,خوب بود . ,0
2767,اصلاً گوشی را شارژ نمی‌کند و قطع و وصل می‌شود ,1
2768,"اصلاً چیز خوبی نیست و قدرت شویندگیش به قدری بالاس که باعث سوزش و خارش میشه, بلایی به سر من آورد که یک هفته درگیر دکتر و دارو بودم, باعث اگزمای شدید می‌شود و بعد از یکی دو بار استفاده انداختمش دور و پولم را حرام کردم ",1
2769,واقعاً باکیفیته است ,0
2770,خیلی موثر در برطرف کردن چروک دور چشم ,0
2771,کرم خوب و کاربردی کیفیت مناسب نسبت به قیمت پیشنهاد می‌کنم ,0
2772,به نظر می‌رسد ریزش مو کمتر شده ,0
2773,من چند ماهه این مسواک را استفاده می‌کنم بنظرم خوبه است ,0
2774,این محلول با مصرف یک ماه به بالا نتیجه خودش و نشان می‌دهد و نباید یکدفعه‌ای قطع شه ولی نتیجه عالیه ,0
2775,بسیار عالی و خشبوست ,0
2776,واقعاً اشتباه بزرگی بود خریدن این مسواک ,1
2777,کیفیت بشدت پایینی داره و سایزش استاندارد نیست و پلاستیکیه است و به همین خاطر بسختی نصب می‌شود و به خودی خود خط و خش میندازه روی لپتاپ . من که اصلاً راضی نبودم و وقتی خواهستم درش بیاورم از روی لپتاپ ، شکست به خاطر جنس خیلی خشکش . ,1
2778,من ریزش موی شدید داشتم یکبار استفاده کردم خیلی خوب بود انگار سرم ارامش گرفت ,0
2779,سایز محصول کاملاً نا مناسب و غیر عادی است ,1
2780,کرم سبکی هست ,0
2781,فوق العادس حتماً امتحان کنید ,0
2782,یکم گران بود ولی راضی بودم ,0
2783,شامپوی خوبیه است در صورتی که تازه باشد چون در صورت ماندن زیاد تغییر رنگ می‌دهد که قابل‌استفاده نیست باید مدت زمان کمتری روی مو بموند ,0
2784,عالی نیست ,1
2785,محصولات سی گل در مقایسه با سایر برند‌ها از کیفیت قابل‌قبول و قیمت مناسب برخوردار هستن . به‌شخصه مشتری این برند هستم و به همه توصیه‌اش می‌کنم . ,0
2786,عالیع حتماً بخرید ، برای پوستای چربو کم آب مناسبه است ,0
2787,خوب ,0
2788,محصولات آدرها باتوجه به برند ایرانی ، کیفیت خوبی دارند و مشابه نمونه‌های خارجی عطر ملایمی دارند ، ,0
2789,به راحتی روی ناخن پخش می‌شود و زودی خشک می‌شود . ,1
2790,جنس بسیار بی کیفیتی دارد ,1
2791,من تازه به دستم رسیده و در خرید شگفت‌انگیز خریدم از نظر قیمت خیلی مناسب بود و الان که به دستم رسید از هر لحاظ کیفیت خوبی داره و به هر کسی پیشنهاد می‌کنم ,0
2792,بنظر من کسانی که دنبال یک مبدل جمع و جور و راحت و ارزان هستند در خریدش شک نکنن …برای گوشی فوقالعادست . ,0
2793,من دو روزه استفاده می‌کنم و پوشانندگی و ماندگاری خوبی را ازش دیدم . وقتی از سر کار بر می‌گردم خانه می‌بینم را پوستم تکان نخورده . فقط همه‌اش حس می‌کردم پوستم تیره شده تا این که فهمیدم دسته گل دیجی کالاست !! من رنگ بژ روشن را سفارش دادم ولی بژ صورتی را واسم فرستاده !! آن بالا جای اسم محصول خیلی واضح نوشته شماره عدد مخصوص پوست مختلط و چرب ولی دیجی ، شماره عدد ٫ عدد و مخصوص پوست خشک را فرستاده . من زیادی اعتماد داشتم به مارکت و قبل از چک کردن بازش کردم متاسفانه وگرنه برگشت می‌زدم . در ضمن اونجوری هم که عنوان کردن ضد تعریقه است ، نیست . یعنی با این که هوای دی ماهه و نسبتاً سرد هست ؛ بعد از چند ساعت‌ی جاهایی از پوست مثل نواحی پیشانی و بینی برق میفته . ,0
2794,سوکتهای دو سر کابل کاملاً بی‌کیفیت بطوری که اصلاً به گوشی من نخورد و شارژ نکرد ,1
2795,من این اسپری را مدتهاست که استفاده می‌کنم و قبلاً که دیجی نداشتش ، به سختی پیداش می‌کردم . کیفیتش عالیه و سریع تاثیرش را می‌بینید ,0
2796,من تازه این کیف را خریداری کردم جنس عالی داره فوق‌العاده سبک هست مخصوصاً وقتی لپ‌تاپ را درون کیف می‌زارم اصلاً احساس ناراحتی و سنگینی ندارم . درکل عالی بود . ممنونم از دیجی کالا . ,0
2797,بسیار مناسب ,0
2798,خیلی زیبا و ظریف و فیت دستگاه بود ولی در مقابل ضربه احتمالاً خودش زود می‌شکند ,0
2799,شش ماهه استفاده می‌کنم سالم سالم . ,0
2800,از نظر من اگر اثر انگشت و وزن قاب برایتان مهم نیست بهترین گزینه برای خریدن هستش من خودم خریدم و خیلی هم خوب هستش پیشنهاد می‌کنم برای افراد ورزشکار ,0
2801,پیشنهاد می‌کنم ، ,0
2802,من کابل را را اسپیکر تست کردم صداش هم‌تراز با صدای بلوتوثش بود با کابل خودش صدای درستی نمی‌داد . ,0
2803,کیغیت بالا وقیمت مناسب ,0
2804,حرف ندارد .. عالیه . ، ممنون از دیجی کالا ,0
2805,کیفیت کالا ,0
2806,از کیفیت بالایی برخوردار ,0
2807,واقعاً جنس خوبی داره ولی یک مقدار قیمتش بالاست . پیشنهاد شگفت انگیزش ارزش خرید داره ,0
2808,بهترین نخ دندانی که تا حالا استفاده کردم ، خیلی باریک و محکم ,0
2809,خیلی شیکه است با توجه به قیمتش واقعاً می‌ارزد ,0
2810,سلام من به خاطر سفید کنندگیش گرفتم که واقعاً تاثیری ندیدم ! ,1
2811,طبیعت‌ها سرعت و قدرت دستگاهای سالنی را ندارد ، اما برای استفاده خانگی عالیه ، اینکه همیشه ناخن‌های صاف و تمییز و یدست داشته_باشی ، و من خودم با ناخن مصنوعی برای خودم کاشت انجام می‌دهم و کار من و تمییز راه انداخته و کاملاً راضی‌ام ، خیلی خوبه است ,0
2812,توصیه نمی‌کنم … استفاده کردنش با نکردنش فرق خاصی ندارد حتی در طولانی مدت … ,1
2813,خیلی خوبه است .. یک مقدار کم هم بزنی شاهد تغییر رنگ پوست هستی .. دوامش را نمی‌دانم تا چندروزه .. من چون پوستم چربه وقتی زدم جوش زدم …برای پوست‌های خشک فکرکنم بهتر باشد ,0
2814,سوکت کابل کاملاً غیر استاندارد می‌باشد ,1
2815,شامپوهای اکتیو خوب و کاملاً معمولی هستن ,0
2816,بد نیست ,0
2817,اصلاً توصیه نمی‌کنم ,1
2818,من که راضیم ,0
2819,خیلی خوشکله است بچه‌ها نظر داده بودن که از آن چیزی که در عکس هست خوشکل تره واقعاً هم اینطور بود مطمئن باشید ارزش خرید و داره . ,0
2820,من این کرم را حدود عدد ماه پیش گرفتم وهر شب با رعایت نکات شوستند صورت و خشک کردنش استفاده کردم ,1
2821,من از نواربهداشتی با مارک‌های مختلفی استفاده کردم و حساسیت داشتم به همشان به جز محصولات سپتونا که فوق‌العاده بودن و متاسفانه دیگر وارد نمی‌شود ,0
2822,نسبت به قیمتش عالیه . البته من در شگفت‌انگیز خریدم . ولی بدون تخفیف هم می‌ارزد . ,0
2823,اندازه بودن کاور را با گوشی‌های عدد / عدد x پلاس چک کنید ,1
2824,به نظرم عالی بود و رشد موهایم را افزایش داده_بود و بوی خوشی داشت ممنون از شرکت ,0
2825,من داخل تخفیف شگفت‌انگیز گرفتم جایزه هم داشت . با توجه به تخفیفی که خورده خیلی خیلی مناسب درمیاد . کیفیتش هم خیلی عالی ,0
2826,من وقتی کامنت‌های این ضد آفتاب را خواندم بیشتر کامنت خوب برایش گذاشته بودن و تعریفش را کرده بودن که منم خریدم ولی الان چندبار استفاده کردم بیخودترین ضد آفتابی بود که تا الان داشتم . اول اینکه وقتی می‌زنی به پوست پوست را بشدت برق میندازه مثل مهتابی برق می‌زنی ! بعدم وقتی می‌روی بیرون یک ذره که می‌گذرد می‌ماسد واب می‌شود و می‌ریزد از صورت !! صورتم به حدی چرب می‌کند که دیگ نگویم ! اصلاً ارزش خرید ندارد پولتان را هدر ندهید ! … ,1
2827,با توجه به میزان خرید کالا ، چند آیتم هدیه به مشتری معرفی شود تا خودش از بین آنها یکی را انتخاب کند . ,0
2828,خوب بود ,0
2829,قیمت مناسب ,0
2830,سپاسگزارم ,0
2831,خوبه است با این قیمت واق‌ها عالی هست ,0
2832,شامپو بادام فکس تمیزکنندگی وکف خیلی خوب ,0
2833,کابل عالی کیفیت عالی سرعت عالی گارانتی عالی ,0
2834,به خاطر سری آلومینیومی در حالت فست چارج خیلی داغ می‌کند و این عمل باعث شد بعد از عدد روز استفاده کابل به طور کامل از کار بیوفته . در مقایسه یا کابل‌های ریمکس باید بگم اصلاً ارزش خرید ندارد . به هیچ وجه ارزش خرید ندارد !!! ,1
2835,دربرابر تنش‌ها خیلی مقاوم ظاهر می‌شود و خیلی احتمالش پایید هست که بخواهد نزدیک سوکت‌ها پاره بشود ,0
2836,این کابل از شارژ سریع پشتیبانی می‌کند ، و بسیار با کیفیت هست . ,0
2837,یک کابل با کیفیت و خوش‌ساخت با قیمت مناسب . ,0
2838,بسیار خوب ,0
2839,از خریدم راضی هستم ,0
2840,من حتمان پیشنهاد می‌کنم ,0
2841,من این شامپو را از دیجی خریدم . شامپوی خوبیه است . زردی مو را تا حد زیادی بعد از استفاده از بین می‌برد . فقط باید برای نتیجه بهتر حدوداً نیم ساعت بموند روی سر . در کل من راضیم ,0
2842,"من به نظر بقیه اعتماد کردم واین کرمو سفارش دادم ,دو سه مرتبه استفاده کردم ووافعاازین همه تعریف متعجبم . اینکه به هیچ وجه پوشش دهی خوبی ندارد و کم یا زیاد بزنی صورت را گچی می‌کند "" واقعاً پولم را دور ریختم ",1
2843,من عدد سال از این شامپو استفاده می‌کنم برای جلوگیری از ریزش مو فوق‌العاده است . ,0
2844,کاملاً بی‌کیفیت ,1
2845,هم برایش خیلی خوبی داره ، هم رنگهاش خیلی زیباست ، این رنگشم یک رنگ ملایم خیلی قشنگیه است ,0
2846,محصولات زیادی استفاده کردم ، ولی متاسفانه از این هیچ تاثیری ندیدم . ,1
2847,کابل شارژ مناسب ، با طول مناسب ، قابلیت شارژ سریع ، کیفیت خوب ، ظاهر زیبا … . تا این لحظه که نکته بد ازش ندیدم . ,0
2848,من چسباندم و بعد از عدد ثانیه انداختم بیرون . ,1
2849,قدرت شوره بدی عالی ,0
2850,سلام من این لاک را از دیجیکالا گرفتم با اینکه از بیرون خیلی ارزون‌تر بود کیفیتش هم عالی بود ,0
2851,کرم خیلی خوبیه است و من ازش راضی‌ام ,0
2852,عالی و با کیفیت ,0
2853,"جنسش خیلی بد بود همان اولش که می‌خواهستم بندازم را گوشی , گوشه‌های قلبش شکست ",1
2854,نسبت به قیمت بد نیست ,0
2855,طراحی خیلی زیبایی داره و کاملاً مقاومه است ,0
2856,من برای در ماشین گرفتم که مواقع ضروری برای هر کدام از سرنشینای ماشین قابل‌استفاده باشد و از انتخابم راضیم و کیفیت قابل قبولی داره ,0
2857,خوب با کیفیت بسته بندی خوب ,0
2858,من همیشه از خرید محصولات کر فری راضی بودم . از لحاظ کیفیت خیلی از ایرانی‌ها بهتره است . اصلاً جمع نمی‌شود و باقیمانده چسبش به لباس نمی‌موند . ,0
2859,چون خیلی تیز بود توانستم خیلی راحت ناخن بگیرم ,0
2860,کابل خوبیه است و سرعت شارژ بالاست ، در کل محصولات تسک را با کیفیتن . ,0
2861,بنجل والسلام ,1
2862,نسبت به چیزی که داخل سایت مشاهده کردم ضعیف‌تر بود ولی در کل اوکیه راضیم ,0
2863,بعد از یک ماه خیلی دیر شارژ می‌کند واقعاً پشیمانم ,1
2864,خیلی رنگ مناسبی داره و بافتش ملایم و سازگار با پوست هست ,0
2865,من خیلی راضی‌ام . هم خوشگل و خوشرنگه است هم خوش‌دست و نازک . با نصف قیمت شگفت‌انگیز واقعاً می‌ارزد ,0
2866,همین الان به دستم رسید گوشیم را زدم به شارژ در ده دقیقه عدد درصد شارژ کرد . کیفیتشم عالیه مثل بقیه جنس‌های تویه بازار نازک نیست . دیجی جان پیشنهاد ویژه کن تا عدد تاشو بخرم ,0
2867,از خریدم بسیار راضی‌ام . ممنون ,0
2868,جنس بسیار مرغوبی دارد و برس‌ها به تمام نقاط دندان‌ها می‌رسد ,0
2869,شما در سایت نوشتید فست شارژ ولی اصلاً شارژ نمی‌کند ,1
2870,یک کم گرونه است ولی کیفیت خوبی داره و من راضی‌ام . این جنس را من برای گوشی‌های مختلف عدد بار خریدم . دو بار از دیجی و دو بار از مغازه‌های سطح شهر . آن دو مورد که از دیجی گرفتم هنوز سالم و با کیفیت اند ولی آن دو تای دیگر ، لبه هایش پر از ترک شد و شکست . با اینکه همین مارک و برند بوده ولی دلیلش را نمی‌دانم . شاید اصلی و تقلبی داره ,0
2871,این کرم و در شگفت‌انگیز خریدم . خیلی عالیه . کوچک‌ترین حس چربی روی پوست نمی‌زارد . و به سرعت خشکی و از بین می‌برد . با این حجم بالا می‌شود جای لوسیون بدن استفاده کرد . واقعاً عالیه . افتخار می‌کنم به تولید ملی . ,0
2872,واقعاً خیلی عالبه هم جنسش هم اندازش هم زیباییش ,0
2873,کیفیت ندارد ,1
2874,باید از خانم‌ها پرسید ولی بنا به تجربه کالای بسیار عالی هستش ,0
2875,محصولات نیوها عالی و از لحاظ قیمت به صرفه هستن ,0
2876,من دو بار این محصول را خریداری کردم ولی از دو فروشگاه مختلف از هخامنش خرید کنید خیلی جنس بهتری دارد زمان خرید به نام فروشگاه دقت کنید . ,0
2877,امروز به دستم رسید عالی بود من پوستم چربه الان حس می‌کنم کاملاً بالانس شده رایحه فوق‌العاده ,0
2878,من پوست خشکی دارم و این محصول خیلی چرب نبود ولی ربوط رسان خوبی بود و من بسیار راضی‌ام ,0
2879,دوستان یک سمباده کاغذی را روی یک مقوا بچسبانید دقیقاً می‌شود همین !! ,1
2880,"برای ipad ,iphone عدد مناسب نیست . ",1
2881,ارزان و با کیفیت ,0
2882,اصلاً محافظ لاک ناخن من که نبود ,1
2883,کیفیت خوبی داره ,0
2884,ظاهرش خیلی عالی است . بعد از اینکه گوشی را داخلش گذاشتم روز دوم روی چهار گوشه‌اش دقت کردم دیدم ترک‌خورده البته بدون اینکه کوچکترین ضربه‌ای خورده باشد . بین دو طرف پشت و روی گوشی یک‌لایه لاستیک داشت که همان دو سه روز اول دیدم وا داد و مجبور شودم خودم با چسب فوری بچسبونمش . تقریباً بعد از ده روز استفاده گوشیم داخل جیب کتم بود که کت را دستم گرفتم و گوشه از فاصله دقیقاً بیست سانتی افتاد کف پارکینگ و کیف از دو قسمت نگهدارنده سمت راست شکست و کاملاً بی‌استفاده شد . شانس آوردم با اینکه گوشیم ازش جدا شد با توجه با فاصله کمی که از زمین داشت طوریش نشد . خلاصه اگر بخرید مطمئناً پولتان را دور ریختید . علیرغم ظاهر فوق‌العاده زیباش کاملاً بی‌استفاده و بی کیفیته است . ,1
2885,من از همه‌ی برندها استفاده کردم ، سپتونا ، الویز ، تافته و … …این محصول از هر لحاظ عالیه . اصلاً حساسیت ، سوزش و خارش ایجاد نمی‌کند . اندازه‌ی لارجش خیلی بهتره است چون کوچکش زیاد کارا نیست . برای روزهای پایانی قاعدگی واقعاً مناسبه است . ,0
2886,خیلی خیلی سبک و عالی روی پوست میشینه باعث جوش نمی‌شود ولی کاور آنچنانی نداری قیمتشم خیلی خوبه است به نسبت جاهای دیگ ,0
2887,خیلی طرخش جذابه ، البته سلیقه ایه ,0
2888,خیلی زود جذب می‌شود و واقعاً به نسبت قیمتش خیلی خوبه است ,0
2889,سلام خدمت دوستان . این قاب خیالتان را از بابت محافظت از گوشی تان راحت می‌کند . ,0
2890,اصلاً خوب نیست در نیم ساعت به زور عدد یا عدد درصد شارژ کند الکی نیست قیمتش پایینه است ,1
2891,بار اول بعد از استفاده جواب می‌گیرید . خیلی زود ترمیم می‌کند ترک‌ها و پوسته‌ها و حالت زبری را ,0
2892,اصلاً با آن چیزی که در سایت گذاشتن فرق داشت ,1
2893,ممنون ازدیجی کالا ,0
2894,اولش گوشیم شناسایی نکرد ,0
2895,موها را خیلی چرب می‌کند برای تقویت خوبه است ,1
2896,می‌ماسد کف دست ,1
2897,عصاره چای موجود در این محصول علاوه بر خاصیت ضد چربی ، ضدعفونی کنندگی طبیعی هم هست که از بروز عفونت‌های پوستی جلوگیری و باعث کمک به بهبود آنها هم می‌شود . من به‌شخصه برای از بین بربردن مایتهای پوستی از این کرم استفاده می‌کنم که بسیار خوب روی پوست من جواب داده ,0
2898,با توجه به قیمت و کیفیت محصول خوبی هست و ارزش خرید دارد ,0
2899,این کابل را با نرم‌افزار آمپر سنج تست کردم خیلی آمپر عبوریش بالاست و آزید لحاظ فوق‌العاده س ,0
2900,سلام به همگی ,0
2901,ظاهرش پر از خش خشی ,0
2902,عالی ,0
2903,متاسفانه هر دو مسواک را با یک رنگ ارسال کرده‌اند ,0
2904,واقعاً عالیه جز بهترین اسکراباس قشنگ‌ی حس خنکی خوبی داره . رنگ صورت را باز می‌کند ,0
2905,زیبا جادار مطمئن جنس خوب دوخت عالی ,0
2906,واقعاً کرم خوبیه است من عم شب می‌زدم هم صبح که بیدار میشم الان شاید دو هفته باشد واقعاً عالی من به چشم دیدم لکه‌های پوستم را از بین برده انشاالله ممافزم ببنده واقعاً خوبه‌ی محصول ایرانی بتواند به این خوبی باشد ,0
2907,من تازه به دستم رسیده راضیم ازش سرعت شارژش از کابل اصلی بیشتره است طبیعت‌ها به خاطر سایزش ولی خیلی محکم و خوبه است ارزندس واقعاً . ,0
2908,بهتر از اکثر کابل‌ها هست . با توجه به نظرات مثبت تهیه کردم ,0
2909,عالیه حتماً بخرید و در خریدتان شک نکنید ,0
2910,از نظر من نسبت به قیمتش می‌ارزد با تشکر از بچ‌های زحمتکش دیجی کالا ,0
2911,کابل بسیار عالی هست و یک چیز جالب : کابل را از هر سمتی به گوشی وصل کنی عمل شارژ را انجام می‌دهد و بسیار محکم فیکس می‌شود به گوشی جنس کابلش هم ضخیم هست و دیتا را هم انتقال می‌دهد ( بعد یک ماه کارکردن باهاش ) ,0
2912,من در شگفت‌انگیز گرفتم . کلاً نسبت به قیمتش خیلی راضی بودم ، موهای من هایلایت شده و بشدت خشکن و این محصول کارکرد خوبی را موهایم داشت . خریدش را پیشنهاد می‌کنم ,0
2913,جواب می‌دهد ,0
2914,خوب بود ,0
2915,خیلی سریع و کاربردی و قیمت مناسب ، تنها نقطه ضعیفش اینکه یک مقدار ضخیم و درنتیجه سنگین هست که در عوض امید میره بیشتر دوام بیاورد ,0
2916,کیفیت محصول خیلی خوب ,0
2917,کیفیت خوبی داره پیشنهاد می‌کنم بخرید ,0
2918,اتفاقاً خیلیم خوب و با کیفیته است انشاالله که زود رنگش عوض نشع ,0
2919,ارزش داره بخری ,0
2920,حدود یک سالی می‌شود مه استفاده می‌کنم ، راضی‌ام ,0
2921,خیلی گوشی را خوشگل نشان می‌دهد حتماً بخرید ,0
2922,سلام . من این کابل را برای شوهرم هدیه گرفته_بودم . متاسفانه زود خراب شد واقعاً ناراحت شودم … ,1
2923,از این روغن دو تا تهیه کردم و استفاده می‌کنم از هر نظر عالیه برای خرید توصیه می‌کنم ,0
2924,عالی بود ,0
2925,من چندسال استفاده می‌کنم . بعد از استفاده دیگر در حمام نیاز به نرم‌کننده نیست . ,0
2926,من تازه بدهستم رسیده ,0
2927,ممنون از دیجی کالا این محصول عالیه ,0
2928,سنسوداین خمیردندون بسیار عالی هست و از دندان‌ها به خوبی محافظت می‌کند ، بخرید عالیه مخصوصاً سفیدکننده هایش تا عدد ساعت مؤثره . این محصول که دیجیکالا می‌فروشد ساخت نیوزیلند هست ولی اصلاً نگران نباشید چون این برند در کشورهای مختلف تولید می‌شود . ,0
2929,کرم ایرانی با بهترین کیفیت و تأثیر . جنس ایرانی با پرداخت مبلغ منطقی که مشابه خارجی قیمت چند برابر داره . حتماً برای درمان جوش امتحان کنید ، پشیمان نمی‌شوید . ,0
2930,من این لاک را در پیشنهاد ویژه خریدم خیلی خوش رنگد و زود خشک می‌شود روی ناخن دوستش دارم در کل مرسی دیجی جانم ,0
2931,ماسک‌های لورآل جزء بهترین ماسک مو‌ها هستش ، من هر بار یکی از ماسک‌های لورآل استفاده می‌کنم ,0
2932,ترکیب رویایی عسل و زعفران خیلی پوست را لطیف می‌کند ,0
2933,بهترین دهانشویه که تاحالا گرفته_بودم ,0
2934,سه ساله دارم استفاده می‌کنم اخ نگفته . البته الان خیلی گران شده ولی باز هم خیلی ارزش داره . من تقریباً یک سالی لپتاپ عدد اینچی میزاشتم توش یکم سخت جا می‌شد ولی بعدش عدد اینچی شد . تقریباً هفته‌ای عدد بار ازش استفاده می‌کردم . یک لپ‌تاپ با دو تا کتاب و تبلت . خیلی راضیم . طراحی ,0
2935,متسفانه بعد از ابکشی موهایم به حالت اول برگشت و فایده‌ای ندارد . ,1
2936,یک کار خارق‌العاده‌ای بود که بدهستم رسید من موهایم دنج و آسیب‌دیده هست و همیشه بهترین برندها را خریداری می‌کنم . این با توجه به قیمت مناسبش عالی بود . واقعاً پیشنهادش می‌کنم . البته برای موهای من که معمولی هست و نرمال بسیار خوب جواب داده ,0
2937,چیز خوبیه است پیشنهاد می‌کنم بخرید واقعاً ,0
2938,تاثیرزیادی ندارد اما از مایع صابون و لوسین صورت بهتره است . ,0
2939,خیلی راضی بودم ,0
2940,اصلاً بدرد نمی‌خورد مرجوع کردم کار نمی‌کرد کلاً وصل نمی‌شد به گوشی و می‌افتاد ,1
2941,به نظرم تاثیر گذار بود ,0
2942,"عالیه ,موهامو خیلی نرم و براق می‌کند ,فقط نمی‌دانم دلیل قیمت بالاش با اینکه ایرانیه چیست اما در شگفت‌انگیز به شدت پیشنهاد می‌شود ",0
2943,خیلی خوش‌دست ، زیبا و مقاوم ,0
2944,از تمام محلول‌هایی که قبلاً استفاده کردم این محلول نتیجه بسیار بهتری داده .. حداقل بعد از بیست الی چهل روز نتیجه را به چشم خودتان می‌بینید … ,0
2945,من با نظر دوستان خریداری کردم و در اولین نوبت‌های استفاده متوحه است تاثیر و آبرسانی شودم . ممنون از دوستان ,0
2946,دو تا ازین‌ها گرفتم در یک ماه اول هر دوتاش خراب شد . جویستیک یکیش+دکمه جهتای هر دوتاش شکست ,1
2947,خیلی وقت بود دنبالش گشتم در آخر اینجا پیداش کردم ,0
2948,نسبت به قیمتش عالیه ,0
2949,جنسش خوبه است و بدون مشکل هم مبدل شارژ هست و هم OTG راحت هم جا میره ,0
2950,عالی حتماً پیشنهاد می‌کنم . ,0
2951,کیفیت خوبی داره کیفیت سیمش عالیه سرعت شارژشم بالاس ,0
2952,خیلی راضیم همیشه استفاده می‌کنم پوستم چرب و مستعد جوش و این کرم خیلی خوب بود اصلاً هم سنگین نبود و زود جذب می‌شود ,0
2953,من چندسالی هست که ازاین شامپو استفاده مکنم و کاملاً راضیم ,0
2954,خیلی عالیه ,0
2955,کیفیت خوبی داره . در این قیمت راضی‌کننده است . ,0
2956,من پارگی مینیسک و ساییدگی زانو دارم و هر شب موقع خواب استفاده می‌کنم دردم خیلی کمتر شده . پیشنهاد می‌کنم همه استفاده کنند . ,0
2957,اما در صورتی که شما برای سالن نخواهید_چون سرعت و قدرت دستگاه‌های دیگ را ندارد محصول خانگیه است هرچند من ناخن باهاش کاشتم اما سرعت آدم را می‌گیرد اما خیلی خوش‌دست و کار راه اندازه من چون می‌دانستم هدفم چیست راضی بودم دست و زخم نمی‌کند داخل سوهان‌های خانگیه‌ام قدرت زیادی داره ,0
2958,محصول خوبیه است ، در استفاده اول تاثیرش را می‌شود متوجه شد . ,0
2959,برای افرادی که موهای لخت و نازکی دارند مناسبه است ,0
2960,محصول با کیفیت عالی ,0
2961,همانند نظرات بقیه دوستان عالیه . درسته چینی هست اما عالیه ,0
2962,عالیه بهترین خمیر دندانی که می‌شود خرید همینه ,0
2963,چوبش شل و ول نیست و می‌توانی مسلط ازش استفاده کنی . کیفیتشم خیلی خوبه است . ,0
2964,خوب ,0
2965,عالیه حتماً بخرید ولی من در پیشنهاد ویژه خریدم عدد تومان ,0
2966,چند ماهی می‌شود که خریدم . از خریدم کاملاً راضی هستم . جنس با کیفیتی داره . اثر انگشت روش نمی‌موند . دست عرق نمی‌کند . خلاصه کلام من که کاملاً راضی‌ام . ,0
2967,عجیبه است توضیح ندادن ولی حتی روش هم جایی به اینکه قابل‌استفاده برای شارژه است اشاره نشده و کلاً این کابل مخصوص انتقال دیتا هستش …حتی پاوربانک را هم شارژ نمی‌کند !!! و آن fast هم که نوشته ربطی به fast charge ندارد و برای انتقال دیتا نوشته !!! لطفاً توضیحات را درست کنید ,1
2968,من پوستم چربه با استفاده از این محصول خیلی حس خوبی داشتم چون چربی پوستم را از بین برد و اصلاً هم خشک نشد ,0
2969,پایید کاور یک قسمته است که میره در جای پورت USB که در بقیه کاورها ندیدم ,0
2970,مسواک خیلی خوبیه است قیمتش هم واقعاً به صرفه هست . فقط تنها بدیه خیلی کچول را این مسواک آینه که مثل ژله موقه است مسواک زدن خم می‌شود . ولی درکل اگر دنبال یک مسواک عالی با قیمت کم می‌گردید این خودشه است ,0
2971,خیلی خوبه است من همیشه از این استفاده می‌کنم ، بهتان پیشنهاد می‌کنم ازش استفاده کنید . ,0
2972,موهای به شدت وز و خشکی داشتم که با استفاده از این شامپو واقعاً نرم‌تر شده و کمتر گره می‌خورد ,0
2973,در کل در این قیمت خوبه است هم جوش‌ها سر سیاه در می‌آرد هم پوست نرم می‌کند حساسیتم برای من نداشت …این سایز عدد هم که نوشته من که نفهمیدم چیست همان عدد میل هست ولی خوبه است بخرید ,0
2974,خوب وعالی ,0
2975,چند وقتی هست که استفاده می‌کنم واقعاً کیفیت خوبی داره و بعد از استفاده تا نصف روز حس خیلی خوبی به دندان‌ها می‌دهد که با زبان زدن به دندان‌ها می‌شود احساسش کرد ,0
2976,من از خرید این کرم رضایت کامل دارم هم نرم کنندگی خوبی داره هم خوشبو هست ولی کاش تیوپی این محصول هم بود که درون کیف هم می‌شد گذاشت ,0
2977,من در این رنج قیمت حتی خیلی گران‌تر هم کابل خریدم که بعد از یک مدت کوتاه خراب‌شده ولی این کابل دومیه است که از این مدل میگرم و خیلی راضیم نزدیک عدد سال می‌شود دارم و فوق‌العاده بوده ,0
2978,من دو سال از این کرم استفاده می‌کنم و واقعاً راضی هستم ,0
2979,اصلاً پیشنهاد نمی‌کنم نرم‌کننده‌های خیلی ارزان و معمولی خیلی بهتر از این عمل می‌کنن حتی با پیشنهاد ویژه هم نمی‌ارزد ,1
2980,بسته بندی نامناسب ، قوطی را دور یک پلاستیک پیچیده بودن ، انگار مقدار ماده داخل ظرف کمتر از عدد میل بود ، ,1
2981,بسیار عالی بود ,0
2982,تشکر از سازنده محصول و دیجی کالا بابت کیفت و سهولت نوع خرید ,0
2983,پاک‌کنندگی و بوی مناسب داشت در شگفت‌انگیز ارزش خرید را داشت ,0
2984,کیفیت خوبی داره از خریدم راضی هستم بخصوص اینکه این محصول را با تخفیف خریدم ,0
2985,فکر می‌کردم خیلی بهتراز این‌ها باشد ، ، من زیاد راضی نبودم و به نظرم یک چیز بیخودیه است ,1
2986,عالی ,0
2987,رنگ مشکی اش که خیلی عالیه ,0
2988,خوب و مناسبه است . ,0
2989,عالی بود ,0
2990,واقعیت آینه که به دای کابل اصلی نمی‌رسد . روکش کابل کمی خشک است ,0
2991,خیلی خوبه است ریزش مو کم‌تر شده ,0
2992,خیلی خوب ,0
2993,اگر می‌خواهید تاثیر سفید کنندگی یک خمیر دندان را به طور واقعی حس کنید حتماً امتحانش کنید ,0
2994,جنسش خیلی خوب من قبلاً چند تا از این‌ها خریدم زود خراب شد این فعلاً خیلی خوب بوده ,0
2995,متاسفانه چراغش که من بخاطرش این محصول را برای دخترم سفارش داده_بودم کار نمی‌کند ,1
2996,این کابل بسیار کابل خوبیه است ,0
2997,قبلاً از این کابل‌ها گرفته_بودم و بعد عدد دقیقه قطع می‌شد ولی این قطع نمی‌شود ,0
2998,با تشکر از زحمات شما ,0
2999,برای گوشی تا حالا عدد تا قاب عوض کردم با اختلاف بهترین ، سبک‌ترین و فیت‌ترین قاب همین قابه است ,0
3000,خیلی عالیه رطوبتش فوق العادس چرب نیست ولی این را بدانید مرطوب‌کننده پوست چرب هست آبرسان نیست ولی برای من آبرسانیش هم خوب بود حس شادابی به پوست می‌دهد ,0
3001,به اسم دو متری به ما فروختند ولی این چیزی به من دادند طولش ماکسیمم عدد ٫ عدد متر هست ,1
3002,خوبه است راضیم ,0
3003,عالی ,0
3004,طراحی خیلی خوبی داره مخصوصاً برای دندان‌های آخر ,0
3005,خیلی خوبه است تنها مشکلی که داره اینکه یکم از نظر ساخت ضعیفه و گوشت گیر دور ناخن فنرش زود زود در میره ولی ابزار دیگر ایی داره را می‌شود جایگزینش کرد . ,0
3006,در یک‌کلام عالی ,0
3007,به هیچ عنوان کارایی ندارد ، تا وارد دندان شده پاره می‌شود و آزار دهنده است ,1
3008,بوی ادکلن می‌دهد .. داخل مرطوب‌کننده‌های گران نسبت به قیمتش خوبه است .. و سریع جدب می‌شود و زیاد چرب نیست ,0
3009,کرم خوبیه است و اثرش موندگاره ,0
3010,بسیار کاور زیبا و مقاومی هست ,0
3011,داخل اطلاعات نوشته طول سیم عدد ٫ عدد متر هست در صورتیکه به زور به عدد - عدد سانت می‌رسد و فست شارژ نیست ,1
3012,سلام ,0
3013,اصلاً توصیه نمی‌کنم این محصول را بخرید . مثل چسب هستش . مو‌ها خیلی سنگین می‌شود و انگار کلاه‌گیس سرت گذاشتی . ,1
3014,فکر نمی‌کردم آنقدر با کیفیت باشد . راضی‌ام از خریدم ,0
3015,کیفیت خوب ,0
3016,بهترین ماسک موی ایرانی هست و نسبت به نمونه‌های ایرانی مشابه واقعاً بهتره است ,0
3017,با توجه به قیمت کیفیت خوبی داره ، طولش هم زیاده ,0
3018,هم سرعت خوبی در شارژ داره و هم اگر بهاش درست رفتار بشود سیم قوی و خوبی داره من در کل راضی بودم ,0
3019,. خیلی خوبه است ,0
3020,برای من که پوست چربی دارم خوبه است چون پوستم را براق نمی‌کند واقعاً چربیش کمه و روی پوست خوب می‌موند ,0
3021,خیلی خوشگله است پیشنهادمیکنم بخرید . گوشیتان دیگر چیزی می‌شود . ,0
3022,از آنجایی که گاهی می‌بینم تعریف رنگی یا بی‌رنگ برای بعضی‌ها متفاوته گفتم به زبان ساده بگم که این کرم سفید رنگد و جذب قابل قبولی داره یعنی کسانی با پوست سبزه روشن هم می‌توانن استفاده کنن . ,0
3023,اصلاً بدرد نمی‌خورد نخرید ,1
3024,بسیار خوشبو و کاملاً کارآمد . با یک پمپ تمام صورت کاملاً شسته می‌شود ,0
3025,نسبت به شامپو‌های دیگر عالی بود ,0
3026,تاثیری نداشت ,1
3027,خیلی سریع جذب می‌شود انگار اصلاً هیچی نزدید ، اصلاً عرق نمی‌کند و اصلاً پوست را چرب و براق نمی‌کند ، کاملاً بی‌رنگ هستش ، بوی خوب و ملایمی هم داره ، خیلی هم غلیظه و یک مقدار کمش برای کل صورت کافیه است ,0
3028,این کرم برای زخم و کبودی و سوختگی معجزه می‌کند و حرف ندارد و‌ی ترمیم‌کننده واقعی هست ,0
3029,قیمت و کیفیت مناسب ,0
3030,من دندانام جنسش یک جوریه است زود زرد می‌شود و همیشه هم‌نمیشه رفت جرم‌گیری ,0
3031,برای من قابل‌استفاده نیست بخاطر اینکه نمی‌خورد به ریموت پهبادم ، احتمالاً من اشتباه سفارش دادم ولی کیفیت واقعاً بالاس جنسش خرف ندارد و ارور ندارد و می‌شود بهاش ماشین بکسور کرد متریال عالی ، حیف که اشتباه سفارش دادم ,0
3032,یکی از بهترین و موثرترین ژل‌های ضد جوش ، پوست صورت هم به هیچ وجه خشک نمی‌شود ,0
3033,نسبت به قیمتش خوبه است ,0
3034,بعد از عدد - عدد بار استفاده تاثیر فوق‌العاده‌ای که در کم شودن ریزش مو داره را می‌شود به وضوح مشاهده کرد . فقط اینکه حتماً حتماً باید باهاش از نرم‌کننده استفاده کنید ، چون وقتی به تنهایی استفاده بشود موها حسابی خشک می‌شود و شانه کردنش خیلی سخت می‌شود ,0
3035,این یکی از بهترین کرم‌های مرطوب کنندس ,0
3036,هیچ مشکلی ندارد و با همه دستگاه‌ها سازگاره است . خیلی خوبه است من عاشق دیجی کالا شودم . ,0
3037,هیچی تاثیری نداشت با سه ماه استفاده نه سفید کرد نه لک را برد ,1
3038,من راضی‌ام ,0
3039,من این کرم را به عنوان یک کرم پودر که به پوست آسیب نمی‌رساند استفاده می‌کنم ,0
3040,فقط درپوش جای شارژرش را بریدم و عالی بود . ,0
3041,کیفیت خوبی داره ,0
3042,کابل خوبیه است ، کیفیت مناسب و خوبی داره ، ولی کمی خشک است که فکر می‌کنم کم‌کم بهش عادت می‌کنم ,0
3043,بند هم درون جعبه داشت برای اتصال ، خیلی خوب هم فیت شد کیفیت خیلی خوبی داره ، نسبت به قیمت هم عالی هست ، انتظار یک چیز خیلی معمولی داشتم ولی این خیلی خوبه است . ,0
3044,وقتی با این کابل می‌خواهستم گوشی ASUS Zenfone عدد ZE عدد ML را شارژ کنم با این پیغام مواجه شودم : ,1
3045,به نسبت قیمت خیلی بصرفد هست مخصوصاً برای کسانیکه مدام نرم‌کننده باید استفاده کنند . ,0
3046,واقعاً خیلی راضی بودم . برای کسانی که پوست چربی دارن و جای جوش دارن خیلی خوبه است ,0
3047,من تقریباً یک ماه هست خریدم . صبر کردم استفاده کنم بعد نظر بدم . واقعاً از هر لحاظ خوبه است . بعد از کابل فابریک این محصول گزینه خوبیه است . اصلاً قطعی ندارد ,0
3048,عالی عالی عالی ,0
3049,اصلاً پیشنهاد نمی‌کنم مو بی‌نهایت خشک می‌شود ,1
3050,ضد ضربه . زیبا ,0
3051,این محصول را دو ماه خریدم و مدام استفاده می‌کنم . در مقایسه با برند سریت‌ها که کی از دوستانم استفاه می‌کند هیچ تاثیری ازش ندیدم متاسفانه ! ,1
3052,نسبت به قیمتش خوبه است در بازار زیاد پیدا نمی‌شود قاب برای می‌مکس عدد ,0
3053,آقا جان من دو مدل خریدم این ازهمه است ارزون‌تر بود ولی با کیفیت‌تر از بقیه ,0
3054,تاثیرخوبی برای خوابیدن جوش‌ها دارد ,0
3055,افتضاح‌ترین لاک پاک کنی هست که تا به حال دیدم ,1
3056,امروز گرفتمش ,0
3057,من چهارصد میل را برای خانه گرفتم و اینم گرفتم برای داخل کیف عالی افتخار می‌کنم که کالای ایرانی خریدم ,0
3058,قیمت بالا و طعم تند . زبان را بد میسوزونه . ,1
3059,کیفیت بسیار عالی . بهترین گزینه برای پوستای حساسه است . ,0
3060,کاملاً راضی هستم ,0
3061,بهتر بود قشمت u شکل مقداری عریض‌تر و اتصال نخ دندان محکمتر طراحی می‌شد ,1
3062,در یک‌کلام عالی ,0
3063,اصلاً ارزش خریدن ندارد حتی اگر عدد تومان باشد !! ,1
3064,از هر لحاظ خوبه است و کیفیت خوبی هم به آدم ارائه می‌دهد . سپاس از دیجی‌کالا ,0
3065,نظر خاصی ندارم . و اینکه خوش‌رنگ بود ,0
3066,کاملاً راضیم ممنون ,0
3067,این محصول عالیه ,0
3068,به درد نمی‌خورد ,1
3069,من خیلی وقته است که از این شامپو استفاده می‌کنم و واقعاً را موهای من خیلی خوبه است ، جنس موهای من خشک و مجعد که با استفاده از این شامپو نرم و لطیف می‌شود و برای شانه کشیدن اذیت نمی‌شوم . ,0
3070,با تخفیف شگفت‌انگیز خیلی خوبه است ,0
3071,نرم‌کننده حالت‌دهنده خوبیه است ,0
3072,واقعاً عالیه خیلی خوبه است از وقتی زدم این اسکرابو واقعاً تاثیرش را دیدم ,0
3073,خوب و زیبا ,0
3074,من این را برای نوزاد یک ماهه خریدم و اصلاً به درد نمی‌خورد همان ناخن‌گیر بزرگ‌سال هست که فقط روش عروسک چسباندن حتی برای کودک یکی دو ساله هم بزرگه است و ممکنه دستش را زخمی بکند ,1
3075,قیمت مناسب ، کیفت خوب ,0
3076,از فروشنده « مانیسا گالری » سفارش دادم امروز دستم رسید کیفیتش خیلی خوبه است دیتا را هم ساپورت می‌کند فقط یک خورده سیمش خشکه شاید به مرور بهتر بشود ,0
3077,با توجه به قیمت ارزش خرید داره درستخ ممکنه شانسی هم در بیاد ولی من در زمان دلار قدیم هم کابل گرفتم قیمت بالاتر کار هم نکرد برایم ,0
3078,با در نظر گرفتن قیمتش محصول خوبیه است ونباید انتظار زیادی داشت ,0
3079,خریدش را پیشنهاد می‌کنم ,0
3080,به صورت عجیبی روی صورت آدم می‌خوابد و بینظیره است . کاش باز هم این محصول را شگفت‌انگیز بگذارید من واقعاً خیلی خوشم آمد اودین ضد آفتاب رنگی که رنگش کاملاً بهم می‌آید کاملاً به خورد میره و اصلاً پوستم را چرب با خشک نمی‌کند ، همیشه از خرید از دیجی کالا لذت می‌برم و راضی‌ام . ممنون از بنیانگذارای محترم و پرسنل بینظیر دیجی کالا ,0
3081,کارایی خوبی داره ,0
3082,واقعاً چیز خوبیه است می‌شود ازش استفاده کرد برای مراسم و بیشتر برای دستای تپل خوبه است چون سرش گرده و قشنگ وایمیسه ,0
3083,یک آبرسان واقعی اگر می‌خواهید داشته_باشید که هیچ آسیبی به موهاتان نزند حتماً استفاده کنید . خصوصاً افرادی که موهای سالم دارن چون از آسیب‌های احتمالی و خشکی مو با این کرم سبک می‌توانن موهاشونو تا اندازه ایی بیمه کنند اگر موهاتان اهمیت داره بهش برسید که اعتماد به نفستان با موهای سالم بالا میره ,0
3084,یک کشوی بسیار جادار در زیر این استند قرار دارد . این استند برای کسانی که قصد جا دادن کل کشوی خود را دارند مناسب نمی‌باشد . ولی نسبت به توقعی که من از این محصول داشتم عالی بود . ,0
3085,اصلاً کیفیت ندارد نخرید ,1
3086,من خیلی راضی هستم چربی قابل قبولی داره و به سرعت اثر خودشو را پوست پا نشان می‌دهد ,0
3087,توصیه بخریدش می‌کنم ,0
3088,یک روز بعد از قرار دادن تمام گوشه‌های قاب ترک خورد و از ترک گوشه‌های شکسته_شد مجبور شودم یک قاب بخرم به جاش بزارم ,0
3089,فتضاحه یعنی اگر یک اپسیلون تاثیر انگارمرطوب کننده می‌زنی حیف پول کرم ترک پای سیگل بزنیدشرف داره به این ,1
3090,خیلی خیلی کیفیتش افتضاحه است . اصلاً بدرد نمی‌خورد ,1
3091,زود رنگ گرفت رنگشم قشنگ بود پوست من گندمیه است با این رنگم بهتر شد من راضیم در سه چهار ساعت رنگ گرفت امیدوارم دوامشم زیاد باشد ,0
3092,شامپو خیلی خوبیه است من موهایم چربه ، خیلی خوب تمیز می‌کند من راضی هستم . ممنون از اویدرم و دیجی کالای عزیز . خرید این محصول را توصیه می‌کنم . ,0
3093,ضد آفتاب خوبیه است البته من بار اول هست که ازش استفاده می‌کنم ، ولی رنگش برایم روشنه است دفعه بعدی شماره عدد را می‌خرم ,0
3094,سلام ,0
3095,مثل آب میمونه مابع داخلش . من عادت دارم اول کامل محصول را استفاده کنم و بعد نظر بدم . هیچگونه تاثیری را ازش ندیدم با اینکه دقیقاً طبق روش مصرف استفاده کردم . ,1
3096,خوب … سیگناله است دیگر ، ,0
3097,محض اطلاع افرادی که می‌گوین پوست را خشک می‌کند بعد استفادش باید از کرم مرطوب‌کننده استفاده کنید کاملاً لایه‌برداری و کندن جوش‌های سرسیاه را به خوبی انجام می‌دهد بصورتی که تا دو سه روز پوستی صاف دارید حتی پرز‌های ریز صورت را هم می‌کند افرادی که می‌گوین کارایی ندارد شاید این محصول با پوستشان سازگار نیست ولی من مشکلی نداشتم به راحتی جوش سرسیاه و پرزهای ریز صورت را می‌کند و کاملاً راضی‌ام ,0
3098,باعث ریزش مو می‌شود ، اصلاً پیشنهاد نمی‌کنم ,1
3099,کیفیت ساخت و جنس سیم و رابط‌های نری و مادگی خوب به نظر می‌آید . اما وقتی بدهستم رسید و تستش کردم . صدا را فقط بصورت مون را انتقال می‌دهد ! ,1
3100,کیفیتش خوبه است مقایسه کردم با برند‌های دیگر با قیمت‌های بالاتر چیزی کم نداشت . ,0
3101,من حدوده است عدد سال پیش این کرم و کشف کردم و آن زمان راحت پیدا می‌شد شدیدان عادت کردم یک مدت اصلان پیدا نشد تا در دیجی کالا دیدم این کرم به هر مویی سازگاره است حالت می‌دهد بوی بسیار خوبی داره من که بسیار راض هستم . مو را درخشان می‌کند ,0
3102,برای پوست چرب می‌باشد چون پوست من خشک راضی نیستم ,1
3103,خوب بود ,0
3104,تاثیر بسزایی در جلوگیری از وزر شودن مو‌ها داره و حتی بر روی موهای خشک هم به خوبی تاثیر گذار هست و واقعاً نرم و تا حدودی براق هم می‌کند ولی خوب ماندگاری طولانی بر روی مو ندارد ، ولی همان زمانی که استفاده کنید تاثیر بالایی داره ! و البته در طول روز قطعاً دوباره از نرمی موها کاسته_خواهد_شد و همچنین تا حدودی هم بوی جالبی ندارد ، که البته این موضوع سلیقه‌ای هست … ,0
3105,سرعت بازی را فوق‌العاده بالا می‌برد و می‌توانید به جای عدد تا انگشت از عدد تا استفاده کنید ولی این مدل نقطه صعفی داره که باعث می‌شود کلید‌ها بعضی وقت‌ها عملکرد مناسبی نداشته باشن یا از کار بیفتن که به خاطر جنس فلز زیر دکمه اینجوریه است من وقتی خریدمش ورق فلزی زیر دکمه را کندم وبه جاش یک تکه فویل نازک غذا بریدم و گذاشتم جاش و الان عملکردش عالی شده ,0
3106,خیلی خوب محکم و سریع راضیم و پیشنهاد می‌کنم بهتان خیلی خیلی خوبه است ,0
3107,بعد از استفاده بوی خوبش و نرمی پوستم را دوست دارم . پوست من مختلطه است و بعد از شستشو احساس کشیدگی به پوستم نمیده و از خریدش راضی هستم . ,0
3108,بهترین مناسب‌ترین کابل برای کانکتور‌ها type_c می‌باشد ,0
3109,این شامپو بوی خوبی داره و این بو تا چند روز روی موها باقی می‌ماند ، قدرت پاک‌کنندگی زیادی داره ، و بنظرم برای موهای معمولی هم قابل‌استفاده اس ,0
3110,موهایم تقریباً را به نابودی بود ، رسماً نجاتشان داد ، جدا که حرف ندارد . ,0
3111,پوست را خوب تمیزمیکند ,0
3112,این کابل فقط‌ی ماه اول خوبه است بعدش باید جابجاش نکنی وگرنه قطع می‌شود ,1
3113,جنس خوبی داره سبکه است و کامل گوشی را محافظت می‌کند البته در مقابل ضربه‌های سنگین ضعیف هست ,0
3114,دکمه هایش خیلی ضعیفه و قسمت بالایی اصلاً با بدنه چفت نمی‌شود ,1
3115,درب جعبه پاره شده_بود ,1
3116,کنار جلد شیاری وجود دارد که ( جلد شیشه اوریجینال آهنربایی اپل ) داخل آن نصب می‌شود ,0
3117,واقعاً محصول خوبیه است من ازش راضی بودم تاثیرش در عرض چند روز استفاده کاملاً دیده می‌شود قیمتش در فروش ویژه خیلی عالیه ,0
3118,قیمتش هم نسبت به سایت‌های دیگر بالاست . صورتم پر از جوش شد ,1
3119,افتضاحه است عدد روزه خراب می‌شود ,1
3120,من داخل شگفت‌انگیز عدد تاشو خریدم که متاسفانه دوتاش خراب بود و شارژ نمی‌کرد ، یدونشم شانسی بعضی وقت‌ها شارژ می‌کند !!! ,1
3121,از نظر ظاهر و کیفیت خیلی پایید است ,1
3122,خوبه است ، نرم می‌کند ، خیلی هم کف می‌کند و به صرفه هست ,0
3123,بافت این ضد آفتاب چیزی شبیه به کرم زینک اکسید هستش و با توجه به نوشته‌های خود محصول کاملاً گیاهی هستش ولی میزان حجم کرم خیلی کمه و خیلی گرونه است ,1
3124,بهترین مرطوب‌کننده مخصوصاً این مدل زیتون که خیلی خوشبو و عالیه ,0
3125,دوستش دارم خوش دسته قشنگه است یدونه گلس هم باهاش بود ,0
3126,کاملاً چرب می‌باشد ,1
3127,نسبت به قیمت و شاهر کارای خوبی داره نمی‌شود گفت مثل مسواک‌های برقی گران هست ولی باتری خوبی داخلش هست و قدرت کافی برای تمیز کردن را داره . در کل ضرر نمی‌کنید . ,0
3128,خوبه است پیشنهاد می‌کنم ,0
3129,کیف خیلی شیک و زیباییه است حتماً پیشنهاد می‌کنم بخرید ، من لب تاپم بیشتر از عدد اینچ بود اما راحت جا شد و هم‌چنین جای کافی برای جزوه یا کتاب هست من خودم دانشجو هستم خیلی به کارم می‌آید و سنگین هم نیست بیشتر پیشنهاد می‌کنم را دوش بندازید تا اینک با دست بردارید ، در محیط کثیف و این‌ها نگذارید که به خودش جذب می‌کند همه چه را جنسش جیر هست و مدت زیادی دوذم میار . ,0
3130,به دیگران هم توصیه می‌کنم که از این محصول استفاده کنن . ,0
3131,من حدود یک ماه هست که این کابل را خریدم ، از کیفیتش هم راضی هستم ، نسبت به قیمتش و در مقایسه با کابل‌های هم قیمتش بسیار ارزنده است . امکان استفاده از هر دو سری هم‌زمان وجود داره ، من هم‌زمان یک گوشی سامسونگ اس عدد و یک گوشی اپل اس‌ای را باهاش شارژ کردم ، قبلاً کابل غیر اصلی برای اپل گرفته_بودم که زمان شارژ گوشی با آن کابل در حدود دوبار نسبت به کابل اصلی بود ، ولی با این کابل تست کردم زمان شارژ نسبت به کابل اصلی برابر بود ، سری lighting هم قابلیت شارژ داره هم قابلیت انتقال داده اما سری micro usb فقط قابلیت شارژ داره و تمیتونه انتقال داده انجام بده ، درکل ازش راضی هستم و به کسانی که نیاز دارن دوتا کابل همراهشان باشد بسیار پیشنهاد می‌دهم . ,0
3132,پوشش به نسبت خوبی داره و کاملاً خوب روی پوست میشینه ,0
3133,موهای من نازک و چرب و کلاً هیچوقت شوره سر ندارم بعد از مصرف این محصول هم شوره نزد بوی عالی داره تمیز کننده خوبیه است ریزش موهایم کم شده زمان می‌برد قطعاً درکل من راضیم برای موهای من خوب بوده مرسی ,0
3134,بسیار مناسب برای زمان‌هایی که تصمیم ندارید ارایش کنید . خیلی مناسب برای پوست‌های خشک مثل پوست من هست . برای استفاده قبل ارایش اصلاً مناسب نیست … . قیمتش هم نسبت به بیرون خیلی مناسب بود من اینجا تقریباً نصف قیمت بیرون خریدم . … کلاً این برند را خیلی دوست دارم ,0
3135,دوستان برای پوست‌های خشک عالی ,0
3136,سلام دوستان این کالا وقتی به دستم رسید پایینش ترک داشت . درضمن جنس زوارش خیلی بده و دکمه‌های روی زوارش لق می‌خورد . در کل راضی نیستم . ,1
3137,عالی بخرید ممنون دیجی جان ,0
3138,کوتاه بودن سیم بامشخصات اعلام‌شده . طوا سیم عدد ٫ عدد اعلام شدهولی طول سیم عدد متربود . ,1
3139,دوستان توجه کنید برخلاف عکس که شاید فمر کنید قابش فلزیه است اصلاً اینطور نیست و کاملاً پلاستیکیه است وقتی آمد باز کردم دیدم پلاستیکه است تحویل نگرفتم ,1
3140,اصلاً خیلی چیزه خفن و خوبیه است …خیلی سبکه است صورتت بعد از‌ی روز پرکار نفس می‌کشد وقتی از این ژل استفاده می‌کنی . پوست صورت و اصلاً خشک نمی‌کند و یک لطافت خاصی بهش می‌دهد . ,0
3141,به هیج عنوان تاثیر ندارد ,1
3142,قدرت نرم کنندگی خوبی داره ولی ریزش را خیلی کم نمی‌کند در کل معمولیه است . فقط قیمتش به نسبت حجمش خوبه است . ,0
3143,خیلی خوشرنگه است و جنسش خوبه است دوست داشتم . ,0
3144,اصلاً … حتی نمی‌تواند نصف لیسترین هم طراوت و قدرت داشته باشد ، تمام مدل سنسوداین و تمام مدل لیسترین را دارم که می‌گویم ، سنسوداین خمیر دندان هایش خوبه است فقط ,1
3145,مثل یک جوهره اثر خاصی ندارد ,1
3146,خیلی عالیه رنگش بین بنفش و آبیه است داخل نور رنگ عوض می‌کند ,0
3147,بی‌جهت گران است ، با این قیمت ارزش خرید ندارد ,1
3148,درود در فروش ویژه دوتا خریدم ولی بتاریخ انقضاشان کم مانده جدا از ماندگاری پایینش خوبه است ,0
3149,کابل قوی هستش اما متاسفانه بسیار کند شارژ می‌کند ,1
3150,جنس موهای من معمولیه است ، و کمی شوره داره ، بعداز اولین مصرف تاثیر گذار بود ، از شامپوهای زیادی استفاده کردم ولی این عالی بود ,0
3151,خیلی چیز کارامد و خوبیه است ,1
3152,کابل خوب و خوش ساختیه است ,0
3153,هیچ تاثیری ندارد را ریزش مو . مو وقتی ریزش شروع می‌شود نه این شامپو هیچ شامپویی تاثیری ندارد ,1
3154,از شامپو تخم‌مرغی ایرانی خودمان خیلی بهتره است . من قبلاً از مرز ترکیه خریده_بودم ، بعد تا در دیجی دیدم سریع خریدم . کیفیتش در مقایسه با تخم‌مرغی‌های ایرانی فوق‌العاده است ! فوق‌العاده … موها را خشک هم نمی‌کند . ,0
3155,اندازه این قاب عدد ٫ عدد اینچ هست که یعنی برای آیفون x / xs که عدد ٫ عدد اینچ هستن بزرگه است این قاب احتمالاً برای آیفون xr بوده که دیجیکالا اشتباهی زده برای x / xs ,1
3156,با سلام ,0
3157,خیلی خوبه است حتماً بخرید و شک نکنید رایحه خوبی هم داره ,0
3158,واقعاً عالیه ,0
3159,برای ps عدد اصلاً کار نکرد ,1
3160,من این کاور را خریدم دو روز پیش ,1
3161,عالی ,0
3162,خیلی خوب به گوشی می‌چسبد و لق نمی‌خورد ,0
3163,کاپریس خیلی خوبه است ، در شگقت انگیز که قیمتش هم عالی بود ,0
3164,من خریدم و خرابه … … ازم پس هم نمی‌گیرن … … . ,1
3165,من یک بار از داروخونه و یک بار از دیجی کالا این محصول را خریدم ، الان پنج ماهه استفاده می‌کنم ، من که تقویت مویی ندیدم ، همراه با شامپو سینره استفاده کردم ، البته اینم بگم ریزش مو را کاهش می‌دهد نمی‌دانم اثر آینه یا اثر شامپو یا اثر استفاده توام ، ولی باز هم می‌گویم اصلاً را تقویت مو تاثیر ندارد ، . نظر در مهمه ,1
3166,گلبهی گرفتم خیلی خوبه است و را گوشی سوار خوب سوار می‌شود پیشنهاد می‌کنم بخرید ,0
3167,کلیر کیفیت فوق‌العاده و بسیار خوبی داره ,0
3168,بوی خوبی داره ولی مو را چرب می‌کند ,0
3169,اصلاً با عکسی برای این محصول گذاشتن تفاوت داشت از همه نظر رنگش ، کیفیت ، چروک بود ، نوع مدل با مدلی که گذاشته بودن فرق داشت و … ,1
3170,عالی چون …هم خوشبو هست هم خوب کف می‌کند ، ملایمه است و بهترین انتخاب برای استفاده‌ی روزانه و پوست‌های حساسه است . قیمت شگفت‌انگیز خریدم خیلی هم راضی هستم ,0
3171,من الان عدد روزه استفاده کردم ولی فعلاً نتیجه خوبی ندیدم تاثیری تاالان نداشت ,1
3172,من دوتا آزید کابل خریدم ، هردو بعد یکماه است استفاده از کار افتادن ، یکی به شدت داغ می‌شد موقع استفاده و آن یکی بطور کلی قطع شد ، عمرش خیلی کوتاهه است ، به هیچ عنوان پولتان را پای این محصول هدر ندهید ,1
3173,خرید را پیشنهاد می‌کنم . خوبه است ,0
3174,واقعاً به عنوان شامپو روزانه عالیه و موها را درخشنده می‌کند ,0
3175,راضی م ,0
3176,باسلام خدمت دوستان عزیز ,0
3177,قیمتش خوبه است ,0
3178,من این ماسک پو را خریدم و آنقدر خوب بود و ازش راضی هستم که چندتای دیگش را سفارش دادم . واقعاً ممنون دی جی ,0
3179,با توجه به قیمتش می‌ارزد عدد ٪ سرعت usb عدد را داره ,0
3180,برای یکی از آشنایان گرفتم زیاد عمر نکرد ,0
3181,با سلام این بک گارد خیلی ظریفدر عین حال مقاوم هست و انگار روی گوشی چیزی نیست ,0
3182,ماه پیش یک دانه گرفتم به نظرم خوب بود . دو تا دیگر هم سفارش دادم . اینکه فرانسویه با این قیمت بنظر مناسبه است ,0
3183,به نسبت حجمش گرونه است ,0
3184,واقعاً خشکی پوست منو درمان کرد باعثه است جوشم نشد . ,0
3185,پول در ریختی دور اگر بخری ,1
3186,با اینکه دیر بدهستم رسید اما واقعاً انتظار همچین جنس خوبی و نداشتم واقعاً با کیفیت و عالی . ,0
3187,بسیار عالی ,0
3188,درود ,1
3189,رنگ بنفشش بوی خوبی ندارد . غلظتش متوسطه ولی در شگفت‌انگیز می‌ارزد بخریم ,0
3190,این وسیله فقط عدد روز برای من کار کرد ,1
3191,حقیقتش زیاد استفاده نکردم اما زمانی که استفاده می‌کنم خیلی سریع و بدون داغ شودن کارش را انجام می‌دهد و تصویر را با کفیت کامل و وضوح بالا حتی در فریم‌های بالا هم می‌بینم . ,0
3192,این کیف امروز بدست من رسید . ,0
3193,خیلی عالی راحت بین دندان‌ها میره و ضخامتش هم خیلی خوبه است ن ضخیم ن نازک خیلی استاندارد ,0
3194,در خریدش شک نکنید ,0
3195,نسبتاً خوبه است دکمه هایش راحته است و کامل فیکس می‌شود را گوشی ,0
3196,خیل کاور خوبیه است …فقط ورودی هندزفریش ی کم اضافه داشت که خودم اصلاحش کردم ,0
3197,خوبه است . به بدن نمی‌چسبد ، برعکس به لباس خوب می‌چسبد . دوامش هم خوبه است ,0
3198,من برای خودم و مادربزرگم گرفتم ,0
3199,خیلی خوبه است مرسی دیجی کالا خیلی خوب جی تی‌ای بازی می‌کنم باهاش ,0
