text,label
سلام، چطور مطوری؟,chitchat
به مناسبت هالووین، آیا سفره‌ی تخفیفات کاهو پهن است؟,tracking
خوبی؟ خوشی؟,chitchat
می‌توانید سفارش شماره 442 را در ساعت 3 تحویل دهید؟,scheduling
من قصد دارم مرغ مربوط به سفارش شماره 425 را که در 1400/10/5 خریداری شده را مرجوعی ثبت کنم.,returning
قصد دارم کاهو را به دلیل تخفیف ویژه‌ای که دیدم با سیب تعویض کنم.,editting
سفارش شماره 1742 که 8 روز پیش برای محصول سیب ثبت شده بود را می‌خواهم برگشت بزنم چون محصولات قدیمی و خراب و داغون هستند.,returning
قیمت هویج نسبت به هویج چگونه است؟,inquiring
متأسفانه باید از شما بخواهم که خریدم را لغو کنید، زیرا اشتباه ثبت کردم.,deleting
اسمت چیه؟,chitchat
کیفیت کره چجوری هست؟,inquiring
برای مراسم عید تخفیفی دارید؟,tracking
می‌خواهم از قیمت روز گوشت مطلع شوم، آیا می‌ توانید کمک کنید؟,inquiring
آیا برای جشن هالووین، جعبه‌ی سورپرایز تخفیفی برای محصول ماهی دارید؟,tracking
خرید 4 روز پیشم باید به دلیل انتخاب نادرست کنسل گردد، لطفاً اقدامات لازم را انجام دهید.,deleting
سیب 9 بطری میخواستم بخرم,buying
درخواست برگشت سفارش شماره 523 رو دارم.,returning
شاد و خرسندی؟,chitchat
من از مشتری های مجموعه شما هستم میشه برای خرید خیار به من تخفیف بدهید؟,tracking
از خریدی که روز دوشنبه داشتم پشیمان شدم، کنسل کنید.,deleting
خدافظی میکنم ازت,chitchat
قصد دارم سیب را با برنج جایگزین کنم، لطفاً راهنمایی کنید.,editting
آیا برای مشتریان دائمی مانند من، تخفیف خاصی برای کره در نظر گرفته‌اید؟,tracking
آیا گوجه فرنگی در رنگ‌های دیگری نیز موجود است؟,inquiring
لطفاً خیار را که در سبد خریدم قرار دارد با پاستا به‌روزرسانی کنید، چون تازه‌تر است.,editting
وضعیت سفارش شماره 1417 چیست؟,discount
می‌خواهم اطلاعاتی در مورد ترکیبات و مواد استفاده شده در پیاز بدانم.,inquiring
می‌خواهم یک وعده غذایی قورمه سبزی آماده کنم، به 10 شانه از آبمیوه درجه یک نیاز دارم.,buying
خواهشمندم، زمان انتظار برای تکمیل تحویل سفارش 2027 چه موقع خواهد بود؟,discount
من به دنبال گزینه‌های گیاه‌خواری هستم، به ویژه 4 عدد از برنج,buying
میشه سفارشم رو برگشت کنید؟ چون از خریدم پشیمان شدم.,returning
آیا امکان مرجوع کردن تخم مرغ بعد از 1 استفاده هنوز وجود دارد؟ من کالاهایم را چند روزه که دریافت کردم ولی به دلیل تاریخ مصرف محصولات گذشته بود میخواهم پس بدهم.,returning
سفارش شماره 1084 برای نان که 13 روز پیش تحویل گرفته‌ام، می‌خواهم مرجوعی ثبت کنم.,returning
اقا من اومدم دوباره مزاحمت بشم,chitchat
می‌خواهم بدانم سفارش شماره 1267 کی به دستم می‌رسد.,discount
چجوری ازت تشکر کنم,chitchat
برای خرید بیش از 14 بطری از گوشت، آیا تخفیفی وجود دارد؟,tracking
میل شدیدی به مرغ دارم، لطفاً 10 بطری برای من بسته‌بندی کنید. و بفرستید,buying
من علاقه‌مند به برنامه‌ریزی تحویل سفارش شماره 1812 برای تاریخ 1403/6/5 هستم.,scheduling
من علاقه‌مند به برنامه‌ریزی تحویل سفارش شماره 1230 برای تاریخ 1403/5/9 هستم.,scheduling
سفارش شماره 402 را دیلیت,deleting
گوجه فرنگی را به اشتباه خریداری کرده‌ام، آیا می‌توانم آن را برگردانم؟,returning
آیا امکان مرجوع کردن کاهو بعد از 14 استفاده هنوز وجود دارد؟ من کالاهایم را چند روزه که دریافت کردم ولی به دلیل بسته بندی ارسال بسیار بد بود میخواهم پس بدهم.,returning
روغن زیتون 7 کیلوگرم میخوام ثبت سفارش کنم,buying
"به دلیل تاریخ مصرف محصولات گذشته بود, می‌خواهم شیر خریداری شده مورخ 1401/4/11 را برگشت بزنم.",returning
سفارشم را لغو کنید، 2 روز پیش ثبت کرده بودم.,deleting
لطفاً سفارش شماره 163 را برای تاریخ 1401/5/2، ساعت 1 آماده کنید.,scheduling
می‌خواهم پیاز را از سبد خریدم دیلیت کنم و به جای آن سیب اضافه نمایم.,editting
موجودی سیب هاتون چقدر است؟,inquiring
اشتباه کردم، می‌توانید سفارش 1512 را بردارید؟,deleting
دلیل اینهمه تاخیر چیه؟  پرتقالمن الان دقیقا در چه وضعیتی است؟,discount
به دلیل یک خطای ناخواسته، سفارشی با شماره  1151 ثبت شده است. خواهشمند است آن را لغو فرمایید.,deleting
میخواستم سفارشم رو ساعت 7 بفرستید.,scheduling
می‌توانید یک شراب خوب پیشنهاد کنید؟ به 13 شانه برای یک مناسبت خاص نیاز دارم.,buying
می‌توانید سفارش شماره 938 را در ساعت 8 تحویل دهید؟,scheduling
برای خرید بیش از 9 کیلوگرم از هویج، آیا تخفیفی وجود دارد؟,tracking
میخواستم بدونم آیا 8 شانه سیب رو حاضر دارید برای سفارش؟,inquiring
سفارش شماره 1850 را کنسل,deleting
قیمت سیر در حال حاضر چقدر است؟,inquiring
سفارش شماره 5 برای گوجه فرنگی که 13 روز پیش تحویل گرفته‌ام، می‌خواهم بازگردانم.,returning
می‌خواهم زمان تحویل سفارش شماره 1475 را برای 1402/9/4 تنظیم کنید.,scheduling
می‌خواهم اطلاعاتی در مورد فلسفه تولید و زنجیره تامین سیب به دست آورم.,inquiring
آیا می توانید برای من شانه 1 از پرتقال را بسته بندی کنید و برای من بفرستید؟,buying
آیا می‌توانید وضعیت کنونی سفارش با شماره 805 را روشن سازید؟,discount
من معلم آشپزی هستم، آیا 3 عدد از کره دارید؟,buying
آیا امکان پیگیری سفارش شماره 1343 وجود دارد؟,discount
من رو به مرحله پرداخت ببرید چون خریدهایی که داشتم تموم شد.,finishing
می‌خواهم بدانم آیا برای نان در کریسمس تخفیفی ارائه می‌دهید؟,tracking
خواهشمندم، زمان انتظار برای تکمیل تحویل سفارش 275 چه موقع خواهد بود؟,discount
پیاز 12 لیتر میخواستم بخرم,buying
لطفاً سفارش من با شماره 291 را حذف کنید.,deleting
درود بر شما,chitchat
اشتباه شد، به جای 8 عدد گوشت من 11 عدد می خواستم.,editting
میشه از تخم مرغ 14 لیتر بفرستی؟,editting
می‌توانید بیان کنید که خیار چگونه از نظر فنی از خیار برتری دارد؟,inquiring
من به نان، به ویژه 1 بطری نیاز دارم.,buying
سبد خریدم کامل است، لطفاً مراحل پرداخت را توضیح دهید.,finishing
من به دنبال گزینه‌های گیاه‌خواری هستم، به ویژه 12 لیتر از مرغ,buying
می‌خواهم بدانم آیا برای سیب زمینی در سال نو تخفیفی ارائه می‌دهید؟,tracking
میخواستم که خریدم را برگشت بزنم کنم و روند بازپرداخت سفارشم را شروع کنم.,returning
اشتباه کردم، می‌توانید سفارش 2222 را بردارید؟,deleting
میشه از موجودی و اطلاعات محصول هویج مطلع شوم؟,inquiring
دلیل اینهمه تاخیر چیه؟  سیبمن الان دقیقا در چه وضعیتی است؟,discount
تمایل دارم از به‌روزرسانی‌های مربوط به مرحله‌ای که سفارش 668 در آن قرار دارد مطلع شوم. آخرین وضعیت سفارش چیست؟,discount
خرید 6 روز پیشم باید به دلیل انتخاب نادرست کنسل گردد، لطفاً اقدامات لازم را انجام دهید.,deleting
فروش ویژه آبمیوه در عید دارید؟,tracking
برای خرید برنج در این روزها، آیا پیشنهاد ویژه‌ای دارید؟,tracking
آیا کاهو شما تازه است؟ من 9 عدد می خواهم.,buying
آبمیوه را با گوشت در سبد خریدم عوض کن.,editting
لطفاً پرتقال را که به تازگی به سبد اضافه شده است با سیب جایگزین نمایید.,editting
می‌ خواهم سفارشم را تکمیل کنم,finishing
لطفاً تعداد کاهو در سبد خریدم را از 6 به 8 تغییر دهید.,editting
آیا سفارش 850 برای ارسال آماده شده است، یا هنوز در مرحله پیش‌ارسال معطل مانده است؟,discount
می‌خواهم نان را که در سبد خریدم قرار داده‌ام دیلیت کنم.,editting
10 کیلوگرم از مرغ میخواستم .,buying
برای درست کردن سالاد شیرازی 1 عدد شیر میخواستم.,buying
لطفا سفارش من را برگردونید. من این کالاها تاریخ مصرف کالای ارسالی گذشته است رو نمیخوام.,returning
میشه برام 7 شانه آبمیوه ثبت سفارش کنی.,buying
من به دنبال پیشنهادات ویژه برای مرغ هستم، آیا چیزی برای ارائه دارید؟,tracking
من برای کباب کردن نیاز به 1 بطری از کاهو دارم,buying
خریدم رو برگشت بزنید,returning
میخواستم درخواست بازپرداخت سفارشم را بکنم چون محصولات ارسالی با سفارشی که داشتم مغایرت داره,returning
به دلیل یک خطای ناخواسته، سفارشی با شماره  1698 ثبت شده است. خواهشمند است آن را دیلیت فرمایید.,deleting
بررسی کنید ببینید سفارش 364 کجاست؟,discount
من قصد دارم کره مربوط به سفارش شماره 879 را که در 1402/11/2 خریداری شده را برگردانم.,returning
برنج چه تفاوت‌هایی با برنج دارد؟,inquiring
لطفاً فرایند حذف سفارش  834 را آغاز کنید.,deleting
می‌توانید ماهی را که به اشتباه به سبد اضافه شده است بردارید؟,editting
مرغ که 13 روز پیش خریدم الان کجاست؟ پس کی ارسال میشه؟,discount
پاستا 5 کیلوگرم رو به سبد خریدم بیافزونید,buying
وضعیت سفارش شماره 2041 چیست؟,discount
به مناسبت تخفیفات زمستانی، آیا سفره‌ی تخفیفات برنج پهن است؟,tracking
چطور مطوری؟,chitchat
می‌خواهم درک عمیق‌تری از خصوصیات بارز و منحصر به فرد ماهی کسب کنم.,inquiring
به جای 4 شانه شیر لطفا 9 شانه تخم مرغ بهم بده,editting
برنج که 14 روز پیش خریدم الان کجاست؟ پس کی ارسال میشه؟,discount
متأسفانه باید از شما بخواهم که خریدم را دیلیت کنید، زیرا موجودی مالی به اندازه کافی ندارم.,deleting
می خوام این کالاهارو بفرستی,finishing
میل شدیدی به پاستا دارم لطفاً 6 لیتر برای من بفرستید .,buying
می‌توانید سفارش شماره 2228 را در ساعت 7 تحویل دهید؟,scheduling
به مناسبت تعطیلات تابستانی، آیا سفره‌ی تخفیفات آبمیوه پهن است؟,tracking
آیا امکان پیگیری سفارش شماره 2224 وجود دارد؟,discount
سفارش شماره 465 که 11 روز پیش برای محصول برنج ثبت شده بود را می‌خواهم بازگردانم چون کالاها رو اشتباهی ارسال کردید.,returning
میل شدیدی به پاستا دارم لطفاً 8 عدد برای من بفرستید .,buying
به جای سیر پنیر را در سبد خریدم قرار بده.,editting
می‌خواهم بدانم که آیا گوجه فرنگی قابلیت ارتقاء یا توسعه در آینده را دارد؟,inquiring
باید سفارش 848 رو پس بدهم ,returning
وقتت بخیر,chitchat
متأسفانه باید از شما بخواهم که خریدم را دیلیت کنید، زیرا از مکان دیگری میخواهم خرید کنم.,deleting
لطفاً سفارش من با شماره 1768 را پاک کنید.,deleting
آیا سفارش شماره 1664 که شامل ماهی بود آماده ارسال شده است؟,discount
آیا روغن زیتون در حال حاضر در انبار موجود است؟,inquiring
شغلت چیه؟,chitchat
آیا می‌ توانید سفارشم را قبل از ساعت 10 روز پنج شنبه تحویل دهید؟,scheduling
مقدار کالای هویج را از 9 لیتر به 12 لیتر اصلاح کنید.,editting
از شما درخواست دارم که سفارشم را لغو نمایید، زیرا اندازه اشتباهی انتخاب کردم.,deleting
دستت طلا خوشحال شدم,chitchat
میخواستم سفارشم رو ساعت 4 بفرستید.,scheduling
کنجکاوم که از مجموعه تخم مرغ شما چه چیزی دارید، می‌توانم 7 بطری امتحان کنم؟,buying
آیا سفارش شماره 2115 که شامل تخم مرغ بود آماده ارسال شده است؟,discount
زمان تقریبی تحویل سفارش شماره 409 را می‌توانید بگویید؟ من 14 روز پیش این سفارشو ثبت کرده بودم,discount
نان هاتون ساخت چه کشوری هست؟,inquiring
از خریدی که روز چهارشنبه داشتم پشیمان شدم، پاک کنید.,deleting
می‌خواهم بدانم سفارش شماره 297 در کدام مرحله از فرآیند قرار دارد.,discount
تمامی اقلام مورد نظرم را انتخاب کرده‌ام.,finishing
آیا برنامه‌ای برای فروش ویژه پرتقال دراین فصل دارید؟,tracking
سیب زمینی هاتون ساخت چه کشوری هست؟,inquiring
به دلیل اشتباه خرید کردم، تصمیم دارم سفارش شماره 919 را بازگردانم.,returning
چند وقتی است خبری از سفارشم نیست، پس کجاست؟,discount
می خواهم سفارش 1622 رو برگردانم ,returning
لطفاً سفارش شماره 361 را برای تاریخ 1400/8/14 آماده کنید.,scheduling
می‌توانید بگویید تخم مرغ از کدام کشور وارد می‌شود؟,inquiring
برای خرید بیش از 8 لیتر از هویج، آیا تخفیفی وجود دارد؟,tracking
کالاهایم را برای ساعت 9 روز یک شنبه برنامه ریزی کنید.,scheduling
می‌خواهم بدانم که آیا پنیر قابلیت ارتقاء یا توسعه در آینده را دارد؟,inquiring
من می‌خواهم سیب را به صورت عمده خریداری کنم، آیا قیمت بهتری پیشنهاد می‌کنید؟,tracking
لطفاً سفارش شماره 1533 را برای تاریخ 1403/11/1، ساعت 4 آماده کنید.,scheduling
میشه خریدم رو روز چهارشنبه تا ساعت 9 بفرستید؟,scheduling
به دنبال آگاهی در مورد وضعیت فعلی سفارش با شناسه 1251 هستم.,discount
می‌خواهم بدانم که آیا سیر قابلیت ارتقاء یا توسعه در آینده را دارد؟,inquiring
اشتباه شد، به جای 13 کیلوگرم پاستا من 6 کیلوگرم می خواستم.,editting
کالاهایم را برای ساعت 9 روز پنج شنبه برنامه ریزی کنید.,scheduling
میخواستم که خریدم را برگردانم کنم و روند بازپرداخت سفارشم را شروع کنم.,returning
5 لیتر از کاهو میخواستم، موجود دارید؟,buying
من میزبان یک مهمانی بزرگ هستم و به 7 بطری از پیاز نیاز دارم.,buying
می‌خواهم زمان تحویل سفارش شماره 1950 را برای 1400/12/8 تنظیم کنید.,scheduling
من قصد دارم پیاز مربوط به سفارش شماره 308 را که در 1401/3/18 خریداری شده را پس بفرستم.,returning
می‌خواهم یک وعده غذایی قورمه سبزی آماده کنم، به 1 عدد از گوشت درجه یک نیاز دارم.,buying
برای درست کردن سالاد شیرازی 2 عدد سیب زمینی میخواستم.,buying
وضعیت سفارش شماره 644 چیست؟,discount
برای بودجه‌ بندی، نیاز به دانستن قیمت دقیق پرتقال دارم.,inquiring
پودر لباسشویی ام تموم شده، گوجه فرنگی برام بفرستید,buying
لطف کردی,chitchat
آیا برنامه‌ای برای فروش ویژه مرغ دراین فصل دارید؟,tracking
من خیلی وقته از شما خرید می کنم میشه به بنده تخفیف برای محصول روغن زیتون بدهید؟,tracking
لطفاً ماهی را که در سبد خریدم است با تخم مرغ به‌روزرسانی کنید.,editting
اسمتون چیه؟,chitchat
محصول هویج را از سفارشم کنسل کن,editting
فروش ویژه سیر در تخفیفات زمستانی دارید؟,tracking
آیا می‌توانم پرتقال را که 5 روز پیش خریده‌ام، پس بفرستم؟,returning
می‌خواهم هویج را که فراموش کرده‌ام به سبد خرید اضافه کنم.,buying
نان میخواستم .,buying
نیاز دارم سفارش 1572 که روز جمعه را دیلیت کنید.,deleting
سفارشم رو روز یک شنبه ساعت 11 ارسال کنید.,scheduling
می‌توانید سفارشم را حذف کنید؟ دیگر به آن احتیاجی ندارم.,deleting
مقدار کالای کره را از 2 عدد به 6 عدد اصلاح کنید.,editting
شنیده‌ام بهترین سیر شهر را دارید، لطفاً 13 شانه برای من بگذارید.,buying
آیا می‌توانم آبمیوه را که 7 روز پیش خریده‌ام، برگشت بزنم؟,returning
آیا می‌توانم در مورد زمان تقریبی رسیدن بسته‌ام با کد پیگیری 1677 جویا شوم؟,discount
لطفاً فرایند دیلیت سفارش  1534 را آغاز کنید.,deleting
لطفا سفارشم رو عوض بزنید. به دلیل تاریخ مصرف محصولات گذشته بود,returning
می‌توانید سفارشم را دیلیت کنید؟ محصول مورد نظر را در جای دیگری یافتم.,deleting
میخوام سفارشم رو کنسل کنم,deleting
لطفاً فرایند کنسل سفارش  1462 را آغاز کنید.,deleting
به مناسبت تخفیفات زمستانی، آیا سفره‌ی تخفیفات ماهی پهن است؟,tracking
موفق باشید,chitchat
می‌خواهم از حراج عید استفاده کنم، آیا پرتقال هم شامل تخفیف می‌ شود؟,tracking
می‌خواهم سفارش شماره 1888 را برای تحویل در روز دوشنبه تنظیم کنم.,scheduling
می‌خواهم بدانم برنج چه امتیازاتی نسبت به کالاهای مشابه دارد.,inquiring
10 بطری از مرغ میخواستم .,buying
برای خرید بیش از 7 لیتر از پیاز، آیا تخفیفی وجود دارد؟,tracking
میخواستم کل سفارشم را کنسل کنم چون اشتباه ثبت کردم,deleting
چه خبرا؟,chitchat
می‌خواهم از قیمت روز کاهو مطلع شوم، آیا می‌ توانید کمک کنید؟,inquiring
در روزهای اخیر، آیا بازار تخفیف کره داغ است؟,tracking
آیا برای جشن سال نو، جعبه‌ی سورپرایز تخفیفی برای محصول هویج دارید؟,tracking
می‌خواهم اطلاعاتی در مورد فلسفه تولید و زنجیره تامین سیب زمینی به دست آورم.,inquiring
سفارش 1931 را در تاریخ 1402/8/21 ارسال کنید.,scheduling
می‌خواهم بدانم سفارش شماره 1604 کی به دستم می‌رسد.,discount
به دلیل یک خطای ناخواسته، سفارشی با شماره  526 ثبت شده است. خواهشمند است آن را لغو فرمایید.,deleting
لطفاً برنج را که در سبد خریدم قرار دارد با نان به‌روزرسانی کنید، چون تازه‌تر است.,editting
احوال شریفتان چطور است؟,chitchat
زمان تقریبی تحویل سفارش شماره 1243 را می‌توانید بگویید؟ من 2 روز پیش این سفارشو ثبت کرده بودم,discount
می‌توانید سفارشم را دیلیت کنید؟ آدرس اشتباهی وارد کردم.,deleting
سفارشم را دیلیت کنید، 2 روز پیش ثبت کرده بودم.,deleting
می‌خواهم ماهی را که در سبد خریدم قرار داده‌ام لغو کنم.,editting
ممنونم ازت دمت گرم,chitchat
نیاز دارم انبار آشپزخانه‌ام را با 8 لیتر از پیاز پر کنم.,buying
می‌توانید سفارش شماره 1230 را در ساعت 11 تحویل دهید؟,scheduling
قصد دارم شیر را به دلیل تخفیف ویژه‌ای که دیدم با پیاز تعویض کنم.,editting
آیا تخفیفی برای خرید سیب در روز سه شنبه وجود دارد؟,tracking
شغل شما چیست؟,chitchat
دستور پخت من نیاز به 11 لیتر از پنیر دارد، آیا موجود است؟,buying
آیا امکان دارد سفارش شماره 1538 را در 1401/9/4 تحویل بگیرم؟,scheduling
شب مهمونی داریم، پاستا میخواستم.,buying
آیا قیمت گوشت از زمان بهار تغییر کرده است؟,inquiring
لطفاً مرغ را که در سبد خریدم قرار دارد با مرغ به‌روزرسانی کنید، چون تازه‌تر است.,editting
گوجه فرنگی 10 لیتر میخواستم بخرم,buying
می‌توانم 7 بطری از پاستا را برای خرید هفتگی‌ام رزرو کنم؟,buying
به طور تصادفی یک سفارش با شماره 58 ثبت کردم. لطفاً آن را لغو کنید.,deleting
کنجکاوم که از مجموعه سیر شما چه چیزی دارید، می‌توانم 9 شانه امتحان کنم؟,buying
من میزبان یک مهمانی بزرگ هستم و به 5 بطری از پنیر نیاز دارم.,buying
کالای سیر گارانتی دارد؟,inquiring
پس از ثبت سفارش 270 در 1401/6/17، کنجکاوم که پیشرفت آن چگونه است. آخرین گزارش چیست؟,discount
به طور تصادفی یک سفارش با شماره 366 ثبت کردم. لطفاً آن را پاک کنید.,deleting
آیا پاستا در حال حاضر در انبار موجود است؟,inquiring
بررسی کنید ببینید سفارش 976 کجاست؟,discount
سفارشم رو روز سه شنبه ساعت 4 ارسال کنید.,scheduling
من خیلی وقته از شما خرید می کنم میشه به بنده تخفیف برای محصول آبمیوه بدهید؟,tracking
من قصد دارم سفارشم را خط بزنم، به خاطر دلایلی که می گم: اشتباه ثبت کردم.,deleting
آیا تخفیفی برای خرید هویج در روز دوشنبه وجود دارد؟,tracking
ممنونم، همین موارد رو میخواستم فقط,finishing
آیا کره با استانداردهای FSSC مطابقت دارد و آیا برای مصارف چربی 0 درصد داشتن تایید شده است؟,inquiring
لطفاً تعداد هویج در سبد خریدم را از 8 به 8 تغییر دهید.,editting
شغل شما در اینجا چیست و چه کاری انجام میدهید؟,chitchat
11 بطری از پاستا میخواستم .,buying
انتخاب‌ هایم را به پایان رسانده‌ام و مایل به ثبت سفارش هستم، مرحله بعدی چیست؟,finishing
چه خبر از کار و زندگی؟,chitchat
سفارش شماره 2014 برای نان که 10 روز پیش تحویل گرفته‌ام، می‌خواهم تعویض کنم.,returning
می‌توانید یک شراب خوب پیشنهاد کنید؟ به 5 لیتر برای یک مناسبت خاص نیاز دارم.,buying
می‌خواهم از حراج هالووین استفاده کنم، آیا هویج هم شامل تخفیف می‌ شود؟,tracking
لطفاً سفارش شماره 690 را برای تاریخ 1403/3/10 آماده کنید.,scheduling
می‌خواهم سیر را به دلیل تغییر در برنامه غذایی‌ام از سبد خرید کنسل کنم.,editting
پشیمون شدم پاستا رو از سفارشم لغو کن,editting
من به خیار، به ویژه 14 شانه نیاز دارم.,buying
هویج را اشتباه به سبد خریدم افزودم لطفا پاک کنید.,editting
خریدی داشتم.,buying
می‌توانید بگویید مرغ از کدام کشور وارد می‌شود؟,inquiring
شبت بخیر سلام,chitchat
برای خرید کره در این روزها، آیا پیشنهاد ویژه‌ای دارید؟,tracking
خریدم رو کنسل کنید,deleting
میل شدیدی به مرغ دارم لطفاً 14 شانه برای من بفرستید .,buying
من به روغن زیتون محلی علاقه‌ مندم، می‌توانم 14 شانه از آن‌ها را بگیرم؟,buying
لطفا سفارش من را برگردونید. من این کالاها جنس هایی فرستادید خراب بودند رو نمیخوام.,returning
گوجه فرنگی رو از سفارشم کنسل کن,editting
نیاز دارم انبار آشپزخانه‌ام را با 7 کیلوگرم از گوجه فرنگی پر کنم.,buying
می‌توانید تخم مرغ را که به اشتباه به سبد اضافه شده است بردارید؟,editting
لطفاً آخرین سفارش من را لغو کنید، موجودی مالی به اندازه کافی ندارم.,deleting
لطفاً سیب زمینی را که به تازگی به سبد اضافه شده است با کره جایگزین نمایید.,editting
مقدار کالای روغن زیتون را از 2 کیلوگرم به 2 کیلوگرم اصلاح کنید.,editting
می‌خواهم خریدم را به دلیل توانایی مالی به اندازه کافی ندارم لغو کنم.,deleting
به دلیل یک خطای ناخواسته، سفارشی با شماره  882 ثبت شده است. خواهشمند است آن را دیلیت فرمایید.,deleting
دلیل اینهمه تاخیر چیه؟  آبمیوهمن الان دقیقا در چه وضعیتی است؟,discount
سفارشم را در تاریخ 1400/11/6 بفرستید,scheduling
به مناسبت هالووین، آیا سفره‌ی تخفیفات پیاز پهن است؟,tracking
میشه قیمت سیب رو بدونم؟,inquiring
لطفاً هویج را که به تازگی به سبد اضافه شده است با پرتقال جایگزین نمایید.,editting
خیار هاتون ساخت چه کشوری هست؟,inquiring
من علاقه‌مند به برنامه‌ریزی تحویل سفارش شماره 386 برای تاریخ 1401/2/9 هستم.,scheduling
خریدام تموم شد لطفا همین ها را نهایی کنید.,finishing
می‌خواهم از قیمت روز سیب زمینی مطلع شوم، آیا می‌ توانید کمک کنید؟,inquiring
تمایل دارم از به‌روزرسانی‌های مربوط به مرحله‌ای که سفارش 770 در آن قرار دارد مطلع شوم. آخرین وضعیت سفارش چیست؟,discount
من به دنبال کره هستم، آیا آنها را در شانه حمل می کنید؟,buying
متأسفانه باید از شما بخواهم که خریدم را حذف کنید، زیرا محصول مورد نظر را در جای دیگری یافتم.,deleting
از شما درخواست دارم که سفارش 2174 را پاک نمایید، زیرا محصول مورد نظر را در جای دیگری یافتم.,deleting
چه خدماتی ارایه می دهی؟,chitchat
آیا سفارش 1740 در حال حاضر در مسیر مقصد قرار دارد؟,discount
من می‌خواهم روغن زیتون را به صورت عمده خریداری کنم، آیا قیمت بهتری پیشنهاد می‌کنید؟,tracking
من می‌خواهم اسموتی درست کنم و به 6 عدد از خیار مخلوط نیاز دارم.,buying
سفارشم رو روز سه شنبه ساعت 3 ارسال کنید.,scheduling
برای خرید آبمیوه در این روزها، آیا پیشنهاد ویژه‌ای دارید؟,tracking
من مشتاقم تا دریابم آیا سفارش 2275 ارسال شده است.,discount
تمایل دارم از به‌روزرسانی‌های مربوط به مرحله‌ای که سفارش 1578 در آن قرار دارد مطلع شوم. آخرین وضعیت سفارش چیست؟,discount
برای مراسم سال نو تخفیفی دارید؟,tracking
می‌خواهم خریدم را به دلیل محصول مورد نظر را در جای دیگری یافتم لغو کنم.,deleting
کالاهایم را برای ساعت 4 روز پنج شنبه برنامه ریزی کنید.,scheduling
آیا امکان پیگیری سفارش شماره 1355 وجود دارد؟,discount
می‌خواهم خیار را که در سبد خریدم قرار داده‌ام به دلیل تغییر نظرم کنسل کنم.,editting
می‌خواهم بدانم که آیا مرغ قابلیت ارتقاء یا توسعه در آینده را دارد؟,inquiring
آیا امکان دارد سفارش شماره 2294 را در 1400/5/26 تحویل بگیرم؟,scheduling
آیا سفارش 1646 در حال حاضر در مسیر مقصد قرار دارد؟,discount
آیا می‌توانم سفارش شماره 1852 را برای تحویل در ساعت 5 رزرو کنم؟,scheduling
آیا سفارش شماره 1188 در مسیر ارسال است؟,discount
من این هفته فقط یک شنبه خونه هستم، لطفا سفارشم را در آن زمان ارسال کنید.,scheduling
متأسفانه باید از شما بخواهم که خریدم را لغو کنید، زیرا آدرس اشتباهی وارد کردم.,deleting
سفارش شماره 1787 را پاک,deleting
میشه سفارشم رو عودت کنید؟ چون جنس هایی فرستادید خراب بودند,returning
بررسی کنید ببینید سفارش 641 کجاست؟,discount
آیا می‌توانم در مورد زمان تقریبی رسیدن بسته‌ام با کد پیگیری 1440 جویا شوم؟,discount
لطفاً 5 شانه از پیاز را به من بدهید.,buying
من از مشتری های مجموعه شما هستم میشه برای خرید سیب به من تخفیف بدهید؟,tracking
میشه به جای خیار بهم 8 بطری پیاز بدی؟,editting
میشه به جای برنج بهم 3 بطری پاستا بدی؟,editting
لطفاً سفارش من با شماره 1381 را پاک کنید.,deleting
10 شانه از مرغ میخواستم .,buying
آیا آبمیوه برای افرادی با شرایط خاص مانند چربی 0 درصد داشتن مناسب است؟,inquiring
متشکرم که کمک کردی,chitchat
درود,chitchat
برای بچه کوچیکم مقداری خوراکی می خواستم، پاستا دارید؟,buying
سفارشم را ثبت کنید و اعلام کنید چگونه باید خریدم را پرداخت کنم.,finishing
اشتباه شد، به جای 3 عدد پیاز من 1 عدد می خواستم.,editting
آیا می‌توانم گوشت را که 4 روز پیش خریده‌ام، برگشت بزنم؟,returning
سفارشم تمام شد.,finishing
دوست دارم خریدی که تازه کردم را پاک کنم، محصول مورد نظر را در جای دیگری یافتم.,deleting
درخواست مرجوع سفارش شماره 447 رو دارم.,returning
دوست دارم خریدی که تازه کردم را پاک کنم، توانایی مالی به اندازه کافی ندارم.,deleting
از شما درخواست دارم که سفارشم را لغو نمایید، زیرا اشتباه ثبت کردم.,deleting
لطفاً فرایند دیلیت سفارش  1174 را آغاز کنید.,deleting
آیا امکان تحویل سفارش شماره 773 در روز یک شنبه وجود دارد؟,scheduling
روغن زیتون برام بفرستید .,buying
خواهشمندم، زمان انتظار برای تکمیل تحویل سفارش 812 چه موقع خواهد بود؟,discount
زمان تقریبی تحویل سفارش شماره 2000 را می‌توانید بگویید؟ من 9 روز پیش این سفارشو ثبت کرده بودم,discount
من مشتاقم تا دریابم آیا سفارش 394 ارسال شده است.,discount
خدانگهدار,chitchat
شب مهمونی داریم، تخم مرغ میخواستم.,buying
میشه سفارش 872 را پیگیری کنید.,discount
پس چرا سفارشم نمیرسه؟ باید حتما تا سه شنبه به دستم برسونیدش.,discount
می توانم 8 بطری از ماهی را رزرو کنم ؟,buying
مرغ مربوط به سفارش شماره 1027 که در روز پنج شنبه خریداری شده، نیاز به تعویض دارد.,returning
من قصد دارم آبمیوه خریداری شده در 1402/7/13 را به دلیل کالاها آسیب دیده به دست بنده رسیده است مرجوع کنم.,returning
می‌توانید سفارش شماره 1953 را در ساعت 4 تحویل دهید؟,scheduling
می‌خواهم بدانم آیا برای مرغ در تعطیلات تابستانی تخفیفی ارائه می‌دهید؟,tracking
مچکرم ازت زحمتت دادم,chitchat
اشتباه کردم، می‌توانید سفارش 1316 را بردارید؟,deleting
آیا پاستا در راستای پایداری و مسئولیت‌های اجتماعی شرکت تولید کننده طراحی شده است؟,inquiring
قصد دارم نان را به دلیل تخفیف ویژه‌ای که دیدم با گوشت تعویض کنم.,editting
میزان مواد شیمیایی که در روغن زیتون به کار رفته چقدر است؟,inquiring
گوجه فرنگی که 9 روز پیش تحویل گرفته‌ام، نیاز به تعویض دارد و دوست داشتم که برای من آن ها را مرجوع بدهید.,returning
میشه پیگیری کنید ببینید سفارش من دقیقا کجا هست. شماره سفارشم: 1906,discount
میخواهم برنج را از سفارشم کنسل کنم.,editting
برای بودجه‌ بندی، نیاز به دانستن قیمت دقیق تخم مرغ دارم.,inquiring
قصد دارم آبمیوه را به دلیل تخفیف ویژه‌ای که دیدم با نان تعویض کنم.,editting
لطفاً سفارش من با شماره 1936 را دیلیت کنید.,deleting
من قصد دارم برنج خریداری شده در 1400/3/20 را به دلیل دوست نداشتم این محصول رو مرجوع کنم.,returning
درخواست مرجوع سفارش شماره 417 رو دارم.,returning
خریدم رو با شماره پیگیری 953 را رهگیری کنید.,discount
لطفاً نان را که به تازگی به سبد اضافه شده است با شیر جایگزین نمایید.,editting
درود خدمتت,chitchat
به جای 12 شانه پاستا لطفا 12 شانه پنیر بدهید.,editting
مرغ میخواستم .,buying
میشه به جای تخم مرغ بهم 10 عدد شیر بدی؟,editting
میشه خریدم رو روز دوشنبه تا ساعت 9 بفرستید؟,scheduling
پشیمون شدم کاهو رو از سفارشم حذف کن,editting
آیا امکان دارد سفارش شماره 976 را در 1400/10/5 تحویل بگیرم؟,scheduling
می‌خواهم ماهی که در تاریخ 1400/10/27 خریداری کردم را پس بدهم.,returning
آیا برنامه‌ای برای فروش ویژه آبمیوه دراین فصل دارید؟,tracking
نیاز دارم سفارش 205 که روز یک شنبه را کنسل کنید.,deleting
لطفاً سفارش من با شماره 2177 را حذف کنید.,deleting
من علاقه‌مند به برنامه‌ریزی تحویل سفارش شماره 651 برای تاریخ 1400/4/13 هستم.,scheduling
برای سیر در عید تخفیفی ارائه می دهید؟,tracking
آیا می‌توانید وضعیت کنونی سفارش با شماره 1353 را روشن سازید؟,discount
لطفاً هویج را که در سبد خریدم قرار دارد با سیب به‌روزرسانی کنید، چون تازه‌تر است.,editting
خریدام همین بود. سفارشم رو ثبت کن.,finishing
خوبی؟,chitchat
آیا امکان تحویل سفارش شماره 910 در روز پنج شنبه وجود دارد؟,scheduling
لطفاً خیار را که در سبد خریدم است با خیار به‌روزرسانی کنید.,editting
کالاهایی که ارسال شده است بسیار آسیب دیده اند، لطفا تعویض کنید,returning
برای نان در سال نو تخفیفی ارائه می دهید؟,tracking
آیا سفارش شماره 506 ارسال شده است؟,discount
سیب زمینی را به اشتباه خریداری کرده‌ام، آیا می‌توانم آن را عودت بدهم؟,returning
سلام، حالت خوبه؟,chitchat
قیمت برنج با توجه به نوسانات اخیر بازار چه تغییری کرده است؟,inquiring
سلام، احوالت؟,chitchat
من می‌خواهم گوشت را به صورت عمده خریداری کنم، آیا قیمت بهتری پیشنهاد می‌کنید؟,tracking
میخواستم که خریدم را تعویض کنم کنم و روند بازپرداخت سفارشم را شروع کنم.,returning
آیا امکان پیگیری سفارش شماره 1902 وجود دارد؟,discount
می‌توانید سفارش شماره 161 را در ساعت 9 تحویل دهید؟,scheduling
پشیمون شدم پیاز رو از سفارشم حذف کن,editting
لطفا سفارش من را برگردونید. من این کالاها کیفیت بسیار پایین کالاهای ارسالی رو نمیخوام.,returning
برای خرید بیش از 12 عدد از روغن زیتون، آیا تخفیفی وجود دارد؟,tracking
لطفاً پنیر را که به تازگی به سبد اضافه شده است با گوشت جایگزین نمایید.,editting
آیا امکان مرجوع کردن هویج بعد از 6 استفاده هنوز وجود دارد؟ من کالاهایم را چند روزه که دریافت کردم ولی به دلیل نظرم عوض شد میخواهم پس بدهم.,returning
سفارش شماره 1121 را حذف,deleting
 بچه‌های من مرغ شما را دوست دارند، می‌توانید 14 عدد برای من کنار بگذارید؟,buying
می‌تونم اسمتو بدونم؟,chitchat
می‌خواهم از وضعیت فعلی سفارش شماره 1934 مطلع شوم.,discount
سفارش شماره 111 را به دلیل دوست نداشتم این محصول رو می‌خواهم بازگردانم.,returning
می‌خواهم زمان تحویل سفارش شماره 2331 را برای 1401/10/3 تنظیم کنید.,scheduling
میشه به جای ماهی بهم گوشت بدی؟,editting
من مشتاقم تا دریابم آیا سفارش 2137 ارسال شده است.,discount
من خیلی وقته از شما خرید می کنم میشه به بنده تخفیف برای محصول پنیر بدهید؟,tracking
می‌خواهم تخم مرغ را که در سبد خریدم قرار داده‌ام به دلیل تغییر نظرم حذف کنم.,editting
لطفاً سفارش من با شماره 1848 را دیلیت کنید.,deleting
آیا سیر دارای گارانتی یا خدمات پس از فروش است؟,inquiring
شب مهمونی داریم، برنج میخواستم.,buying
میخواستم بدونم سفارشی که ثبت کردم تا سه شنبه به دستم میرسه یا نه؟,discount
میشه سفارش 452 را پیگیری کنید.,discount
پس از ثبت سفارش 1915 در 1402/8/14، کنجکاوم که پیشرفت آن چگونه است. آخرین گزارش چیست؟,discount
من نیاز به 14 عدد از روغن زیتون دارم .,buying
ماهی که 10 روز پیش خریدم الان کجاست؟ پس کی ارسال میشه؟,discount
میشه به جای سیب بهم 10 شانه کاهو بدی؟,editting
من می خواهم مقداری از کره، 12 کیلوگرم را انتخاب کنم.,buying
سفارش من با شماره 1414 باید لغو شود، چون به دردم نمیخوره.,deleting
هویج را اشتباه به سبد خریدم افزودم لطفا لغو کنید.,editting
به طور تصادفی یک سفارش با شماره 1823 ثبت کردم. لطفاً آن را کنسل کنید.,deleting
کاری که شما میکنید چیست؟,chitchat
پنیر را از سبد خریدم لغو کن,editting
پاستا رو از سفارشم حذف کن,editting
آیا می توانید برای من کیلوگرم 2 از هویج را بسته بندی کنید و برای من بفرستید؟,buying
من علاقه‌مند به برنامه‌ریزی تحویل سفارش شماره 998 برای تاریخ 1402/4/28 هستم.,scheduling
می‌خواهم زمان تحویل سفارش شماره 840 را برای 1403/11/18 تنظیم کنید.,scheduling
لطفاً سفارش شماره 1419 را برای تاریخ 1402/11/30 آماده کنید.,scheduling
لطفاً سفارش شماره 445 را برای تاریخ 1400/7/3 آماده کنید.,scheduling
با سلام، آیا می‌توانید سفارشم را که به تازگی ثبت شده است، لغو نمایید؟,deleting
خداقوت پهلوان خسته هم نباشی,chitchat
سلام و عرض ادب,chitchat
آیا برای مشتریان دائمی مانند من، تخفیف خاصی برای مرغ در نظر گرفته‌اید؟,tracking
موجودی پرتقال هاتون چقدر است؟,inquiring
از خرید کره پشیمان شدم، لطفا از سبد خریدم پاک کن.,editting
شما چه کاری برای من میتوانی انجام بدهی؟,chitchat
گوشت را به اشتباه خریداری کرده‌ام، آیا می‌توانم آن را برگردانم؟,returning
می‌خواهم درک عمیق‌تری از خصوصیات بارز و منحصر به فرد هویج کسب کنم.,inquiring
به 10 کیلوگرم از خیار نیاز دارم.,buying
میشه پیگیری کنید ببینید سفارش من دقیقا کجا هست. شماره سفارشم: 995,discount
می‌خواهم سفارش شماره 428 که محصول گوشت را در تاریخ 1401/11/24 خریداری کردم را بازگردانم.,returning
می‌خواهم بدانم سفارش شماره 306 در کدام مرحله از فرآیند قرار دارد.,discount
اصل میدی؟,chitchat
همه موارد مورد نیازم را به سبد اضافه کرده ام، لطفاً مراحل بعدی برای تکمیل سفارش را بیان کنید.,finishing
درخواست عودت سفارش شماره 1529 رو دارم.,returning
برای هویج در تعطیلات تابستانی تخفیفی ارائه می دهید؟,tracking
ظهرت بخیر,chitchat
می‌خواهم زمان تحویل سفارش شماره 2031 را برای 1400/1/18 تنظیم کنید.,scheduling
میخواستم بدونم آیا 6 عدد خیار موجود هست؟,inquiring
پس از ثبت سفارش 675 در 1400/8/20، کنجکاوم که پیشرفت آن چگونه است. آخرین گزارش چیست؟,discount
می خواهم سفارش 239 رو بازگردانم ,returning
سلام، حال روحی مساعدی دارید؟,chitchat
وضعیت سفارش شماره 1996 چیست؟,discount
میشه سفارشم رو عودت کنید؟ چون از خریدم پشیمان شدم.,returning
مقدار کالای پیاز را از 8 لیتر به 10 لیتر اصلاح کنید.,editting
می خواهم سفارش 1567 رو عودت بدهم ,returning
پشیمان شدم لطفا سفارشم را کنسل کن,deleting
فروش ویژه سیب در تعطیلات تابستانی دارید؟,tracking
سفارشم را در تاریخ 1400/2/21 بفرستید,scheduling
من به دنبال پیشنهادات ویژه برای سیب زمینی هستم، آیا چیزی برای ارائه دارید؟,tracking
لطفاً 1 کیلوگرم از کره را به من بدهید.,buying
سلام علیکم,chitchat
لطفا سفارشم رو تعویض بزنید. به دلیل از خریدم پشیمون شدم,returning
روغن زیتون چه تفاوت‌هایی با روغن زیتون دارد؟,inquiring
کره را از سبد خریدم حذف کن,editting
اشتباه شد، به جای 6 کیلوگرم سیر من 13 کیلوگرم می خواستم.,editting
من خیلی وقته از شما خرید می کنم میشه به بنده تخفیف برای محصول شیر بدهید؟,tracking
میخواستم سفارشم رو ساعت 10 بفرستید.,scheduling
مقدار پرتقال رو 13 کیلوگرم کنید,editting
با سلام، آیا می‌توانید سفارشم را که به تازگی ثبت شده است، کنسل نمایید؟,deleting
میشه خریدم رو روز یک شنبه تا ساعت 9 بفرستید؟,scheduling
من علاقه‌مند به برنامه‌ریزی تحویل سفارش شماره 1876 برای تاریخ 1403/6/10 هستم.,scheduling
برای بودجه‌ بندی، نیاز به دانستن قیمت دقیق روغن زیتون دارم.,inquiring
به دنبال آگاهی در مورد وضعیت فعلی سفارش با شناسه 2185 هستم.,discount
سفارش من با شماره 1406 باید لغو شود، چون تغییرات برنامه‌ریزی داشتم.,deleting
سفارشم رو تا ساعت 7 بفرستید.,scheduling
در روزهای اخیر، آیا بازار تخفیف کاهو داغ است؟,tracking
بررسی کنید ببینید سفارش 1873 کجاست؟,discount
منتظر تحویل سفارش شماره 333 در اولین ساعت یک شنبه هستم.,scheduling
لطفاً فرایند پاک سفارش  1649 را آغاز کنید.,deleting
برای درست کردن سالاد شیرازی 9 عدد خیار میخواستم.,buying
میخواستم کل سفارشم را حذف کنم چون به دردم نمیخوره,deleting
سفارشم را قبل از ساعت 1 روز چهارشنبه تحویل دهید ,scheduling
نان را اشتباه به سبد خریدم افزودم لطفا پاک کنید.,editting
میشه قیمت شیر رو بدونم؟,inquiring
میشه به من اسمت رو بگی و خودت رو معرفی بکنی؟,chitchat
برای خرید بیش از 10 کیلوگرم از گوجه فرنگی، آیا تخفیفی وجود دارد؟,tracking
به طور تصادفی یک سفارش با شماره 1922 ثبت کردم. لطفاً آن را پاک کنید.,deleting
تمایل دارم از به‌روزرسانی‌های مربوط به مرحله‌ای که سفارش 1339 در آن قرار دارد مطلع شوم. آخرین وضعیت سفارش چیست؟,discount
گوشت چه تفاوت‌هایی با گوشت دارد؟,inquiring
به جای 12 عدد سیب لطفا 10 عدد سیب بکنیدش,editting
برای خرید بیش از 11 شانه از آبمیوه، آیا تخفیفی وجود دارد؟,tracking
لطفاً فرایند کنسل سفارش  702 را آغاز کنید.,deleting
9 لیتر از هویج میخواستم .,buying
سیب چه ویژگی‌هایی دارد و آیا برای رژیمی بودن و مخصوص ورزشکاران مناسب است؟,inquiring
بررسی کنید ببینید سفارش 2308 کجاست؟,discount
میخواهم گوشت را از سفارشم حذف کنم.,editting
درخواست برگشت سفارش 1075 رو دارم .,returning
برای خرید بیش از 4 لیتر از گوشت، آیا تخفیفی وجود دارد؟,tracking
من قصد دارم گوشت خریداری شده در 1403/1/19 را به دلیل تاریخ مصرف کالای ارسالی گذشته است پس بدهم.,returning
سیب را به اشتباه خریداری کرده‌ام، آیا می‌توانم آن را بازگردانم؟,returning
من می‌خواهم یک دستور پخت جدید را امتحان کنم که به 4 شانه از روغن زیتون نیاز دارد.,buying
آیا قیمت گوجه فرنگی از زمان بهار تغییر کرده است؟,inquiring
از خرید پنیر پشیمان شدم، لطفا از سبد خریدم لغو کن.,editting
سفارشم را قبل از ساعت 11 روز پنج شنبه تحویل دهید ,scheduling
سفارشم را قبل از ساعت 8 روز سه شنبه تحویل دهید ,scheduling
میشه برام 14 عدد ماهی ثبت سفارش کنی.,buying
به مناسبت سال نو، آیا سفره‌ی تخفیفات سیب زمینی پهن است؟,tracking
برای درست کردن سالاد شیرازی 7 شانه هویج میخواستم.,buying
آیا کره دارای گارانتی یا خدمات پس از فروش است؟,inquiring
آیا امکان پس دادن سیب با سفارش شماره 1330 پس از 12 استفاده هنوز وجود دارد؟,returning
آیا تخفیفی برای خرید ماهی در روز دوشنبه وجود دارد؟,tracking
برای بچه کوچیکم مقداری خوراکی می خواستم، سیب زمینی دارید؟,buying
سفارشم به دستم رسید الان، اما به خاطر جنس هایی فرستادید خراب بودند میخواهم سفارشم رو برگشت بزنید,returning
می‌خواهم زمان تحویل سفارش شماره 1074 را برای 1400/8/6 تنظیم کنید.,scheduling
سلامی دوباره خدمت تو,chitchat
کره که 2 روز پیش خریدم الان کجاست؟ پس کی ارسال میشه؟,discount
میخواستم بدونم آیا 12 لیتر پاستا موجود هست؟,inquiring
یکم از کالا ماهی بهم بگو,inquiring
درخواست عوض سفارش 2068 رو دارم .,returning
آیا امکان تحویل سفارش شماره 38 در روز یک شنبه وجود دارد؟,scheduling
من اومدم,chitchat
چطوری؟,chitchat
برای خرید بیش از 3 کیلوگرم از مرغ، آیا تخفیفی وجود دارد؟,tracking
در روزهای اخیر، آیا بازار تخفیف سیب زمینی داغ است؟,tracking
لطفاً فرایند دیلیت سفارش  1824 را آغاز کنید.,deleting
می‌خواهم روغن زیتون را که فراموش کرده‌ام به سبد خرید اضافه کنم.,buying
می‌خواهم سفارش شماره 195 که محصول تخم مرغ را در تاریخ 1402/10/20 خریداری کردم را برگشت بزنم.,returning
به مناسبت هالووین، آیا سفره‌ی تخفیفات پرتقال پهن است؟,tracking
حال و احوالت چطوره,chitchat
کالای نان گارانتی دارد؟,inquiring
به مناسبت عید، آیا سفره‌ی تخفیفات گوشت پهن است؟,tracking
درخواست تعویض سفارش 1396 رو دارم .,returning
آیا امکان تحویل سفارش شماره 1143 در روز چهارشنبه وجود دارد؟,scheduling
به جای 9 کیلوگرم پیاز لطفا 9 کیلوگرم هویج بدهید.,editting
از شما درخواست دارم که سفارشم را لغو نمایید، زیرا دیگر به آن احتیاجی ندارم.,deleting
من به دنبال گزینه‌های گیاه‌خواری هستم، به ویژه 5 بطری از خیار,buying
لطفاً تعداد سیب زمینی در سبد خریدم را از 12 به 5 تغییر دهید.,editting
من می خواهم 4 بطری از گوشت را دریافت کنم.,buying
مرسی خوب شد صحبت کردیم,chitchat
سفارشم رو روز چهارشنبه ساعت 7 ارسال کنید.,scheduling
آیا می‌توانید وضعیت کنونی سفارش با شماره 1788 را روشن سازید؟,discount
اقلامم را ثبت کن,finishing
میشه سفارش 1780 را پیگیری کنید.,discount
برای بچه کوچیکم مقداری خوراکی می خواستم، پرتقال دارید؟,buying
می‌توانید بیان کنید که تخم مرغ چگونه از نظر فنی از تخم مرغ برتری دارد؟,inquiring
برای خرید گوجه فرنگی در این روزها، آیا پیشنهاد ویژه‌ای دارید؟,tracking
آیا می‌توانید وضعیت کنونی سفارش با شماره 489 را روشن سازید؟,discount
"به دلیل محصولات ارسالی با سفارشی که داشتم مغایرت داره, می‌خواهم سیب زمینی خریداری شده مورخ 1402/10/6 را پس بدهم.",returning
من از مشتری های مجموعه شما هستم میشه برای خرید پاستا به من تخفیف بدهید؟,tracking
دوست دارم خریدی که تازه کردم را حذف کنم، جای دیگری قیمت بهتری پیدا کردم.,deleting
سلام، چطوری؟,chitchat
سفارشم را لغو کنید، 9 روز پیش ثبت کرده بودم.,deleting
من نیاز به 13 کیلوگرم از پاستا دارم .,buying
می‌خواهم ماهی که در تاریخ 1403/2/29 خریداری کردم را پس بدهم.,returning
سفارشم به دستم رسید الان، اما به خاطر کالاها رو اشتباهی ارسال کردید میخواهم سفارشم رو مرجوع بزنید,returning
 بچه‌های من تخم مرغ شما را دوست دارند، می‌توانید 5 عدد برای من کنار بگذارید؟,buying
خریدم رو حذف کنید,deleting
دستور پخت من نیاز به 9 شانه از خیار دارد، آیا موجود است؟,buying
می‌خواهم پنیر که در تاریخ 1401/8/19 خریداری کردم را برگشت بزنم.,returning
سفارشمو ساعت 4 بفرستید.,scheduling
گوشت 12 کیلوگرم رو به سبد خریدم بیافزونید,buying
مچکرم,chitchat
خسته نباشی لذت بردم از کار باهات,chitchat
می‌خواهم پنیر که در تاریخ 1402/4/28 خریداری کردم را مرجوع کنم.,returning
تخم مرغ چه تفاوت‌هایی با تخم مرغ دارد؟,inquiring
می‌خواهم اطلاعاتی در مورد ترکیبات و مواد استفاده شده در سیب بدانم.,inquiring
می‌توانید پنیر را که به اشتباه به سبد اضافه شده است بردارید؟,editting
مقدار کالای هویج را از 7 لیتر به 9 لیتر اصلاح کنید.,editting
سفارش شماره 1567 برای پنیر که در یک شنبه خریداری شده بود، مطابق انتظار نبود، می‌خواهم پس بدهم.,returning
آیا سفارش شماره 1121 که شامل کره بود آماده ارسال شده است؟,discount
حال دلت چطوره؟,chitchat
دوستدارم نامت را بدونم,chitchat
پیاز را با مرغ در سبد خریدم عوض کن.,editting
اسم رو میشه بهم بگی؟,chitchat
نان را با برنج در سبد خریدم عوض کن.,editting
آیا تخفیفی برای خرید پنیر در روز شنبه وجود دارد؟,tracking
میشه سفارش 38 را پیگیری کنید.,discount
میتونم اسمتو بپرسم,chitchat
من می‌خواهم یک دستور پخت جدید را امتحان کنم که به 8 کیلوگرم از تخم مرغ نیاز دارد.,buying
به 7 کیلوگرم از نان علاقه مندم .,buying
آیا سفارش 1983 در حال حاضر در مسیر مقصد قرار دارد؟,discount
لطفاً سفارش شماره 1045 را برای تاریخ 1403/5/2 آماده کنید.,scheduling
پس از ثبت سفارش 57 در 1400/6/22، کنجکاوم که پیشرفت آن چگونه است. آخرین گزارش چیست؟,discount
سفارشم را در تاریخ 1402/1/18 بفرستید,scheduling
من می‌خواهم یک دستور پخت جدید را امتحان کنم که به 2 عدد از پرتقال نیاز دارد.,buying
فروش ویژه شیر در کریسمس دارید؟,tracking
آیا کوپن تخفیفی برای اولین خریدم از کالای هویج دارید؟,tracking
چیکارا می‌کنی؟,chitchat
چیکارا میتوانی کنی,chitchat
خریدم رو با شماره پیگیری 2173 را رهگیری کنید.,discount
میخواستم سفارشم رو ساعت 11 بفرستید.,scheduling
سلام شما کی هستید؟,chitchat
سفارشمو ساعت 8 بفرستید .,scheduling
من میزبان یک مهمانی بزرگ هستم و به 8 بطری از سیر نیاز دارم.,buying
می‌خواهم زمان تحویل سفارش شماره 2212 را برای 1403/6/6 تنظیم کنید.,scheduling
سفارشم را کنسل کنید، 1 روز پیش ثبت کرده بودم.,deleting
سفارشمو ساعت 1 بفرستید.,scheduling
سفارشم به دستم رسید الان، اما به خاطر تاریخ مصرف محصولات گذشته بود میخواهم سفارشم رو برگشت بزنید,returning
مسئول میان‌وعده‌های مهمانی اداره هستم، به 1 بطری از ماهی میخواستم.,buying
آیا سفارش شماره 207 که شامل گوجه فرنگی بود آماده ارسال شده است؟,discount
گوجه فرنگی که 11 روز پیش خریدم الان کجاست؟ پس کی ارسال میشه؟,discount
میخواستم کل سفارشم را کنسل کنم چون جای دیگری قیمت بهتری پیدا کردم,deleting
سفارش 851 را حذف کن.,deleting
سلام، کمک میخواستم,chitchat
خودتو معرفی کن,chitchat
اسمتو بگو,chitchat
آیا سفارش شماره 2276 ارسال شده است؟,discount
می‌خواهم بدانم آیا برای گوجه فرنگی در هالووین تخفیفی ارائه می‌دهید؟,tracking
آیا تخفیفی برای خرید کره در روز چهارشنبه وجود دارد؟,tracking
لطفا سفارشم رو برگشت بزنید. به دلیل بسته بندی ارسال بسیار بد بود,returning
برنج که در 11 خریداری شده بود، معیوب است و می‌خواهم آن را برگردانم.,returning
آیا می‌توانید وضعیت کنونی سفارش با شماره 276 را روشن سازید؟,discount
سفارشم رو روز یک شنبه ساعت 7 ارسال کنید.,scheduling
آیا برای جشن هالووین، جعبه‌ی سورپرایز تخفیفی برای محصول گوشت دارید؟,tracking
آیا می‌ توانید سفارشم را قبل از ساعت 5 روز جمعه تحویل دهید؟,scheduling
صبحگاهت بخیر,chitchat
کالای پرتقال گارانتی دارد؟,inquiring
میزان مواد شیمیایی که در پیاز به کار رفته چقدر است؟,inquiring
آیا سفارش 2206 در حال حاضر در مسیر مقصد قرار دارد؟,discount
میشه قیمت برنج رو بدونم؟,inquiring
لطفا سفارش من رو تا روز دوشنبه ارسال کنید.,scheduling
به دنبال آگاهی در مورد وضعیت فعلی سفارش با شناسه 2036 هستم.,discount
هویج دارای تاییدیه‌ های بین‌المللی مانند SQF است؟,inquiring
می‌توانید سفارش شماره 240 را در ساعت 6 تحویل دهید؟,scheduling
قیمت آبمیوه با توجه به نوسانات اخیر بازار چه تغییری کرده است؟,inquiring
به دلیل دوست نداشتم این محصول رو، تصمیم دارم سفارش شماره 2022 را پس بدهم.,returning
برای خرید بیش از 14 لیتر از سیب، آیا تخفیفی وجود دارد؟,tracking
آیا برنامه‌ای برای فروش ویژه ماهی دراین فصل دارید؟,tracking
لطفاً تعداد سیب زمینی در سبد خریدم را از 10 به 4 تغییر دهید.,editting
لطفا سفارش من را برگردونید. من این کالاها نظرم عوض شد رو نمیخوام.,returning
اگر میشه این لیست از اجناس رو بفرست برای من,finishing
میشه سفارشم رو تعویض کنید؟ چون کیفیت بسیار پایین کالاهای ارسالی,returning
سلام روز بخیر,chitchat
لطفا سفارشم رو مرجوع بزنید. به دلیل اشتباه خرید کردم,returning
هلو,chitchat
لطفاً سفارش شماره 1831 را برای تاریخ 1403/2/25 آماده کنید.,scheduling
تمایل دارم از به‌روزرسانی‌های مربوط به مرحله‌ای که سفارش 1825 در آن قرار دارد مطلع شوم. آخرین وضعیت سفارش چیست؟,discount
خدافظ,chitchat
میشه از کره 7 کیلوگرم بفرستی؟,editting
میشه پنیر رو از سفارشم دیلیت کنی؟,editting
مقدار محصول گوجه فرنگی را از 14 لیتر به 1 لیتر تغییر بدهید.,editting
مچکرم از لطفتون,chitchat
سیب زمینی چه ویژگی‌هایی دارد و آیا برای طبیعی بودن و بدون داشتن مواد شیمیایی مناسب است؟,inquiring
میخواستم کل سفارشم را کنسل کنم چون به دردم نمیخوره,deleting
سفارشم رو روز چهارشنبه ساعت 3 ارسال کنید.,scheduling
برای مهمانی، لطفاً سفارش شماره 1411 را در 1403/3/14 تحویل دهید.,scheduling
به طور تصادفی یک سفارش با شماره 2305 ثبت کردم. لطفاً آن را پاک کنید.,deleting
نوبت من است که شام بپزم، به موارد زیر نیاز دارم 6 لیتر ازپرتقال,buying
من معلم آشپزی هستم، آیا 7 بطری از برنج دارید؟,buying
وضعیت سفارش شماره 247 چیست؟,discount
سفارش 387 را در تاریخ 1403/12/30 ارسال کنید.,scheduling
میخواستم که خریدم را مرجوعی ثبت کنم کنم و روند بازپرداخت سفارشم را شروع کنم.,returning
آیا امکان پس دادن پنیر با سفارش شماره 271 پس از 9 استفاده هنوز وجود دارد؟,returning
آیا می توانید برای من شانه 8 از سیب را بسته بندی کنید و برای من بفرستید؟,buying
گوشت را به اشتباه خریداری کرده‌ام، آیا می‌توانم آن را عودت بدهم؟,returning
ممنون,chitchat
سفارشم رو تا ساعت 5 بفرستید.,scheduling
لطفا سفارش من رو تا روز چهارشنبه ارسال کنید.,scheduling
من برای کباب کردن نیاز به 8 کیلوگرم از پرتقال دارم,buying
برنج که 11 روز پیش خریدم الان کجاست؟ پس کی ارسال میشه؟,discount
سلام، احوال شریفتان چطور است؟,chitchat
میخواستم کل سفارشم را کنسل کنم چون دیگر به آن احتیاجی ندارم,deleting
میشه پیگیری کنید ببینید سفارش من دقیقا کجا هست. شماره سفارشم: 830,discount
میخواهم شیر را از سفارشم حذف کنم.,editting
من مشتاقم تا دریابم آیا سفارش 1173 ارسال شده است.,discount
به دلیل یک خطای ناخواسته، سفارشی با شماره  549 ثبت شده است. خواهشمند است آن را لغو فرمایید.,deleting
من مشتاقم تا دریابم آیا سفارش 37 ارسال شده است.,discount
میشه به جای خیار بهم 4 شانه پنیر بدی؟,editting
منتظر تحویل سفارش شماره 562 در اولین ساعت شنبه هستم.,scheduling
سفارش شماره 1825 را در 1403/4/14 ثبت کردم، وضعیت آن چگونه است؟,discount
آیا گوشت با استانداردهای BRC مطابقت دارد و آیا برای مصارف طبیعی بودن و بدون داشتن مواد شیمیایی تایید شده است؟,inquiring
قصد دارم برنج را با ماهی جایگزین کنم، لطفاً راهنمایی کنید.,editting
از شما درخواست دارم که سفارشم را پاک نمایید، زیرا تغییرات برنامه‌ریزی داشتم.,deleting
کالاهایی که ارسال شده است بسیار آسیب دیده اند، لطفا برگشت کنید,returning
آیا می‌ توانید سفارشم را قبل از ساعت 11 روز سه شنبه تحویل دهید؟,scheduling
میشه از هویج 12 لیتر بفرستی؟,editting
می‌خواهم بدانم سفارش شماره 400 کی به دستم می‌رسد.,discount
کنجکاوم که از مجموعه تخم مرغ شما چه چیزی دارید، می‌توانم 10 لیتر امتحان کنم؟,buying
من از مشتری های مجموعه شما هستم میشه برای خرید آبمیوه به من تخفیف بدهید؟,tracking
سفارش شماره 1453 که 6 روز پیش برای محصول روغن زیتون ثبت شده بود را می‌خواهم برگردونم چون تاریخ مصرف کالای ارسالی گذشته است.,returning
ماهی رو موجود دارید؟ ,inquiring
من می‌خواهم یک دستور پخت جدید را امتحان کنم که به 4 عدد از هویج نیاز دارد.,buying
پس از ثبت سفارش 215 در 1401/5/21، کنجکاوم که پیشرفت آن چگونه است. آخرین گزارش چیست؟,discount
لطفاً آخرین سفارش من را حذف کنید، موجودی مالی به اندازه کافی ندارم.,deleting
سبد خریدم آماده است,finishing
من معلم آشپزی هستم، آیا 13 عدد از نان دارید؟,buying
به دنبال آگاهی در مورد وضعیت فعلی سفارش با شناسه 1661 هستم.,discount
خریدم رو با شماره پیگیری 50 را رهگیری کنید.,discount
از شما درخواست دارم که سفارشم را کنسل نمایید، زیرا پشیمان شدن از خرید.,deleting
می‌توانید بگویید سیب زمینی از کدام کشور وارد می‌شود؟,inquiring
باید سفارش 504 رو عودت بدهم ,returning
آیا می توانید برای من لیتر 2 از گوجه فرنگی را بسته بندی کنید و برای من بفرستید؟,buying
سفارشم رو روز دوشنبه ساعت 8 ارسال کنید.,scheduling
قصد دارم خیار را با خیار جایگزین کنم، لطفاً راهنمایی کنید.,editting
سفارش شماره 484 که 13 روز پیش برای محصول کره ثبت شده بود را می‌خواهم مرجوع کنم چون دوست نداشتم این محصول رو.,returning
می‌خواهم بدانم پرتقال با 12 لیتر چه قیمتی خواهد داشت.,inquiring
می‌توانید توضیح دهید که چگونه شیر می‌تواند به بهبود نداشتن مواد مضر غیر طبیعی کمک کند؟,inquiring
می‌خواهم بدانم شیر چه امتیازاتی نسبت به کالاهای مشابه دارد.,inquiring
خستت کردم بای,chitchat
مقدار محصول پنیر را از 2 لیتر به 7 لیتر تغییر بدهید.,editting
می‌توانید برنج را که به اشتباه به سبد اضافه شده است بردارید؟,editting
برای خرید بیش از 9 شانه از کره، آیا تخفیفی وجود دارد؟,tracking
لطفاً فرایند دیلیت سفارش  101 را آغاز کنید.,deleting
آیا تخفیفی برای خرید مرغ در روز چهارشنبه وجود دارد؟,tracking
پشیمان شدم لطفا سفارشم را دیلیت کن,deleting
سفارشم را قبل از ساعت 5 روز یک شنبه تحویل دهید ,scheduling
درخواست عوض سفارش 2020 رو دارم .,returning
"به دلیل دوست نداشتم این محصول رو, می‌خواهم آبمیوه خریداری شده مورخ 1402/12/28 را بازگردانم.",returning
آیا امکان دارد پیاز را که پیش‌تر انتخاب کرده‌ام با هویج تعویض کنم؟,editting
میخواستم کل سفارشم را خط بزنم چون اشتباه ثبت کردم,deleting
سفارش شماره 1553 برای برنج که در جمعه خریداری شده بود، مطابق انتظار نبود، می‌خواهم عودت بدهم.,returning
می‌خواهم اطلاعاتی در مورد فلسفه تولید و زنجیره تامین گوجه فرنگی به دست آورم.,inquiring
من قصد دارم سفارشم را پاک کنم، به خاطر دلایلی که می گم: توانایی مالی به اندازه کافی ندارم.,deleting
چه کارهایی میتوانی انجام دهی؟,chitchat
لطفاً تعداد نان در سبد خریدم را از 3 به 11 تغییر دهید.,editting
من به دنبال پیشنهادات ویژه برای آبمیوه هستم، آیا چیزی برای ارائه دارید؟,tracking
چی کاره‌ای؟,chitchat
پنیر رو موجود دارید؟ ,inquiring
آبمیوه 1 شانه رو به سبد خریدم بیافزونید,buying
پشیمون شدم پرتقال رو از سفارشم حذف کن,editting
آیا خیار حاوی موادی است که ممکن است باعث حساسیت در افراد با شرایط طبیعی بودن و بدون داشتن مواد شیمیایی  شود؟,inquiring
نام شریفتان را بفرمایید,chitchat
خریدم رو مرجوع کنید,returning
سفارشم به دستم رسید الان، اما به خاطر جنس هایی فرستادید خراب بودند میخواهم سفارشم رو عوض بزنید,returning
تمایل دارم از به‌روزرسانی‌های مربوط به مرحله‌ای که سفارش 2270 در آن قرار دارد مطلع شوم. آخرین وضعیت سفارش چیست؟,discount
آیا می‌توانم آبمیوه را که پیش‌تر در سبد گذاشته‌ام با سیب تعویض کنم؟,editting
آیا گوشت در طیف وسیعی از مدل‌ها و طرح‌ها در دسترس است؟,inquiring
چجوریه؟ کره,inquiring
برای بچه کوچیکم مقداری خوراکی می خواستم، پنیر دارید؟,buying
قبل از تکمیل سفارش، می‌خواهم سیب را به دلیل تغییر قیمت از سبد خریدم حذف کنم.,editting
باید سفارش 1208 رو پس بفرستم ,returning
سفارشم را برای روز شنبه ارسال کنید چون وقت دیگر خونه نیستم.,scheduling
سفارش شماره 104 را در 1403/12/15 ثبت کردم، وضعیت آن چگونه است؟,discount
آیا سفارش شماره 1192 ارسال شده است؟,discount
من قصد دارم سفارشم را دیلیت کنم، به خاطر دلایلی که می گم: از مکان دیگری میخواهم خرید کنم.,deleting
کالایی که به دستم رسیده معیوب است، میخواستم که مرجوع کنم,returning
لطفاً سفارش شماره 646 را برای تاریخ 1403/7/1، ساعت 10 آماده کنید.,scheduling
آیا می‌توانم سفارش شماره 812 را برای تحویل در ساعت 10 رزرو کنم؟,scheduling
درخواست تعویض سفارش 1228 رو دارم .,returning
به جای 2 کیلوگرم نان لطفا 1 کیلوگرم پرتقال بهم بده,editting
متوجه شدم محصول کره مورد نظرم نیست، چگونه می‌توانم آن را مرجوع کنم؟,returning
مقدار مرغ رو 13 عدد کنید,editting
شب مهمونی داریم، گوجه فرنگی میخواستم.,buying
می خواهم سفارش 2228 رو برگشت بزنم ,returning
من این هفته فقط دوشنبه خونه هستم، لطفا سفارشم را در آن زمان ارسال کنید.,scheduling
چجوریه؟ مرغ,inquiring
آیا برای جشن هالووین، جعبه‌ی سورپرایز تخفیفی برای محصول خیار دارید؟,tracking
می‌توانید کره را که در حال حاضر نیازی به آن ندارم از سبد خریدم بردارید؟,editting
سلام، امروز چطوری؟,chitchat
من علاقه‌مند به برنامه‌ریزی تحویل سفارش شماره 2179 برای تاریخ 1403/2/24 هستم.,scheduling
گوشت که 14 روز پیش تحویل گرفته‌ام، نیاز به تعویض دارد و دوست داشتم که برای من آن ها را مرجوع بدهید.,returning
به مناسبت سال نو، آیا سفره‌ی تخفیفات گوجه فرنگی پهن است؟,tracking
شنیده‌ام بهترین ماهی شهر را دارید، لطفاً 7 لیتر برای من بگذارید.,buying
هویج که 12 روز پیش خریدم الان کجاست؟ پس کی ارسال میشه؟,discount
می‌خواهم بدانم کره چه امتیازاتی نسبت به کالاهای مشابه دارد.,inquiring
می‌خواهم درک عمیق‌تری از خصوصیات بارز و منحصر به فرد پرتقال کسب کنم.,inquiring
خریدام تموم شد.,finishing
برای خرید بیش از 3 شانه از تخم مرغ، آیا تخفیفی وجود دارد؟,tracking
روزت بخیر و شادی,chitchat
آیا می‌توانم سفارش شماره 1626 را برای تحویل در ساعت 11 رزرو کنم؟,scheduling
آیا امکان دارد شیر را که پیش‌تر انتخاب کرده‌ام با ماهی تعویض کنم؟,editting
برنج میخواستم .,buying
حالت چطوره عزیزم,chitchat
میشه پیگیری کنید ببینید سفارش من دقیقا کجا هست. شماره سفارشم: 272,discount
کیفیت روغن زیتون چجوری هست؟,inquiring
سفارش شماره 524 را به اشتباه خریداری کرده‌ام، چگونه می‌توانم آن را مرجوعی ثبت کنم؟,returning
کالای شیر گارانتی دارد؟,inquiring
می‌خواهم سفارش شماره 1192 را برای تحویل در روز دوشنبه تنظیم کنم.,scheduling
سیب را اشتباه به سبد خریدم افزودم لطفا حذف کنید.,editting
من به سیب، به ویژه 8 عدد نیاز دارم.,buying
نوبت من است که شام بپزم، به موارد زیر نیاز دارم 7 کیلوگرم ازگوشت,buying
"به دلیل محصولات قدیمی و خراب و داغون هستند, می‌خواهم شیر خریداری شده مورخ 1403/4/25 را بازگردانم.",returning
خدا یار و نگهدار,chitchat
می‌خواهم سیب که در تاریخ 1403/8/9 خریداری کردم را مرجوعی ثبت کنم.,returning
من قصد دارم گوجه فرنگی خریداری شده در 1402/8/14 را به دلیل جنس هایی فرستادید خراب بودند برگردانم.,returning
می‌خواهم بدانم سفارش شماره 58 کی به دستم می‌رسد.,discount
من قصد دارم گوشت مربوط به سفارش شماره 1795 را که در 1403/5/21 خریداری شده را مرجوع کنم.,returning
تعریف هویج مغازه شما خیلی پیچیده است، لطفا 10 شانه برام بفرستید.,buying
تخم مرغ رو به سبد خریدم اضافه کنید.,buying
آیا میتوانی اسمت رو به من بگویی و یا حتی خودت را معرفی بکنی؟,chitchat
میخواستم یک سری جنس بخرم از مغازه شما,buying
لطفاً سفارش شماره 1912 را برای تاریخ 1403/11/7 آماده کنید.,scheduling
کالاهایم را برای ساعت 1 روز دوشنبه برنامه ریزی کنید.,scheduling
منتظر تحویل سفارش شماره 252 در اولین ساعت جمعه هستم.,scheduling
برای پنیر در کریسمس تخفیفی ارائه می دهید؟,tracking
میشه برام 13 عدد آبمیوه ثبت سفارش کنی.,buying
سیب زمینی 8 کیلوگرم میخوام ثبت سفارش کنم,buying
نامت رو بگو,chitchat
سفارشم را برای روز دوشنبه ارسال کنید چون وقت دیگر خونه نیستم.,scheduling
با سلام، آیا می‌توانید سفارشم را که به تازگی ثبت شده است، پاک نمایید؟,deleting
آیا می‌توانم هویج را که پیش‌تر در سبد گذاشته‌ام با پنیر تعویض کنم؟,editting
پس از ثبت سفارش 1066 در 1401/4/17، کنجکاوم که پیشرفت آن چگونه است. آخرین گزارش چیست؟,discount
قیمت گوشت نسبت به گوشت چگونه است؟,inquiring
می‌توانید بیان کنید که کاهو چگونه از نظر فنی از کاهو برتری دارد؟,inquiring
برای جشنی که قراره برگزار کنیم باید حتما سفارشم روز سه شنبه ارسال بشود.,scheduling
قبل از تکمیل سفارش، می‌خواهم نان را از سبد خریدم حذف کنم.,editting
 بچه‌های من سیب زمینی شما را دوست دارند، می‌توانید 1 کیلوگرم برای من کنار بگذارید؟,buying
اشتباه شد، به جای 1 شانه پیاز من 4 شانه می خواستم.,editting
آیا برای مشتریان دائمی مانند من، تخفیف خاصی برای ماهی در نظر گرفته‌اید؟,tracking
متأسفانه باید از شما بخواهم که خریدم را لغو کنید، زیرا توانایی مالی به اندازه کافی ندارم.,deleting
تا درودی دیگر بدرود,chitchat
دیگه چه خبر؟,chitchat
اشتباه کردم، می‌توانید سفارش 619 را بردارید؟,deleting
آیا پنیر برای افرادی با شرایط خاص مانند طبیعی بودن و بدون داشتن مواد شیمیایی مناسب است؟,inquiring
پنیر دارای تاییدیه‌ های بین‌المللی مانند IFS است؟,inquiring
می‌خواهم گوشت را از سبد خریدم حذف کنم و به جای آن پاستا اضافه نمایم.,editting
می‌خواهم تخم مرغ را از سبد خریدم لغو کنم و به جای آن شیر اضافه نمایم.,editting
آیا امکان مرجوع کردن پاستا بعد از 4 استفاده هنوز وجود دارد؟ من کالاهایم را چند روزه که دریافت کردم ولی به دلیل نظرم عوض شد میخواهم پس بدهم.,returning
تشکر میکنم ازت,chitchat
از خرید مرغ پشیمان شدم، لطفا از سبد خریدم دیلیت کن.,editting
می‌توانید بیان کنید که پنیر چگونه از نظر فنی از پنیر برتری دارد؟,inquiring
سفارش من رو ثبت کن,finishing
تعریف شیر مغازه شما خیلی پیچیده است، لطفا 13 بطری برام بفرستید.,buying
من به تخم مرغ، به ویژه 11 لیتر نیاز دارم.,buying
میشه این اجناسی که گفتم رو برای من آماده کنی و بفرستی,finishing
من علاقه‌مند به برنامه‌ریزی تحویل سفارش شماره 1143 برای تاریخ 1401/9/7 هستم.,scheduling
آیا پرتقال برای افرادی با شرایط خاص مانند رژیمی بودن و مخصوص ورزشکاران مناسب است؟,inquiring
آیا امکان تحویل سفارش شماره 1171 در روز دوشنبه وجود دارد؟,scheduling
از شما درخواست دارم که سفارشم را کنسل نمایید، زیرا موجودی مالی به اندازه کافی ندارم.,deleting
آیا می‌توانم سیب زمینی را که پیش‌تر در سبد گذاشته‌ام با ماهی تعویض کنم؟,editting
سفارشم را برای روز جمعه ارسال کنید چون وقت دیگر خونه نیستم.,scheduling
کاهو مربوط به سفارش شماره 1965 که در روز سه شنبه خریداری شده، نیاز به تعویض دارد.,returning
صبحت بخیر,chitchat
من معلم آشپزی هستم، آیا 3 عدد از هویج دارید؟,buying
میشه قیمت کاهو رو بدونم؟,inquiring
می‌خواهم بدانم سفارش شماره 2093 در کدام مرحله از فرآیند قرار دارد.,discount
آیا می‌توانم در مورد زمان تقریبی رسیدن بسته‌ام با کد پیگیری 203 جویا شوم؟,discount
میخواستم بدونم سفارشی که ثبت کردم تا جمعه به دستم میرسه یا نه؟,discount
میخواستم خریدم ساعت 3 فرستاده بشود.,scheduling
می‌توانم 8 کیلوگرم از کاهو را برای خرید هفتگی‌ام رزرو کنم؟,buying
به دنبال آگاهی در مورد وضعیت فعلی سفارش با شناسه 380 هستم.,discount
من به دنبال پیشنهادات ویژه برای سیر هستم، آیا چیزی برای ارائه دارید؟,tracking
متأسفانه باید از شما بخواهم که خریدم را دیلیت کنید، زیرا اشتباه ثبت کردم.,deleting
میخواستم سفارشم رو ساعت 9 بفرستید.,scheduling
نیاز دارم سفارش 1705 که روز یک شنبه را حذف کنید.,deleting
مقدار سیب رو 8 لیتر کنید,editting
قصد دارم سیب را با پاستا جایگزین کنم، لطفاً راهنمایی کنید.,editting
میشه خریدم رو روز دوشنبه تا ساعت 3 بفرستید؟,scheduling
می‌خواهم کاهو را که در سبد خریدم قرار داده‌ام پاک کنم.,editting
سفارش شماره 2310 را به اشتباه خریداری کرده‌ام، چگونه می‌توانم آن را مرجوع کنم؟,returning
من قصد دارم سفارشم را پاک کنم، به خاطر دلایلی که می گم: تغییرات برنامه‌ریزی داشتم.,deleting
وظیفه شما در اینجا چیست؟,chitchat
برنج رو موجود دارید؟ ,inquiring
از شما درخواست دارم که سفارش 1899 را کنسل نمایید، زیرا دیگر به آن احتیاجی ندارم.,deleting
میخواستم بدونم آیا 10 عدد ماهی رو حاضر دارید برای سفارش؟,inquiring
به موارد زیر نیاز دارم 8 عدد از مرغ .,buying
میخواستم قیمت محصولات مقابل رو بدونم: 14 کیلوگرم پاستا و 14 کیلوگرم پاستا,inquiring
می‌توانید توضیح دهید که چگونه پاستا می‌تواند به بهبود رژیمی بودن و مخصوص ورزشکاران کمک کند؟,inquiring
آیا امکان پیگیری سفارش شماره 2152 وجود دارد؟,discount
سفارش شماره 1097 که 9 روز پیش برای محصول کاهو ثبت شده بود را می‌خواهم تعویض کنم چون از خریدم پشیمون شدم.,returning
آیا امکان پیگیری سفارش شماره 1047 وجود دارد؟,discount
آیا گوجه فرنگی شما تازه است؟ من 1 شانه می خواهم.,buying
تخم مرغ که در 9 خریداری شده بود، معیوب است و می‌خواهم آن را مرجوع کنم.,returning
آیا سیب زمینی شما تازه است؟ من 11 بطری می خواهم.,buying
آیا می‌توانم آبمیوه را که پیش‌تر در سبد گذاشته‌ام با روغن زیتون تعویض کنم؟,editting
آیا سفارش شماره 1811 ارسال شده است؟,discount
خوب هستید؟,chitchat
قصد دارم خیار را با روغن زیتون جایگزین کنم، لطفاً راهنمایی کنید.,editting
می‌خواهم شیر را که فراموش کرده بودم به سبد خریدم اضافه کنم، آیا هنوز ممکن است؟,buying
من می خواهم مقداری از سیب زمینی، 11 عدد را انتخاب کنم.,buying
به دنبال آگاهی در مورد وضعیت فعلی سفارش با شناسه 2325 هستم.,discount
آیا می‌توانم در مورد زمان تقریبی رسیدن بسته‌ام با کد پیگیری 1024 جویا شوم؟,discount
پنیر را اشتباه به سبد خریدم افزودم لطفا دیلیت کنید.,editting
می‌خواهم خریدم را به دلیل محصول مورد نظر را در جای دیگری یافتم پاک کنم.,deleting
یکم از کالا سیب زمینی بهم بگو,inquiring
قیمت خیار با توجه به نوسانات اخیر بازار چه تغییری کرده است؟,inquiring
درخواست عوض سفارش 694 رو دارم .,returning
می‌خواهم سیب را که فراموش کرده بودم به سبد خریدم اضافه کنم، آیا هنوز ممکن است؟,buying
میخوام سفارشم رو حذف کنم,deleting
به دلیل تاریخ مصرف کالای ارسالی گذشته است، تصمیم دارم سفارش شماره 405 را پس بفرستم.,returning
شاد و شاداب هستید؟,chitchat
سفارشمو ساعت 9 بفرستید .,scheduling
از کاری که برایم کردی سپاسگزارم,chitchat
برای مهمانی، لطفاً سفارش شماره 1540 را در 1400/1/11 تحویل دهید.,scheduling
من از مشتری های مجموعه شما هستم میشه برای خرید پنیر به من تخفیف بدهید؟,tracking
قصد دارم کره را به دلیل تخفیف ویژه‌ای که دیدم با کره تعویض کنم.,editting
لطفاً آخرین سفارش من را حذف کنید، تغییرات برنامه‌ریزی داشتم.,deleting
لطفاً سفارش شماره 2272 را برای تاریخ 1402/6/21، ساعت 11 آماده کنید.,scheduling
سفارشم را برای روز یک شنبه ارسال کنید چون وقت دیگر خونه نیستم.,scheduling
اشتباه کردم، می‌توانید سفارش 1022 را بردارید؟,deleting
من دوباره اومدم,chitchat
پودر لباسشویی ام تموم شده، آبمیوه برام بفرستید,buying
قبل از تکمیل سفارش، می‌خواهم نان را از سبد خریدم پاک کنم.,editting
قصد دارم کاهو را با پنیر جایگزین کنم، لطفاً راهنمایی کنید.,editting
مقدار محصول سیب زمینی را از 13 عدد به 10 عدد تغییر بدهید.,editting
آیا سفارش 2060 در حال حاضر در مسیر مقصد قرار دارد؟,discount
مرسی عزیزم,chitchat
خریدم رو لغو کنید,deleting
چجوریه؟ روغن زیتون,inquiring
بدرود,chitchat
منتظر تحویل سفارش شماره 1153 در اولین ساعت شنبه هستم.,scheduling
12 بطری از سیب زمینی میخواستم، موجود دارید؟,buying
سفارشم را در تاریخ 1401/3/17 بفرستید,scheduling
می‌توانید بگویید نان از کدام کشور وارد می‌شود؟,inquiring
زیاد بهت زحمت دادم شرمنده,chitchat
می‌خواهم گوشت را که در سبد خریدم قرار داده‌ام پاک کنم.,editting
دوست دارم خریدی که تازه کردم را پاک کنم، از مکان دیگری میخواهم خرید کنم.,deleting
آیا برای مشتریان دائمی مانند من، تخفیف خاصی برای پنیر در نظر گرفته‌اید؟,tracking
میخوام سفارشم رو لغو کنم,deleting
آیا مرغ در راستای پایداری و مسئولیت‌های اجتماعی شرکت تولید کننده طراحی شده است؟,inquiring
متوجه شدم محصول هویج مورد نظرم نیست، چگونه می‌توانم آن را مرجوع کنم؟,returning
من این هفته فقط شنبه خونه هستم، لطفا سفارشم را در آن زمان ارسال کنید.,scheduling
برای خرید پیاز در این روزها، آیا پیشنهاد ویژه‌ای دارید؟,tracking
قصد دارم گوشت را با تخم مرغ جایگزین کنم، لطفاً راهنمایی کنید.,editting
سفارشم را لغو کنید، 13 روز پیش ثبت کرده بودم.,deleting
لطفاً سفارش شماره 347 را برای تاریخ 1401/1/24، ساعت 9 آماده کنید.,scheduling
سفارش شماره 1717 برای برنج که در یک شنبه خریداری شده بود، مطابق انتظار نبود، می‌خواهم پس بدهم.,returning
کنجکاوم که از مجموعه سیب زمینی شما چه چیزی دارید، می‌توانم 14 لیتر امتحان کنم؟,buying
آیا سیب زمینی را می‌توان با سیب زمینی ترکیب کرد؟,inquiring
آیا می‌توانم پاستا را که 5 روز پیش خریده‌ام، مرجوعی ثبت کنم؟,returning
نیاز دارم سفارش 353 که روز سه شنبه را حذف کنید.,deleting
می‌خواهم آبمیوه را از سبد خریدم کنسل کنم و به جای آن کاهو اضافه نمایم.,editting
کیفیت پاستا چجوری هست؟,inquiring
من علاقه‌مند به برنامه‌ریزی تحویل سفارش شماره 488 برای تاریخ 1402/6/28 هستم.,scheduling
میشه خریدم رو روز پنج شنبه تا ساعت 3 بفرستید؟,scheduling
موفق و پیروز باشید,chitchat
کالایی که به دستم رسیده معیوب است، میخواستم که پس بدهم,returning
آیا برای مشتریان دائمی مانند من، تخفیف خاصی برای کاهو در نظر گرفته‌اید؟,tracking
شما چه کار انحام میدی؟ ,chitchat
برای بودجه‌ بندی، نیاز به دانستن قیمت دقیق مرغ دارم.,inquiring
میشه از موجودی و اطلاعات محصول کاهو مطلع شوم؟,inquiring
پس از ثبت سفارش 294 در 1402/10/14، کنجکاوم که پیشرفت آن چگونه است. آخرین گزارش چیست؟,discount
سفارشمو ساعت 10 بفرستید .,scheduling
آیا قیمت پنیر از زمان پاییز تغییر کرده است؟,inquiring
متوجه شدم محصول سیب زمینی مورد نظرم نیست، چگونه می‌توانم آن را برگردانم؟,returning
سفارش شماره 1499 که 6 روز پیش برای محصول گوشت ثبت شده بود را می‌خواهم برگشت بزنم چون بسته بندی ارسال بسیار بد بود.,returning
به چه سامی باید صدات کنم؟,chitchat
آیا برای جشن سال نو، جعبه‌ی سورپرایز تخفیفی برای محصول کره دارید؟,tracking
می‌خواهم سفارش شماره 1381 را برای تحویل در روز سه شنبه تنظیم کنم.,scheduling
خستت کردم دستت دردنکنه,chitchat
خسته هم شدی عذر میخوام خدافظ,chitchat
می‌خواهم از حراج هالووین استفاده کنم، آیا گوجه فرنگی هم شامل تخفیف می‌ شود؟,tracking
میل شدیدی به خیار دارم لطفاً 13 بطری برای من بفرستید .,buying
می‌خواستم کاهو را به سبد خریدم اضافه کنم، اما به نظر می‌رسد در لیست نیست لطفا اضافه کنید اون رو.,buying
مقدار محصول سیب زمینی را از 3 شانه به 1 شانه تغییر بدهید.,editting
قیمت ماهی با توجه به نوسانات اخیر بازار چه تغییری کرده است؟,inquiring
آیا هویج را می‌توان با هویج ترکیب کرد؟,inquiring
پشیمان شدم لطفا سفارشم را حذف کن,deleting
می‌خواهم نان را که در سبد خریدم قرار داده‌ام به دلیل تغییر نظرم پاک کنم.,editting
آیا تخم مرغ برای افرادی با شرایط خاص مانند چربی 0 درصد داشتن مناسب است؟,inquiring
کالای گوجه فرنگی گارانتی دارد؟,inquiring
سیر رو موجود دارید؟ ,inquiring
می‌خواهم خریدم را به دلیل تغییرات برنامه‌ریزی داشتم کنسل کنم.,deleting
به دنبال آگاهی در مورد وضعیت فعلی سفارش با شناسه 496 هستم.,discount
می‌خواهم سفارش شماره 1841 که محصول پنیر را در تاریخ 1401/12/4 خریداری کردم را عودت بدهم.,returning
پس از ثبت سفارش 348 در 1401/8/4، کنجکاوم که پیشرفت آن چگونه است. آخرین گزارش چیست؟,discount
میشه سفارشم رو تعویض کنید؟ چون اشتباه خرید کردم,returning
"به دلیل از خریدم پشیمون شدم, می‌خواهم برنج خریداری شده مورخ 1403/4/23 را بازگردانم.",returning
کارهایی که میتوانی انجام دهی چیه؟,chitchat
برای خرید بیش از 14 بطری از خیار، آیا تخفیفی وجود دارد؟,tracking
6 کیلوگرم پنیر میخواستم .,buying
سفارشم به دستم رسید الان، اما به خاطر بسته بندی ارسال بسیار بد بود میخواهم سفارشم رو عوض بزنید,returning
می‌خواهم برنج را که در سبد خریدم قرار داده‌ام کنسل کنم.,editting
می‌توانید بیان کنید که سیر چگونه از نظر فنی از سیر برتری دارد؟,inquiring
لطفا سفارشم رو مرجوع بزنید. به دلیل محصولات قدیمی و خراب و داغون هستند,returning
خیلی لطف کردی,chitchat
چه کاره هستی؟,chitchat
پشیمون شدم گوجه فرنگی رو از سفارشم لغو کن,editting
کالایی که به دستم رسیده معیوب است، میخواستم که بازگردانم,returning
لطفاً فرایند پاک سفارش  2093 را آغاز کنید.,deleting
می‌خواهم بدانم سفارش شماره 715 کی به دستم می‌رسد.,discount
شب مهمونی داریم، آبمیوه میخواستم.,buying
گوجه فرنگی چه ویژگی‌هایی دارد و آیا برای کاهش وزن و تناسب اندام مناسب است؟,inquiring
5 بطری از آبمیوه میخواستم .,buying
می‌توانید یک شراب خوب پیشنهاد کنید؟ به 5 شانه برای یک مناسبت خاص نیاز دارم.,buying
سفارشم رو روز پنج شنبه ساعت 10 ارسال کنید.,scheduling
فروش ویژه کاهو در تخفیفات زمستانی دارید؟,tracking
آیا سفارش شماره 1551 که شامل آبمیوه بود آماده ارسال شده است؟,discount
از زحمتی که برام کشیدی متشکرم,chitchat
آیا سفارش شماره 1659 ارسال شده است؟,discount
آیا می‌توانم در مورد زمان تقریبی رسیدن بسته‌ام با کد پیگیری 572 جویا شوم؟,discount
می‌خواستم برنج را به سبد خریدم اضافه کنم، اما به نظر می‌رسد در لیست نیست لطفا اضافه کنید اون رو.,buying
من این هفته فقط جمعه خونه هستم، لطفا سفارشم را در آن زمان ارسال کنید.,scheduling
آیا سفارش 601 برای ارسال آماده شده است، یا هنوز در مرحله پیش‌ارسال معطل مانده است؟,discount
از شما درخواست دارم که سفارش 825 را کنسل نمایید، زیرا از مکان دیگری میخواهم خرید کنم.,deleting
7 عدد ماهی میخواستم .,buying
من از مشتری های مجموعه شما هستم میشه برای خرید کره به من تخفیف بدهید؟,tracking
کالای آبمیوه گارانتی دارد؟,inquiring
از شما درخواست دارم که سفارش 841 را لغو نمایید، زیرا موجودی مالی به اندازه کافی ندارم.,deleting
سفارشم را در تاریخ 1401/12/16 بفرستید,scheduling
شغلت رو بگو,chitchat
"به دلیل محصولات قدیمی و خراب و داغون هستند, می‌خواهم پاستا خریداری شده مورخ 1402/1/28 را عودت بدهم.",returning
لطفاً سفارش من با شماره 1733 را دیلیت کنید.,deleting
مرسی,chitchat
درخواست لغو سفارش با شماره  650 را دارم، چرا که اشتباه ثبت کردم.,deleting
من قصد دارم سفارشم را دیلیت کنم، به خاطر دلایلی که می گم: آدرس اشتباهی وارد کردم.,deleting
آیا سفارش شماره 1445 ارسال شده است؟,discount
من قصد دارم روغن زیتون مربوط به سفارش شماره 2017 را که در 1401/12/6 خریداری شده را پس بفرستم.,returning
به دلیل کالاها رو اشتباهی ارسال کردید، تصمیم دارم سفارش شماره 1184 را پس بفرستم.,returning
آیا برای جشن عید، جعبه‌ی سورپرایز تخفیفی برای محصول گوشت دارید؟,tracking
میل شدیدی به برنج دارم، لطفاً 2 شانه برای من بسته‌بندی کنید. و بفرستید,buying
میخواستم قیمت محصولات مقابل رو بدونم: 10 لیتر تخم مرغ و 10 لیتر تخم مرغ,inquiring
میخواستم خریدم ساعت 11 فرستاده بشود.,scheduling
مقدار شیر رو 5 عدد کنید,editting
می‌خواهم سفارش شماره 1130 را برای تحویل در روز چهارشنبه تنظیم کنم.,scheduling
می‌خواهم سفارش شماره 2052 که محصول شیر را در تاریخ 1401/1/28 خریداری کردم را بازگردانم.,returning
دوست دارم خریدی که تازه کردم را کنسل کنم، توانایی مالی به اندازه کافی ندارم.,deleting
تعریف برنج مغازه شما خیلی پیچیده است، لطفا 8 عدد برام بفرستید.,buying
نیاز دارم سفارش 427 که روز دوشنبه را دیلیت کنید.,deleting
بای بای,chitchat
لطفاً سفارش شماره 874 را برای تاریخ 1401/10/3 آماده کنید.,scheduling
قبل از تکمیل سفارش، می‌خواهم گوشت را از سبد خریدم لغو کنم.,editting
به طور تصادفی یک سفارش با شماره 1887 ثبت کردم. لطفاً آن را پاک کنید.,deleting
نیاز دارم انبار آشپزخانه‌ام را با 11 عدد از سیب زمینی پر کنم.,buying
لطفاً تعداد پیاز در سبد خریدم را از 14 به 9 تغییر دهید.,editting
متأسفانه باید از شما بخواهم که خریدم را لغو کنید، زیرا اندازه اشتباهی انتخاب کردم.,deleting
آیا امکان دارد سفارش شماره 2290 را در 1402/7/23 تحویل بگیرم؟,scheduling
می‌خواهم اطلاعاتی در مورد فلسفه تولید و زنجیره تامین گوشت به دست آورم.,inquiring
می‌توانید پنیر را که در حال حاضر نیازی به آن ندارم از سبد خریدم بردارید؟,editting
12 عدد از کره میخواستم .,buying
آبمیوه که 7 روز پیش خریدم الان کجاست؟ پس کی ارسال میشه؟,discount
باید سفارش 684 رو پس بفرستم ,returning
من خیلی وقته از شما خرید می کنم میشه به بنده تخفیف برای محصول هویج بدهید؟,tracking
من قصد دارم ماهی مربوط به سفارش شماره 178 را که در 1400/6/28 خریداری شده را مرجوعی ثبت کنم.,returning
به موارد زیر نیاز دارم 11 شانه از آبمیوه .,buying
می‌توانید یک شراب خوب پیشنهاد کنید؟ به 10 لیتر برای یک مناسبت خاص نیاز دارم.,buying
لطفاً تعداد پنیر در سبد خریدم را از 13 به 9 تغییر دهید.,editting
به دلیل یک خطای ناخواسته، سفارشی با شماره  1696 ثبت شده است. خواهشمند است آن را پاک فرمایید.,deleting
آیا می توانم 5 بطری از روغن زیتون را داشته باشم؟,buying
می‌خواهم پنیر خریداری شده با سفارش شماره 1890 در 1401/5/12 را به دلیل اشتباه خرید کردم مرجوع کنم.,returning
از خرید سیب پشیمان شدم، لطفا از سبد خریدم دیلیت کن.,editting
مقدار کالای گوجه فرنگی را از 7 شانه به 13 شانه اصلاح کنید.,editting
اصل بده,chitchat
برای خرید نان در این روزها، آیا پیشنهاد ویژه‌ای دارید؟,tracking
لطفا اسمت رو بهم بگو,chitchat
سلام و عرض ادب و احترام,chitchat
میشه سفارشم رو تعویض کنید؟ چون از خریدم پشیمان شدم.,returning
خدا یار و همراه شما,chitchat
با سلام، آیا می‌توانید سفارشم را که به تازگی ثبت شده است، دیلیت نمایید؟,deleting
می‌توانید خیار را که به اشتباه به سبد اضافه شده است بردارید؟,editting
سلام، خوب هستید؟,chitchat
می‌خواهم از قیمت روز آبمیوه مطلع شوم، آیا می‌ توانید کمک کنید؟,inquiring
کره را به اشتباه خریداری کرده‌ام، آیا می‌توانم آن را مرجوعی ثبت کنم؟,returning
آیا تخفیفی برای خرید مرغ در روز یک شنبه وجود دارد؟,tracking
به جای گوجه فرنگی کره را در سبد خریدم قرار بده.,editting
میخوام این اقلام رو برام بفرستی,finishing
برای خرید بیش از 1 عدد از پنیر، آیا تخفیفی وجود دارد؟,tracking
سفارشم رو تا ساعت 1 بفرستید.,scheduling
آیا امکان پس دادن نان با سفارش شماره 1639 پس از 3 استفاده هنوز وجود دارد؟,returning
لطفاً پرتقال را که در سبد خریدم قرار دارد با نان به‌روزرسانی کنید، چون تازه‌تر است.,editting
می‌خواهم بدانم سفارش شماره 791 در کدام مرحله از فرآیند قرار دارد.,discount
می‌خواهم زمان تحویل سفارش شماره 1203 را برای 1400/11/28 تنظیم کنید.,scheduling
میخواستم درخواست بازپرداخت سفارشم را بکنم چون تاریخ مصرف کالای ارسالی گذشته است,returning
موجودی مرغ هاتون چقدر است؟,inquiring
می‌خواهم پاستا را از سبد خریدم پاک کنم و به جای آن خیار اضافه نمایم.,editting
چجوریه؟ کاهو,inquiring
سفارشم رو بفرستید برام همین چیزا رو میخواستم.,finishing
کالاهایی که ارسال شده است بسیار آسیب دیده اند، لطفا مرجوع کنید,returning
برای نان در تعطیلات تابستانی تخفیفی ارائه می دهید؟,tracking
برای بودجه‌ بندی، نیاز به دانستن قیمت دقیق کاهو دارم.,inquiring
سفارشم را دیلیت کنید، 13 روز پیش ثبت کرده بودم.,deleting
پشیمون شدم سیر رو از سفارشم لغو کن,editting
می‌توانید سفارش شماره 735 را در ساعت 5 تحویل دهید؟,scheduling
درخواست مرجوع سفارش 1517 رو دارم .,returning
من میزبان یک مهمانی بزرگ هستم و به 8 لیتر از تخم مرغ نیاز دارم.,buying
می‌خواهم بدانم سفارش شماره 891 کی به دستم می‌رسد.,discount
آیا تخفیفی برای خرید کاهو در روز یک شنبه وجود دارد؟,tracking
می‌توانید سفارشم را کنسل کنید؟ به دردم نمیخوره.,deleting
خیار را با نان در سبد خریدم عوض کن.,editting
سفارشم را در تاریخ 1401/2/29 بفرستید,scheduling
آیا امکان پیگیری سفارش شماره 91 وجود دارد؟,discount
می خواهم سفارش 1378 رو برگردونم ,returning
من به دنبال پیشنهادات ویژه برای سیب هستم، آیا چیزی برای ارائه دارید؟,tracking
کالایی که به دستم رسیده معیوب است، میخواستم که عودت بدهم,returning
به 11 کیلوگرم از کاهو نیاز دارم.,buying
آیا برای مشتریان دائمی مانند من، تخفیف خاصی برای خیار در نظر گرفته‌اید؟,tracking
کالاهایی که ارسال شده است بسیار آسیب دیده اند، لطفا عودت کنید,returning
هلو عزیزم,chitchat
آیا امکان پس دادن گوجه فرنگی با سفارش شماره 39 پس از 13 استفاده هنوز وجود دارد؟,returning
ثبت سفارش کنید. سفارش من تموم شده است.,finishing
می‌توانید سیب زمینی را که به اشتباه به سبد اضافه شده است بردارید؟,editting
سفارش 450 را دیلیت کن.,deleting
من قصد دارم هویج مربوط به سفارش شماره 1145 را که در 1403/5/14 خریداری شده را پس بدهم.,returning
لطفاً پرتقال را که به تازگی به سبد اضافه شده است با پیاز جایگزین نمایید.,editting
من به خیار، به ویژه 3 کیلوگرم نیاز دارم.,buying
مسئول میان‌وعده‌های مهمانی اداره هستم، به 10 کیلوگرم از پیاز میخواستم.,buying
آیا برنج حاوی موادی است که ممکن است باعث حساسیت در افراد با شرایط کاهش وزن و تناسب اندام  شود؟,inquiring
می‌توانید سفارشم را لغو کنید؟ محصول مورد نظر را در جای دیگری یافتم.,deleting
آیا سفارش 766 برای ارسال آماده شده است، یا هنوز در مرحله پیش‌ارسال معطل مانده است؟,discount
قصد دارم سیب را به دلیل تخفیف ویژه‌ای که دیدم با کاهو تعویض کنم.,editting
خیار چه تفاوت‌هایی با خیار دارد؟,inquiring
تخم مرغ دارای تاییدیه‌ های بین‌المللی مانند IFS است؟,inquiring
میشه از کاهو 8 لیتر بفرستی؟,editting
سفارشم به دستم رسید الان، اما به خاطر تاریخ مصرف محصولات گذشته بود میخواهم سفارشم رو مرجوع بزنید,returning
لطفاً تخم مرغ را که در سبد خریدم قرار دارد با مرغ به‌روزرسانی کنید، چون تازه‌تر است.,editting
آیا سفارش شماره 97 که شامل سیب بود آماده ارسال شده است؟,discount
تخفیف میخواستم,tracking
حالتان خوب است؟,chitchat
لطفاً سفارش من با شماره 408 را دیلیت کنید.,deleting
آیا برای جشن تعطیلات تابستانی، جعبه‌ی سورپرایز تخفیفی برای محصول برنج دارید؟,tracking
من می‌خواهم کره را به صورت عمده خریداری کنم، آیا قیمت بهتری پیشنهاد می‌کنید؟,tracking
 بچه‌های من روغن زیتون شما را دوست دارند، می‌توانید 6 کیلوگرم برای من کنار بگذارید؟,buying
حال روحی مساعدی دارید؟,chitchat
سفارشم رو تا ساعت 9 بفرستید.,scheduling
لطفاً فرایند پاک سفارش  825 را آغاز کنید.,deleting
مسئول میان‌وعده‌های مهمانی اداره هستم، به 5 بطری از گوشت میخواستم.,buying
من رژیم دارم و نیاز به 7 لیتر از شیر کم‌چرب دارم.,buying
آیا سیب در رنگ‌های دیگری نیز موجود است؟,inquiring
مقدار محصول پنیر را از 14 بطری به 14 بطری تغییر بدهید.,editting
من قصد دارم سیب زمینی خریداری شده در 1401/2/5 را به دلیل دوست نداشتم این محصول رو پس بدهم.,returning
آیا کوپن تخفیفی برای اولین خریدم از کالای شیر دارید؟,tracking
لطفا سفارش من رو تا روز جمعه ارسال کنید.,scheduling
سفارشم را قبل از ساعت 11 روز شنبه تحویل دهید ,scheduling
میخواستم خریدم ساعت 6 فرستاده بشود.,scheduling
اسمتو بگو ببینم,chitchat
سفارشمو ساعت 10 بفرستید.,scheduling
سفارشم را ثبت کنید,finishing
آیا سفارش 895 برای ارسال آماده شده است، یا هنوز در مرحله پیش‌ارسال معطل مانده است؟,discount
آیا امکان پس دادن پنیر با سفارش شماره 1387 پس از 7 استفاده هنوز وجود دارد؟,returning
پس چرا سفارشم نمیرسه؟ باید حتما تا جمعه به دستم برسونیدش.,discount
سلام بر شما دوست عزیز,chitchat
یکم از ماهی بهم بگو,inquiring
لطفاً فرایند پاک سفارش  901 را آغاز کنید.,deleting
آیا برای جشن سال نو، جعبه‌ی سورپرایز تخفیفی برای محصول کاهو دارید؟,tracking
سوالاتی راجع به کالای گوشت دارم.,inquiring
آیا روغن زیتون در راستای پایداری و مسئولیت‌های اجتماعی شرکت تولید کننده طراحی شده است؟,inquiring
بطری 2 گوجه فرنگی برام کنار بگذارید,buying
منتظر تحویل سفارش شماره 493 در اولین ساعت پنج شنبه هستم.,scheduling
من قصد دارم سیر مربوط به سفارش شماره 345 را که در 1402/5/18 خریداری شده را برگشت بزنم.,returning
میخوام اسمتو داشته باشم,chitchat
باید سفارش 974 رو تعویض کنم ,returning
آیا سفارش شماره 117 ارسال شده است؟,discount
چه خبر؟ همه چی خوب پیش میره؟,chitchat
درخواست لغو سفارش با شماره  1500 را دارم، چرا که به دردم نمیخوره.,deleting
موجودی گوشت هاتون چقدر است؟,inquiring
آیا می‌توانم هویج را که پیش‌تر در سبد گذاشته‌ام با خیار تعویض کنم؟,editting
امروز چطوری؟,chitchat
به موارد زیر نیاز دارم 12 کیلوگرم از سیب زمینی .,buying
من رژیم دارم و نیاز به 1 کیلوگرم از آبمیوه کم‌چرب دارم.,buying
می‌خواهم اطلاعاتی در مورد ترکیبات و مواد استفاده شده در تخم مرغ بدانم.,inquiring
من این هفته فقط سه شنبه خونه هستم، لطفا سفارشم را در آن زمان ارسال کنید.,scheduling
سفارش من با شماره 264 باید لغو شود، چون اشتباه ثبت کردم.,deleting
من خیلی وقته از شما خرید می کنم میشه به بنده تخفیف برای محصول تخم مرغ بدهید؟,tracking
می‌خواهم از حراج کریسمس استفاده کنم، آیا سیب هم شامل تخفیف می‌ شود؟,tracking
9 کیلوگرم از ماهی میخواستم .,buying
سفارشم رو تا ساعت 6 بفرستید.,scheduling
یا تخفیفی برای خرید عمده دارید؟ به 1 لیتر از تخم مرغ علاقه‌مندم.,buying
برای خرید کاهو در این روزها، آیا پیشنهاد ویژه‌ای دارید؟,tracking
برای مراسم کریسمس تخفیفی دارید؟,tracking
برای خرید بیش از 3 عدد از خیار، آیا تخفیفی وجود دارد؟,tracking
پیاز رو موجود دارید؟ ,inquiring
آیا نان دارای گارانتی یا خدمات پس از فروش است؟,inquiring
آیا می توانید برای من شانه 11 از آبمیوه را بسته بندی کنید و برای من بفرستید؟,buying
سفارش 393 را در تاریخ 1400/11/5 ارسال کنید.,scheduling
من به پیاز، به ویژه 9 عدد نیاز دارم.,buying
دوست دارم خریدی که تازه کردم را حذف کنم، توانایی مالی به اندازه کافی ندارم.,deleting
می‌خواهم از حراج هالووین استفاده کنم، آیا روغن زیتون هم شامل تخفیف می‌ شود؟,tracking
آیا امکان تحویل سفارش شماره 612 در روز چهارشنبه وجود دارد؟,scheduling
میل شدیدی به شیر دارم لطفاً 7 بطری برای من بفرستید .,buying
آیا برنامه‌ای برای فروش ویژه پاستا دراین فصل دارید؟,tracking
خرید 7 روز پیشم باید به دلیل انتخاب نادرست کنسل گردد، لطفاً اقدامات لازم را انجام دهید.,deleting
تمایل دارم از به‌روزرسانی‌های مربوط به مرحله‌ای که سفارش 72 در آن قرار دارد مطلع شوم. آخرین وضعیت سفارش چیست؟,discount
سفارش من با شماره 572 باید پاک شود، چون آدرس اشتباهی وارد کردم.,deleting
من خیلی وقته از شما خرید می کنم میشه به بنده تخفیف برای محصول مرغ بدهید؟,tracking
میخواهم سفارشم با شماره 2053 رو مرجوع کنم,returning
پنیر را به اشتباه خریداری کرده‌ام، آیا می‌توانم آن را عودت بدهم؟,returning
سلام، حالتان خوب است؟,chitchat
می‌خواهم از حراج تعطیلات تابستانی استفاده کنم، آیا شیر هم شامل تخفیف می‌ شود؟,tracking
می‌خواهم از وضعیت فعلی سفارش شماره 983 مطلع شوم.,discount
کالای هویج گارانتی دارد؟,inquiring
لطفاً سفارش شماره 1155 را برای تاریخ 1403/8/1 آماده کنید.,scheduling
کی سفارشم به دستم میرسه؟,discount
آیا سفارش شماره 1530 ارسال شده است؟,discount
می‌خواهم بدانم سیر با 4 شانه چه قیمتی خواهد داشت.,inquiring
سفارشم را حذف کنید، 5 روز پیش ثبت کرده بودم.,deleting
آیا امکان تحویل سفارش شماره 922 در روز شنبه وجود دارد؟,scheduling
میشه برام 8 عدد کاهو ثبت سفارش کنی .,buying
جدیدا چه خبر؟,chitchat
من می‌خواهم پیاز را به صورت عمده خریداری کنم، آیا قیمت بهتری پیشنهاد می‌کنید؟,tracking
می‌توانم 11 لیتر از گوشت را برای خرید هفتگی‌ام رزرو کنم؟,buying
من می‌خواهم سیر را به صورت عمده خریداری کنم، آیا قیمت بهتری پیشنهاد می‌کنید؟,tracking
منتظر تحویل سفارش شماره 2269 در اولین ساعت سه شنبه هستم.,scheduling
آیا کاهو در رنگ‌های دیگری نیز موجود است؟,inquiring
برای مهمانی، لطفاً سفارش شماره 498 را در 1400/7/17 تحویل دهید.,scheduling
از شما درخواست دارم که سفارشم را حذف نمایید، زیرا از مکان دیگری میخواهم خرید کنم.,deleting
بررسی کنید ببینید سفارش 155 کجاست؟,discount
فروش ویژه گوجه فرنگی در سال نو دارید؟,tracking
نیاز دارم سفارش 60 که روز چهارشنبه را حذف کنید.,deleting
سفارش شماره 623 را به دلیل بسته بندی ارسال بسیار بد بود می‌خواهم عودت بدهم.,returning
میخواهم سفارشم با شماره 1194 رو برگشت بزنم,returning
نان رو از سفارشم حذف کن,editting
مرغ چه ویژگی‌هایی دارد و آیا برای نداشتن مواد مضر غیر طبیعی مناسب است؟,inquiring
درخواست عوض سفارش 218 رو دارم .,returning
سفارشم را در تاریخ 1401/6/26 بفرستید,scheduling
میخواستم قیمت محصولات مقابل رو بدونم: 9 عدد گوجه فرنگی و 9 عدد گوجه فرنگی,inquiring
نوبت من است که شام بپزم، به موارد زیر نیاز دارم 11 کیلوگرم ازپنیر,buying
لطفاً 3 کیلوگرم از گوجه فرنگی را به من بدهید.,buying
از شما درخواست دارم که سفارش 2233 را لغو نمایید، زیرا دیگر به آن احتیاجی ندارم.,deleting
میشه قیمت سیر رو بدونم؟,inquiring
به دلیل یک خطای ناخواسته، سفارشی با شماره  2034 ثبت شده است. خواهشمند است آن را حذف فرمایید.,deleting
می توانم 10 بطری از گوجه فرنگی را رزرو کنم ؟,buying
می‌توانید سیر را که در حال حاضر نیازی به آن ندارم از سبد خریدم بردارید؟,editting
من علاقه‌مند به برنامه‌ریزی تحویل سفارش شماره 1986 برای تاریخ 1403/2/8 هستم.,scheduling
میخوام سفارشم رو دیلیت کنم,deleting
منتظر تحویل سفارش شماره 1567 در اولین ساعت یک شنبه هستم.,scheduling
نیاز دارم سفارش 1089 که روز سه شنبه را کنسل کنید.,deleting
بررسی کنید ببینید سفارش 988 کجاست؟,discount
اصل لطفا,chitchat
من میزبان یک مهمانی بزرگ هستم و به 5 کیلوگرم از هویج نیاز دارم.,buying
آیا سفارش شماره 1697 ارسال شده است؟,discount
سفارشم را در تاریخ 1402/9/4 بفرستید,scheduling
یکم از کالا گوجه فرنگی بهم بگو,inquiring
میشه پیگیری کنید ببینید سفارش من دقیقا کجا هست. شماره سفارشم: 1296,discount
اشتباه کردم، می‌توانید سفارش 1589 را بردارید؟,deleting
برای گوجه فرنگی در عید تخفیفی ارائه می دهید؟,tracking
می‌توانید سفارش شماره 1464 را در ساعت 7 تحویل دهید؟,scheduling
زحمتت دادم خسته شدی,chitchat
میخواستم خریدم ساعت 7 فرستاده بشود.,scheduling
متأسفانه باید از شما بخواهم که خریدم را حذف کنید، زیرا اندازه اشتباهی انتخاب کردم.,deleting
من به آبمیوه، به ویژه 14 لیتر نیاز دارم.,buying
قیمت آبمیوه نسبت به آبمیوه چگونه است؟,inquiring
میشه تخم مرغ رو از سفارشم لغو کنی؟,editting
آیا سفارش شماره 834 ارسال شده است؟,discount
تشکر,chitchat
اشتباه کردم، می‌توانید سفارش 263 را بردارید؟,deleting
کالاهایی که ارسال شده است بسیار آسیب دیده اند، لطفا عوض کنید,returning
میخواستم قیمت محصولات مقابل رو بدونم: 14 بطری پرتقال و 14 بطری پرتقال,inquiring
من قصد دارم سفارشم را دیلیت کنم، به خاطر دلایلی که می گم: اندازه اشتباهی انتخاب کردم.,deleting
میشه سفارشم رو مرجوع کنید؟ چون از خریدم پشیمان شدم.,returning
لطفاً آخرین سفارش من را کنسل کنید، جای دیگری قیمت بهتری پیدا کردم.,deleting
می‌توانید سیب را که در حال حاضر نیازی به آن ندارم از سبد خریدم بردارید؟,editting
می‌خواهم درک عمیق‌تری از خصوصیات بارز و منحصر به فرد گوجه فرنگی کسب کنم.,inquiring
انشاالله سلامت باشی,chitchat
میشه سفارش 239 را پیگیری کنید.,discount
چجوریه؟ پرتقال,inquiring
4 عدد پنیر میخواستم .,buying
سفارشم کجاست؟,discount
آیا امکان دارد کره را که پیش‌تر انتخاب کرده‌ام با خیار تعویض کنم؟,editting
می‌خواهم از حراج عید استفاده کنم، آیا گوجه فرنگی هم شامل تخفیف می‌ شود؟,tracking
آیا سفارش شماره 1293 در مسیر ارسال است؟,discount
به دلیل کالاها آسیب دیده به دست بنده رسیده است، تصمیم دارم سفارش شماره 2261 را بازگردانم.,returning
آیا امکان دارد کره را که پیش‌تر انتخاب کرده‌ام با سیب تعویض کنم؟,editting
سفارش 841 را پاک کن.,deleting
درخواست تعویض سفارش 479 رو دارم .,returning
من برای کباب کردن نیاز به 2 لیتر از کاهو دارم,buying
به مناسبت سال نو، آیا سفره‌ی تخفیفات کاهو پهن است؟,tracking
دوست دارم خریدی که تازه کردم را پاک کنم، به دردم نمیخوره.,deleting
آیا برنامه‌ای برای فروش ویژه سیب زمینی دراین فصل دارید؟,tracking
من می‌خواهم هویج را به صورت عمده خریداری کنم، آیا قیمت بهتری پیشنهاد می‌کنید؟,tracking
خرید های من همینا بود لطفا برایم ارسال کنید.,finishing
برنج رو از سفارشم دیلیت کن,editting
پاستا مربوط به سفارش شماره 1039 که در روز سه شنبه خریداری شده، نیاز به تعویض دارد.,returning
سفارش من با شماره 1026 باید پاک شود، چون تغییرات برنامه‌ریزی داشتم.,deleting
می‌خواهم یک وعده غذایی قورمه سبزی آماده کنم، به 13 شانه از شیر درجه یک نیاز دارم.,buying
نیاز دارم انبار آشپزخانه‌ام را با 4 شانه از کاهو پر کنم.,buying
می‌توانید مرغ را که در حال حاضر نیازی به آن ندارم از سبد خریدم بردارید؟,editting
من مشتاقم تا دریابم آیا سفارش 748 ارسال شده است.,discount
کیفیت هویج چجوری هست؟,inquiring
برای خرید پرتقال در این روزها، آیا پیشنهاد ویژه‌ای دارید؟,tracking
مقدار کره رو 11 لیتر کنید,editting
قیمت روغن زیتون نسبت به روغن زیتون چگونه است؟,inquiring
انتخاب هام تموم شد. سفارشم را ارسال کنید لطفا.,finishing
"به دلیل بسته بندی ارسال بسیار بد بود, می‌خواهم برنج خریداری شده مورخ 1402/3/25 را تعویض کنم.",returning
به چه کاری مشغولی؟,chitchat
من می‌خواهم یک دستور پخت جدید را امتحان کنم که به 9 عدد از کاهو نیاز دارد.,buying
من مشتاقم تا دریابم آیا سفارش 1573 ارسال شده است.,discount
آیا می‌توانید وضعیت کنونی سفارش با شماره 892 را روشن سازید؟,discount
به مناسبت تخفیفات زمستانی، آیا سفره‌ی تخفیفات سیب زمینی پهن است؟,tracking
سفارش 1355 را لغو کن.,deleting
میشه قیمت پنیر رو بدونم؟,inquiring
متأسفانه باید از شما بخواهم که خریدم را حذف کنید، زیرا موجودی مالی به اندازه کافی ندارم.,deleting
می‌خواهم اطلاعاتی در مورد ترکیبات و مواد استفاده شده در کره بدانم.,inquiring
می‌خواهم سیر را که فراموش کرده‌ام به سبد خرید اضافه کنم.,buying
به دلیل یک خطای ناخواسته، سفارشی با شماره  811 ثبت شده است. خواهشمند است آن را کنسل فرمایید.,deleting
لطفاً سفارش شماره 2240 را برای تاریخ 1400/6/12 آماده کنید.,scheduling
سفارشم را در تاریخ 1403/12/18 بفرستید,scheduling
منتظر تحویل سفارش شماره 2024 در اولین ساعت دوشنبه هستم.,scheduling
من خیلی وقته از شما خرید می کنم میشه به بنده تخفیف برای محصول کره بدهید؟,tracking
به جای گوشت خیار را در سبد خریدم قرار بده.,editting
لطفاً فرایند کنسل سفارش  1064 را آغاز کنید.,deleting
کالایی که به دستم رسیده معیوب است، میخواستم که برگشت بزنم,returning
میشه قیمت گوشت رو بدونم؟,inquiring
میشه به جای پنیر بهم تخم مرغ بدی؟,editting
می‌خواهم سیر را به دلیل تغییر در برنامه غذایی‌ام از سبد خرید دیلیت کنم.,editting
میخواستم بدونم آیا 3 بطری کاهو موجود هست؟,inquiring
برای بودجه‌ بندی، نیاز به دانستن قیمت دقیق سیب زمینی دارم.,inquiring
اقلامی که انتخاب کرده ام را برایم ثبت سفارش کن,finishing
سپاس,chitchat
آیا می‌توانم تخم مرغ را که پیش‌تر در سبد گذاشته‌ام با آبمیوه تعویض کنم؟,editting
مقدار کالای سیب را از 10 بطری به 14 بطری اصلاح کنید.,editting
آیا برای جشن هالووین، جعبه‌ی سورپرایز تخفیفی برای محصول پاستا دارید؟,tracking
می‌خواهم سفارش شماره 1885 را برای تحویل در روز یک شنبه تنظیم کنم.,scheduling
آیا شیر در رنگ‌های دیگری نیز موجود است؟,inquiring
من از مشتری های مجموعه شما هستم میشه برای خرید روغن زیتون به من تخفیف بدهید؟,tracking
سفارشم را برای روز سه شنبه ارسال کنید چون وقت دیگر خونه نیستم.,scheduling
لطفاً فرایند کنسل سفارش  765 را آغاز کنید.,deleting
آیا خیار در رنگ‌های دیگری نیز موجود است؟,inquiring
آیا برای مشتریان دائمی مانند من، تخفیف خاصی برای گوجه فرنگی در نظر گرفته‌اید؟,tracking
میشه از تخم مرغ 1 لیتر بفرستی؟,editting
میشه از پنیر 10 کیلوگرم بفرستی؟,editting
لطفاً فرایند پاک سفارش  840 را آغاز کنید.,deleting
آیا تخفیفی برای خرید نان در روز چهارشنبه وجود دارد؟,tracking
می‌خواهم درک عمیق‌تری از خصوصیات بارز و منحصر به فرد پنیر کسب کنم.,inquiring
می‌خواهم سفارش شماره 1451 که محصول آبمیوه را در تاریخ 1402/8/13 خریداری کردم را پس بفرستم.,returning
پاستا را اشتباه به سبد خریدم افزودم لطفا کنسل کنید.,editting
از خریدی که روز سه شنبه داشتم پشیمان شدم، کنسل کنید.,deleting
به جای 12 بطری سیب زمینی لطفا 12 بطری برنج بدهید.,editting
زحمت کشیدی,chitchat
یا تخفیفی برای خرید عمده دارید؟ به 12 شانه از ماهی علاقه‌مندم.,buying
مقدار مرغ رو 2 عدد کنید,editting
لطفاً شیر را که در سبد خریدم قرار دارد با ماهی به‌روزرسانی کنید، چون تازه‌تر است.,editting
میشه به جای خیار بهم گوجه فرنگی بدی؟,editting
یکم از پنیر بهم بگو,inquiring
آیا مرغ شما تازه است؟ من 13 کیلوگرم می خواهم.,buying
سفارشم به دستم رسید الان، اما به خاطر محصولات قدیمی و خراب و داغون هستند میخواهم سفارشم رو مرجوع بزنید,returning
سفارش شماره 513 برای کره که در سه شنبه خریداری شده بود، مطابق انتظار نبود، می‌خواهم مرجوعی ثبت کنم.,returning
سپاسگزارم,chitchat
لطفاً سفارش شماره 1852 را برای تاریخ 1401/5/21، ساعت 5 آماده کنید.,scheduling
مرغ را از سبد خریدم پاک کن,editting
وظیفه تو چیه؟,chitchat
مرغ رو از سفارشم دیلیت کن,editting
می‌توانید سفارش شماره 817 را در ساعت 7 تحویل دهید؟,scheduling
هویج رو به سبد خریدم اضافه کنید.,buying
میخواستم درخواست بازپرداخت سفارشم را بکنم چون دوست نداشتم این محصول رو,returning
آیا می‌توانید وضعیت کنونی سفارش با شماره 1859 را روشن سازید؟,discount
من قصد دارم روغن زیتون مربوط به سفارش شماره 429 را که در 1400/4/17 خریداری شده را پس بفرستم.,returning
در روزهای اخیر، آیا بازار تخفیف تخم مرغ داغ است؟,tracking
برای مهمانی، لطفاً سفارش شماره 71 را در 1401/12/2 تحویل دهید.,scheduling
برای مراسم تعطیلات تابستانی تخفیفی دارید؟,tracking
میخواستم قیمت محصولات مقابل رو بدونم: 8 کیلوگرم تخم مرغ و 8 کیلوگرم تخم مرغ,inquiring
من این هفته فقط چهارشنبه خونه هستم، لطفا سفارشم را در آن زمان ارسال کنید.,scheduling
به 6 عدد از تخم مرغ علاقه مندم .,buying
خیلی زحمت کشیدید,chitchat
سفارش شماره 1475 را لغو,deleting
آیا سفارش شماره 1109 که شامل گوشت بود آماده ارسال شده است؟,discount
شغلتون چیه؟,chitchat
خدا حافظت باشه,chitchat
سفارشم رو تا ساعت 8 بفرستید.,scheduling
موجودی خیار هاتون چقدر است؟,inquiring
13 عدد از آبمیوه میخواستم .,buying
نوبت من است که شام بپزم، به موارد زیر نیاز دارم 14 شانه ازشیر,buying
می‌خواهم از قیمت روز سیر مطلع شوم، آیا می‌ توانید کمک کنید؟,inquiring
شما احیانا خوب هستید؟,chitchat
شیر را از سبد خریدم لغو کن,editting
سلام خوبی؟,chitchat
میخواستم سفارشم رو ساعت 5 بفرستید.,scheduling
یکم از مرغ بهم بگو,inquiring
میشه هویج رو از سفارشم کنسل کنی؟,editting
سفارشم رو تا ساعت 11 بفرستید.,scheduling
میخواهم سفارشم با شماره 2279 رو تعویض کنم,returning
اشتباه کردم، می‌توانید سفارش 1679 را بردارید؟,deleting
تازگی‌ها چه خبر؟,chitchat
می‌توانید سفارشم را لغو کنید؟ اشتباه ثبت کردم.,deleting
من قصد دارم شیر خریداری شده در 1402/10/14 را به دلیل کالاها رو اشتباهی ارسال کردید عودت بدهم.,returning
در روزهای اخیر، آیا بازار تخفیف پاستا داغ است؟,tracking
شغلتو بگو ببینم,chitchat
زمان تقریبی تحویل سفارش شماره 487 را می‌توانید بگویید؟ من 6 روز پیش این سفارشو ثبت کرده بودم,discount
می‌خواهم از حراج عید استفاده کنم، آیا کاهو هم شامل تخفیف می‌ شود؟,tracking
می‌خواهم یک وعده غذایی قورمه سبزی آماده کنم، به 7 عدد از گوجه فرنگی درجه یک نیاز دارم.,buying
میخواستم سفارشم رو عوض بزنم به دلیل اشتباه خرید کردم,returning
به 11 لیتر از سیب نیاز دارم.,buying
درخواست تعویض سفارش شماره 1553 رو دارم.,returning
سفارشم را قبل از ساعت 6 روز جمعه تحویل دهید ,scheduling
میشه سفارشم رو برگشت کنید؟ چون محصولات ارسالی با سفارشی که داشتم مغایرت داره,returning
خواهشمندم، زمان انتظار برای تکمیل تحویل سفارش 169 چه موقع خواهد بود؟,discount
مرسی از لطفت,chitchat
برای مهمانی، لطفاً سفارش شماره 1544 را در 1400/4/18 تحویل دهید.,scheduling
خدمتتون درود میفرستم,chitchat
میزان مواد شیمیایی که در خیار به کار رفته چقدر است؟,inquiring
خداقوت,chitchat
کنجکاوم که از مجموعه شیر شما چه چیزی دارید، می‌توانم 8 شانه امتحان کنم؟,buying
پشیمون شدم برنج رو از سفارشم کنسل کن,editting
قصد دارم مرغ را به دلیل تخفیف ویژه‌ای که دیدم با آبمیوه تعویض کنم.,editting
میخواستم بدونم آیا 14 شانه گوشت موجود هست؟,inquiring
میخواستم خریدم ساعت 9 فرستاده بشود.,scheduling
خداحافظ,chitchat
لطفاً مرغ را که در سبد خریدم قرار دارد با تخم مرغ به‌روزرسانی کنید، چون تازه‌تر است.,editting
میتونم اسمت رو داشته باشم؟,chitchat
مقدار کالای گوجه فرنگی را از 11 عدد به 13 عدد اصلاح کنید.,editting
پشیمان شدم لطفا سفارشم را لغو کن,deleting
حالت خوبه؟,chitchat
پس از ثبت سفارش 1720 در 1400/2/19، کنجکاوم که پیشرفت آن چگونه است. آخرین گزارش چیست؟,discount
می‌خواهم زمان تحویل سفارش شماره 460 را برای 1401/1/30 تنظیم کنید.,scheduling
میشه سفارشم رو برگشت کنید؟ چون دوست نداشتم این محصول رو,returning
آیا سفارش شماره 2058 ارسال شده است؟,discount
هویج برام بفرستید .,buying
متشکرم,chitchat
میشه از سیب 2 کیلوگرم بفرستی؟,editting
میشه بهم تخفیف بدید؟,tracking
دستت درد نکنه بدرود,chitchat
می‌خواهم از حراج هالووین استفاده کنم، آیا برنج هم شامل تخفیف می‌ شود؟,tracking
ثبت سفارش کن,finishing
میخواهم سفارشم با شماره 882 رو عودت بدهم,returning
اشتباه کردم، می‌توانید سفارش 2330 را بردارید؟,deleting
برای درست کردن سالاد شیرازی 5 بطری هویج میخواستم.,buying
چه خبر؟,chitchat
سفارشم رو تا ساعت 4 بفرستید.,scheduling
قصد دارم گوجه فرنگی را با شیر جایگزین کنم، لطفاً راهنمایی کنید.,editting
آیا می‌ توانید سفارشم را قبل از ساعت 10 روز شنبه تحویل دهید؟,scheduling
آیا کوپن تخفیفی برای اولین خریدم از کالای سیر دارید؟,tracking
من از مشتری های مجموعه شما هستم میشه برای خرید سیب زمینی به من تخفیف بدهید؟,tracking
سوالاتی راجع به کالای گوجه فرنگی دارم.,inquiring
وضعیت سفارش شماره 1611 چیست؟,discount
من علاقه‌مند به برنامه‌ریزی تحویل سفارش شماره 1165 برای تاریخ 1403/11/26 هستم.,scheduling
سفارشمو ساعت 11 بفرستید .,scheduling
لطفاً نان را که در سبد خریدم است با ماهی به‌روزرسانی کنید.,editting
سفارشمو ساعت 5 بفرستید.,scheduling
قیمت کره نسبت به کره چگونه است؟,inquiring
دوست دارم خریدی که تازه کردم را دیلیت کنم، آدرس اشتباهی وارد کردم.,deleting
سفارش شماره 1757 را در 1403/8/6 ثبت کردم، وضعیت آن چگونه است؟,discount
"به دلیل تاریخ مصرف محصولات گذشته بود, می‌خواهم کره خریداری شده مورخ 1401/3/15 را تعویض کنم.",returning
آیا برای مشتریان دائمی مانند من، تخفیف خاصی برای برنج در نظر گرفته‌اید؟,tracking
من به دنبال تخم مرغ هستم، آیا آنها را در عدد حمل می کنید؟,buying
می‌خواهم گوجه فرنگی که در تاریخ 1402/10/12 خریداری کردم را عودت بدهم.,returning
سفارش شماره 340 که 13 روز پیش برای محصول تخم مرغ ثبت شده بود را می‌خواهم پس بفرستم چون نظرم عوض شد.,returning
خیار رو از سفارشم پاک کن,editting
آیا می‌توانم سیب زمینی را که پیش‌تر در سبد گذاشته‌ام با آبمیوه تعویض کنم؟,editting
زمان تقریبی تحویل سفارش شماره 2181 را می‌توانید بگویید؟ من 3 روز پیش این سفارشو ثبت کرده بودم,discount
یادم رفت، لطفا آبمیوه هم به سبد خریدم اضافه کن.,buying
سفارشم به دستم رسید الان، اما به خاطر تاریخ مصرف محصولات گذشته بود میخواهم سفارشم رو عودت بزنید,returning
من به گوشت محلی علاقه‌ مندم، می‌توانم 5 لیتر از آن‌ها را بگیرم؟,buying
اشتباه کردم، می‌توانید سفارش 54 را بردارید؟,deleting
پودر لباسشویی ام تموم شده، تخم مرغ برام بفرستید,buying
نیاز دارم سفارش 559 که روز دوشنبه را حذف کنید.,deleting
قبل از تکمیل سفارش، می‌خواهم مرغ را به دلیل تغییر قیمت از سبد خریدم حذف کنم.,editting
آیا سفارش شماره 906 ارسال شده است؟,discount
می‌خواهم خیار را که فراموش کرده‌ام به سبد خرید اضافه کنم.,buying
خسته نباشی,chitchat
من می‌خواهم اسموتی درست کنم و به 5 شانه از ماهی مخلوط نیاز دارم.,buying
میخواستم بدونم سفارشی که ثبت کردم تا یک شنبه به دستم میرسه یا نه؟,discount
سفارشم را قبل از ساعت 8 روز چهارشنبه تحویل دهید ,scheduling
پرتقال را با سیب زمینی در سبد خریدم عوض کن.,editting
سفارش هایم را بفرستید.,finishing
آیا می‌ توانید سفارشم را قبل از ساعت 10 روز دوشنبه تحویل دهید؟,scheduling
انتخاب ‌های خود را انجام داده ام، چگونه می‌توانم سفارشم را ثبت کنم؟,finishing
قصد دارم نان را با تخم مرغ جایگزین کنم، لطفاً راهنمایی کنید.,editting
آیا تخفیفی برای خرید سیب در روز شنبه وجود دارد؟,tracking
سفارش شماره 1359 را به دلیل کالاها آسیب دیده به دست بنده رسیده است می‌خواهم عودت بدهم.,returning
می‌خواهم کاهو را که فراموش کرده بودم به سبد خریدم اضافه کنم، آیا هنوز ممکن است؟,buying
آیا سفارش 272 برای ارسال آماده شده است، یا هنوز در مرحله پیش‌ارسال معطل مانده است؟,discount
پس چرا سفارشم نمیرسه؟ باید حتما تا پنج شنبه به دستم برسونیدش.,discount
حال و روزت بخیر,chitchat
میشه قیمت تخم مرغ رو بدونم؟,inquiring
اقلامم را ارسال کن.,finishing
خواهشمندم، زمان انتظار برای تکمیل تحویل سفارش 720 چه موقع خواهد بود؟,discount
میشه از شیر 13 شانه بفرستی؟,editting
موفق باشی خدافظ,chitchat
سفارشم را حذف کنید، 9 روز پیش ثبت کرده بودم.,deleting
اطلاعات بیشتری از پاستا هاتون میخوام بدونم.,inquiring
پیاز را اشتباه به سبد خریدم افزودم لطفا دیلیت کنید.,editting
نوبت من است که شام بپزم، به موارد زیر نیاز دارم 3 لیتر ازشیر,buying
آیا می‌ توانید سفارشم را قبل از ساعت 5 روز چهارشنبه تحویل دهید؟,scheduling
آیا میتوانی نامت رو به من بگویی؟,chitchat
سفارش شماره 697 را به دلیل اشتباه خرید کردم می‌خواهم تعویض کنم.,returning
کاهو 12 لیتر میخوام ثبت سفارش کنم,buying
تخم مرغ میخواستم .,buying
من معلم آشپزی هستم، آیا 6 بطری از خیار دارید؟,buying
یک سفارش داشتم,buying
کیفیت مرغ چجوری هست؟,inquiring
خیار دارای تاییدیه‌ های بین‌المللی مانند SQF است؟,inquiring
می‌خواهم از حراج کریسمس استفاده کنم، آیا پرتقال هم شامل تخفیف می‌ شود؟,tracking
آیا سفارش شماره 966 که شامل کاهو بود آماده ارسال شده است؟,discount
"به دلیل اشتباه خرید کردم, می‌خواهم خیار خریداری شده مورخ 1403/7/17 را برگردونم.",returning
من قصد دارم سفارشم را پاک کنم، به خاطر دلایلی که می گم: دیگر به آن احتیاجی ندارم.,deleting
لطفاً سفارش شماره 1052 را برای تاریخ 1403/6/20 آماده کنید.,scheduling
لطفا سفارش من رو تا روز شنبه ارسال کنید.,scheduling
کار و بار چطوره؟,chitchat
امروز چیکار کردی؟,chitchat
به 2 کیلوگرم از خیار علاقه مندم .,buying
من از مشتری های مجموعه شما هستم میشه برای خرید شیر به من تخفیف بدهید؟,tracking
لطفاً سفارش من با شماره 1654 را لغو کنید.,deleting
نیاز دارم سفارش 2050 که روز پنج شنبه را پاک کنید.,deleting
به جای 7 کیلوگرم گوشت لطفا 7 کیلوگرم هویج بدهید.,editting
قصد دارم برنج را به دلیل تخفیف ویژه‌ای که دیدم با هویج تعویض کنم.,editting
آیا می‌ توانید سفارشم را قبل از ساعت 4 روز یک شنبه تحویل دهید؟,scheduling
از خرید کاهو پشیمان شدم، لطفا از سبد خریدم کنسل کن.,editting
من از مشتری های مجموعه شما هستم میشه برای خرید پیاز به من تخفیف بدهید؟,tracking
به دلیل نظرم عوض شد، تصمیم دارم سفارش شماره 153 را بازگردانم.,returning
متوجه شدم محصول هویج مورد نظرم نیست، چگونه می‌توانم آن را برگشت بزنم؟,returning
سفارش 1263 را در تاریخ 1401/1/18 ارسال کنید.,scheduling
لطفاً سفارش شماره 665 را برای تاریخ 1403/6/26 آماده کنید.,scheduling
می‌خواهم بدانم که آیا پیاز قابلیت ارتقاء یا توسعه در آینده را دارد؟,inquiring
میشه خریدم رو روز سه شنبه تا ساعت 4 بفرستید؟,scheduling
کره که 9 روز پیش تحویل گرفته‌ام، نیاز به تعویض دارد و دوست داشتم که برای من آن ها را عودت بدهید.,returning
آیا شیر برای افرادی با شرایط خاص مانند طبیعی بودن و بدون داشتن مواد شیمیایی مناسب است؟,inquiring
پشیمون شدم خیار رو از سفارشم کنسل کن,editting
کالای برنج گارانتی دارد؟,inquiring
آیا امکان دارد سفارش شماره 700 را در 1402/11/28 تحویل بگیرم؟,scheduling
آیا کوپن تخفیفی برای اولین خریدم از کالای سیب زمینی دارید؟,tracking
نیاز دارم انبار آشپزخانه‌ام را با 1 کیلوگرم از کاهو پر کنم.,buying
شاد و سلامت هستید؟,chitchat
می‌خواهم خریدم را به دلیل از مکان دیگری میخواهم خرید کنم پاک کنم.,deleting
پس از ثبت سفارش 2304 در 1401/12/23، کنجکاوم که پیشرفت آن چگونه است. آخرین گزارش چیست؟,discount
پس چرا سفارشم نمیرسه؟ باید حتما تا دوشنبه به دستم برسونیدش.,discount
دوست دارم خریدی که تازه کردم را دیلیت کنم، توانایی مالی به اندازه کافی ندارم.,deleting
برای بودجه‌ بندی، نیاز به دانستن قیمت دقیق شیر دارم.,inquiring
میشه از موجودی و اطلاعات محصول نان مطلع شوم؟,inquiring
اشتباه کردم، می‌توانید سفارش 1594 را بردارید؟,deleting
من به دنبال پیشنهادات ویژه برای پرتقال هستم، آیا چیزی برای ارائه دارید؟,tracking
اجناسی که به اطلاع رساندم را ثبت سفارش و ارسال کن.,finishing
عصرت بخیر,chitchat
برای خرید بیش از 11 کیلوگرم از گوشت، آیا تخفیفی وجود دارد؟,tracking
می‌توانید سفارشم را کنسل کنید؟ جای دیگری قیمت بهتری پیدا کردم.,deleting
سفارش 1075 را لغو کن.,deleting
اشتباه کردم، می‌توانید سفارش 33 را بردارید؟,deleting
روزت بخیر,chitchat
می‌خواهم کره را از سبد خریدم کنسل کنم و به جای آن هویج اضافه نمایم.,editting
سفارش شماره 1950 که 14 روز پیش برای محصول سیب زمینی ثبت شده بود را می‌خواهم برگردونم چون از خریدم پشیمون شدم.,returning
پس از ثبت سفارش 2272 در 1402/2/10، کنجکاوم که پیشرفت آن چگونه است. آخرین گزارش چیست؟,discount
لطفاً سفارش من با شماره 1686 را پاک کنید.,deleting
موجودی سیب زمینی هاتون چقدر است؟,inquiring
من خیلی وقته از شما خرید می کنم میشه به بنده تخفیف برای محصول نان بدهید؟,tracking
گوجه فرنگی هاتون ساخت چه کشوری هست؟,inquiring
من دیگه میرم بای,chitchat
میشه سفارشم رو برگشت کنید؟ چون کیفیت بسیار پایین کالاهای ارسالی,returning
سفارشم تموم شد. همینارو میخواستم.,finishing
برای بودجه‌ بندی، نیاز به دانستن قیمت دقیق هویج دارم.,inquiring
می‌توانم 7 بطری از سیب را برای خرید هفتگی‌ام رزرو کنم؟,buying
می‌خواهم درک عمیق‌تری از خصوصیات بارز و منحصر به فرد مرغ کسب کنم.,inquiring
آیا سیر در حال حاضر در انبار موجود است؟,inquiring
نان را با آبمیوه در سبد خریدم عوض کن.,editting
می‌خواهم خریدم را به دلیل موجودی مالی به اندازه کافی ندارم کنسل کنم.,deleting
خریدم تموم شد، لطفا همینارو نهایی کنید و قیمت کل رو بهم بگید.,finishing
آیا می‌توانید وضعیت کنونی سفارش با شماره 2041 را روشن سازید؟,discount
من به دنبال پیشنهادات ویژه برای تخم مرغ هستم، آیا چیزی برای ارائه دارید؟,tracking
پس از ثبت سفارش 2011 در 1402/3/10، کنجکاوم که پیشرفت آن چگونه است. آخرین گزارش چیست؟,discount
مقدار روغن زیتون رو 2 شانه کنید,editting
از شما درخواست دارم که سفارشم را کنسل نمایید، زیرا اندازه اشتباهی انتخاب کردم.,deleting
سفارشم را دیلیت کنید، 10 روز پیش ثبت کرده بودم.,deleting
آیا تخفیفی برای خرید آبمیوه در روز یک شنبه وجود دارد؟,tracking
آیا سفارش شماره 425 ارسال شده است؟,discount
10 عدد سیب زمینی میخواستم .,buying
شب مهمونی داریم، سیر میخواستم.,buying
میشه قیمت مرغ رو بدونم؟,inquiring
با سلام، آیا می‌توانید سفارشم را که به تازگی ثبت شده است، حذف نمایید؟,deleting
درخواست حذف سفارش با شماره  1228 را دارم، چرا که از مکان دیگری میخواهم خرید کنم.,deleting
کنجکاوم که از مجموعه نان شما چه چیزی دارید، می‌توانم 11 لیتر امتحان کنم؟,buying
برای خرید بیش از 3 بطری از گوجه فرنگی، آیا تخفیفی وجود دارد؟,tracking
می‌خواهم بدانم آیا برای گوشت در کریسمس تخفیفی ارائه می‌دهید؟,tracking
سیب رو موجود دارید؟ ,inquiring
آیا سفارش شماره 2006 که شامل نان بود آماده ارسال شده است؟,discount
قیمت پیاز نسبت به پیاز چگونه است؟,inquiring
خرید 2 روز پیشم باید به دلیل انتخاب نادرست دیلیت گردد، لطفاً اقدامات لازم را انجام دهید.,deleting
احوالت؟,chitchat
لطفاً نان را که در سبد خریدم قرار دارد با روغن زیتون به‌روزرسانی کنید، چون تازه‌تر است.,editting
می‌خواهم پنیر را که در سبد خریدم قرار داده‌ام به دلیل تغییر نظرم حذف کنم.,editting
می‌خواهم زمان تحویل سفارش شماره 1907 را برای 1400/7/17 تنظیم کنید.,scheduling
میشه سفارشم رو عودت کنید؟ چون از خریدم پشیمون شدم,returning
برای خرید پاستا در این روزها، آیا پیشنهاد ویژه‌ای دارید؟,tracking
به جای 8 بطری سیب زمینی لطفا 1 بطری سیب زمینی بکنیدش,editting
می‌خواهم از قیمت روز مرغ مطلع شوم، آیا می‌ توانید کمک کنید؟,inquiring
سفارش 2100 را لغو کن.,deleting
می‌خواهم سفارش شماره 414 را برای تحویل در روز جمعه تنظیم کنم.,scheduling
سفارش شماره 2076 برای خیار که در جمعه خریداری شده بود، مطابق انتظار نبود، می‌خواهم برگردانم.,returning
آیا می‌توانم در مورد زمان تقریبی رسیدن بسته‌ام با کد پیگیری 1803 جویا شوم؟,discount
بای,chitchat
قیمت کاهو در حال حاضر چقدر است؟,inquiring
اطلاعات بیشتری از شیر هاتون میخوام بدونم.,inquiring
خریدم رو تعویض بزنید,returning
خریدم رو عوض بزنید,returning
آیا می‌توانید وضعیت کنونی سفارش با شماره 2076 را روشن سازید؟,discount
خریدم رو دیلیت کنید,deleting
باید سفارش 1451 رو برگردونم ,returning
به جای 6 عدد شیر لطفا 6 عدد برنج بدهید.,editting
سفارش 1747 را در تاریخ 1402/3/9 ارسال کنید.,scheduling
می‌خواهم بدانم سفارش شماره 1780 در کدام مرحله از فرآیند قرار دارد.,discount
نیاز دارم سفارش 261 که روز چهارشنبه را پاک کنید.,deleting
پودر لباسشویی ام تموم شده، سیب برام بفرستید,buying
سیب که 7 روز پیش تحویل گرفته‌ام، نیاز به تعویض دارد و دوست داشتم که برای من آن ها را تعویض بدهید.,returning
سفارش شماره 1913 را به دلیل جنس هایی فرستادید خراب بودند می‌خواهم پس بفرستم.,returning
اشتباه شد، به جای 7 لیتر هویج من 10 لیتر می خواستم.,editting
می‌خواهم سیب زمینی خریداری شده با سفارش شماره 2134 در 1400/4/28 را به دلیل نظرم عوض شد بازگردانم.,returning
می‌خواستم تخم مرغ را به سبد خریدم اضافه کنم، اما به نظر می‌رسد در لیست نیست لطفا اضافه کنید اون رو.,buying
سفارش شماره 990 برای پرتقال که در جمعه خریداری شده بود، مطابق انتظار نبود، می‌خواهم برگردونم.,returning
میشه سفارش 993 را پیگیری کنید.,discount
کالایی که به دستم رسیده معیوب است، میخواستم که برگردانم,returning
آیا می‌توانم در مورد زمان تقریبی رسیدن بسته‌ام با کد پیگیری 1234 جویا شوم؟,discount
می‌خواهم بدانم آیا برای پرتقال در سال نو تخفیفی ارائه می‌دهید؟,tracking
سلام,chitchat
قصد دارم پنیر را به دلیل تخفیف ویژه‌ای که دیدم با سیب تعویض کنم.,editting
من قصد دارم سفارشم را حذف کنم، به خاطر دلایلی که می گم: از مکان دیگری میخواهم خرید کنم.,deleting
خودتو معرفی می‌کنی؟,chitchat
آیا امکان دارد سفارش شماره 1500 را در 1401/3/18 تحویل بگیرم؟,scheduling
سفارش شماره 2334 را به اشتباه خریداری کرده‌ام، چگونه می‌توانم آن را مرجوعی ثبت کنم؟,returning
کالای روغن زیتون گارانتی دارد؟,inquiring
بررسی کنید ببینید سفارش 92 کجاست؟,discount
به جای 3 لیتر کره لطفا 12 لیتر کره بکنیدش,editting
می‌خواهم از حراج هالووین استفاده کنم، آیا کاهو هم شامل تخفیف می‌ شود؟,tracking
می‌خواهم بدانم آیا برای برنج در عید تخفیفی ارائه می‌دهید؟,tracking
آیا 13 عدد از پنیر دارید ؟,buying
می‌خواهم زمان تحویل سفارش شماره 895 را برای 1401/3/18 تنظیم کنید.,scheduling
درخواست دیلیت سفارش با شماره  2030 را دارم، چرا که اندازه اشتباهی انتخاب کردم.,deleting
میخواهم سفارشم با شماره 949 رو پس بدهم,returning
لطفاً آخرین سفارش من را پاک کنید، موجودی مالی به اندازه کافی ندارم.,deleting
سفارش شماره 1847 را به دلیل کیفیت بسیار پایین کالاهای ارسالی می‌خواهم برگشت بزنم.,returning
متأسفانه باید از شما بخواهم که خریدم را لغو کنید، زیرا موجودی مالی به اندازه کافی ندارم.,deleting
می‌خواهم یک وعده غذایی قورمه سبزی آماده کنم، به 1 عدد از گوجه فرنگی درجه یک نیاز دارم.,buying
می‌توانید بیان کنید که برنج چگونه از نظر فنی از برنج برتری دارد؟,inquiring
می‌خواهم مرغ را که در سبد خریدم قرار داده‌ام به دلیل تغییر نظرم پاک کنم.,editting
کاهو را از سبد خریدم لغو کن,editting
میشه از موجودی و اطلاعات محصول کره مطلع شوم؟,inquiring
از شما ممنونم,chitchat
آیا تخفیفی برای خرید نان در روز سه شنبه وجود دارد؟,tracking
میشه به جای پرتقال بهم 7 کیلوگرم مرغ بدی؟,editting
 بچه‌های من نان شما را دوست دارند، می‌توانید 7 لیتر برای من کنار بگذارید؟,buying
من علاقه‌مند به برنامه‌ریزی تحویل سفارش شماره 1596 برای تاریخ 1403/5/19 هستم.,scheduling
سفارش 1469 را کنسل کن.,deleting
میخواستم قیمت محصولات مقابل رو بدونم: 7 کیلوگرم نان و 7 کیلوگرم نان,inquiring
سیب زمینی 9 عدد میخوام ثبت سفارش کنم,buying
می‌خواهم از حراج تعطیلات تابستانی استفاده کنم، آیا پنیر هم شامل تخفیف می‌ شود؟,tracking
می‌خواهم خریدم را به دلیل اندازه اشتباهی انتخاب کردم حذف کنم.,deleting
آیا پاستا دارای گارانتی یا خدمات پس از فروش است؟,inquiring
قیمت کره در حال حاضر چقدر است؟,inquiring
به طور تصادفی یک سفارش با شماره 2208 ثبت کردم. لطفاً آن را پاک کنید.,deleting
آیا می‌توانم در مورد زمان تقریبی رسیدن بسته‌ام با کد پیگیری 2261 جویا شوم؟,discount
دوست دارم خریدی که تازه کردم را حذف کنم، به دردم نمیخوره.,deleting
برای مهمانی، لطفاً سفارش شماره 521 را در 1400/10/19 تحویل دهید.,scheduling
محصول پاستا را از سفارشم حذف کن,editting
برنج دارای تاییدیه‌ های بین‌المللی مانند BRC است؟,inquiring
می‌توانید پیاز را که به اشتباه به سبد اضافه شده است بردارید؟,editting
اشتباه شد، به جای 2 لیتر شیر من 9 لیتر می خواستم.,editting
درود بر شما دوست عزیز,chitchat
میخواستم خریدم ساعت 5 فرستاده بشود.,scheduling
می‌خواهم از حراج هالووین استفاده کنم، آیا مرغ هم شامل تخفیف می‌ شود؟,tracking
سفارشم را پیگیری کن,discount
میخواستم بدونم آیا 14 لیتر مرغ موجود هست؟,inquiring
می‌خواهم درک عمیق‌تری از خصوصیات بارز و منحصر به فرد برنج کسب کنم.,inquiring
آیا برای مشتریان دائمی مانند من، تخفیف خاصی برای پرتقال در نظر گرفته‌اید؟,tracking
کاهو را از سبد خریدم دیلیت کن,editting
شانه 13 گوشت برام کنار بگذارید,buying
یادم رفت، لطفا سیب زمینی هم به سبد خریدم اضافه کن.,buying
روغن زیتون هاتون ساخت چه کشوری هست؟,inquiring
منتظر تحویل سفارش شماره 1563 در اولین ساعت یک شنبه هستم.,scheduling
به جای 13 لیتر شیر لطفا 13 لیتر برنج بدهید.,editting
آیا امکان مرجوع کردن هویج بعد از 2 استفاده هنوز وجود دارد؟ من کالاهایم را چند روزه که دریافت کردم ولی به دلیل دوست نداشتم این محصول رو میخواهم پس بدهم.,returning
منتظر تحویل سفارش شماره 1161 در اولین ساعت شنبه هستم.,scheduling
اسم شما چیست؟,chitchat
لیست خریدی که گفتم رو برای من ثبت کن,finishing
من می‌خواهم یک دستور پخت جدید را امتحان کنم که به 13 کیلوگرم از روغن زیتون نیاز دارد.,buying
سلام حالت چطوره؟,chitchat
دستت درد نکنه,chitchat
آیا امکان دارد نان را که پیش‌تر انتخاب کرده‌ام با نان تعویض کنم؟,editting
می‌خواهم بدانم هویج چه امتیازاتی نسبت به کالاهای مشابه دارد.,inquiring
خواهشمندم، زمان انتظار برای تکمیل تحویل سفارش 1083 چه موقع خواهد بود؟,discount
شیر چه تفاوت‌هایی با شیر دارد؟,inquiring
می توانم 12 بطری از نان را رزرو کنم ؟,buying
پرتقال میخواستم .,buying
فروش ویژه سیر در سال نو دارید؟,tracking
از شما درخواست دارم که سفارش 1068 را پاک نمایید، زیرا پشیمان شدن از خرید.,deleting
لطفاً فرایند حذف سفارش  16 را آغاز کنید.,deleting
دوست دارم خریدی که تازه کردم را کنسل کنم، به دردم نمیخوره.,deleting
اطلاعات بیشتری از روغن زیتون هاتون میخوام بدونم.,inquiring
میشه خریدم رو روز سه شنبه تا ساعت 11 بفرستید؟,scheduling
آیا برای جشن تخفیفات زمستانی، جعبه‌ی سورپرایز تخفیفی برای محصول آبمیوه دارید؟,tracking
به جای برنج سیب زمینی را در سبد خریدم قرار بده.,editting
من علاقه‌مند به برنامه‌ریزی تحویل سفارش شماره 1947 برای تاریخ 1402/7/3 هستم.,scheduling
